group,id,top,bottom,layout,depth,variant,width,name,seed,ticks,hash,data_sha256,breakthrough_tick,front,interface_width,water_delta,tick_p50_us,tick_p95_us,tick_max_us,overflow,max_cores,max_chunks,allocations,empty_moves,density_swaps,conversions,water_transfer_mass,rejected_moves,body_displacements,body_contacts,counts_conserved,workers,telemetry,serial
native-expanded,000-Sand-Dust-packed-32-baseline-w32-s00,2,14,packed,32,baseline,32,Sand-Dust-packed-32-baseline-w32,0,1800,547bf066d94fba6f,56e8ef8be9e34f9c677d90a4e5d2cf3f541680014f86f22abf77955c6cacb162,32,32,0,0,0.5,1.4,393.5,0,6,20,0,0,16384,0,0,112128,0,0,True,,,
native-expanded,000-Sand-Dust-packed-32-baseline-w32-s01,2,14,packed,32,baseline,32,Sand-Dust-packed-32-baseline-w32,1,1800,555c1012c71340e3,4f68dd994eb3e8971c2bfa7db0fc37a9b70fa3e13abc27793525967a127df6a6,32,32,0,0,0.7,0.9,425.4,0,3,20,0,0,16384,0,0,125664,0,0,True,,,
native-expanded,000-Sand-Dust-packed-32-baseline-w32-s02,2,14,packed,32,baseline,32,Sand-Dust-packed-32-baseline-w32,2,1800,7516bb773e2f056a,78a73af589783e948e398ece79d139beba1017e9e090ad81b0354e1adb6941fc,32,32,0,0,0.7,0.7,336.8,0,3,20,0,0,16384,0,0,130080,0,0,True,,,
native-expanded,000-Sand-Dust-packed-32-baseline-w32-s03,2,14,packed,32,baseline,32,Sand-Dust-packed-32-baseline-w32,3,1800,2e6e0f5df3286c49,2370f401e3858178273e8d4ebd39e07f21dfc432c06b76289fe7a751929f2899,32,32,0,0,0.7,1.8,338.9,0,3,20,0,0,16384,0,0,112128,0,0,True,,,
native-expanded,000-Sand-Dust-packed-32-baseline-w32-s04,2,14,packed,32,baseline,32,Sand-Dust-packed-32-baseline-w32,4,1800,303730c8bcdc6973,2724de2d916610a71e8d8bee238a9e541f271f834abd2fa4c69979807cd78407,32,32,0,0,0.7,1.4,377.5,0,3,20,0,0,16384,0,0,125664,0,0,True,,,
native-expanded,001-Dust-Sand-packed-32-baseline-w32-s00,14,2,packed,32,baseline,32,Dust-Sand-packed-32-baseline-w32,0,1800,239a77551fb6926f,417755224fa6b3900605c435078233ffc81716ca571cb831dd229c6bcbeca722,-1,0,0,0,0.4,0.5,365.7,0,6,20,0,0,0,0,0,13824,0,0,True,,,
native-expanded,001-Dust-Sand-packed-32-baseline-w32-s01,14,2,packed,32,baseline,32,Dust-Sand-packed-32-baseline-w32,1,1800,33f515661fa5ea6e,a3362caa7d3071abbde750aacae02f11b8f577f84dee61a1b78d6b0cb3fe5e59,-1,0,0,0,0.4,0.5,313.1,0,3,20,0,0,0,0,0,13824,0,0,True,,,
native-expanded,001-Dust-Sand-packed-32-baseline-w32-s02,14,2,packed,32,baseline,32,Dust-Sand-packed-32-baseline-w32,2,1800,c4daa30ee49d9f2f,c1b08af89dcddb9e5dbf069fbf8162d243397eadd29fdb66901cc36acf66a90f,-1,0,0,0,0.4,0.5,317.7,0,3,20,0,0,0,0,0,13824,0,0,True,,,
native-expanded,001-Dust-Sand-packed-32-baseline-w32-s03,14,2,packed,32,baseline,32,Dust-Sand-packed-32-baseline-w32,3,1800,b4e6bf0993169c74,1fae082f23ef416e75128626bf42990d8ddddac868a232f7d3c4830d2ab37ed9,-1,0,0,0,0.4,0.5,380.5,0,3,20,0,0,0,0,0,13824,0,0,True,,,
native-expanded,001-Dust-Sand-packed-32-baseline-w32-s04,14,2,packed,32,baseline,32,Dust-Sand-packed-32-baseline-w32,4,1800,b3fa5d23722fe9d2,21baf03775409678487f5e6b3b00a4dda5234b15543714019ebad26eaf97c1a9,-1,0,0,0,0.4,0.5,320.9,0,3,20,0,0,0,0,0,13824,0,0,True,,,
native-expanded,002-Stone-Sand-packed-32-baseline-w32-s00,13,2,packed,32,baseline,32,Stone-Sand-packed-32-baseline-w32,0,1800,41c2f7cfd952fb17,aaa3baa7e082427af2ddede7f22898adaa22f548f71aba1d2106d93bb973ed7e,32,32,30,0,0.4,295.3,470,0,6,20,0,0,15936,0,0,775078,0,0,True,,,
native-expanded,002-Stone-Sand-packed-32-baseline-w32-s01,13,2,packed,32,baseline,32,Stone-Sand-packed-32-baseline-w32,1,1800,b4774e4056d64e77,b639054583e9a2506c1f1133d5b5d2fa3b6226399975a719d3561d6d40b2e9c6,32,32,36,0,0.7,257.9,287.2,0,3,20,0,0,15388,0,0,783614,0,0,True,,,
native-expanded,002-Stone-Sand-packed-32-baseline-w32-s02,13,2,packed,32,baseline,32,Stone-Sand-packed-32-baseline-w32,2,1800,8cc9f5cbd4ef3fa,ce2e6fe8cc8ead9929a7b390826b0ec8cbebd2ad20a78e1b243ade6ea52a95a4,32,32,33,0,0.7,249.9,362.9,0,3,20,0,0,15688,0,0,796920,0,0,True,,,
native-expanded,002-Stone-Sand-packed-32-baseline-w32-s03,13,2,packed,32,baseline,32,Stone-Sand-packed-32-baseline-w32,3,1800,98b7bbd8e642379d,cd511dfb2272e199ece3eeaad60f7441f9f5df28937c73b9cdac4d8fd420d795,32,32,30,0,0.7,257.8,428.5,0,3,20,0,0,15936,0,0,775008,0,0,True,,,
native-expanded,002-Stone-Sand-packed-32-baseline-w32-s04,13,2,packed,32,baseline,32,Stone-Sand-packed-32-baseline-w32,4,1800,ba4fa7df17ea047b,79b8511c5e5628f63d4dfc6d4d5798fc59d221ef4741eb9a169c7853ebf08012,32,32,37,0,0.7,259.1,640.2,0,3,20,0,0,15318,0,0,783888,0,0,True,,,
native-expanded,003-Sand-Stone-packed-32-baseline-w32-s00,2,13,packed,32,baseline,32,Sand-Stone-packed-32-baseline-w32,0,1800,3e41335b613d886f,8c67b74e851671e975e308de096e5c2edb5475e1c8cd1c77aa4889d778317243,-1,0,0,0,0.4,0.5,286.2,0,6,20,0,0,0,0,0,4890,0,0,True,,,
native-expanded,003-Sand-Stone-packed-32-baseline-w32-s01,2,13,packed,32,baseline,32,Sand-Stone-packed-32-baseline-w32,1,1800,5e19a88cf222542e,5dc41579b817053d13c07e73a70b7731767328c529df1f4dc7bfd197066f4a49,-1,0,0,0,0.4,0.5,250.9,0,3,20,0,0,0,0,0,4890,0,0,True,,,
native-expanded,003-Sand-Stone-packed-32-baseline-w32-s02,2,13,packed,32,baseline,32,Sand-Stone-packed-32-baseline-w32,2,1800,d1ca467617865b2f,384516e509155b3a2aed09e43b050d2cd64ec4f06d8ee3d97001d32b06141cdf,-1,0,0,0,0.4,0.5,255.4,0,3,20,0,0,0,0,0,4890,0,0,True,,,
native-expanded,003-Sand-Stone-packed-32-baseline-w32-s03,2,13,packed,32,baseline,32,Sand-Stone-packed-32-baseline-w32,3,1800,833f6437cbe913b4,13956a9fd3e83fc5829ae07d77aa1fce3f00d14a81585003107cf0f7d08fd0b8,-1,0,0,0,0.4,0.5,253.6,0,3,20,0,0,0,0,0,4890,0,0,True,,,
native-expanded,003-Sand-Stone-packed-32-baseline-w32-s04,2,13,packed,32,baseline,32,Sand-Stone-packed-32-baseline-w32,4,1800,7c4dd7ea3f66ced2,afc3e40beef625717e640547cb2dbd81c9638bcdd5f290703b21356330bcb2bc,-1,0,0,0,0.5,0.8,561.9,0,3,20,0,0,0,0,0,4890,0,0,True,,,
native-expanded,004-Rust-Sand-packed-32-baseline-w32-s00,29,2,packed,32,baseline,32,Rust-Sand-packed-32-baseline-w32,0,1800,898fd9ba75a9a2ef,195e7c8e5b1dd31aafbd529ccb01d38cce969da3ba23aa6515e2c0bd018dba9e,32,32,0,0,0.5,0.5,395.3,0,6,20,0,0,16384,0,0,112128,0,0,True,,,
native-expanded,004-Rust-Sand-packed-32-baseline-w32-s01,29,2,packed,32,baseline,32,Rust-Sand-packed-32-baseline-w32,1,1800,8453b3bdf3d7ed23,a80a76cb8ded6308115ce571933a3e9dda1b0c87b0852349bbde3a7257215564,32,32,0,0,0.7,0.7,296.2,0,3,20,0,0,16384,0,0,125664,0,0,True,,,
native-expanded,004-Rust-Sand-packed-32-baseline-w32-s02,29,2,packed,32,baseline,32,Rust-Sand-packed-32-baseline-w32,2,1800,2e632ed5d399ee6a,3732166020f35745710bde1005c9429552f62302e5ac71466495ea055e0b8ce3,32,32,0,0,0.7,0.7,293.8,0,3,20,0,0,16384,0,0,130080,0,0,True,,,
native-expanded,004-Rust-Sand-packed-32-baseline-w32-s03,29,2,packed,32,baseline,32,Rust-Sand-packed-32-baseline-w32,3,1800,cc53e78ef38f3189,cfc15f03e1d7a1ae532d192447cb783368cf92ebbbf5a57927e8506775db65d2,32,32,0,0,0.7,0.7,298.1,0,3,20,0,0,16384,0,0,112128,0,0,True,,,
native-expanded,004-Rust-Sand-packed-32-baseline-w32-s04,29,2,packed,32,baseline,32,Rust-Sand-packed-32-baseline-w32,4,1800,45678c74c12a0ef3,156696a3a5f6d5d3bfa088bee6102d5046e6d81b3616fda8a0b86d02577db2dd,32,32,0,0,0.7,0.8,294.3,0,3,20,0,0,16384,0,0,125664,0,0,True,,,
native-expanded,005-Sand-Rust-packed-32-baseline-w32-s00,2,29,packed,32,baseline,32,Sand-Rust-packed-32-baseline-w32,0,1800,a6067f233edafe6f,022b871120018b30b6a67ae3dc2dd32e2b9bfb22a931844ba3e0a7c0c29433bb,-1,0,0,0,0.4,0.5,333.1,0,6,20,0,0,0,0,0,13824,0,0,True,,,
native-expanded,005-Sand-Rust-packed-32-baseline-w32-s01,2,29,packed,32,baseline,32,Sand-Rust-packed-32-baseline-w32,1,1800,12387825c68ea02e,04994d9c2706e4b42a8ec88e761c495fea0ca2cf997cd90ab2708a0341bf781a,-1,0,0,0,0.4,0.5,296.9,0,3,20,0,0,0,0,0,13824,0,0,True,,,
native-expanded,005-Sand-Rust-packed-32-baseline-w32-s02,2,29,packed,32,baseline,32,Sand-Rust-packed-32-baseline-w32,2,1800,ef292e413597f72f,4e7d9204fa38e6dcf7a595e9cc33372cd78e732f5563697d235c191f898ae8c6,-1,0,0,0,0.4,0.5,300,0,3,20,0,0,0,0,0,13824,0,0,True,,,
native-expanded,005-Sand-Rust-packed-32-baseline-w32-s03,2,29,packed,32,baseline,32,Sand-Rust-packed-32-baseline-w32,3,1800,23f9a845415be834,ddab22349c214ce5977c5b74e0b626f5b44a4bac682419139c34ccc3815f4fe4,-1,0,0,0,0.4,0.5,293,0,3,20,0,0,0,0,0,13824,0,0,True,,,
native-expanded,005-Sand-Rust-packed-32-baseline-w32-s04,2,29,packed,32,baseline,32,Sand-Rust-packed-32-baseline-w32,4,1800,bb7646ffca369c52,4e9eff728f3a8b9f7143788d9afa1c6c73796b0a9a99d7503f67a86ae1024947,-1,0,0,0,0.4,0.5,299.4,0,3,20,0,0,0,0,0,13824,0,0,True,,,
native-expanded,006-Mercury-Sand-packed-32-baseline-w32-s00,33,2,packed,32,baseline,32,Mercury-Sand-packed-32-baseline-w32,0,1800,b6cd7bf9650cd96f,d4e88743615ac5fa48fc43e9de84a70898e58003785d22007a4be764f47071a7,32,32,0,0,0.4,0.5,336.5,0,6,20,0,0,16384,0,0,114010,0,0,True,,,
native-expanded,006-Mercury-Sand-packed-32-baseline-w32-s01,33,2,packed,32,baseline,32,Mercury-Sand-packed-32-baseline-w32,1,1800,995228978cd57ce3,b3d0480f76bf97ec4d98479a1569be6c9f975136a83e319dcfa1a95889b00ad0,32,32,0,0,0.7,0.7,295.3,0,3,20,0,0,16384,0,0,129408,0,0,True,,,
native-expanded,006-Mercury-Sand-packed-32-baseline-w32-s02,33,2,packed,32,baseline,32,Mercury-Sand-packed-32-baseline-w32,2,1800,46e802f220aa44ea,4c5a502788b3cfcb966f21eab065facc0ab781d8b3b6ec8fb27f78b36b411224,32,32,0,0,0.7,0.7,293.2,0,3,20,0,0,16384,0,0,134542,0,0,True,,,
native-expanded,006-Mercury-Sand-packed-32-baseline-w32-s03,33,2,packed,32,baseline,32,Mercury-Sand-packed-32-baseline-w32,3,1800,806f4c0c88971509,d8b3644b25fe915c7acc01c82c3d82171d9045ff7e4e505f15050e26b321050e,32,32,0,0,0.7,0.7,297.8,0,3,20,0,0,16384,0,0,114020,0,0,True,,,
native-expanded,006-Mercury-Sand-packed-32-baseline-w32-s04,33,2,packed,32,baseline,32,Mercury-Sand-packed-32-baseline-w32,4,1800,5a33cf814c523ff3,f68292d671d24da4ab1d0654fc1bf50d95628a10e63565619c1672c6778911a3,32,32,0,0,0.7,0.7,367,0,3,20,0,0,16384,0,0,129396,0,0,True,,,
native-expanded,007-Sand-Mercury-packed-32-baseline-w32-s00,2,33,packed,32,baseline,32,Sand-Mercury-packed-32-baseline-w32,0,1800,8e3123a29d03466f,8bfa2b5224b2786c30c702400888cffbef3a847fcf0a722e6678ddc091d2d704,-1,0,0,0,0.4,0.5,385.1,0,6,20,0,0,0,0,0,17644,0,0,True,,,
native-expanded,007-Sand-Mercury-packed-32-baseline-w32-s01,2,33,packed,32,baseline,32,Sand-Mercury-packed-32-baseline-w32,1,1800,fa5a26e071a4fcee,61e2a458763c4cc4dad3d9d5ec9e973770f4017fc06ba62d053fe2335979669e,-1,0,0,0,0.4,0.5,535.9,0,3,20,0,0,0,0,0,17584,0,0,True,,,
native-expanded,007-Sand-Mercury-packed-32-baseline-w32-s02,2,33,packed,32,baseline,32,Sand-Mercury-packed-32-baseline-w32,2,1800,db8aa6a841193aaf,7501271aa6089f2291ed818ffc0e4afb908609098d0c5b2722bc5fca0853c491,-1,0,0,0,0.4,0.5,348.3,0,3,20,0,0,0,0,0,17614,0,0,True,,,
native-expanded,007-Sand-Mercury-packed-32-baseline-w32-s03,2,33,packed,32,baseline,32,Sand-Mercury-packed-32-baseline-w32,3,1800,f4133c707ea308b4,8d516d3dcf99fb6f1345eb548c4ba9a1ab0994d20d7cf54b00c391a189bdd3c0,-1,0,0,0,0.4,0.5,347.4,0,3,20,0,0,0,0,0,17648,0,0,True,,,
native-expanded,007-Sand-Mercury-packed-32-baseline-w32-s04,2,33,packed,32,baseline,32,Sand-Mercury-packed-32-baseline-w32,4,1800,592df407bbe0a752,0dd5607c22aa55d1c5ce946e585f93b627fbe7a9744665ff745c75c59ff84d20,-1,0,0,0,0.4,0.6,347.8,0,3,20,0,0,0,0,0,17628,0,0,True,,,
native-expanded,008-Mercury-Dust-packed-32-baseline-w32-s00,33,14,packed,32,baseline,32,Mercury-Dust-packed-32-baseline-w32,0,1800,e90dcfc9b29f416f,d5293f14f3d87c89005a2362151d82b6963aa9ffd4863abbd86a4a3d287241be,32,32,0,0,0.4,0.5,371.8,0,6,20,0,0,16384,0,0,114010,0,0,True,,,
native-expanded,008-Mercury-Dust-packed-32-baseline-w32-s01,33,14,packed,32,baseline,32,Mercury-Dust-packed-32-baseline-w32,1,1800,1f09c54b3b62fee3,10309be98e4554213905115c22ae46936a87d94a5d24d7ec3f298e87783f5a1b,32,32,0,0,0.7,0.8,374.5,0,3,20,0,0,16384,0,0,129408,0,0,True,,,
native-expanded,008-Mercury-Dust-packed-32-baseline-w32-s02,33,14,packed,32,baseline,32,Mercury-Dust-packed-32-baseline-w32,2,1800,72d004e698715cea,ccfdb6f3c7d369b43ea113c6121d77534b3ce5c126cc50fd84a9d8064797effd,32,32,0,0,0.7,0.7,339.8,0,3,20,0,0,16384,0,0,134542,0,0,True,,,
native-expanded,008-Mercury-Dust-packed-32-baseline-w32-s03,33,14,packed,32,baseline,32,Mercury-Dust-packed-32-baseline-w32,3,1800,8f057d9ec180c909,e92b08b36e5ce29fd5788a0a3f2452665f652bc265ef6a3b863f5d47ce61a363,32,32,0,0,0.7,0.7,471.4,0,3,20,0,0,16384,0,0,114020,0,0,True,,,
native-expanded,008-Mercury-Dust-packed-32-baseline-w32-s04,33,14,packed,32,baseline,32,Mercury-Dust-packed-32-baseline-w32,4,1800,290260dc80fd8df3,2745b56a579a93c047a46a8c84feb6e9a8f1ff20f459fb47f0887df8a6d0b70c,32,32,0,0,0.7,0.7,336.9,0,3,20,0,0,16384,0,0,129396,0,0,True,,,
native-expanded,009-Dust-Mercury-packed-32-baseline-w32-s00,14,33,packed,32,baseline,32,Dust-Mercury-packed-32-baseline-w32,0,1800,8f8ffe6130fc866f,2a125cf4fdba46c115c7c1f09f3a62532bdb3f9726dbd9ae4583df3e330679e0,-1,0,0,0,0.4,0.5,411.7,0,6,20,0,0,0,0,0,17644,0,0,True,,,
native-expanded,009-Dust-Mercury-packed-32-baseline-w32-s01,14,33,packed,32,baseline,32,Dust-Mercury-packed-32-baseline-w32,1,1800,c4c3585062e228ee,eb9e9784bb1f76d301daf3420c3ebd113e1afb6205974a431f0791814fb743e7,-1,0,0,0,0.4,0.5,366.5,0,3,20,0,0,0,0,0,17584,0,0,True,,,
native-expanded,009-Dust-Mercury-packed-32-baseline-w32-s02,14,33,packed,32,baseline,32,Dust-Mercury-packed-32-baseline-w32,2,1800,931cc8c2881ae2af,a6b0cb6e40de3e55931db532ef2374a19af93ae276c0d4510e5784dcab721285,-1,0,0,0,0.4,0.5,365.8,0,3,20,0,0,0,0,0,17614,0,0,True,,,
native-expanded,009-Dust-Mercury-packed-32-baseline-w32-s03,14,33,packed,32,baseline,32,Dust-Mercury-packed-32-baseline-w32,3,1800,d6204c4aba3778b4,392601508298b643088ce7415ee634e2510f283daf710aa7a626d6c2c9163f1f,-1,0,0,0,0.4,0.5,372.8,0,3,20,0,0,0,0,0,17648,0,0,True,,,
native-expanded,009-Dust-Mercury-packed-32-baseline-w32-s04,14,33,packed,32,baseline,32,Dust-Mercury-packed-32-baseline-w32,4,1800,18febc12f566b52,9d5594156111735727a78e6b2acdc6adfad2946f0e75ef18379520582b0c29ba,-1,0,0,0,0.4,0.5,371.8,0,3,20,0,0,0,0,0,17628,0,0,True,,,
native-expanded,010-Water-Sand-packed-32-baseline-w32-s00,3,2,packed,32,baseline,32,Water-Sand-packed-32-baseline-w32,0,1800,9a50ea48f9ba8a6f,9693167d3c16ef6c7a475bfc7615e182ec55cf979a317d9861224a60c6b29022,-1,0,0,0,0.4,0.5,557.1,0,6,20,0,0,0,0,0,9594,0,0,True,,,
native-expanded,010-Water-Sand-packed-32-baseline-w32-s01,3,2,packed,32,baseline,32,Water-Sand-packed-32-baseline-w32,1,1800,c8b19d9699c37c6e,105fd39dcdab9d02d734312a86fc2ae12014d9f8ca5640d62d7a4990e35409f6,-1,0,0,0,0.4,0.5,514.8,0,3,20,0,0,0,0,0,9594,0,0,True,,,
native-expanded,010-Water-Sand-packed-32-baseline-w32-s02,3,2,packed,32,baseline,32,Water-Sand-packed-32-baseline-w32,2,1800,c8107d78d652872f,4e19b288055b1d86659d0e9f3a0f697b7a7e8e63a8b2fb4dbf8397e8f208f34c,-1,0,0,0,0.4,0.5,519.2,0,3,20,0,0,0,0,0,9594,0,0,True,,,
native-expanded,010-Water-Sand-packed-32-baseline-w32-s03,3,2,packed,32,baseline,32,Water-Sand-packed-32-baseline-w32,3,1800,c6aefd2cac144474,bbb8a4c6ea7bdac3d7f47bcf2e5147880657cad9b9337d924750efa92467cf1a,-1,0,0,0,0.5,0.6,625.5,0,3,20,0,0,0,0,0,9594,0,0,True,,,
native-expanded,010-Water-Sand-packed-32-baseline-w32-s04,3,2,packed,32,baseline,32,Water-Sand-packed-32-baseline-w32,4,1800,8f66c0b720a4ffd2,1a258a5aaa4f0c2ed7823a1a719c138b75eac9004143b0b01c224f062ea98ffb,-1,0,0,0,0.4,0.5,517.8,0,3,20,0,0,0,0,0,9594,0,0,True,,,
native-expanded,011-Sand-Water-packed-32-baseline-w32-s00,2,3,packed,32,baseline,32,Sand-Water-packed-32-baseline-w32,0,1800,4f49324a6eba126f,aeb235d15459f5ce05f3b852ca9b8c483b666747ea189e5fb4dfab02d4d41cc7,32,32,0,0,0.4,0.5,771.4,0,6,20,0,0,16384,0,0,10138,0,0,True,,,
native-expanded,011-Sand-Water-packed-32-baseline-w32-s01,2,3,packed,32,baseline,32,Sand-Water-packed-32-baseline-w32,1,1800,198bc26a45bedee3,28cd10298af0a4bc90bec3527d09c37220af9ce280c1b9357f4aea4782c39be4,32,32,0,0,0.7,1,886.6,0,3,20,0,0,16384,0,0,15402,0,0,True,,,
native-expanded,011-Sand-Water-packed-32-baseline-w32-s02,2,3,packed,32,baseline,32,Sand-Water-packed-32-baseline-w32,2,1800,400820347db8896a,a3056759722acf78888a1c9483a02f82fe6819a13704da6dfce5dda52ddf578e,32,32,0,0,0.7,0.7,743.9,0,3,20,0,0,16384,0,0,17280,0,0,True,,,
native-expanded,011-Sand-Water-packed-32-baseline-w32-s03,2,3,packed,32,baseline,32,Sand-Water-packed-32-baseline-w32,3,1800,cee779039e77d849,2c0acaefbc4827a1517f40d6eb8d36587fcbb2801a6c2a191a7a375d9bf7b8b1,32,32,0,0,0.7,0.9,740.4,0,3,20,0,0,16384,0,0,10138,0,0,True,,,
native-expanded,011-Sand-Water-packed-32-baseline-w32-s04,2,3,packed,32,baseline,32,Sand-Water-packed-32-baseline-w32,4,1800,90dbd9839ee7bb73,b29a48169b0513b57b988bbff1a5b606d183a29ab079503fc43f43d452829013,32,32,0,0,0.7,0.7,831,0,3,20,0,0,16384,0,0,15402,0,0,True,,,
native-expanded,012-Water-Dust-packed-32-baseline-w32-s00,3,14,packed,32,baseline,32,Water-Dust-packed-32-baseline-w32,0,1800,5e092e3fe1bf26f,b4962d08b9a20cf021186da4c145e5b4f47008b4d527188d0e32647a7a0e1507,32,32,0,0,0.4,0.5,547.6,0,6,20,0,0,16384,0,0,107898,0,0,True,,,
native-expanded,012-Water-Dust-packed-32-baseline-w32-s01,3,14,packed,32,baseline,32,Water-Dust-packed-32-baseline-w32,1,1800,ec2d3641b9a20d23,d57d587957548e27245e7e3c1f98846e64ffea978cbf2d710acd611025863c74,32,32,0,0,0.7,0.7,524.9,0,3,20,0,0,16384,0,0,117204,0,0,True,,,
native-expanded,012-Water-Dust-packed-32-baseline-w32-s02,3,14,packed,32,baseline,32,Water-Dust-packed-32-baseline-w32,2,1800,544996c093ab186a,555a58b265c3c1b2f4903ae529f42309c3e414b14c38c8d38a14effd36ae9bac,32,32,0,0,0.7,0.7,536.1,0,3,20,0,0,16384,0,0,120210,0,0,True,,,
native-expanded,012-Water-Dust-packed-32-baseline-w32-s03,3,14,packed,32,baseline,32,Water-Dust-packed-32-baseline-w32,3,1800,864c21d3db85b3c9,fa049840122062d5547402d2e85de996086c73bfd3873cc630aaa5610ff3f172,32,32,0,0,0.8,0.9,790,0,3,20,0,0,16384,0,0,107898,0,0,True,,,
native-expanded,012-Water-Dust-packed-32-baseline-w32-s04,3,14,packed,32,baseline,32,Water-Dust-packed-32-baseline-w32,4,1800,bdae4b848acc1b73,5abc1738294beaff8337eda055981368f31db24e04c4c82dcc20b3e7fcde6d30,32,32,0,0,0.7,0.8,528.6,0,3,20,0,0,16384,0,0,117204,0,0,True,,,
native-expanded,013-Dust-Water-packed-32-baseline-w32-s00,14,3,packed,32,baseline,32,Dust-Water-packed-32-baseline-w32,0,1800,89f761d3b982526f,57894fd779a9b434e03ca0049762b8369a3a031f1813eb119947efaee7017c73,-1,0,0,0,0.4,0.5,821.9,0,6,20,0,0,0,0,0,5082,0,0,True,,,
native-expanded,013-Dust-Water-packed-32-baseline-w32-s01,14,3,packed,32,baseline,32,Dust-Water-packed-32-baseline-w32,1,1800,228bb9cd1c1da5ae,c7f5b5308821d3a85ef81e9a2e300fae61f1624a056a450cf8ba5fcf30451fdb,-1,0,0,0,0.4,0.5,774,0,3,20,0,0,0,0,0,5082,0,0,True,,,
native-expanded,013-Dust-Water-packed-32-baseline-w32-s02,14,3,packed,32,baseline,32,Dust-Water-packed-32-baseline-w32,2,1800,85fd6babe58f522f,f9ef29957038ee3a922bca94afc2f2a939caffd7aa85b4a7155310383ff02db4,-1,0,0,0,0.5,0.6,1036.1,0,3,20,0,0,0,0,0,5082,0,0,True,,,
native-expanded,013-Dust-Water-packed-32-baseline-w32-s03,14,3,packed,32,baseline,32,Dust-Water-packed-32-baseline-w32,3,1800,de48155a6c3c8a74,7a650c36df00fce8859a869bc4e8a9c5aa9f07d1b3a2a8a3734ba3c0a91becc0,-1,0,0,0,0.4,0.7,774.2,0,3,20,0,0,0,0,0,5082,0,0,True,,,
native-expanded,013-Dust-Water-packed-32-baseline-w32-s04,14,3,packed,32,baseline,32,Dust-Water-packed-32-baseline-w32,4,1800,86f15b278efc57d2,080ea3ec3cbf7bfe4bbcdaa0ad1d9ced8a21c3b9fdc2e524ad040078b415f4e1,-1,0,0,0,0.4,0.5,1752.2,0,3,20,0,0,0,0,0,5082,0,0,True,,,
native-expanded,014-Oil-Sand-packed-32-baseline-w32-s00,16,2,packed,32,baseline,32,Oil-Sand-packed-32-baseline-w32,0,1800,de34cc55cee4b86f,3e67535112fe33bb101f68d3ec78c5dc40a2c1cd202a31531bfa1f91eabeeee1,-1,0,0,0,0.5,1.2,981.6,0,6,20,0,0,0,0,0,15360,0,0,True,,,
native-expanded,014-Oil-Sand-packed-32-baseline-w32-s01,16,2,packed,32,baseline,32,Oil-Sand-packed-32-baseline-w32,1,1800,138a3b91029c706e,45f366a9d1ccbf2c2c4fdb55485260ffdfc77d3b82cde141630cbf892be45092,-1,0,0,0,0.4,0.7,387.9,0,3,20,0,0,0,0,0,15360,0,0,True,,,
native-expanded,014-Oil-Sand-packed-32-baseline-w32-s02,16,2,packed,32,baseline,32,Oil-Sand-packed-32-baseline-w32,2,1800,6770f270788f752f,721704d2ac32f0b85e67a61ee1d474685a1937a2afc6f318a8331c35044272f5,-1,0,0,0,0.4,1.4,481,0,3,20,0,0,0,0,0,15360,0,0,True,,,
native-expanded,014-Oil-Sand-packed-32-baseline-w32-s03,16,2,packed,32,baseline,32,Oil-Sand-packed-32-baseline-w32,3,1800,7bd0dc93a2ff4474,d4862da128780c4f8c1098ff6fd8ad3a9ae32fc542838933fc928c171d208a31,-1,0,0,0,0.4,0.5,399.1,0,3,20,0,0,0,0,0,15360,0,0,True,,,
native-expanded,014-Oil-Sand-packed-32-baseline-w32-s04,16,2,packed,32,baseline,32,Oil-Sand-packed-32-baseline-w32,4,1800,e7b78fb21b279bd2,9e439e57c53a88aa0c5fc3526f81ef5fe6e4ec588578250ca5aff1a0bea31377,-1,0,0,0,0.4,0.5,490.4,0,3,20,0,0,0,0,0,15360,0,0,True,,,
native-expanded,015-Sand-Oil-packed-32-baseline-w32-s00,2,16,packed,32,baseline,32,Sand-Oil-packed-32-baseline-w32,0,1800,bdf21fb115355e6f,ea5b2f9b7171b506b1313e0d80a3fa45f38e956439669b65c0ba634599f81539,32,32,0,0,0.4,0.6,529.7,0,6,20,0,0,16384,0,0,147968,0,0,True,,,
native-expanded,015-Sand-Oil-packed-32-baseline-w32-s01,2,16,packed,32,baseline,32,Sand-Oil-packed-32-baseline-w32,1,1800,284f775c8a6892e3,f14ddd2a39088eac7bf28a9ef232802cb58919fc8b11d5e9e605955a671f7246,32,32,0,0,0.7,0.7,481.7,0,3,20,0,0,16384,0,0,164480,0,0,True,,,
native-expanded,015-Sand-Oil-packed-32-baseline-w32-s02,2,16,packed,32,baseline,32,Sand-Oil-packed-32-baseline-w32,2,1800,fbd25219218ab6a,486b055ec1aed99b3d6b471782ed5292b546b5ade3054e86ee4b80d037c3ba67,32,32,0,0,0.7,1.9,475.7,0,3,20,0,0,16384,0,0,169856,0,0,True,,,
native-expanded,015-Sand-Oil-packed-32-baseline-w32-s03,2,16,packed,32,baseline,32,Sand-Oil-packed-32-baseline-w32,3,1800,97aac027f70ada49,75ef80a06b7581d87d7643424100539a44a104dd205cd795b160e01457f81d09,32,32,0,0,0.7,1.1,503,0,3,20,0,0,16384,0,0,147968,0,0,True,,,
native-expanded,015-Sand-Oil-packed-32-baseline-w32-s04,2,16,packed,32,baseline,32,Sand-Oil-packed-32-baseline-w32,4,1800,a4b2eb8b37ecf173,b6c7dfbe3af10af98ae09425780156f1d8e5ae35a7e983d3f1aff75a1bfcb5a6,32,32,0,0,0.7,1.8,946.1,0,3,20,0,0,16384,0,0,164480,0,0,True,,,
native-expanded,016-Oil-Dust-packed-32-baseline-w32-s00,16,14,packed,32,baseline,32,Oil-Dust-packed-32-baseline-w32,0,1800,ca9bd32fb8b7ee6f,568a2d919abb7d0dfa13a9dc92d5e1326e5f6a0b81fed410118a8812ce434afa,-1,0,0,0,0.4,0.5,478.4,0,6,20,0,0,0,0,0,15360,0,0,True,,,
native-expanded,016-Oil-Dust-packed-32-baseline-w32-s01,16,14,packed,32,baseline,32,Oil-Dust-packed-32-baseline-w32,1,1800,dd34db237a017bee,e19e5373eddb64ae17a4eaa9b65d52974736c0b4d7f84dd091767774006c022f,-1,0,0,0,0.4,0.5,450.3,0,3,20,0,0,0,0,0,15360,0,0,True,,,
native-expanded,016-Oil-Dust-packed-32-baseline-w32-s02,16,14,packed,32,baseline,32,Oil-Dust-packed-32-baseline-w32,2,1800,43313453ed5c4c2f,cccf6b4fb19f0462595ecf3bdf61c9d65fa01cea20f58e5ab84509cef24eb4d2,-1,0,0,0,0.4,0.5,451.7,0,3,20,0,0,0,0,0,15360,0,0,True,,,
native-expanded,016-Oil-Dust-packed-32-baseline-w32-s03,16,14,packed,32,baseline,32,Oil-Dust-packed-32-baseline-w32,3,1800,d636bcf192466074,bd7fb2490e874783b638dfd1325536b4ab54636f1744eaa871779595e82ccded,-1,0,0,0,0.4,0.5,438.3,0,3,20,0,0,0,0,0,15360,0,0,True,,,
native-expanded,016-Oil-Dust-packed-32-baseline-w32-s04,16,14,packed,32,baseline,32,Oil-Dust-packed-32-baseline-w32,4,1800,acef2015c38cffd2,7c98c9774c393798e1ecb8de0ed660a9688e399bba31bd1ae23ad59fbfda35a8,-1,0,0,0,0.4,0.5,447.3,0,3,20,0,0,0,0,0,15360,0,0,True,,,
native-expanded,017-Dust-Oil-packed-32-baseline-w32-s00,14,16,packed,32,baseline,32,Dust-Oil-packed-32-baseline-w32,0,1800,f6f4950fc17e9c6f,66f6e3a7a4180593df5e3cf4790309f6f0a3a31ea0e6a229a0941099fcc99eef,-1,0,0,0,0.4,0.5,669.8,0,6,20,0,0,0,0,0,16896,0,0,True,,,
native-expanded,017-Dust-Oil-packed-32-baseline-w32-s01,14,16,packed,32,baseline,32,Dust-Oil-packed-32-baseline-w32,1,1800,2955b318bdb10fae,59b9f2149a48c2d194adad7486893aad6872b328deb98112fcd0cc1520e78ae9,-1,0,0,0,0.4,0.5,501.9,0,3,20,0,0,0,0,0,16896,0,0,True,,,
native-expanded,017-Dust-Oil-packed-32-baseline-w32-s02,14,16,packed,32,baseline,32,Dust-Oil-packed-32-baseline-w32,2,1800,516f7f62429e84af,17a1a121558c511b15dac3cee469e285355f11eb1a3b8ddc38a47805c0e5128c,-1,0,0,0,0.4,0.5,502.4,0,3,20,0,0,0,0,0,16896,0,0,True,,,
native-expanded,017-Dust-Oil-packed-32-baseline-w32-s03,14,16,packed,32,baseline,32,Dust-Oil-packed-32-baseline-w32,3,1800,3d50478a1cc1e874,3184b7b99a93ab2a11789439f72602f54dd516797b8a6f8e95ca8c368e73cf7b,-1,0,0,0,0.4,0.5,515.7,0,3,20,0,0,0,0,0,16896,0,0,True,,,
native-expanded,017-Dust-Oil-packed-32-baseline-w32-s04,14,16,packed,32,baseline,32,Dust-Oil-packed-32-baseline-w32,4,1800,e423b71f7a376fd2,6be3bb6800cdc0b68668ed1492f9d02a892dbb918d25b7025608bc4f1bfe53ca,-1,0,0,0,0.4,0.5,497.3,0,3,20,0,0,0,0,0,16896,0,0,True,,,
native-expanded,018-Brine-Sand-packed-32-baseline-w32-s00,24,2,packed,32,baseline,32,Brine-Sand-packed-32-baseline-w32,0,1800,ac415cb6c0d506f,627fe433db70424d92faf13a875f7820f73421198c971db836ee7f31928b2e50,-1,0,0,0,0.5,0.5,393.3,0,6,20,0,0,0,0,0,16510,0,0,True,,,
native-expanded,018-Brine-Sand-packed-32-baseline-w32-s01,24,2,packed,32,baseline,32,Brine-Sand-packed-32-baseline-w32,1,1800,7976323261b8686e,a3a673811b1e0ee4abb77e2509e5f488a83682bb68120f385a8737bb2ca7ae14,-1,0,0,0,0.4,0.5,367.9,0,3,20,0,0,0,0,0,16498,0,0,True,,,
native-expanded,018-Brine-Sand-packed-32-baseline-w32-s02,24,2,packed,32,baseline,32,Brine-Sand-packed-32-baseline-w32,2,1800,2a2f41b98449612f,6c5017a6d9b154110a338de31842a0d33c5b2508fd218c354285a4b0ece3fb3e,-1,0,0,0,0.4,0.5,375.1,0,3,20,0,0,0,0,0,16506,0,0,True,,,
native-expanded,018-Brine-Sand-packed-32-baseline-w32-s03,24,2,packed,32,baseline,32,Brine-Sand-packed-32-baseline-w32,3,1800,7ab9cd55c81ba474,f8133c0f0e46131594f14d08662b528270986566935fca607a4eb051a56a9edd,-1,0,0,0,0.4,0.5,365.9,0,3,20,0,0,0,0,0,16510,0,0,True,,,
native-expanded,018-Brine-Sand-packed-32-baseline-w32-s04,24,2,packed,32,baseline,32,Brine-Sand-packed-32-baseline-w32,4,1800,46ace0f659603d2,d361a5f781e705485976e0403e75e7fdf438574478a6ec7f96e95bfe21816185,-1,0,0,0,0.4,0.7,362.9,0,3,20,0,0,0,0,0,16524,0,0,True,,,
native-expanded,019-Sand-Brine-packed-32-baseline-w32-s00,2,24,packed,32,baseline,32,Sand-Brine-packed-32-baseline-w32,0,1800,d4520e9fb791806f,eabd7c15eec3664c751f4726f0fa2730ed4f38a222e357ec2cb44085fa5f2cda,32,32,0,0,0.5,1,739.4,0,6,20,0,0,16384,0,0,175026,0,0,True,,,
native-expanded,019-Sand-Brine-packed-32-baseline-w32-s01,2,24,packed,32,baseline,32,Sand-Brine-packed-32-baseline-w32,1,1800,2f3103d218c6c8e3,ce93e31eae8fbdac843eae44bb0f5aa483821365476c7184af100f388ea0d5d0,32,32,0,0,1.2,6.2,2340.5,0,3,20,0,0,16384,0,0,193694,0,0,True,,,
native-expanded,019-Sand-Brine-packed-32-baseline-w32-s02,2,24,packed,32,baseline,32,Sand-Brine-packed-32-baseline-w32,2,1800,e1ce81f0c832bb6a,1e7ac7dcc166768e21e4295ef7d52166d6e13d4368281093ad1460e8b89b504f,32,32,0,0,0.8,1.8,1078.7,0,3,20,0,0,16384,0,0,199688,0,0,True,,,
native-expanded,019-Sand-Brine-packed-32-baseline-w32-s03,2,24,packed,32,baseline,32,Sand-Brine-packed-32-baseline-w32,3,1800,915d7eaa76ccaa49,eeca68220691c5ac426ac4bfdb3db724f470459d39a4740d48e8d5b6c2453ab8,32,32,0,0,0.7,1.8,593,0,3,20,0,0,16384,0,0,175014,0,0,True,,,
native-expanded,019-Sand-Brine-packed-32-baseline-w32-s04,2,24,packed,32,baseline,32,Sand-Brine-packed-32-baseline-w32,4,1800,970a3ed9b1a2cf73,429a92656d02e1ac2bd112ab08304f658c3942754b732462302dfaf5957c3ba2,32,32,0,0,1.2,3.1,2395.4,0,3,20,0,0,16384,0,0,193704,0,0,True,,,
native-expanded,020-Brine-Dust-packed-32-baseline-w32-s00,24,14,packed,32,baseline,32,Brine-Dust-packed-32-baseline-w32,0,1800,8b5230b891108c6f,192c7c5e67fef861eb79767db2581219e47cd2e6377b423ac045c89cb94c8884,32,32,0,0,0.7,2.5,853.8,0,6,20,0,0,16384,0,0,114816,0,0,True,,,
native-expanded,020-Brine-Dust-packed-32-baseline-w32-s01,24,14,packed,32,baseline,32,Brine-Dust-packed-32-baseline-w32,1,1800,851776798ca7f23,d27800702082cfd4c792e10ff539b3717abe6972954eed79fe04cd6cfb40f015,32,32,0,0,1.3,3.7,1260.4,0,3,20,0,0,16384,0,0,131100,0,0,True,,,
native-expanded,020-Brine-Dust-packed-32-baseline-w32-s02,24,14,packed,32,baseline,32,Brine-Dust-packed-32-baseline-w32,2,1800,8752acfb20eda1ea,27545cf04d9c746bf818ceebafa280765997e7307c2123af646a6089f36c204f,32,32,0,0,0.7,1.1,680,0,3,20,0,0,16384,0,0,136372,0,0,True,,,
native-expanded,020-Brine-Dust-packed-32-baseline-w32-s03,24,14,packed,32,baseline,32,Brine-Dust-packed-32-baseline-w32,3,1800,9a6774115ac5f349,e30d04221be62a34898b593ec57781605bcf3f81b20546da21b95938b346e860,32,32,0,0,0.7,1.1,547.8,0,3,20,0,0,16384,0,0,114840,0,0,True,,,
native-expanded,020-Brine-Dust-packed-32-baseline-w32-s04,24,14,packed,32,baseline,32,Brine-Dust-packed-32-baseline-w32,4,1800,7e1b49e37f341173,c16aaaa3e9adcaf78abff34dd45d19a97af30dd8b776b7e52950dac780d6f70e,32,32,0,0,0.7,1.7,1093.5,0,3,20,0,0,16384,0,0,131064,0,0,True,,,
native-expanded,021-Dust-Brine-packed-32-baseline-w32-s00,14,24,packed,32,baseline,32,Dust-Brine-packed-32-baseline-w32,0,1800,23feb07b22fb946f,0f9b82b9097b0e52d5a69022d42cffdf7445fd1c87dbbf272ac0b85c363c3dad,-1,0,0,0,0.5,1.1,612,0,6,20,0,0,0,0,0,19158,0,0,True,,,
native-expanded,021-Dust-Brine-packed-32-baseline-w32-s01,14,24,packed,32,baseline,32,Dust-Brine-packed-32-baseline-w32,1,1800,1a4179056ae76bae,4cccb8f40f4921792c25103dc9928dd1cb6c852a0b993575c8937481b9afc481,-1,0,0,0,0.5,0.8,683.3,0,3,20,0,0,0,0,0,19168,0,0,True,,,
native-expanded,021-Dust-Brine-packed-32-baseline-w32-s02,14,24,packed,32,baseline,32,Dust-Brine-packed-32-baseline-w32,2,1800,b356f9c6196122af,4e4932045f1c21cd09d4f5dfdcf7f088d0ee3cb4c46b2cfa0a2fb3754ad8b7d8,-1,0,0,0,0.5,1.2,689.1,0,3,20,0,0,0,0,0,19172,0,0,True,,,
native-expanded,021-Dust-Brine-packed-32-baseline-w32-s03,14,24,packed,32,baseline,32,Dust-Brine-packed-32-baseline-w32,3,1800,b819653486d01c74,d7547c02de4fe6c531c6fdb3afdc792aa758f546f9dd3db9b8e7c4d3b499c88a,-1,0,0,0,0.5,0.9,453,0,3,20,0,0,0,0,0,19198,0,0,True,,,
native-expanded,021-Dust-Brine-packed-32-baseline-w32-s04,14,24,packed,32,baseline,32,Dust-Brine-packed-32-baseline-w32,4,1800,fe42cc3421f8add2,1234846237eab631cab6819b8d9af1e255d71cb6dacdfd66fa961d1145ab8184,-1,0,0,0,0.5,0.8,821.7,0,3,20,0,0,0,0,0,19188,0,0,True,,,
native-expanded,022-Paste-Sand-packed-32-baseline-w32-s00,20,2,packed,32,baseline,32,Paste-Sand-packed-32-baseline-w32,0,1800,a954bef08e92d26f,0f54f069d448dd194045567595af46b5de993f05d2cebf0bdda1df1319631a76,-1,0,0,0,0.5,1,367.8,0,6,20,0,0,0,0,0,14016,0,0,True,,,
native-expanded,022-Paste-Sand-packed-32-baseline-w32-s01,20,2,packed,32,baseline,32,Paste-Sand-packed-32-baseline-w32,1,1800,b555327e5b99f06e,85c1b19d291c5c8cfd593fa74b2dfbc71ed51f5ca47e4bf4a0bab20cceddfcf8,-1,0,0,0,0.6,1.5,961.3,0,3,20,0,0,0,0,0,14024,0,0,True,,,
native-expanded,022-Paste-Sand-packed-32-baseline-w32-s02,20,2,packed,32,baseline,32,Paste-Sand-packed-32-baseline-w32,2,1800,3468b5f94acc272f,b4777fa9d2861cb071b0b0b0a7c1d1b31cdc6c1815ea0ec9efd90543c3f35038,-1,0,0,0,0.5,1,354.3,0,3,20,0,0,0,0,0,14046,0,0,True,,,
native-expanded,022-Paste-Sand-packed-32-baseline-w32-s03,20,2,packed,32,baseline,32,Paste-Sand-packed-32-baseline-w32,3,1800,58df4419fbff2c74,6d957fa2860d1b65dd0fe80a8bc824d09591e5a61e645022c3726a580bc85043,-1,0,0,0,0.5,0.8,311.5,0,3,20,0,0,0,0,0,14022,0,0,True,,,
native-expanded,022-Paste-Sand-packed-32-baseline-w32-s04,20,2,packed,32,baseline,32,Paste-Sand-packed-32-baseline-w32,4,1800,ee67d5c76a681bd2,ca9a99bc2d429ba46746699c2517e4bc817f47a1d19a21c08456f2a9c34eee3e,-1,0,0,0,0.5,0.7,319.3,0,3,20,0,0,0,0,0,14012,0,0,True,,,
native-expanded,023-Sand-Paste-packed-32-baseline-w32-s00,2,20,packed,32,baseline,32,Sand-Paste-packed-32-baseline-w32,0,1800,4b9a64ee1055126f,83f1b9349008b3588c23cdddccd4e1714a7ab3f7d4c1207235bb55993c7d2bb3,32,32,0,0,0.4,0.6,351.3,0,6,20,0,0,16384,0,0,116504,0,0,True,,,
native-expanded,023-Sand-Paste-packed-32-baseline-w32-s01,2,20,packed,32,baseline,32,Sand-Paste-packed-32-baseline-w32,1,1800,5eb8415efb249ee3,4192405dca177fd744ded90f857e798908560befa664fd88f292b5595e443ab6,32,32,0,0,0.7,1.3,412.7,0,3,20,0,0,16384,0,0,130482,0,0,True,,,
native-expanded,023-Sand-Paste-packed-32-baseline-w32-s02,2,20,packed,32,baseline,32,Sand-Paste-packed-32-baseline-w32,2,1800,316b1428701076a,8259e0c44ec9bd084d38419d60c124e919d27d6751c340993fe6a501a92ec7e2,32,32,0,0,0.7,1.2,557.8,0,3,20,0,0,16384,0,0,134986,0,0,True,,,
native-expanded,023-Sand-Paste-packed-32-baseline-w32-s03,2,20,packed,32,baseline,32,Sand-Paste-packed-32-baseline-w32,3,1800,7cded25d182ac449,c98b8c3fe60da4f36bbc89c2fb9150ef3bad2a535a858b2dbb2a69a6a1d10135,32,32,0,0,0.7,1.1,577.5,0,3,20,0,0,16384,0,0,116458,0,0,True,,,
native-expanded,023-Sand-Paste-packed-32-baseline-w32-s04,2,20,packed,32,baseline,32,Sand-Paste-packed-32-baseline-w32,4,1800,646f230e582adb73,4ba816f30204ff737bf0eb337e982a8996eb0ac5f32a46693a5f943adf8fc220,32,32,0,0,0.8,1.6,321.9,0,3,20,0,0,16384,0,0,130422,0,0,True,,,
native-expanded,024-Paste-Dust-packed-32-baseline-w32-s00,20,14,packed,32,baseline,32,Paste-Dust-packed-32-baseline-w32,0,1800,6145d609849fba6f,a21eb76382ac63808d1fd52e576e56e53a594eab84a660708470ec2ad25f3812,32,32,0,0,0.5,0.8,401.8,0,6,20,0,0,16384,0,0,112284,0,0,True,,,
native-expanded,024-Paste-Dust-packed-32-baseline-w32-s01,20,14,packed,32,baseline,32,Paste-Dust-packed-32-baseline-w32,1,1800,89250a2609925723,28089617f45976bda24fa4fe78ff604ce2b1b24a64814e6920110357b347ed45,32,32,0,0,0.7,1,379.7,0,3,20,0,0,16384,0,0,126040,0,0,True,,,
native-expanded,024-Paste-Dust-packed-32-baseline-w32-s02,20,14,packed,32,baseline,32,Paste-Dust-packed-32-baseline-w32,2,1800,8dbb74092165626a,fcee7ebb7486a41b7039c422123470862fdc83d5afeacb2582b03a3dd0cbc723,32,32,0,0,0.7,0.8,419.9,0,3,20,0,0,16384,0,0,130534,0,0,True,,,
native-expanded,024-Paste-Dust-packed-32-baseline-w32-s03,20,14,packed,32,baseline,32,Paste-Dust-packed-32-baseline-w32,3,1800,b9265c5ce4ae60c9,769ccbb1ee36e47d048b542b5567ec616c85735962e1efc8750a0848873e3080,32,32,0,0,0.7,1.1,773.3,0,3,20,0,0,16384,0,0,112292,0,0,True,,,
native-expanded,024-Paste-Dust-packed-32-baseline-w32-s04,20,14,packed,32,baseline,32,Paste-Dust-packed-32-baseline-w32,4,1800,a7c569be64f6a773,9e3eca1dd8bac21cf2ab6a780af1080489a347b9b36c6de89b2664e5957c81a1,32,32,0,0,0.7,1.1,464.1,0,3,20,0,0,16384,0,0,126022,0,0,True,,,
native-expanded,025-Dust-Paste-packed-32-baseline-w32-s00,14,20,packed,32,baseline,32,Dust-Paste-packed-32-baseline-w32,0,1800,d2aa02f54cc8d26f,4439e4ffeee4918d00300e014cfccfe9f410a05eceeb1e31da3b20d429898eb7,-1,0,0,0,0.4,0.7,368.3,0,6,20,0,0,0,0,0,14232,0,0,True,,,
native-expanded,025-Dust-Paste-packed-32-baseline-w32-s01,14,20,packed,32,baseline,32,Dust-Paste-packed-32-baseline-w32,1,1800,d7cf40e13ca073ae,b11fffd89e2066b3b03c94e7d2dfdc2c5f773f697fe14c1b1369fc146744e74c,-1,0,0,0,0.5,0.6,332.3,0,3,20,0,0,0,0,0,14214,0,0,True,,,
native-expanded,025-Dust-Paste-packed-32-baseline-w32-s02,14,20,packed,32,baseline,32,Dust-Paste-packed-32-baseline-w32,2,1800,f1182b32d6b96e2f,11b92b514b03bc1aff3bb65daf06183464dc1c36943ab9580d6ffdb71bb907da,-1,0,0,0,0.5,0.7,390.4,0,3,20,0,0,0,0,0,14208,0,0,True,,,
native-expanded,025-Dust-Paste-packed-32-baseline-w32-s03,14,20,packed,32,baseline,32,Dust-Paste-packed-32-baseline-w32,3,1800,97f3bbfb5b190e74,b40b024eef1a54acc9275a89fe4a9c5ae8ccb986fb5752f505c86b93f0efbd57,-1,0,0,0,0.4,0.7,336.7,0,3,20,0,0,0,0,0,14252,0,0,True,,,
native-expanded,025-Dust-Paste-packed-32-baseline-w32-s04,14,20,packed,32,baseline,32,Dust-Paste-packed-32-baseline-w32,4,1800,2dce445dc56efbd2,64475545bbd71fd1466a790e843fb0cd34d49ceae53a3ae901591075c24e0350,-1,0,0,0,0.4,0.5,332.4,0,3,20,0,0,0,0,0,14202,0,0,True,,,
native-expanded,026-Lava-Sand-packed-32-baseline-w32-s00,8,2,packed,32,baseline,32,Lava-Sand-packed-32-baseline-w32,0,1800,ed3c7683f501086f,531ab8170792484601cff8812ca785fd509bfcbc146ee1087fa1d714faae1ca3,32,32,0,0,0.4,0.5,384.9,0,6,20,0,0,16384,0,0,113664,0,0,True,,,
native-expanded,026-Lava-Sand-packed-32-baseline-w32-s01,8,2,packed,32,baseline,32,Lava-Sand-packed-32-baseline-w32,1,1800,4b23fbed3082ab23,6e153e02dce9d0e94285e5ad0106be8bf9a01c5d67fbe2584900a8774eaeca21,32,32,0,0,0.6,0.7,329.3,0,3,20,0,0,16384,0,0,128736,0,0,True,,,
native-expanded,026-Lava-Sand-packed-32-baseline-w32-s02,8,2,packed,32,baseline,32,Lava-Sand-packed-32-baseline-w32,2,1800,e7da57e2bd0b49ea,4c53e996011f9942e6cd8b96ede3dd4b58ba960836202f263c1b7ee1a2aee84e,32,32,0,0,0.7,0.7,335.2,0,3,20,0,0,16384,0,0,133664,0,0,True,,,
native-expanded,026-Lava-Sand-packed-32-baseline-w32-s03,8,2,packed,32,baseline,32,Lava-Sand-packed-32-baseline-w32,3,1800,a26eb1ba81e76949,bd1f3217af8b5dcaae9394684423f8e1542a8054a34db84638b200021fb693aa,32,32,0,0,0.7,0.8,329.5,0,3,20,0,0,16384,0,0,113664,0,0,True,,,
native-expanded,026-Lava-Sand-packed-32-baseline-w32-s04,8,2,packed,32,baseline,32,Lava-Sand-packed-32-baseline-w32,4,1800,b826046c4a236f73,a33d84c2c0577380c6c4298eb086027497e6de69439e0b4c8329a0fb6f7a46cc,32,32,0,0,0.7,0.7,334,0,3,20,0,0,16384,0,0,128736,0,0,True,,,
native-expanded,027-Sand-Lava-packed-32-baseline-w32-s00,2,8,packed,32,baseline,32,Sand-Lava-packed-32-baseline-w32,0,1800,87d79ce6841e406f,11635a2b6ba786cd96726c3f777d6b18a3bd1e1124af85684eb96e9e6d10d77d,-1,0,0,0,0.4,0.5,448.9,0,6,20,0,0,0,0,0,16896,0,0,True,,,
native-expanded,027-Sand-Lava-packed-32-baseline-w32-s01,2,8,packed,32,baseline,32,Sand-Lava-packed-32-baseline-w32,1,1800,75408a887925ebae,b4090de592597f6209ed790631299d5f4ee38a8c4d382ab66e1574db7d76ac81,-1,0,0,0,0.4,0.5,399.3,0,3,20,0,0,0,0,0,16896,0,0,True,,,
native-expanded,027-Sand-Lava-packed-32-baseline-w32-s02,2,8,packed,32,baseline,32,Sand-Lava-packed-32-baseline-w32,2,1800,f1c7c9c144e9ccaf,dfdd1df9cb5f2fad964f00ad3ccdba9030dbf34809a577d95b69f16a8c89b437,-1,0,0,0,0.4,0.5,579.2,0,3,20,0,0,0,0,0,16896,0,0,True,,,
native-expanded,027-Sand-Lava-packed-32-baseline-w32-s03,2,8,packed,32,baseline,32,Sand-Lava-packed-32-baseline-w32,3,1800,e83e4e2d100ca74,27c1fdd9da87d8b4b28cb54df88da20b4176763667c8539008a3c3799d436b1e,-1,0,0,0,0.4,0.5,405.4,0,3,20,0,0,0,0,0,16896,0,0,True,,,
native-expanded,027-Sand-Lava-packed-32-baseline-w32-s04,2,8,packed,32,baseline,32,Sand-Lava-packed-32-baseline-w32,4,1800,b84c605460bef7d2,c7fb16dcb84d9d04283dab94d39da17dbccf891d5bbba3a1fd17306c5f9d5f3e,-1,0,0,0,0.4,0.7,399.9,0,3,20,0,0,0,0,0,16896,0,0,True,,,
native-expanded,028-Lava-Dust-packed-32-baseline-w32-s00,8,14,packed,32,baseline,32,Lava-Dust-packed-32-baseline-w32,0,1800,a33937b2ed7dcb8c,45d985a426bf72157c6d84f8679d67c67a6078f81ac9f1d5e98fb1b7c2c6af3b,32,32,0,0,394.3,410.6,751.2,0,6,20,0,100896,16728,3068,0,5843640,0,0,False,,,
native-expanded,028-Lava-Dust-packed-32-baseline-w32-s01,8,14,packed,32,baseline,32,Lava-Dust-packed-32-baseline-w32,1,1800,e8bbb239a68d4c58,f77e2dc0e946ff22d390995833de2362fbcb751b7883422535a66535eb2d556d,32,32,0,0,319.4,360.6,542.1,0,3,20,0,109658,16718,3068,0,5007775,0,0,False,,,
native-expanded,028-Lava-Dust-packed-32-baseline-w32-s02,8,14,packed,32,baseline,32,Lava-Dust-packed-32-baseline-w32,2,1800,ace86e4bde070e2,626ab2b595b893f1f3a52fa28e8544632da002de1b61b9d8fc258ea2dc8c84d7,32,32,0,0,270.2,398.7,664.6,0,3,20,0,115591,16708,3068,0,4184557,0,0,False,,,
native-expanded,028-Lava-Dust-packed-32-baseline-w32-s03,8,14,packed,32,baseline,32,Lava-Dust-packed-32-baseline-w32,3,1800,cab8e62418cba775,96959e5b950751870d01d207bb45853a6d5ceb7f8c7c0567b7c88d888490d5b5,32,32,0,0,362.4,456.9,1084.8,0,3,20,0,106006,16699,3067,0,5744238,0,0,False,,,
native-expanded,028-Lava-Dust-packed-32-baseline-w32-s04,8,14,packed,32,baseline,32,Lava-Dust-packed-32-baseline-w32,4,1800,1053e77f5198753f,52c6cfe3a09f0868dbacd1320dcd95e132d6efd8bd69fb9c97ab584019091f97,32,32,0,0,312.3,358.4,512.1,0,3,20,0,110899,16700,3068,0,4883597,0,0,False,,,
native-expanded,029-Dust-Lava-packed-32-baseline-w32-s00,14,8,packed,32,baseline,32,Dust-Lava-packed-32-baseline-w32,0,1800,243c9d3eab221eb2,1bc38be63d89f8963f17fe6d2839fa6bd04afca53d838f70dd5123e15f8dd113,-1,-95,0,0,137.2,410.3,637.5,0,6,20,0,53331,1111,1532,0,2950461,0,0,False,,,
native-expanded,029-Dust-Lava-packed-32-baseline-w32-s01,14,8,packed,32,baseline,32,Dust-Lava-packed-32-baseline-w32,1,1800,21202267cb55bc97,a3e46edf4283b24ea06513f4a4d22c65adfd59cca84bcaa45c1626078387d163,-1,-102,0,0,126,343.2,407.3,0,3,20,0,54832,1112,1532,0,2740266,0,0,False,,,
native-expanded,029-Dust-Lava-packed-32-baseline-w32-s02,14,8,packed,32,baseline,32,Dust-Lava-packed-32-baseline-w32,2,1800,3bdfbdb9ee147ead,c75f8006e9c0afdd97563fbba49c60ce7b6baf1c081db2c587d641f3c3a7b824,-1,-109,0,0,126.2,316.4,404.6,0,3,20,0,58405,1024,1532,0,2624515,0,0,False,,,
native-expanded,029-Dust-Lava-packed-32-baseline-w32-s03,14,8,packed,32,baseline,32,Dust-Lava-packed-32-baseline-w32,3,1800,d678efd772c000bc,f83794f30000ddc0a8bf1f136dd29a2159e73cad991d55f055afc6230544da5c,-1,-96,0,0,125.6,377.3,549.5,0,3,20,0,51613,1120,1533,0,2600078,0,0,False,,,
native-expanded,029-Dust-Lava-packed-32-baseline-w32-s04,14,8,packed,32,baseline,32,Dust-Lava-packed-32-baseline-w32,4,1800,9d50479ccd27ac67,330de5a2a051135eee788be40de4b3d9e33223dba8541b5ca082f5c9db90e661,-1,-103,0,0,127.3,383.4,793.1,0,3,20,0,56055,1085,1532,0,2726194,0,0,False,,,
native-expanded,030-Sand-Wall-packed-32-baseline-w32-s00,2,1,packed,32,baseline,32,Sand-Wall-packed-32-baseline-w32,0,1800,1877eb4ed196306f,8a46ce5676505f91569792ad4da00c27f56248e8c2acf1276b1b2c3096b0abb3,-1,0,16,0,0.4,0.5,188.6,0,6,20,0,0,0,0,0,4608,0,0,True,,,
native-expanded,030-Sand-Wall-packed-32-baseline-w32-s01,2,1,packed,32,baseline,32,Sand-Wall-packed-32-baseline-w32,1,1800,73f2ab0acc3c472e,d4c467ee989f588c0003b6216aef383acef46a54d1b5fe435def9fbd4e9363a3,-1,0,16,0,0.5,1,237.7,0,3,20,0,0,0,0,0,4608,0,0,True,,,
native-expanded,030-Sand-Wall-packed-32-baseline-w32-s02,2,1,packed,32,baseline,32,Sand-Wall-packed-32-baseline-w32,2,1800,b71b7a18b45beaaf,0aa486e915a8bc67c4fab7c1c02e6b8c5c5846e1751e33de9366d9255ff17e53,-1,0,16,0,0.5,0.8,178.1,0,3,20,0,0,0,0,0,4608,0,0,True,,,
native-expanded,030-Sand-Wall-packed-32-baseline-w32-s03,2,1,packed,32,baseline,32,Sand-Wall-packed-32-baseline-w32,3,1800,8a855f18745c8c34,d2266738172b2ebcf8a9ccb04958da2b6a0ffb41b66e5c68c4e0fdc1cb73f65f,-1,0,16,0,0.5,0.8,388.1,0,3,20,0,0,0,0,0,4608,0,0,True,,,
native-expanded,030-Sand-Wall-packed-32-baseline-w32-s04,2,1,packed,32,baseline,32,Sand-Wall-packed-32-baseline-w32,4,1800,b9074d206c6802d2,345bcb0083b2b8a014efcac0763a3d339fa1e206e25aba78ffd3df59a5f19407,-1,0,16,0,0.6,2.2,269.4,0,3,20,0,0,0,0,0,4608,0,0,True,,,
native-expanded,031-Mercury-Wall-packed-32-baseline-w32-s00,33,1,packed,32,baseline,32,Mercury-Wall-packed-32-baseline-w32,0,1800,2a7e6e1c58967b6f,58b97911b5d8809cb00a053e36db9a6f5b099ae0d654f52fc6e91a55c0aec98e,-1,0,16,0,0.4,0.5,210.2,0,6,20,0,0,0,0,0,6542,0,0,True,,,
native-expanded,031-Mercury-Wall-packed-32-baseline-w32-s01,33,1,packed,32,baseline,32,Mercury-Wall-packed-32-baseline-w32,1,1800,446c998a15643f2e,ac1799490db9654c1200a71390e21cd1681f4343be540d4f3dbdc4783adc6d7e,-1,0,16,0,0.4,0.5,165,0,3,20,0,0,0,0,0,6562,0,0,True,,,
native-expanded,031-Mercury-Wall-packed-32-baseline-w32-s02,33,1,packed,32,baseline,32,Mercury-Wall-packed-32-baseline-w32,2,1800,fe4051f628ae24af,61ece66040cd7277b4f2a6c6a6ce861dd98c51af12c523267d75d9d0f7983f99,-1,0,16,0,0.4,0.5,173.2,0,3,20,0,0,0,0,0,6576,0,0,True,,,
native-expanded,031-Mercury-Wall-packed-32-baseline-w32-s03,33,1,packed,32,baseline,32,Mercury-Wall-packed-32-baseline-w32,3,1800,94d9870afd820f34,025854c0a68573067f078cd9baf1f86802d7394cec617de1835591cd5bfe123e,-1,0,16,0,0.5,1.1,226.2,0,3,20,0,0,0,0,0,6552,0,0,True,,,
native-expanded,031-Mercury-Wall-packed-32-baseline-w32-s04,33,1,packed,32,baseline,32,Mercury-Wall-packed-32-baseline-w32,4,1800,e660c1498d3a6ad2,42967b0ac0624c0cb0896f32688848022cb687175a1c4e0eb0faf99cbe61d31d,-1,0,16,0,0.4,0.5,167,0,3,20,0,0,0,0,0,6550,0,0,True,,,
native-expanded,032-Sand-Concrete-packed-32-baseline-w32-s00,2,31,packed,32,baseline,32,Sand-Concrete-packed-32-baseline-w32,0,1800,99abf24ced6b066f,ec52bba8329cdbbbce9a27096c3974e987745399cf8d89d563b1b3763f47296f,-1,0,0,0,0.4,0.5,178.5,0,6,20,0,0,0,0,0,4608,0,0,True,,,
native-expanded,032-Sand-Concrete-packed-32-baseline-w32-s01,2,31,packed,32,baseline,32,Sand-Concrete-packed-32-baseline-w32,1,1800,934d2b2936439a2e,c8b4695f4da9163cee8e901fa658d3c85c1f2b9095dc2700228a2267aa9ed885,-1,0,0,0,0.4,0.5,143.4,0,3,20,0,0,0,0,0,4608,0,0,True,,,
native-expanded,032-Sand-Concrete-packed-32-baseline-w32-s02,2,31,packed,32,baseline,32,Sand-Concrete-packed-32-baseline-w32,2,1800,7d1a9a961c519caf,093d3cdbe43bcd224f955b922197a3949241d94abef575ae9b7caf2cd8eb5f1f,-1,0,0,0,0.4,0.5,143.1,0,3,20,0,0,0,0,0,4608,0,0,True,,,
native-expanded,032-Sand-Concrete-packed-32-baseline-w32-s03,2,31,packed,32,baseline,32,Sand-Concrete-packed-32-baseline-w32,3,1800,382a4ca7a3df89b4,8a6876de72d2260bf2b9616cd930b43b2f3fd3677cd1ec5185b910574fe425c4,-1,0,0,0,0.5,0.9,228.3,0,3,20,0,0,0,0,0,4608,0,0,True,,,
native-expanded,032-Sand-Concrete-packed-32-baseline-w32-s04,2,31,packed,32,baseline,32,Sand-Concrete-packed-32-baseline-w32,4,1800,3c8729c4e96d57d2,0c97e61e1d814674b698d97c6273b55e1eadb6574e5a2215b675fa1159c0a5eb,-1,0,0,0,0.5,0.8,186.6,0,3,20,0,0,0,0,0,4608,0,0,True,,,
native-expanded,033-Mercury-Concrete-packed-32-baseline-w32-s00,33,31,packed,32,baseline,32,Mercury-Concrete-packed-32-baseline-w32,0,1800,abb2751a746b516f,8a3cdbaa3de7fc88177fd5ddea755c076d55e31c236471d24e788b6483234a78,-1,0,0,0,0.5,0.8,324.1,0,6,20,0,0,0,0,0,6542,0,0,True,,,
native-expanded,033-Mercury-Concrete-packed-32-baseline-w32-s01,33,31,packed,32,baseline,32,Mercury-Concrete-packed-32-baseline-w32,1,1800,63c719a87f6b922e,3e33444da0497e4584334b33f8bd8f7d26028ccf767ff09dec5767a61cdd8616,-1,0,0,0,0.4,0.5,349.4,0,3,20,0,0,0,0,0,6562,0,0,True,,,
native-expanded,033-Mercury-Concrete-packed-32-baseline-w32-s02,33,31,packed,32,baseline,32,Mercury-Concrete-packed-32-baseline-w32,2,1800,c43f727390a3d6af,1aa15341ddb851fc0c3f45e7e336f61c54ae70225bb5300871b85a45bfce4d32,-1,0,0,0,0.4,0.8,210.1,0,3,20,0,0,0,0,0,6576,0,0,True,,,
native-expanded,033-Mercury-Concrete-packed-32-baseline-w32-s03,33,31,packed,32,baseline,32,Mercury-Concrete-packed-32-baseline-w32,3,1800,427e749a2d050cb4,d8f35171707bba4b7490935c5699565f49620f07353e8bec90c4b6525f1d5829,-1,0,0,0,0.5,0.6,556.5,0,3,20,0,0,0,0,0,6552,0,0,True,,,
native-expanded,033-Mercury-Concrete-packed-32-baseline-w32-s04,33,31,packed,32,baseline,32,Mercury-Concrete-packed-32-baseline-w32,4,1800,69e09dee0a3fbfd2,2aa815f884af833e41eb69911ba78fdc33c94c355c1698c1943ae00212a3c7c5,-1,0,0,0,0.4,0.5,196.9,0,3,20,0,0,0,0,0,6550,0,0,True,,,
native-expanded,034-Sand-Seed-packed-32-baseline-w32-s00,2,19,packed,32,baseline,32,Sand-Seed-packed-32-baseline-w32,0,1800,c38e8f7f1056b9cf,4382703351cfbe0326d2ddd882f99f7e0b8c96eee38d99e96a31ebba346ad98d,32,32,0,0,333.1,379.5,564.9,0,6,20,0,0,16384,1096,0,4594791,0,0,False,,,
native-expanded,034-Sand-Seed-packed-32-baseline-w32-s01,2,19,packed,32,baseline,32,Sand-Seed-packed-32-baseline-w32,1,1800,2e76a55f663990c1,96892c37ce6f765b84226ccccd0f59109091f00654d940d97b4101dfe1467e9b,32,32,0,0,314.9,355.6,715.9,0,3,20,0,0,16384,1095,0,3740184,0,0,False,,,
native-expanded,034-Sand-Seed-packed-32-baseline-w32-s02,2,19,packed,32,baseline,32,Sand-Seed-packed-32-baseline-w32,2,1800,63952e4a42867ff4,29b192d933e4ae60571a92fb961fb18b15d44e78d4928c293f3721b55174af1d,32,32,0,0,318.5,426.2,1023.3,0,3,20,0,0,16384,1104,0,3232977,0,0,False,,,
native-expanded,034-Sand-Seed-packed-32-baseline-w32-s03,2,19,packed,32,baseline,32,Sand-Seed-packed-32-baseline-w32,3,1800,bb08966d4d37bcd1,b4b673b5971445e8705892bbcc144dfa2ad5ebd4a56d9498020377a80f6e9ef9,32,32,0,0,319.4,466.4,895,0,3,20,0,0,16384,1099,0,4485456,0,0,False,,,
native-expanded,034-Sand-Seed-packed-32-baseline-w32-s04,2,19,packed,32,baseline,32,Sand-Seed-packed-32-baseline-w32,4,1800,a84fbe1bfd81cc6b,33306bc5ec98d44f646a6c0953d3e5f721406a7b600057647df439c2e14a0a2e,32,32,0,0,317.6,354.9,689.1,0,3,20,0,0,16384,1100,0,3616038,0,0,False,,,
native-expanded,035-Sand-Salt-packed-32-baseline-w32-s00,2,23,packed,32,baseline,32,Sand-Salt-packed-32-baseline-w32,0,1800,950146b6606026f,46984f7664ad9067d9df7a063bbe4f847750c983a5f3f3529381e2fe96d798cc,-1,0,0,0,0.4,0.5,405.3,0,6,20,0,0,0,0,0,13824,0,0,True,,,
native-expanded,035-Sand-Salt-packed-32-baseline-w32-s01,2,23,packed,32,baseline,32,Sand-Salt-packed-32-baseline-w32,1,1800,72f0b0deddfbbfae,905fedd7c04502f9db2204e46eb84bdc4b02734e50970569f736c2c0719f0a15,-1,0,0,0,0.4,0.5,359.9,0,3,20,0,0,0,0,0,13824,0,0,True,,,
native-expanded,035-Sand-Salt-packed-32-baseline-w32-s02,2,23,packed,32,baseline,32,Sand-Salt-packed-32-baseline-w32,2,1800,e6bca4678f3e43af,e900a462ba9264310115c5a237702ccaea7450bea2c110a3f4a28dbb03e7b639,-1,0,0,0,0.4,0.5,358.2,0,3,20,0,0,0,0,0,13824,0,0,True,,,
native-expanded,035-Sand-Salt-packed-32-baseline-w32-s03,2,23,packed,32,baseline,32,Sand-Salt-packed-32-baseline-w32,3,1800,42bda27c2fa2a334,6e1b9e410ab34da8804b8aac020419e70593ef0f87e46ef7ec7d1c06fd13c77a,-1,0,0,0,0.4,0.5,364.4,0,3,20,0,0,0,0,0,13824,0,0,True,,,
native-expanded,035-Sand-Salt-packed-32-baseline-w32-s04,2,23,packed,32,baseline,32,Sand-Salt-packed-32-baseline-w32,4,1800,9f1e717c3f370452,f61f77b2884ddb2cfa8fd141c6b04caba605763361bb2dea0534bc2ce60e51e6,-1,0,0,0,0.4,0.5,358,0,3,20,0,0,0,0,0,13824,0,0,True,,,
native-expanded,036-Sand-Sodium-packed-32-baseline-w32-s00,2,25,packed,32,baseline,32,Sand-Sodium-packed-32-baseline-w32,0,1800,ecc8bf8b6c4e06f,64dae73df588fcad6a36c8f0e69c06d2d98c17187e1b19a92d166aaf5bff49d4,32,32,0,0,0.4,0.5,398.1,0,6,20,0,0,16384,0,0,112128,0,0,True,,,
native-expanded,036-Sand-Sodium-packed-32-baseline-w32-s01,2,25,packed,32,baseline,32,Sand-Sodium-packed-32-baseline-w32,1,1800,34b58adcbc1710e3,9dc9c84c801508ec78a79f73d952e3220984540401243a2e87beb5856181cb11,32,32,0,0,0.7,0.7,352.5,0,3,20,0,0,16384,0,0,125664,0,0,True,,,
native-expanded,036-Sand-Sodium-packed-32-baseline-w32-s02,2,25,packed,32,baseline,32,Sand-Sodium-packed-32-baseline-w32,2,1800,951fa73d3eff4f6a,faaee7f86249c1a7f72163235b2d4aaff4ba248006a333ec1bbddec0e0cadc23,32,32,0,0,0.7,1,448,0,3,20,0,0,16384,0,0,130080,0,0,True,,,
native-expanded,036-Sand-Sodium-packed-32-baseline-w32-s03,2,25,packed,32,baseline,32,Sand-Sodium-packed-32-baseline-w32,3,1800,8c0f61f02b7049,fff6e30976261fc5b0865f931c84a6f96a974d06fce93989585ab2753846538b,32,32,0,0,0.7,0.7,579.6,0,3,20,0,0,16384,0,0,112128,0,0,True,,,
native-expanded,036-Sand-Sodium-packed-32-baseline-w32-s04,2,25,packed,32,baseline,32,Sand-Sodium-packed-32-baseline-w32,4,1800,fac5fcbdc6421373,380bcd31a134bd6b3d459ba3890e06eef47269469feb01762d29a32de5e7fcb1,32,32,0,0,0.7,0.8,469.9,0,3,20,0,0,16384,0,0,125664,0,0,True,,,
native-expanded,037-Sand-Gunpowder-packed-32-baseline-w32-s00,2,26,packed,32,baseline,32,Sand-Gunpowder-packed-32-baseline-w32,0,1800,f7ecbf4e07fd526f,4591aff3f7c9ca044ce773db97ae7ad118224924ff2e8ad247c9a537dcb666fd,-1,0,0,0,0.4,0.5,482.2,0,6,20,0,0,0,0,0,13824,0,0,True,,,
native-expanded,037-Sand-Gunpowder-packed-32-baseline-w32-s01,2,26,packed,32,baseline,32,Sand-Gunpowder-packed-32-baseline-w32,1,1800,b501dbd7f6401b6e,b71aaea4187a1b29ac1d1b0b6fb73eac8dc20f26451b55faf508c4b574e6b4ab,-1,0,0,0,0.4,0.5,446,0,3,20,0,0,0,0,0,13824,0,0,True,,,
native-expanded,037-Sand-Gunpowder-packed-32-baseline-w32-s02,2,26,packed,32,baseline,32,Sand-Gunpowder-packed-32-baseline-w32,2,1800,27810c3d80cc662f,fd1d95c36e7d27f6a6d0f2a247d7504923fb9dcf689400f12635ee6719d51968,-1,0,0,0,0.5,0.8,435.5,0,3,20,0,0,0,0,0,13824,0,0,True,,,
native-expanded,037-Sand-Gunpowder-packed-32-baseline-w32-s03,2,26,packed,32,baseline,32,Sand-Gunpowder-packed-32-baseline-w32,3,1800,1eeb1270d4f0fc74,5015c0af4b3f97c5c0b03324526164251bced9907ef8a4a4dfbb58498d9c8c76,-1,0,0,0,0.4,0.6,446.7,0,3,20,0,0,0,0,0,13824,0,0,True,,,
native-expanded,037-Sand-Gunpowder-packed-32-baseline-w32-s04,2,26,packed,32,baseline,32,Sand-Gunpowder-packed-32-baseline-w32,4,1800,73c081a213381fd2,5248145836d3d5e1c8a7011f011ca7065f311943c597dd32051d1437505b2dde,-1,0,0,0,0.4,0.5,444,0,3,20,0,0,0,0,0,13824,0,0,True,,,
native-expanded,038-Sand-Coal-packed-32-baseline-w32-s00,2,27,packed,32,baseline,32,Sand-Coal-packed-32-baseline-w32,0,1800,4ad2e407476dc6f,1ebacdd26427afdfaff18e8ef44f90d02aefdd81fd1348e3ecea98edb3c258e6,32,32,0,0,0.4,1.3,428.7,0,6,20,0,0,16384,0,0,112128,0,0,True,,,
native-expanded,038-Sand-Coal-packed-32-baseline-w32-s01,2,27,packed,32,baseline,32,Sand-Coal-packed-32-baseline-w32,1,1800,e0f51d4d42fc4ae3,a698523ab8ec53b777c4e536bff009d07d9d5bfaab6222822592ea3592d3c1bd,32,32,0,0,0.8,1.5,391.5,0,3,20,0,0,16384,0,0,125664,0,0,True,,,
native-expanded,038-Sand-Coal-packed-32-baseline-w32-s02,2,27,packed,32,baseline,32,Sand-Coal-packed-32-baseline-w32,2,1800,1ecd9a0231ab696a,d0e20b0a707c0bb07a9d5e30c8b4761868124995b0fb923327c03d4d6b223c70,32,32,0,0,0.8,2.1,401.7,0,3,20,0,0,16384,0,0,130080,0,0,True,,,
native-expanded,038-Sand-Coal-packed-32-baseline-w32-s03,2,27,packed,32,baseline,32,Sand-Coal-packed-32-baseline-w32,3,1800,aaf4e42e3d47d849,5d0a0e2ebf0478a5b1926f91837f42663488232ec7cb531fe2ee74b2fa18e583,32,32,0,0,0.8,0.8,686.1,0,3,20,0,0,16384,0,0,112128,0,0,True,,,
native-expanded,038-Sand-Coal-packed-32-baseline-w32-s04,2,27,packed,32,baseline,32,Sand-Coal-packed-32-baseline-w32,4,1800,5e2dcc653c0c4d73,4a4482328d0dc5251d39ee040801e554d1e0e0d7cd7f758f689598e88f94c4b8,32,32,0,0,0.7,0.7,390.2,0,3,20,0,0,16384,0,0,125664,0,0,True,,,
native-expanded,039-Stone-Dust-packed-32-baseline-w32-s00,13,14,packed,32,baseline,32,Stone-Dust-packed-32-baseline-w32,0,1800,95f854f13583c257,5e083a58bab473010529ceb894213b885e17407a9a7233ea90e60f70f8bd3dbc,32,32,30,0,0.4,333.7,357.7,0,6,20,0,0,15936,0,0,775078,0,0,True,,,
native-expanded,039-Stone-Dust-packed-32-baseline-w32-s01,13,14,packed,32,baseline,32,Stone-Dust-packed-32-baseline-w32,1,1800,32fd7a859c9d98af,93147307af210382c481ec463c3d6a61562067fe97c7f41bed4fc1b901c153f8,32,32,36,0,0.7,300.4,452.2,0,3,20,0,0,15388,0,0,783614,0,0,True,,,
native-expanded,039-Stone-Dust-packed-32-baseline-w32-s02,13,14,packed,32,baseline,32,Stone-Dust-packed-32-baseline-w32,2,1800,647be1fa2f748e2,dac73ee758ef98dba55f32e9a782505453a44c41c8a38ad4e4f32092b46aa7aa,32,32,33,0,0.7,293.5,462.6,0,3,20,0,0,15688,0,0,796920,0,0,True,,,
native-expanded,039-Stone-Dust-packed-32-baseline-w32-s03,13,14,packed,32,baseline,32,Stone-Dust-packed-32-baseline-w32,3,1800,695a51d3151e42fd,a20fd6423749cfea6bb27f535160711b263a2729fcfa226bca5846c84d7dd185,32,32,30,0,0.7,295.3,326.5,0,3,20,0,0,15936,0,0,775008,0,0,True,,,
native-expanded,039-Stone-Dust-packed-32-baseline-w32-s04,13,14,packed,32,baseline,32,Stone-Dust-packed-32-baseline-w32,4,1800,f0baeed322957d9b,9790c106909d521b200a08fbe0b0ab4c3f5c76a3b9107092f222c530bfe83388,32,32,37,0,0.7,298.7,324,0,3,20,0,0,15318,0,0,783888,0,0,True,,,
native-expanded,040-Stone-Seed-packed-32-baseline-w32-s00,13,19,packed,32,baseline,32,Stone-Seed-packed-32-baseline-w32,0,1800,e009a25aef64ff6f,ef2ff64089c6672eecdf9be35a8e910308b84e126300a477676e820d35286d03,32,32,30,0,0.4,392.1,414.9,0,6,20,0,0,15936,0,0,775078,0,0,True,,,
native-expanded,040-Stone-Seed-packed-32-baseline-w32-s01,13,19,packed,32,baseline,32,Stone-Seed-packed-32-baseline-w32,1,1800,63214162946e497f,9431a46821be714b858d13ea53590d547c968a8f13c460bf76c431b7ca4d98c5,32,32,36,0,0.7,355.6,415.9,0,3,20,0,0,15388,0,0,783614,0,0,True,,,
native-expanded,040-Stone-Seed-packed-32-baseline-w32-s02,13,19,packed,32,baseline,32,Stone-Seed-packed-32-baseline-w32,2,1800,84bd7a77d1a05c2e,7595903b0ead39905c0933fcc01fe03fbb3d2e1fd41710e5c3c14ba92f64dfba,32,32,33,0,1.1,395.6,961.3,0,3,20,0,0,15688,0,0,796920,0,0,True,,,
native-expanded,040-Stone-Seed-packed-32-baseline-w32-s03,13,19,packed,32,baseline,32,Stone-Seed-packed-32-baseline-w32,3,1800,f68f3cf26052299,61bc2b0fcf0724893f720a85670add4d6f8409dcc2b845a593ce7a42f478ab29,32,32,30,0,1,453.1,1030.4,0,3,20,0,0,15936,0,0,775008,0,0,True,,,
native-expanded,040-Stone-Seed-packed-32-baseline-w32-s04,13,19,packed,32,baseline,32,Stone-Seed-packed-32-baseline-w32,4,1800,cf35a0804be88453,db21de87735a3b15b30f22941a91c078d51060326a15fbed032a9f07dce05708,32,32,37,0,0.8,515,1478.8,0,3,20,0,0,15318,0,0,783888,0,0,True,,,
native-expanded,041-Stone-Salt-packed-32-baseline-w32-s00,13,23,packed,32,baseline,32,Stone-Salt-packed-32-baseline-w32,0,1800,d0bf798ae2456c8f,75d31159d1c6b18a871a27c658f3883aa98c857bfa93aa6ea07c153b13956597,32,32,30,0,0.4,420.5,610.5,0,6,20,0,0,15936,0,0,775078,0,0,True,,,
native-expanded,041-Stone-Salt-packed-32-baseline-w32-s01,13,23,packed,32,baseline,32,Stone-Salt-packed-32-baseline-w32,1,1800,ddb07618ef866047,49a773d827cf495316a004f10ba065362e2d9cd5a6ef164080485fb76563e1fe,32,32,36,0,0.7,320.8,646.6,0,3,20,0,0,15388,0,0,783614,0,0,True,,,
native-expanded,041-Stone-Salt-packed-32-baseline-w32-s02,13,23,packed,32,baseline,32,Stone-Salt-packed-32-baseline-w32,2,1800,7fbacd1bb4477656,b1b2f0fbea6bf853b099ee379eab6892b4e04195cc18ebd95030172aa25c8b5c,32,32,33,0,0.7,315.1,573.8,0,3,20,0,0,15688,0,0,796920,0,0,True,,,
native-expanded,041-Stone-Salt-packed-32-baseline-w32-s03,13,23,packed,32,baseline,32,Stone-Salt-packed-32-baseline-w32,3,1800,bdb5e0446ce06911,2164c6a28a07dbec3865ff5e9f39eac723f141c5cca02c2483103cc7e92ad647,32,32,30,0,0.8,380.2,511.2,0,3,20,0,0,15936,0,0,775008,0,0,True,,,
native-expanded,041-Stone-Salt-packed-32-baseline-w32-s04,13,23,packed,32,baseline,32,Stone-Salt-packed-32-baseline-w32,4,1800,8cf7bcf7324a9863,0e30d7e475d60740a94ddc2d864af9b2290b7035ea40d3ffe50a17ac3a353063,32,32,37,0,0.7,318.1,362.8,0,3,20,0,0,15318,0,0,783888,0,0,True,,,
native-expanded,042-Stone-Sodium-packed-32-baseline-w32-s00,13,25,packed,32,baseline,32,Stone-Sodium-packed-32-baseline-w32,0,1800,9d038cfda97be94f,1059a91cf89a119986070b489c8b7aa71de79c200fb1b9828019c5b9f7a46e37,32,32,30,0,0.4,356.9,745.4,0,6,20,0,0,15936,0,0,775078,0,0,True,,,
native-expanded,042-Stone-Sodium-packed-32-baseline-w32-s01,13,25,packed,32,baseline,32,Stone-Sodium-packed-32-baseline-w32,1,1800,fde8c7ebfb881763,6d3e4b385589687fd1f3804296cdf714f859f478188add79a84949f41ab811ea,32,32,36,0,0.8,338,731.4,0,3,20,0,0,15388,0,0,783614,0,0,True,,,
native-expanded,042-Stone-Sodium-packed-32-baseline-w32-s02,13,25,packed,32,baseline,32,Stone-Sodium-packed-32-baseline-w32,2,1800,48cb5fc4b5034cda,ab71d3d0a722cffc8744956f69e8ac20d8af0cc031a2bace38ba99d5ffac7710,32,32,33,0,0.7,311.8,355.5,0,3,20,0,0,15688,0,0,796920,0,0,True,,,
native-expanded,042-Stone-Sodium-packed-32-baseline-w32-s03,13,25,packed,32,baseline,32,Stone-Sodium-packed-32-baseline-w32,3,1800,5f4c36341fa99751,a6292d94ca693785206b5d48e0d1ac067e88ed9cf2b7dd6694232182b01ea9e0,32,32,30,0,0.8,389.5,1167.7,0,3,20,0,0,15936,0,0,775008,0,0,True,,,
native-expanded,042-Stone-Sodium-packed-32-baseline-w32-s04,13,25,packed,32,baseline,32,Stone-Sodium-packed-32-baseline-w32,4,1800,8198ddd40d52d6a3,dc48ce4a20bb0237ccb80d9b97481b35d7dd43680de5d30d76199e3cf882c43f,32,32,37,0,0.7,320.3,524.3,0,3,20,0,0,15318,0,0,783888,0,0,True,,,
native-expanded,043-Stone-Gunpowder-packed-32-baseline-w32-s00,13,26,packed,32,baseline,32,Stone-Gunpowder-packed-32-baseline-w32,0,1800,9e59937cba1e45b7,ac100b4d473d7c83a86e2010fbe18b0070dea2f4b4de870e1d0060a9fcd7a1a4,32,32,30,0,0.4,540.3,1432.4,0,6,20,0,0,15936,0,0,775078,0,0,True,,,
native-expanded,043-Stone-Gunpowder-packed-32-baseline-w32-s01,13,26,packed,32,baseline,32,Stone-Gunpowder-packed-32-baseline-w32,1,1800,8d9aeb494451a857,f04c4ef145fc1a25555f48715cd282588c4534b9ba38b3aecb2508b7212e7cbc,32,32,36,0,0.7,394.9,423.2,0,3,20,0,0,15388,0,0,783614,0,0,True,,,
native-expanded,043-Stone-Gunpowder-packed-32-baseline-w32-s02,13,26,packed,32,baseline,32,Stone-Gunpowder-packed-32-baseline-w32,2,1800,ac56179e1a7920a,5afcb787da497fa6f46dc49a715d6287746dd28f34889c5c6b18411a827e6b84,32,32,33,0,0.7,392.7,559,0,3,20,0,0,15688,0,0,796920,0,0,True,,,
native-expanded,043-Stone-Gunpowder-packed-32-baseline-w32-s03,13,26,packed,32,baseline,32,Stone-Gunpowder-packed-32-baseline-w32,3,1800,f0a19c4b70dec00d,5f738a867c1c31453821bcb0518be3d1f6ce26147a59f9e2ff9bf1e546de0e89,32,32,30,0,0.7,488.6,625.4,0,3,20,0,0,15936,0,0,775008,0,0,True,,,
native-expanded,043-Stone-Gunpowder-packed-32-baseline-w32-s04,13,26,packed,32,baseline,32,Stone-Gunpowder-packed-32-baseline-w32,4,1800,fafebf776fe329cb,3bec1098e181ac5653f4230a7637db8a94cb7fbe032ea8166e5b6b18c8c0375c,32,32,37,0,0.7,398.5,442.6,0,3,20,0,0,15318,0,0,783888,0,0,True,,,
native-expanded,044-Stone-Coal-packed-32-baseline-w32-s00,13,27,packed,32,baseline,32,Stone-Coal-packed-32-baseline-w32,0,1800,4e2beb2f550d2d0f,37bd6cb2c8cf0ffd0ff3fbbe4cb144efd7f42b67d92ddac53075e78937345ac3,32,32,30,0,0.4,395.1,456,0,6,20,0,0,15936,0,0,775078,0,0,True,,,
native-expanded,044-Stone-Coal-packed-32-baseline-w32-s01,13,27,packed,32,baseline,32,Stone-Coal-packed-32-baseline-w32,1,1800,5d666152465a9bbf,ef9c4138976f2f0daa32b9d017f512a873e0ef0afc777bba6875ad3e05307108,32,32,36,0,0.7,359,396.2,0,3,20,0,0,15388,0,0,783614,0,0,True,,,
native-expanded,044-Stone-Coal-packed-32-baseline-w32-s02,13,27,packed,32,baseline,32,Stone-Coal-packed-32-baseline-w32,2,1800,7ffb2295c634c11e,1b5bd72c7faa8a8f3e1d107b706425230c0d20c931f1368cec9efa17e776ac63,32,32,33,0,0.7,350.7,380.4,0,3,20,0,0,15688,0,0,796920,0,0,True,,,
native-expanded,044-Stone-Coal-packed-32-baseline-w32-s03,13,27,packed,32,baseline,32,Stone-Coal-packed-32-baseline-w32,3,1800,f831deb89d578a59,aad542af7f4ae6d67c8c8d81af8cd2e89e8c8c5993d668ce537092478f1a284d,32,32,30,0,0.7,355.3,408.1,0,3,20,0,0,15936,0,0,775008,0,0,True,,,
native-expanded,044-Stone-Coal-packed-32-baseline-w32-s04,13,27,packed,32,baseline,32,Stone-Coal-packed-32-baseline-w32,4,1800,90c86bd8e1042a13,f19adb79c618423dc52829af43067d6270ab288ead139391de4062f7bcfa73f1,32,32,37,0,0.7,358.7,399.8,0,3,20,0,0,15318,0,0,783888,0,0,True,,,
native-expanded,045-Stone-Rust-packed-32-baseline-w32-s00,13,29,packed,32,baseline,32,Stone-Rust-packed-32-baseline-w32,0,1800,bd8db645139e81ef,1ecaac10d239ea6564ed4120d1dddb7ea95239228c830fdbc5b575b289d9e923,-1,0,0,0,0.4,0.5,308.5,0,6,20,0,0,0,0,0,9402,0,0,True,,,
native-expanded,045-Stone-Rust-packed-32-baseline-w32-s01,13,29,packed,32,baseline,32,Stone-Rust-packed-32-baseline-w32,1,1800,babbe90b7d4a3fae,86068b33749cffac2b1423f2a8d63a6a6d7744e80d6c5ebf2b96e957b0d033d2,-1,0,0,0,0.4,0.5,428.6,0,3,20,0,0,0,0,0,9402,0,0,True,,,
native-expanded,045-Stone-Rust-packed-32-baseline-w32-s02,13,29,packed,32,baseline,32,Stone-Rust-packed-32-baseline-w32,2,1800,dd5078da306561af,d63ca9c2f39d94640861e07ec57593619c4cf0a6c9b2e26c2a24fd6dc70f08d1,-1,0,0,0,0.4,0.5,270.2,0,3,20,0,0,0,0,0,9402,0,0,True,,,
native-expanded,045-Stone-Rust-packed-32-baseline-w32-s03,13,29,packed,32,baseline,32,Stone-Rust-packed-32-baseline-w32,3,1800,ac96160a4b0500b4,b3ccd9e536d873732f8794ece81c598049e2f5cc244a0ec8587bd97137305157,-1,0,0,0,0.4,0.5,299,0,3,20,0,0,0,0,0,9402,0,0,True,,,
native-expanded,045-Stone-Rust-packed-32-baseline-w32-s04,13,29,packed,32,baseline,32,Stone-Rust-packed-32-baseline-w32,4,1800,f009b5c49752dd2,f009d7d324454e10b10480094d1eb2ca7b0fa384b07ca82f0fad284121092cb0,-1,0,0,0,0.4,0.5,271.6,0,3,20,0,0,0,0,0,9402,0,0,True,,,
native-expanded,046-Dust-Stone-packed-32-baseline-w32-s00,14,13,packed,32,baseline,32,Dust-Stone-packed-32-baseline-w32,0,1800,3fa00e19f536c86f,33d42785ae5e8006c6c091beebabe2e1fdaa19bfeb38f8f2f49bddb20b739ff1,-1,0,0,0,0.5,0.5,354.6,0,6,20,0,0,0,0,0,4890,0,0,True,,,
native-expanded,046-Dust-Stone-packed-32-baseline-w32-s01,14,13,packed,32,baseline,32,Dust-Stone-packed-32-baseline-w32,1,1800,2882d9fce35f802e,334cd9de346ba263483f85abc45690c2c3c54763e6197e20a7e21938a42fbcbd,-1,0,0,0,0.4,0.5,282.4,0,3,20,0,0,0,0,0,4890,0,0,True,,,
native-expanded,046-Dust-Stone-packed-32-baseline-w32-s02,14,13,packed,32,baseline,32,Dust-Stone-packed-32-baseline-w32,2,1800,895c68905e88032f,f99794ef6243f3224c8f74d56b90db53bb92fd7c7bfc0ac996aabbfe6d937d7b,-1,0,0,0,0.4,0.5,277.1,0,3,20,0,0,0,0,0,4890,0,0,True,,,
native-expanded,046-Dust-Stone-packed-32-baseline-w32-s03,14,13,packed,32,baseline,32,Dust-Stone-packed-32-baseline-w32,3,1800,654c7412077d83b4,1a548ffd7bb68bb10d4ecdb8e14436a6950be00b454cfd61ec8913466abbb358,-1,0,0,0,0.4,0.5,272.9,0,3,20,0,0,0,0,0,4890,0,0,True,,,
native-expanded,046-Dust-Stone-packed-32-baseline-w32-s04,14,13,packed,32,baseline,32,Dust-Stone-packed-32-baseline-w32,4,1800,24afcfa3b2dc92d2,184a4780874a01c6c4197e87411046584fad2eaf4f976690730ff037aa49611c,-1,0,0,0,0.4,0.5,276.3,0,3,20,0,0,0,0,0,4890,0,0,True,,,
native-expanded,047-Dust-Seed-packed-32-baseline-w32-s00,14,19,packed,32,baseline,32,Dust-Seed-packed-32-baseline-w32,0,1800,3a4b5538143d6c6f,092dc175282bdcc9f660b4f5c4f47fdac194ee9fd06b71f8619f9d94b0acf961,-1,0,0,0,0.4,0.5,455.9,0,6,20,0,0,0,0,0,13824,0,0,True,,,
native-expanded,047-Dust-Seed-packed-32-baseline-w32-s01,14,19,packed,32,baseline,32,Dust-Seed-packed-32-baseline-w32,1,1800,d49bdad5ad995b2e,8ffac1236df0a477f79b26812a0bca1ffa3f0768bc6c74d49e580fa34d6134ab,-1,0,0,0,0.4,0.5,419.3,0,3,20,0,0,0,0,0,13824,0,0,True,,,
native-expanded,047-Dust-Seed-packed-32-baseline-w32-s02,14,19,packed,32,baseline,32,Dust-Seed-packed-32-baseline-w32,2,1800,dca9101932ea9d2f,064e8eca6e887821e1853a0db7445caa03f9fdee783f78e8b582e56ba58567d3,-1,0,0,0,0.4,0.5,431.4,0,3,20,0,0,0,0,0,13824,0,0,True,,,
native-expanded,047-Dust-Seed-packed-32-baseline-w32-s03,14,19,packed,32,baseline,32,Dust-Seed-packed-32-baseline-w32,3,1800,9846aeaef53e1c34,f87baf2ab3f28cae500b565e0077a55476b202d0dca4e5542e571f34d32e3aea,-1,0,0,0,0.4,0.5,423.3,0,3,20,0,0,0,0,0,13824,0,0,True,,,
native-expanded,047-Dust-Seed-packed-32-baseline-w32-s04,14,19,packed,32,baseline,32,Dust-Seed-packed-32-baseline-w32,4,1800,a0018e34527a4cd2,9b81a29f3bdf9e16fa689ee17b782319a8cf14478a118cb95c254a8fb5e66c7d,-1,0,0,0,0.4,0.5,421.8,0,3,20,0,0,0,0,0,13824,0,0,True,,,
native-expanded,048-Dust-Salt-packed-32-baseline-w32-s00,14,23,packed,32,baseline,32,Dust-Salt-packed-32-baseline-w32,0,1800,aaeef29f9ff426f,6c7315f0353215e2647f94906f73448eb42bd4fd84c057cb945328c86e58d757,-1,0,0,0,0.4,0.5,423.6,0,6,20,0,0,0,0,0,13824,0,0,True,,,
native-expanded,048-Dust-Salt-packed-32-baseline-w32-s01,14,23,packed,32,baseline,32,Dust-Salt-packed-32-baseline-w32,1,1800,3d59e24ecf38ebae,c091854b12d9b4642f538e420992013b2007df436c18a35a2fa7657f30722c7c,-1,0,0,0,0.4,0.5,380.2,0,3,20,0,0,0,0,0,13824,0,0,True,,,
native-expanded,048-Dust-Salt-packed-32-baseline-w32-s02,14,23,packed,32,baseline,32,Dust-Salt-packed-32-baseline-w32,2,1800,9e4ec681d63febaf,910a69d7668624826e83b8d3beffcdac39b1ddc9e345aab01b2e28ff7d90a3e9,-1,0,0,0,0.4,0.5,385.7,0,3,20,0,0,0,0,0,13824,0,0,True,,,
native-expanded,048-Dust-Salt-packed-32-baseline-w32-s03,14,23,packed,32,baseline,32,Dust-Salt-packed-32-baseline-w32,3,1800,24cab2566b371334,98c8e68345649d709f76008e2f2c66463bf8e6925d12f873564885faeeb83b97,-1,0,0,0,0.4,0.5,387.5,0,3,20,0,0,0,0,0,13824,0,0,True,,,
native-expanded,048-Dust-Salt-packed-32-baseline-w32-s04,14,23,packed,32,baseline,32,Dust-Salt-packed-32-baseline-w32,4,1800,47806935b2acc852,31d2a74e8736a02813e8943f98c9bad23a36d00e9829dbbfda009d993dad44f6,-1,0,0,0,0.4,0.5,380.1,0,3,20,0,0,0,0,0,13824,0,0,True,,,
native-expanded,049-Dust-Sodium-packed-32-baseline-w32-s00,14,25,packed,32,baseline,32,Dust-Sodium-packed-32-baseline-w32,0,1800,2282620835259c6f,1df095bfc17c1e40405e6cce85123c2b14ea08e98f4badb2d23ec84233ceae2e,-1,0,0,0,0.4,0.7,881.2,0,6,20,0,0,0,0,0,13824,0,0,True,,,
native-expanded,049-Dust-Sodium-packed-32-baseline-w32-s01,14,25,packed,32,baseline,32,Dust-Sodium-packed-32-baseline-w32,1,1800,1732e77e7ce480ae,d89ec7182f4f3feabbf0aed7e1ef7eb477b5561f5d38adec43186dfd7f59e9ae,-1,0,0,0,0.4,0.5,380.8,0,3,20,0,0,0,0,0,13824,0,0,True,,,
native-expanded,049-Dust-Sodium-packed-32-baseline-w32-s02,14,25,packed,32,baseline,32,Dust-Sodium-packed-32-baseline-w32,2,1800,30c9b4e7e6a9762f,9e24d21286534c35016eefbfb733f8153a1edef676cb5f671fe96f5b997e31c5,-1,0,0,0,0.4,0.5,381.1,0,3,20,0,0,0,0,0,13824,0,0,True,,,
native-expanded,049-Dust-Sodium-packed-32-baseline-w32-s03,14,25,packed,32,baseline,32,Dust-Sodium-packed-32-baseline-w32,3,1800,330e969e3c556b34,9ca984dd30767b5fe4360a3554355fbe8c2d84ab1dfce6ce6c0ac0d535845150,-1,0,0,0,0.5,0.6,474.4,0,3,20,0,0,0,0,0,13824,0,0,True,,,
native-expanded,049-Dust-Sodium-packed-32-baseline-w32-s04,14,25,packed,32,baseline,32,Dust-Sodium-packed-32-baseline-w32,4,1800,dd2a09f32a2932d2,4bd05dd635b636569cbdc6e792ef2414431eb2633112eec41742631af99e2368,-1,0,0,0,0.4,0.5,379.4,0,3,20,0,0,0,0,0,13824,0,0,True,,,
native-expanded,050-Dust-Gunpowder-packed-32-baseline-w32-s00,14,26,packed,32,baseline,32,Dust-Gunpowder-packed-32-baseline-w32,0,1800,f94b9a0c9bf6926f,4e0da2804d11e3f748ba3cb516bcf243dd936bbafde6d175d1eaf5c6e2063014,-1,0,0,0,0.4,0.5,497.6,0,6,20,0,0,0,0,0,13824,0,0,True,,,
native-expanded,050-Dust-Gunpowder-packed-32-baseline-w32-s01,14,26,packed,32,baseline,32,Dust-Gunpowder-packed-32-baseline-w32,1,1800,7f6b0d47e77d476e,3e202e1358bdb0dcfbbc7aa2be5c7938981b09f16eabeea411c3ed5778a39938,-1,0,0,0,0.4,0.5,462.8,0,3,20,0,0,0,0,0,13824,0,0,True,,,
native-expanded,050-Dust-Gunpowder-packed-32-baseline-w32-s02,14,26,packed,32,baseline,32,Dust-Gunpowder-packed-32-baseline-w32,2,1800,df132e57c7ce0e2f,8a86f6fc508fed13c3509dc2209b234ae53cda34b7c03f4f2017881993a41793,-1,0,0,0,0.4,0.5,573.3,0,3,20,0,0,0,0,0,13824,0,0,True,,,
native-expanded,050-Dust-Gunpowder-packed-32-baseline-w32-s03,14,26,packed,32,baseline,32,Dust-Gunpowder-packed-32-baseline-w32,3,1800,f8224b10856c74,6e3148044752254b91a7f2d12f101ef4c76b9ecf85e41442db709587e368e2a1,-1,0,0,0,0.4,0.5,496.9,0,3,20,0,0,0,0,0,13824,0,0,True,,,
native-expanded,050-Dust-Gunpowder-packed-32-baseline-w32-s04,14,26,packed,32,baseline,32,Dust-Gunpowder-packed-32-baseline-w32,4,1800,1c22795b86ade3d2,47576192bc2d7a955bff4eb487ac5030d78b24c21636781abd308cd7c5e72ec7,-1,0,0,0,0.4,0.5,457.3,0,3,20,0,0,0,0,0,13824,0,0,True,,,
native-expanded,051-Dust-Coal-packed-32-baseline-w32-s00,14,27,packed,32,baseline,32,Dust-Coal-packed-32-baseline-w32,0,1800,8bcba89322b3506f,448cb97ed676e1bf1ec875dcd03a635c47eb8f488a473834303d153701f5c2a9,-1,0,0,0,0.4,0.5,460.9,0,6,20,0,0,0,0,0,13824,0,0,True,,,
native-expanded,051-Dust-Coal-packed-32-baseline-w32-s01,14,27,packed,32,baseline,32,Dust-Coal-packed-32-baseline-w32,1,1800,a94c47527783bf2e,ad19ebce3749963394e224a05fcd0523832d0f90324f361259688f0e61b1862e,-1,0,0,0,0.4,0.5,415.8,0,3,20,0,0,0,0,0,13824,0,0,True,,,
native-expanded,051-Dust-Coal-packed-32-baseline-w32-s02,14,27,packed,32,baseline,32,Dust-Coal-packed-32-baseline-w32,2,1800,c0c7aeb02fe8c2f,fc847384e7e77f911859077c3d47f4f3bd4023211272a01b7b59306795fa4fc4,-1,0,0,0,0.4,0.5,422.7,0,3,20,0,0,0,0,0,13824,0,0,True,,,
native-expanded,051-Dust-Coal-packed-32-baseline-w32-s03,14,27,packed,32,baseline,32,Dust-Coal-packed-32-baseline-w32,3,1800,32ac1d163da2d934,5f459bb8bf6539493fe4b839970ec1be62376e69138ade59db27de8a2b7746d2,-1,0,0,0,0.4,0.5,413.5,0,3,20,0,0,0,0,0,13824,0,0,True,,,
native-expanded,051-Dust-Coal-packed-32-baseline-w32-s04,14,27,packed,32,baseline,32,Dust-Coal-packed-32-baseline-w32,4,1800,5cc5c8519ffa1cd2,d7ee74f3806206b89559d814ebc2baa5305f901b5aa79b4baf2bb9cd97c74d2a,-1,0,0,0,0.4,0.5,418.6,0,3,20,0,0,0,0,0,13824,0,0,True,,,
native-expanded,052-Dust-Rust-packed-32-baseline-w32-s00,14,29,packed,32,baseline,32,Dust-Rust-packed-32-baseline-w32,0,1800,a76559e1d2d43e6f,40ed57f1b2054c1ed1f69201818422a187bfd1c8b220771bd6b8e54db64eae6a,-1,0,0,0,0.4,0.5,353.6,0,6,20,0,0,0,0,0,13824,0,0,True,,,
native-expanded,052-Dust-Rust-packed-32-baseline-w32-s01,14,29,packed,32,baseline,32,Dust-Rust-packed-32-baseline-w32,1,1800,dca1a995b7cbcc2e,a5e1f864e55298bcef23acfaf017f9d4d2e8afb1d45cae10ff5c5957654a79a9,-1,0,0,0,0.4,0.5,320.1,0,3,20,0,0,0,0,0,13824,0,0,True,,,
native-expanded,052-Dust-Rust-packed-32-baseline-w32-s02,14,29,packed,32,baseline,32,Dust-Rust-packed-32-baseline-w32,2,1800,a6bb505b7c999f2f,ca4644cba0aafd1d80bc99cca6368ec9cbcd7131d61b4df63bae278f7c0627af,-1,0,0,0,0.4,0.5,319.4,0,3,20,0,0,0,0,0,13824,0,0,True,,,
native-expanded,052-Dust-Rust-packed-32-baseline-w32-s03,14,29,packed,32,baseline,32,Dust-Rust-packed-32-baseline-w32,3,1800,606b81f7cf05834,991ff7f410b7c580b7f2ec636a4ea991945c1a8eae2483831b588b60a3ed0181,-1,0,0,0,0.4,0.5,321.6,0,3,20,0,0,0,0,0,13824,0,0,True,,,
native-expanded,052-Dust-Rust-packed-32-baseline-w32-s04,14,29,packed,32,baseline,32,Dust-Rust-packed-32-baseline-w32,4,1800,63d83eb93dac6052,db3295c390788329d80f8e74cde4a7cf0bcebc306891033ebd0211b9772e859c,-1,0,0,0,0.4,0.5,317.6,0,3,20,0,0,0,0,0,13824,0,0,True,,,
native-expanded,053-Seed-Sand-packed-32-baseline-w32-s00,19,2,packed,32,baseline,32,Seed-Sand-packed-32-baseline-w32,0,1800,d528677bd25c3390,df89cda5be5a63e5a4e3a9c54e0a0f85644af1bede19d8e2b2394386489d4f42,-1,-95,0,0,268,326.8,612.4,0,6,20,0,0,0,590,0,5960751,0,0,False,,,
native-expanded,053-Seed-Sand-packed-32-baseline-w32-s01,19,2,packed,32,baseline,32,Seed-Sand-packed-32-baseline-w32,1,1800,7069c6bb897f1b46,5b018292d1a406ff97e02b9d188a700002df75c07fee52414ae11db15841a7b6,-1,-102,0,0,239.1,302.4,392.8,0,3,20,0,0,0,590,0,4932747,0,0,False,,,
native-expanded,053-Seed-Sand-packed-32-baseline-w32-s02,19,2,packed,32,baseline,32,Seed-Sand-packed-32-baseline-w32,2,1800,bbe274cad44b192b,d3f4a6efc26aee9914a930ae7fa7ae1f3131afd9bb214bb6cc93fb7122a091e2,-1,-109,0,0,212,306.7,1538.9,0,3,20,0,0,0,589,0,4258284,0,0,False,,,
native-expanded,053-Seed-Sand-packed-32-baseline-w32-s03,19,2,packed,32,baseline,32,Seed-Sand-packed-32-baseline-w32,3,1800,c9c6070e235f62ba,f137fe6e646fc4da9667f074d721f15f7271a1a38861150526d71c792bec21a2,-1,-96,0,0,269.8,344.4,760.1,0,3,20,0,0,0,589,0,5792154,0,0,False,,,
native-expanded,053-Seed-Sand-packed-32-baseline-w32-s04,19,2,packed,32,baseline,32,Seed-Sand-packed-32-baseline-w32,4,1800,d7d877ab6b514de0,75ad44e3b7621d17656746b3e7c61a9df6c0c87727075d5aec7f0ddb9be75040,-1,-103,0,0,233.3,305.1,477.8,0,3,20,0,0,0,590,0,4814157,0,0,False,,,
native-expanded,054-Seed-Stone-packed-32-baseline-w32-s00,19,13,packed,32,baseline,32,Seed-Stone-packed-32-baseline-w32,0,1800,61c25f467cf0d7ef,c70b1e830ab3a746f9edfe24642bbf44358d773cbd4dc33bb5e48882d7d12f70,-1,0,0,0,0.4,0.5,549.5,0,6,20,0,0,0,0,0,4890,0,0,True,,,
native-expanded,054-Seed-Stone-packed-32-baseline-w32-s01,19,13,packed,32,baseline,32,Seed-Stone-packed-32-baseline-w32,1,1800,4242aa52fe0555ae,11b59e809d757c948b2e7fc10f24775ec015bfe5959a9835fff0432c9d9bc286,-1,0,0,0,0.4,0.5,299.4,0,3,20,0,0,0,0,0,4890,0,0,True,,,
native-expanded,054-Seed-Stone-packed-32-baseline-w32-s02,19,13,packed,32,baseline,32,Seed-Stone-packed-32-baseline-w32,2,1800,4f1106d7844fcdaf,1bc4e06fe86ae9c9fa764733ae5f0c7467d5d04d836271a428eb5d8e6a3e4118,-1,0,0,0,0.4,0.5,303.8,0,3,20,0,0,0,0,0,4890,0,0,True,,,
native-expanded,054-Seed-Stone-packed-32-baseline-w32-s03,19,13,packed,32,baseline,32,Seed-Stone-packed-32-baseline-w32,3,1800,73e3b5cee9963234,7d7b1e41a00bbe27976ded1ec161ea7383a79b4ae879a80aa14b902064bd21c6,-1,0,0,0,0.4,0.5,299.5,0,3,20,0,0,0,0,0,4890,0,0,True,,,
native-expanded,054-Seed-Stone-packed-32-baseline-w32-s04,19,13,packed,32,baseline,32,Seed-Stone-packed-32-baseline-w32,4,1800,e17f530276d24452,55164b1e9ec05c1462dc24646c6a0e29e3a7c4a4ac24e501eca16757f10d211e,-1,0,0,0,0.4,0.5,302.1,0,3,20,0,0,0,0,0,4890,0,0,True,,,
native-expanded,055-Seed-Dust-packed-32-baseline-w32-s00,19,14,packed,32,baseline,32,Seed-Dust-packed-32-baseline-w32,0,1800,ee3b7d6296e1d5ef,835c7effa4dfa686805f42a0046470a7f67ace8387d7121306dcc699b1ee5610,32,32,0,0,0.4,0.5,422.9,0,6,20,0,0,16384,0,0,112128,0,0,True,,,
native-expanded,055-Seed-Dust-packed-32-baseline-w32-s01,19,14,packed,32,baseline,32,Seed-Dust-packed-32-baseline-w32,1,1800,e408addbb2f809a3,1e363536eea8e0c3fc0699fd45f0070ed1994df3322d4e60e5062a4884e655f5,32,32,0,0,0.7,0.7,385.7,0,3,20,0,0,16384,0,0,125664,0,0,True,,,
native-expanded,055-Seed-Dust-packed-32-baseline-w32-s02,19,14,packed,32,baseline,32,Seed-Dust-packed-32-baseline-w32,2,1800,7a471201561e34ea,8f184a9ff89c52ebcfba9eb0f9886c3f3d7737ed276f2b1efd421ed388e273e4,32,32,0,0,0.7,0.7,393.6,0,3,20,0,0,16384,0,0,130080,0,0,True,,,
native-expanded,055-Seed-Dust-packed-32-baseline-w32-s03,19,14,packed,32,baseline,32,Seed-Dust-packed-32-baseline-w32,3,1800,179f394fae997709,5d604bd1015f53708c6026b264ea30c66528fb5666fb961a69f30b0fdf84e8c9,32,32,0,0,0.7,0.7,545.1,0,3,20,0,0,16384,0,0,112128,0,0,True,,,
native-expanded,055-Seed-Dust-packed-32-baseline-w32-s04,19,14,packed,32,baseline,32,Seed-Dust-packed-32-baseline-w32,4,1800,a366acbee6536df3,2b72e6ef2aa668bb0d520c00208472e0fc533113faf24e435d1cbed0a4e54195,32,32,0,0,0.7,0.7,740.1,0,3,20,0,0,16384,0,0,125664,0,0,True,,,
native-expanded,056-Seed-Salt-packed-32-baseline-w32-s00,19,23,packed,32,baseline,32,Seed-Salt-packed-32-baseline-w32,0,1800,3a495581f3630fef,c7c14cb479703a7809aa8c7557ff07db3d8033ea5c4fe3a047c9c56f7ea4ed5a,-1,0,0,0,0.4,0.5,457.3,0,6,20,0,0,0,0,0,13824,0,0,True,,,
native-expanded,056-Seed-Salt-packed-32-baseline-w32-s01,19,23,packed,32,baseline,32,Seed-Salt-packed-32-baseline-w32,1,1800,ed48c2769f11d32e,af97663ca428e58992d9ebf3f0aa21750733561a7eecd00dccc42a75dedccb15,-1,0,0,0,0.4,0.5,499.3,0,3,20,0,0,0,0,0,13824,0,0,True,,,
native-expanded,056-Seed-Salt-packed-32-baseline-w32-s02,19,23,packed,32,baseline,32,Seed-Salt-packed-32-baseline-w32,2,1800,1ce85b33299a722f,0957850c8cce7e1fc90e5bfd74ffd33594bce629b8c691f0b724efff5cf01597,-1,0,0,0,0.4,0.5,417.9,0,3,20,0,0,0,0,0,13824,0,0,True,,,
native-expanded,056-Seed-Salt-packed-32-baseline-w32-s03,19,23,packed,32,baseline,32,Seed-Salt-packed-32-baseline-w32,3,1800,87c7723e65d51fb4,440a0739ca9a75fbbd5e99a95306ad9ecd37ca9251ddecf6308ba94b0bf86871,-1,0,0,0,0.4,0.6,600.4,0,3,20,0,0,0,0,0,13824,0,0,True,,,
native-expanded,056-Seed-Salt-packed-32-baseline-w32-s04,19,23,packed,32,baseline,32,Seed-Salt-packed-32-baseline-w32,4,1800,c1bd159063abd5d2,19c4c5adcc52adbbc94ea9b3dd4759a19b5ecea20f4cfbfe80f488e1b1b69c61,-1,0,0,0,0.4,0.5,436,0,3,20,0,0,0,0,0,13824,0,0,True,,,
native-expanded,057-Seed-Sodium-packed-32-baseline-w32-s00,19,25,packed,32,baseline,32,Seed-Sodium-packed-32-baseline-w32,0,1800,600a78b8ad7a23ef,c71438d449bd7146dd0e23e3d64cdd4c7d7b48b7b25c12b2329ebad5753f08aa,-1,0,0,0,0.4,0.5,454.3,0,6,20,0,0,0,0,0,13824,0,0,True,,,
native-expanded,057-Seed-Sodium-packed-32-baseline-w32-s01,19,25,packed,32,baseline,32,Seed-Sodium-packed-32-baseline-w32,1,1800,ca3ee10d5730f02e,951ae75410bdb37b3a3c7057a85b92a929cf01681f262f3ad6564505bb38e820,-1,0,0,0,0.4,0.5,410.2,0,3,20,0,0,0,0,0,13824,0,0,True,,,
native-expanded,057-Seed-Sodium-packed-32-baseline-w32-s02,19,25,packed,32,baseline,32,Seed-Sodium-packed-32-baseline-w32,2,1800,d287af32a99e32af,712e051a71a495597b212181fc2abcc74e0004fb63f8315b8f03b848b74af65c,-1,0,0,0,0.4,0.5,413.1,0,3,20,0,0,0,0,0,13824,0,0,True,,,
native-expanded,057-Seed-Sodium-packed-32-baseline-w32-s03,19,25,packed,32,baseline,32,Seed-Sodium-packed-32-baseline-w32,3,1800,95681573db422db4,0a1dfb21caef56bb084cc5f10e3283accfd7471d9df59473f8a8812f7b36c390,-1,0,0,0,0.4,0.5,416.8,0,3,20,0,0,0,0,0,13824,0,0,True,,,
native-expanded,057-Seed-Sodium-packed-32-baseline-w32-s04,19,25,packed,32,baseline,32,Seed-Sodium-packed-32-baseline-w32,4,1800,2f552f767f25da52,9cd417daeda6f613ebf629735de2e80897822099466a77f6adb2783978ba7863,-1,0,0,0,0.4,0.5,410.9,0,3,20,0,0,0,0,0,13824,0,0,True,,,
native-expanded,058-Seed-Gunpowder-packed-32-baseline-w32-s00,19,26,packed,32,baseline,32,Seed-Gunpowder-packed-32-baseline-w32,0,1800,d640b613ab241fef,a66b213d39f9a69513371e22dcc687ea1f9aa2bbd8cffc8589306c88434c63e0,-1,0,0,0,0.4,0.7,531.6,0,6,20,0,0,0,0,0,13824,0,0,True,,,
native-expanded,058-Seed-Gunpowder-packed-32-baseline-w32-s01,19,26,packed,32,baseline,32,Seed-Gunpowder-packed-32-baseline-w32,1,1800,25523070504fa8ee,20d92d16f39998d68b0630b35d06b975451bc52eeed93cdd302c7649b2da9f49,-1,0,0,0,0.4,0.5,546.6,0,3,20,0,0,0,0,0,13824,0,0,True,,,
native-expanded,058-Seed-Gunpowder-packed-32-baseline-w32-s02,19,26,packed,32,baseline,32,Seed-Gunpowder-packed-32-baseline-w32,2,1800,10ea995f28902caf,eb9aa4ac0c11ae03625593032b5ab5a25b6a432ca2ce4a67f5135f9680deda02,-1,0,0,0,0.4,0.5,508.3,0,3,20,0,0,0,0,0,13824,0,0,True,,,
native-expanded,058-Seed-Gunpowder-packed-32-baseline-w32-s03,19,26,packed,32,baseline,32,Seed-Gunpowder-packed-32-baseline-w32,3,1800,8a0f9e8a23c438f4,5e1ac8dce32c7cbd7160035b07d07ed0ff61e18675f0046aa8e3b97ca592f08a,-1,0,0,0,0.4,0.5,492.6,0,3,20,0,0,0,0,0,13824,0,0,True,,,
native-expanded,058-Seed-Gunpowder-packed-32-baseline-w32-s04,19,26,packed,32,baseline,32,Seed-Gunpowder-packed-32-baseline-w32,4,1800,1ec16a8cab52d752,edc6dc00f3fd50940d1afee6fe72249c7b486140828a2e8b52d4f1143af815f6,-1,0,0,0,0.4,0.5,487.9,0,3,20,0,0,0,0,0,13824,0,0,True,,,
native-expanded,059-Seed-Coal-packed-32-baseline-w32-s00,19,27,packed,32,baseline,32,Seed-Coal-packed-32-baseline-w32,0,1800,5a5ba6c2bdfa4bef,0e051e330a74b98f607d594bb07cde025c6afbd05861ed5ee629dd59fabcc5f4,-1,0,0,0,0.4,0.5,481.2,0,6,20,0,0,0,0,0,13824,0,0,True,,,
native-expanded,059-Seed-Coal-packed-32-baseline-w32-s01,19,27,packed,32,baseline,32,Seed-Coal-packed-32-baseline-w32,1,1800,3336f4f817d366ae,8c3f8e2a66fac6c33d0d2e41de82751e357a288581975e7e8f4e12921860f95e,-1,0,0,0,0.4,0.5,443.6,0,3,20,0,0,0,0,0,13824,0,0,True,,,
native-expanded,059-Seed-Coal-packed-32-baseline-w32-s02,19,27,packed,32,baseline,32,Seed-Coal-packed-32-baseline-w32,2,1800,4e4fe7259842a2af,07ead6dda5a11d4efc78e817db88626780d4cc5002ecd2d1c47d881d15e41eab,-1,0,0,0,0.4,0.5,449.2,0,3,20,0,0,0,0,0,13824,0,0,True,,,
native-expanded,059-Seed-Coal-packed-32-baseline-w32-s03,19,27,packed,32,baseline,32,Seed-Coal-packed-32-baseline-w32,3,1800,eb0e978cc512c1b4,1d72c8cda16928b5923087b2ad003e9d1a38106f163506be857454066d591ecf,-1,0,0,0,0.4,0.5,444.5,0,3,20,0,0,0,0,0,13824,0,0,True,,,
native-expanded,059-Seed-Coal-packed-32-baseline-w32-s04,19,27,packed,32,baseline,32,Seed-Coal-packed-32-baseline-w32,4,1800,2f8ea771b772d652,603c3c2907df493ca6ca41ad7f9e5dd46b8e076f6f858eb99af815cf5d9874a9,-1,0,0,0,0.4,1.2,474.1,0,3,20,0,0,0,0,0,13824,0,0,True,,,
native-expanded,060-Seed-Rust-packed-32-baseline-w32-s00,19,29,packed,32,baseline,32,Seed-Rust-packed-32-baseline-w32,0,1800,d11ee6bd2bc057ef,b9b77d829a9eff10511979856e79c55f3f2a6d144a6c269dc82a47a76e32abf3,-1,0,0,0,0.4,0.5,383.2,0,6,20,0,0,0,0,0,13824,0,0,True,,,
native-expanded,060-Seed-Rust-packed-32-baseline-w32-s01,19,29,packed,32,baseline,32,Seed-Rust-packed-32-baseline-w32,1,1800,c9a39b4128f115ae,a6fa38ab08f030b489dc0ef94389e3069228082c7186e79ec356ca61d0b89ef1,-1,0,0,0,0.5,0.8,437.2,0,3,20,0,0,0,0,0,13824,0,0,True,,,
native-expanded,060-Seed-Rust-packed-32-baseline-w32-s02,19,29,packed,32,baseline,32,Seed-Rust-packed-32-baseline-w32,2,1800,6b6baea6ae6ab7af,0b13af041a3d97940db6b6deabd0b041b7b38d2fdfe592f99d0368232562b4f8,-1,0,0,0,0.5,0.7,558.8,0,3,20,0,0,0,0,0,13824,0,0,True,,,
native-expanded,060-Seed-Rust-packed-32-baseline-w32-s03,19,29,packed,32,baseline,32,Seed-Rust-packed-32-baseline-w32,3,1800,48265c628968c8b4,529ecea9ac5d4cde6c2c533c04368680c7aae0f5a805358e42b85d68a48d4b51,-1,0,0,0,0.4,0.5,345.4,0,3,20,0,0,0,0,0,13824,0,0,True,,,
native-expanded,060-Seed-Rust-packed-32-baseline-w32-s04,19,29,packed,32,baseline,32,Seed-Rust-packed-32-baseline-w32,4,1800,4210b49c82f4cfd2,676a9242b7de059354a7875f2c19318e23468544232c11d8d592ca2f81d66581,-1,0,0,0,0.4,0.5,346.8,0,3,20,0,0,0,0,0,13824,0,0,True,,,
native-expanded,061-Salt-Sand-packed-32-baseline-w32-s00,23,2,packed,32,baseline,32,Salt-Sand-packed-32-baseline-w32,0,1800,ed41fcd55e1ea5ef,aa4d456a9ff59efa9ba46baff91f017aaa41d242d970035f9fa9b004f6d00528,32,32,0,0,0.4,0.5,354.7,0,6,20,0,0,16384,0,0,112128,0,0,True,,,
native-expanded,061-Salt-Sand-packed-32-baseline-w32-s01,23,2,packed,32,baseline,32,Salt-Sand-packed-32-baseline-w32,1,1800,bfc655037d7b4aa3,3ff372dea36627411d13909749ccb6f40b4b63320a812ee6404b0ffa745deaa1,32,32,0,0,0.7,0.9,330.8,0,3,20,0,0,16384,0,0,125664,0,0,True,,,
native-expanded,061-Salt-Sand-packed-32-baseline-w32-s02,23,2,packed,32,baseline,32,Salt-Sand-packed-32-baseline-w32,2,1800,9633f06c19d79fea,0b63e2529dfaaf28d0332e35e93fbbb5e8118e53377540068c1104e5a007983c,32,32,0,0,0.7,0.7,329.3,0,3,20,0,0,16384,0,0,130080,0,0,True,,,
native-expanded,061-Salt-Sand-packed-32-baseline-w32-s03,23,2,packed,32,baseline,32,Salt-Sand-packed-32-baseline-w32,3,1800,e9b87bb316415909,99f4a8bce950131825d235d134263a74430b3e4af133ba39764d1dd187aa22b8,32,32,0,0,0.8,1,382,0,3,20,0,0,16384,0,0,112128,0,0,True,,,
native-expanded,061-Salt-Sand-packed-32-baseline-w32-s04,23,2,packed,32,baseline,32,Salt-Sand-packed-32-baseline-w32,4,1800,917824c7ef26e873,4721d3b6ffce3bed8ffc7e3ece977ee95f418f9f2864332d825d005d633f65af,32,32,0,0,0.7,1,413.6,0,3,20,0,0,16384,0,0,125664,0,0,True,,,
native-expanded,062-Salt-Stone-packed-32-baseline-w32-s00,23,13,packed,32,baseline,32,Salt-Stone-packed-32-baseline-w32,0,1800,3e97b1db22b66bef,c476dcc93b51a24bd09d0f5e0f2417fe046424156598037b8b54e5d488c85045,-1,0,0,0,0.5,0.6,390.2,0,6,20,0,0,0,0,0,4890,0,0,True,,,
native-expanded,062-Salt-Stone-packed-32-baseline-w32-s01,23,13,packed,32,baseline,32,Salt-Stone-packed-32-baseline-w32,1,1800,11fa70ac59cf71ae,fdf1facb8070e03991651e3cfe374ded1fe3e926b728ae080fe4dcb3db6a0766,-1,0,0,0,0.4,0.5,418.9,0,3,20,0,0,0,0,0,4890,0,0,True,,,
native-expanded,062-Salt-Stone-packed-32-baseline-w32-s02,23,13,packed,32,baseline,32,Salt-Stone-packed-32-baseline-w32,2,1800,a62909fb687ccbaf,cffb6449e4b413232de858f28a01b30a47a343f4c3d93d6e3b0e4aeb5e320d8a,-1,0,0,0,0.5,0.6,288.7,0,3,20,0,0,0,0,0,4890,0,0,True,,,
native-expanded,062-Salt-Stone-packed-32-baseline-w32-s03,23,13,packed,32,baseline,32,Salt-Stone-packed-32-baseline-w32,3,1800,2ed0730f59ca9134,8120f39e98b952a5e23860a13cd6c60b02502ea6ba2689e0341aca4760587d9d,-1,0,0,0,0.5,0.6,350,0,3,20,0,0,0,0,0,4890,0,0,True,,,
native-expanded,062-Salt-Stone-packed-32-baseline-w32-s04,23,13,packed,32,baseline,32,Salt-Stone-packed-32-baseline-w32,4,1800,3bf9a9361293d852,c9667bd66e9508542b413643f4b2e97304e8cd077283ff26f0eae12766353ec7,-1,0,0,0,0.4,0.5,286.3,0,3,20,0,0,0,0,0,4890,0,0,True,,,
native-expanded,063-Salt-Dust-packed-32-baseline-w32-s00,23,14,packed,32,baseline,32,Salt-Dust-packed-32-baseline-w32,0,1800,1f8250a5abb10def,c3414e627fb2a282d03f6a9ed2eeb4e45e2bd33f26e0a8e2142c4e5220a669d5,32,32,0,0,0.4,0.5,404.3,0,6,20,0,0,16384,0,0,112128,0,0,True,,,
native-expanded,063-Salt-Dust-packed-32-baseline-w32-s01,23,14,packed,32,baseline,32,Salt-Dust-packed-32-baseline-w32,1,1800,457df1b72c08cca3,ff5f2b8c050e719a1120480da8f6797999f393a5252d8b7c84110f34afeaef67,32,32,0,0,0.7,0.7,375.7,0,3,20,0,0,16384,0,0,125664,0,0,True,,,
native-expanded,063-Salt-Dust-packed-32-baseline-w32-s02,23,14,packed,32,baseline,32,Salt-Dust-packed-32-baseline-w32,2,1800,c21bf260919eb7ea,c860b688ba50f64c95c57f878391c93d74d4abbf13d03849086a340eae5ddaf2,32,32,0,0,0.7,0.7,373.7,0,3,20,0,0,16384,0,0,130080,0,0,True,,,
native-expanded,063-Salt-Dust-packed-32-baseline-w32-s03,23,14,packed,32,baseline,32,Salt-Dust-packed-32-baseline-w32,3,1800,f84ead454f2b0d09,911fb929eab5bd466f6ec375dc1560abed22f102b82bc773d9abb9c0ede7dc5f,32,32,0,0,0.7,0.7,397.5,0,3,20,0,0,16384,0,0,112128,0,0,True,,,
native-expanded,063-Salt-Dust-packed-32-baseline-w32-s04,23,14,packed,32,baseline,32,Salt-Dust-packed-32-baseline-w32,4,1800,6046b62323d23673,53758ebe94f7c651f4b77854f37b3ed2cb9ceb3de84d9d023d955e8769bf252a,32,32,0,0,0.7,0.7,371,0,3,20,0,0,16384,0,0,125664,0,0,True,,,
native-expanded,064-Salt-Seed-packed-32-baseline-w32-s00,23,19,packed,32,baseline,32,Salt-Seed-packed-32-baseline-w32,0,1800,cd531c7366bc09ef,c87c4e139b00d397cae64babcd6de0584299e190cadc62d56b576064d63d91b0,32,32,0,0,0.4,0.5,473.1,0,6,20,0,0,16384,0,0,112128,0,0,True,,,
native-expanded,064-Salt-Seed-packed-32-baseline-w32-s01,23,19,packed,32,baseline,32,Salt-Seed-packed-32-baseline-w32,1,1800,305ba9375d28aea3,f6a60088c9333cea6492413eca9c31a1d23ebfe01fcb03945d55c61560991287,32,32,0,0,0.7,0.8,428.9,0,3,20,0,0,16384,0,0,125664,0,0,True,,,
native-expanded,064-Salt-Seed-packed-32-baseline-w32-s02,23,19,packed,32,baseline,32,Salt-Seed-packed-32-baseline-w32,2,1800,9cf6b79816c73ea,768c931ef87e772ddcea6333f39ec5692f01a6a6f63017e8db73a8ba35264e12,32,32,0,0,0.7,0.7,432.7,0,3,20,0,0,16384,0,0,130080,0,0,True,,,
native-expanded,064-Salt-Seed-packed-32-baseline-w32-s03,23,19,packed,32,baseline,32,Salt-Seed-packed-32-baseline-w32,3,1800,831e94b505084b09,31b8ff918e92f98c73107970593f558b2cf1b8cea3106a282302fc5058757c22,32,32,0,0,0.7,0.7,432.6,0,3,20,0,0,16384,0,0,112128,0,0,True,,,
native-expanded,064-Salt-Seed-packed-32-baseline-w32-s04,23,19,packed,32,baseline,32,Salt-Seed-packed-32-baseline-w32,4,1800,710bcbfef14f4073,3d32723d6f888784c055e595d1b5f25aa94f89a6b63d9d84345571baded6c766,32,32,0,0,0.7,0.7,506,0,3,20,0,0,16384,0,0,125664,0,0,True,,,
native-expanded,065-Salt-Sodium-packed-32-baseline-w32-s00,23,25,packed,32,baseline,32,Salt-Sodium-packed-32-baseline-w32,0,1800,d9d2ec37892633ef,db8b7783e00d94d56fc5632604ae4c3f36caa7207ce3565233c1426ab8e78b9b,32,32,0,0,0.4,0.5,426.2,0,6,20,0,0,16384,0,0,112128,0,0,True,,,
native-expanded,065-Salt-Sodium-packed-32-baseline-w32-s01,23,25,packed,32,baseline,32,Salt-Sodium-packed-32-baseline-w32,1,1800,24d76c81210c9ca3,b7c3c9b9cab0f83f00a8625868e9ba6024935b92f287cf3792f31be8dba770ab,32,32,0,0,0.7,0.7,459,0,3,20,0,0,16384,0,0,125664,0,0,True,,,
native-expanded,065-Salt-Sodium-packed-32-baseline-w32-s02,23,25,packed,32,baseline,32,Salt-Sodium-packed-32-baseline-w32,2,1800,e224de26926f01ea,4f376386e0c2a877e07b688182567b6e792acbbce3b01bffbb3e3efa4aea35df,32,32,0,0,0.7,0.7,392.8,0,3,20,0,0,16384,0,0,130080,0,0,True,,,
native-expanded,065-Salt-Sodium-packed-32-baseline-w32-s03,23,25,packed,32,baseline,32,Salt-Sodium-packed-32-baseline-w32,3,1800,ca6cad494c2e1109,20098d7e5b1acdb46ac3ea6f93c1dae4da1ff89e498445a84e552c18a08549f4,32,32,0,0,0.7,0.8,396.9,0,3,20,0,0,16384,0,0,112128,0,0,True,,,
native-expanded,065-Salt-Sodium-packed-32-baseline-w32-s04,23,25,packed,32,baseline,32,Salt-Sodium-packed-32-baseline-w32,4,1800,2ad582182d37e073,4f6e910ff4d0c38b1b22005fca37c8244a4031ce8bc8bfc0fe753c02c12ee94f,32,32,0,0,0.7,0.8,387.2,0,3,20,0,0,16384,0,0,125664,0,0,True,,,
native-expanded,066-Salt-Gunpowder-packed-32-baseline-w32-s00,23,26,packed,32,baseline,32,Salt-Gunpowder-packed-32-baseline-w32,0,1800,eccb036c612ee5ef,ae7aa435042059aad1b98dbf6ea040333fc760b8c75efe675048bd9329267a4a,32,32,0,0,0.4,0.6,744.1,0,6,20,0,0,16384,0,0,112128,0,0,True,,,
native-expanded,066-Salt-Gunpowder-packed-32-baseline-w32-s01,23,26,packed,32,baseline,32,Salt-Gunpowder-packed-32-baseline-w32,1,1800,5b16c20dacf7caa3,106ee16aa5750082fcbe5f71ff31cecc91c0508ead4ccbb58bbdbf5d7b5f50f9,32,32,0,0,0.7,1.2,666.8,0,3,20,0,0,16384,0,0,125664,0,0,True,,,
native-expanded,066-Salt-Gunpowder-packed-32-baseline-w32-s02,23,26,packed,32,baseline,32,Salt-Gunpowder-packed-32-baseline-w32,2,1800,c29047fb102753ea,c3c52240ef11dae9efa99d1c906d9dfec840b856a173312af4f14fb3cef7cb7f,32,32,0,0,0.7,0.8,468.8,0,3,20,0,0,16384,0,0,130080,0,0,True,,,
native-expanded,066-Salt-Gunpowder-packed-32-baseline-w32-s03,23,26,packed,32,baseline,32,Salt-Gunpowder-packed-32-baseline-w32,3,1800,1b7422fbdd9e7f09,7ce67c09e09c65b01ff7f6c82121b4ca7a1c950944a145a2448c2627cb8ba1ab,32,32,0,0,0.7,1,507.5,0,3,20,0,0,16384,0,0,112128,0,0,True,,,
native-expanded,066-Salt-Gunpowder-packed-32-baseline-w32-s04,23,26,packed,32,baseline,32,Salt-Gunpowder-packed-32-baseline-w32,4,1800,620b51c69bfe8873,9d94acc9e7fbd6ce2a4ee5227eb7f5992cb5a536dedcb6bab3426b06227bac11,32,32,0,0,0.7,0.7,609.9,0,3,20,0,0,16384,0,0,125664,0,0,True,,,
native-expanded,067-Salt-Coal-packed-32-baseline-w32-s00,23,27,packed,32,baseline,32,Salt-Coal-packed-32-baseline-w32,0,1800,cfb38e7f46d82fef,741adec4a748788fd2ea574d39068097dbb72afea01bbacf1fbf3f3768831110,32,32,0,0,0.4,0.5,581.2,0,6,20,0,0,16384,0,0,112128,0,0,True,,,
native-expanded,067-Salt-Coal-packed-32-baseline-w32-s01,23,27,packed,32,baseline,32,Salt-Coal-packed-32-baseline-w32,1,1800,d116fef1a7f1d6a3,9dfc101d5f22614bb8493bd6643505fc9b01334b33aa3d745b790c0badcbe621,32,32,0,0,0.7,0.7,545.2,0,3,20,0,0,16384,0,0,125664,0,0,True,,,
native-expanded,067-Salt-Coal-packed-32-baseline-w32-s02,23,27,packed,32,baseline,32,Salt-Coal-packed-32-baseline-w32,2,1800,6bd2d0eb851b1bea,34053c799667198a74097267b5e47d78bda648bffbc7f174c43af96d15254a66,32,32,0,0,0.7,0.7,430.5,0,3,20,0,0,16384,0,0,130080,0,0,True,,,
native-expanded,067-Salt-Coal-packed-32-baseline-w32-s03,23,27,packed,32,baseline,32,Salt-Coal-packed-32-baseline-w32,3,1800,74d58215994a7909,11b3708eaccc81d6a2cba813ebc4bb3e0480230814358f8f1bb3a550c59a0619,32,32,0,0,0.7,0.7,430.2,0,3,20,0,0,16384,0,0,112128,0,0,True,,,
native-expanded,067-Salt-Coal-packed-32-baseline-w32-s04,23,27,packed,32,baseline,32,Salt-Coal-packed-32-baseline-w32,4,1800,8e3d51bfa3021a73,8c9b750769d8b336a93d1f6176b60b8cedb8badd56be9d1a5656fd0e0567d3f3,32,32,0,0,0.7,0.7,425.9,0,3,20,0,0,16384,0,0,125664,0,0,True,,,
native-expanded,068-Salt-Rust-packed-32-baseline-w32-s00,23,29,packed,32,baseline,32,Salt-Rust-packed-32-baseline-w32,0,1800,adf43951d185ebef,d6a2727f8f902a5c3228bc09c548866ad8cd3f29a3d7a1acbce9eb5d7ac118a8,-1,0,0,0,0.4,0.5,356.6,0,6,20,0,0,0,0,0,13824,0,0,True,,,
native-expanded,068-Salt-Rust-packed-32-baseline-w32-s01,23,29,packed,32,baseline,32,Salt-Rust-packed-32-baseline-w32,1,1800,995b619a84bb31ae,a3e69a8554ea0030e22b20c7058b1ffdd50faca7b6dda27a8b800548ffe2a5b8,-1,0,0,0,0.4,0.5,324.6,0,3,20,0,0,0,0,0,13824,0,0,True,,,
native-expanded,068-Salt-Rust-packed-32-baseline-w32-s02,23,29,packed,32,baseline,32,Salt-Rust-packed-32-baseline-w32,2,1800,c283b1ca9297b5af,ccf10c5e4ccb6297c6a8f124f8c00e5260920d3860f415c1e7abf57faf0512c2,-1,0,0,0,0.4,0.5,331.6,0,3,20,0,0,0,0,0,13824,0,0,True,,,
native-expanded,068-Salt-Rust-packed-32-baseline-w32-s03,23,29,packed,32,baseline,32,Salt-Rust-packed-32-baseline-w32,3,1800,31319a2f99d27b4,92df225b6fffdd54c33b305dc6b0e040c2427984bbafc58c829f2bad2b493ba0,-1,0,0,0,0.4,0.5,327.2,0,3,20,0,0,0,0,0,13824,0,0,True,,,
native-expanded,068-Salt-Rust-packed-32-baseline-w32-s04,23,29,packed,32,baseline,32,Salt-Rust-packed-32-baseline-w32,4,1800,9c8b0ad01eb663d2,85e167da01c4e85c388881e965bd0e78d690223af8814ca169989f3168bcca0b,-1,0,0,0,0.4,0.5,336.9,0,3,20,0,0,0,0,0,13824,0,0,True,,,
native-expanded,069-Sodium-Sand-packed-32-baseline-w32-s00,25,2,packed,32,baseline,32,Sodium-Sand-packed-32-baseline-w32,0,1800,12b4dc1f11be89ef,7e719ceeb0b43e161153efad3d8c5e0eee8c501fcb6d2f207986e79bebea5592,-1,0,0,0,0.4,0.5,364.3,0,6,20,0,0,0,0,0,13824,0,0,True,,,
native-expanded,069-Sodium-Sand-packed-32-baseline-w32-s01,25,2,packed,32,baseline,32,Sodium-Sand-packed-32-baseline-w32,1,1800,d6fbd29b4fdc11ee,1a30b0d6524c51e74077a92fe27fd1a7c4e61ae8a9c50a4262ee57cf205a6e75,-1,0,0,0,0.4,0.5,326.4,0,3,20,0,0,0,0,0,13824,0,0,True,,,
native-expanded,069-Sodium-Sand-packed-32-baseline-w32-s02,25,2,packed,32,baseline,32,Sodium-Sand-packed-32-baseline-w32,2,1800,3cc1aaa34727dfaf,172f1b1a77b2e63f2f1fd5bded7b619e5cbff9321676367300396c89387e80a1,-1,0,0,0,0.4,0.5,334.9,0,3,20,0,0,0,0,0,13824,0,0,True,,,
native-expanded,069-Sodium-Sand-packed-32-baseline-w32-s03,25,2,packed,32,baseline,32,Sodium-Sand-packed-32-baseline-w32,3,1800,fa4cef4b5af8fff4,1c5a0dc640ed560d5105000bdd649943435b7b071e1449b99d1a8e40b712e103,-1,0,0,0,0.5,0.6,398.6,0,3,20,0,0,0,0,0,13824,0,0,True,,,
native-expanded,069-Sodium-Sand-packed-32-baseline-w32-s04,25,2,packed,32,baseline,32,Sodium-Sand-packed-32-baseline-w32,4,1800,dcd9f4a5b1438b52,91975f402dc783dba90f319f6d887281379fcd67b3d8fcf9d952532e36e9aa09,-1,0,0,0,0.4,0.5,329.2,0,3,20,0,0,0,0,0,13824,0,0,True,,,
native-expanded,070-Sodium-Stone-packed-32-baseline-w32-s00,25,13,packed,32,baseline,32,Sodium-Stone-packed-32-baseline-w32,0,1800,61443c3cefccc1ef,ee85ddf6a8f7f15bf5278d59fbf75230826e39593332660bf9835bb34e916141,-1,0,0,0,0.4,0.5,321.6,0,6,20,0,0,0,0,0,4890,0,0,True,,,
native-expanded,070-Sodium-Stone-packed-32-baseline-w32-s01,25,13,packed,32,baseline,32,Sodium-Stone-packed-32-baseline-w32,1,1800,8310612398edb7ae,482012e024ab83b63287f9cef05b8a7e9a95356f1fad1b12b36e1c9caeb42d68,-1,0,0,0,0.4,0.5,477.1,0,3,20,0,0,0,0,0,4890,0,0,True,,,
native-expanded,070-Sodium-Stone-packed-32-baseline-w32-s02,25,13,packed,32,baseline,32,Sodium-Stone-packed-32-baseline-w32,2,1800,5696ed4a1eaf31af,a0649720eeca1b79dbb425b3c7a4a3d20b760947a13364456ce62233c14cdbfb,-1,0,0,0,0.5,0.7,710.5,0,3,20,0,0,0,0,0,4890,0,0,True,,,
native-expanded,070-Sodium-Stone-packed-32-baseline-w32-s03,25,13,packed,32,baseline,32,Sodium-Stone-packed-32-baseline-w32,3,1800,5654ef1f23c04934,614ae45f12b16feaea71fa289af72796055ee57016b5c7866d5a6eba8701b1e3,-1,0,0,0,0.4,0.5,410.5,0,3,20,0,0,0,0,0,4890,0,0,True,,,
native-expanded,070-Sodium-Stone-packed-32-baseline-w32-s04,25,13,packed,32,baseline,32,Sodium-Stone-packed-32-baseline-w32,4,1800,b16c9e0a9a56ca52,1c0a3ee62a4a17a21bf1c2000ee5a4542cd26cc46d77c5b50d95a283f3ae4d16,-1,0,0,0,0.4,0.8,481.1,0,3,20,0,0,0,0,0,4890,0,0,True,,,
native-expanded,071-Sodium-Dust-packed-32-baseline-w32-s00,25,14,packed,32,baseline,32,Sodium-Dust-packed-32-baseline-w32,0,1800,a53bba1d42e0e7ef,08030d6e8da155bc336448ffba1b73a8fbc16974fcb3032bdf83ba7aa22d3151,32,32,0,0,0.4,0.5,416.3,0,6,20,0,0,16384,0,0,112128,0,0,True,,,
native-expanded,071-Sodium-Dust-packed-32-baseline-w32-s01,25,14,packed,32,baseline,32,Sodium-Dust-packed-32-baseline-w32,1,1800,38cd2c9e752a0723,64e5437b019a4296252dc4b63394e1455da1409bde16bb97ea219497f5e86a22,32,32,0,0,0.7,0.7,371.2,0,3,20,0,0,16384,0,0,125664,0,0,True,,,
native-expanded,071-Sodium-Dust-packed-32-baseline-w32-s02,25,14,packed,32,baseline,32,Sodium-Dust-packed-32-baseline-w32,2,1800,6c795996386c68ea,faa0d94d873db31ec46e5dbe38997b2fbeb4b3376efc1b0605fd0490bdf80298,32,32,0,0,0.7,0.9,478.1,0,3,20,0,0,16384,0,0,130080,0,0,True,,,
native-expanded,071-Sodium-Dust-packed-32-baseline-w32-s03,25,14,packed,32,baseline,32,Sodium-Dust-packed-32-baseline-w32,3,1800,ef8f64c372c65689,f418ad51e390c00aba3486ddc43af2021b712c45ec1188698bda2d642715b65d,32,32,0,0,0.7,0.7,372,0,3,20,0,0,16384,0,0,112128,0,0,True,,,
native-expanded,071-Sodium-Dust-packed-32-baseline-w32-s04,25,14,packed,32,baseline,32,Sodium-Dust-packed-32-baseline-w32,4,1800,d89a4a2c5da14f73,38cbbc5969e3e18197c41c2cc5672dde5373f494b41c4651c4aeff83d8af3145,32,32,0,0,0.7,0.7,371.2,0,3,20,0,0,16384,0,0,125664,0,0,True,,,
native-expanded,072-Sodium-Seed-packed-32-baseline-w32-s00,25,19,packed,32,baseline,32,Sodium-Seed-packed-32-baseline-w32,0,1800,530c85eafdebe3ef,c40816eb47752dbda40fa9db788216dc9cecaa972b8deaa55789f3ba0beb8bb6,32,32,0,0,0.4,0.5,455.6,0,6,20,0,0,16384,0,0,112128,0,0,True,,,
native-expanded,072-Sodium-Seed-packed-32-baseline-w32-s01,25,19,packed,32,baseline,32,Sodium-Seed-packed-32-baseline-w32,1,1800,23aae41ea649e923,701b2d5e4e4b04860a5b0f734a6e48499922caa8890c175c7497230c0f718410,32,32,0,0,0.7,0.7,426.2,0,3,20,0,0,16384,0,0,125664,0,0,True,,,
native-expanded,072-Sodium-Seed-packed-32-baseline-w32-s02,25,19,packed,32,baseline,32,Sodium-Seed-packed-32-baseline-w32,2,1800,b42cd2af283a24ea,2ed00148bd0e526ba2f4ade1dbfa54660431e01df09a7fa5dc6d64249ab20070,32,32,0,0,0.7,0.8,432.8,0,3,20,0,0,16384,0,0,130080,0,0,True,,,
native-expanded,072-Sodium-Seed-packed-32-baseline-w32-s03,25,19,packed,32,baseline,32,Sodium-Seed-packed-32-baseline-w32,3,1800,7a5f4c3328a39489,3f1c9b21e309f421b730868aae5e5660a392bc2b0aa4ec8a8159e94254e247d8,32,32,0,0,0.7,0.7,436.7,0,3,20,0,0,16384,0,0,112128,0,0,True,,,
native-expanded,072-Sodium-Seed-packed-32-baseline-w32-s04,25,19,packed,32,baseline,32,Sodium-Seed-packed-32-baseline-w32,4,1800,e95f60082b1e5973,10a900d98b15ceb0a6a1b9f2565f1df925369406df57fca06459bc998515261b,32,32,0,0,0.7,0.7,423.7,0,3,20,0,0,16384,0,0,125664,0,0,True,,,
native-expanded,073-Sodium-Salt-packed-32-baseline-w32-s00,25,23,packed,32,baseline,32,Sodium-Salt-packed-32-baseline-w32,0,1800,39cb3278663ef9ef,b4c115c2d67f5f7a12d4601a764f4dc2d25c30740bc18efa19a9e387a7341c20,-1,0,0,0,0.4,0.5,425.4,0,6,20,0,0,0,0,0,13824,0,0,True,,,
native-expanded,073-Sodium-Salt-packed-32-baseline-w32-s01,25,23,packed,32,baseline,32,Sodium-Salt-packed-32-baseline-w32,1,1800,2e16794739fa352e,14dfb0b0657f50e2d27b6b99f48f7eba4c5bdc87d764cacd19b6782544ce0a54,-1,0,0,0,0.4,0.5,390.6,0,3,20,0,0,0,0,0,13824,0,0,True,,,
native-expanded,073-Sodium-Salt-packed-32-baseline-w32-s02,25,23,packed,32,baseline,32,Sodium-Salt-packed-32-baseline-w32,2,1800,246e41a5c3f9d62f,e590a860523dfcabcec1a649e4c0b8041e51b4d072ccd64351355f5a861c3729,-1,0,0,0,0.4,0.5,391.9,0,3,20,0,0,0,0,0,13824,0,0,True,,,
native-expanded,073-Sodium-Salt-packed-32-baseline-w32-s03,25,23,packed,32,baseline,32,Sodium-Salt-packed-32-baseline-w32,3,1800,6a38ab8e9fff36b4,5c9aff7c46662acf177c0d2ea97fe0d0c5381d129f407555cbd4939c0f49a1e2,-1,0,0,0,0.4,0.5,402.9,0,3,20,0,0,0,0,0,13824,0,0,True,,,
native-expanded,073-Sodium-Salt-packed-32-baseline-w32-s04,25,23,packed,32,baseline,32,Sodium-Salt-packed-32-baseline-w32,4,1800,91aa609887305bd2,591472d956d00b7ae9f76c84fdeb1e114ff440a6f5afe1abbe47d5f71d15ef78,-1,0,0,0,0.4,0.5,417.4,0,3,20,0,0,0,0,0,13824,0,0,True,,,
native-expanded,074-Sodium-Gunpowder-packed-32-baseline-w32-s00,25,26,packed,32,baseline,32,Sodium-Gunpowder-packed-32-baseline-w32,0,1800,d5c2930a1e0009ef,62090c25c17137dc9f1b3a555106500c3dc3d1a2f22b4e75ed545ae7b8b329d1,-1,0,0,0,0.4,0.5,682.7,0,6,20,0,0,0,0,0,13824,0,0,True,,,
native-expanded,074-Sodium-Gunpowder-packed-32-baseline-w32-s01,25,26,packed,32,baseline,32,Sodium-Gunpowder-packed-32-baseline-w32,1,1800,661fe740eb380aee,9bd985534e8e200a7bee4147f1f6de02d118af148b21b982488f902661d86a67,-1,0,0,0,0.4,0.5,474.8,0,3,20,0,0,0,0,0,13824,0,0,True,,,
native-expanded,074-Sodium-Gunpowder-packed-32-baseline-w32-s02,25,26,packed,32,baseline,32,Sodium-Gunpowder-packed-32-baseline-w32,2,1800,18707fd1c2ef90af,bfa1878851b9295159bb352d36449e7de089bd80c9de9b2badb5611db210a17a,-1,0,0,0,0.4,0.5,479,0,3,20,0,0,0,0,0,13824,0,0,True,,,
native-expanded,074-Sodium-Gunpowder-packed-32-baseline-w32-s03,25,26,packed,32,baseline,32,Sodium-Gunpowder-packed-32-baseline-w32,3,1800,6c80d7da5dee4ff4,ff9eb9271e60ff361bdd9f2ac683666f7987528c9e9ec6f01104b1ce45546e9a,-1,0,0,0,0.4,0.5,480,0,3,20,0,0,0,0,0,13824,0,0,True,,,
native-expanded,074-Sodium-Gunpowder-packed-32-baseline-w32-s04,25,26,packed,32,baseline,32,Sodium-Gunpowder-packed-32-baseline-w32,4,1800,eeaeb594ced75d52,9ff5121c08fb1e4d6eb1689f602ff9ca91529579c6a21a02906002e606c011f3,-1,0,0,0,0.4,0.5,474.4,0,3,20,0,0,0,0,0,13824,0,0,True,,,
native-expanded,075-Sodium-Coal-packed-32-baseline-w32-s00,25,27,packed,32,baseline,32,Sodium-Coal-packed-32-baseline-w32,0,1800,59dd83b930d635ef,f9001fb300b13efd64cfa47005de4e12627cc1002c7638e52e75affa6e5931cb,-1,0,0,0,0.4,0.5,465.9,0,6,20,0,0,0,0,0,13824,0,0,True,,,
native-expanded,075-Sodium-Coal-packed-32-baseline-w32-s01,25,27,packed,32,baseline,32,Sodium-Coal-packed-32-baseline-w32,1,1800,7404abc8b2bbc8ae,c5a161843afb9ffce3c6cdb9b3f5eb391080840534d88af12fa720c9c646e68e,-1,0,0,0,0.4,0.5,428.1,0,3,20,0,0,0,0,0,13824,0,0,True,,,
native-expanded,075-Sodium-Coal-packed-32-baseline-w32-s02,25,27,packed,32,baseline,32,Sodium-Coal-packed-32-baseline-w32,2,1800,55d5cd9832a206af,17c061b552ffcc777e450a44d0d8152c7f28f27a683083409d598c297b2b2055,-1,0,0,0,0.4,0.5,428.6,0,3,20,0,0,0,0,0,13824,0,0,True,,,
native-expanded,075-Sodium-Coal-packed-32-baseline-w32-s03,25,27,packed,32,baseline,32,Sodium-Coal-packed-32-baseline-w32,3,1800,cd7fd0dcff3cd8b4,02151430f691dab605392f48a68d2ee5fe0e12dc8bfefc1a6545494407e31cf7,-1,0,0,0,0.4,0.5,425.4,0,3,20,0,0,0,0,0,13824,0,0,True,,,
native-expanded,075-Sodium-Coal-packed-32-baseline-w32-s04,25,27,packed,32,baseline,32,Sodium-Coal-packed-32-baseline-w32,4,1800,ff7bf279daf75c52,34554492a595dc457849f089a12fbd2129fcee3c2c269703031e96e069da5b76,-1,0,0,0,0.4,0.5,487.9,0,3,20,0,0,0,0,0,13824,0,0,True,,,
native-expanded,076-Sodium-Rust-packed-32-baseline-w32-s00,25,29,packed,32,baseline,32,Sodium-Rust-packed-32-baseline-w32,0,1800,d0a0c3b39e9c41ef,7555e0f21f1f82918592f0c7ef0280aaefae4c37b9712e2311c7b9c9f0e44912,-1,0,0,0,0.4,0.5,361.8,0,6,20,0,0,0,0,0,13824,0,0,True,,,
native-expanded,076-Sodium-Rust-packed-32-baseline-w32-s01,25,29,packed,32,baseline,32,Sodium-Rust-packed-32-baseline-w32,1,1800,a715211c3d977ae,62cbbcf3beab95d9bdccf945bb35110792ed544849d45308b0b7ba2111f06aca,-1,0,0,0,0.4,0.5,326.8,0,3,20,0,0,0,0,0,13824,0,0,True,,,
native-expanded,076-Sodium-Rust-packed-32-baseline-w32-s02,25,29,packed,32,baseline,32,Sodium-Rust-packed-32-baseline-w32,2,1800,72f1951948ca1baf,b273500a4a454c52d30d1bbf5a94c30d29a013ad771daddd97ebd8bdcd7b07f8,-1,0,0,0,0.4,0.5,335.5,0,3,20,0,0,0,0,0,13824,0,0,True,,,
native-expanded,076-Sodium-Rust-packed-32-baseline-w32-s03,25,29,packed,32,baseline,32,Sodium-Rust-packed-32-baseline-w32,3,1800,2a9795b2c392dfb4,e4fdf7e10f8e7330ffd2676afd830e2cd9ee639f946ef452e467be4a6d625f7d,-1,0,0,0,0.4,0.5,328,0,3,20,0,0,0,0,0,13824,0,0,True,,,
native-expanded,076-Sodium-Rust-packed-32-baseline-w32-s04,25,29,packed,32,baseline,32,Sodium-Rust-packed-32-baseline-w32,4,1800,11fdffa4a67955d2,3eb0d3fa02962f21de9c48d8a1d8fd4b8408d5a93ca0e8b71ceee3d71e27a211,-1,0,0,0,0.4,0.5,332.5,0,3,20,0,0,0,0,0,13824,0,0,True,,,
native-expanded,077-Gunpowder-Sand-packed-32-baseline-w32-s00,26,2,packed,32,baseline,32,Gunpowder-Sand-packed-32-baseline-w32,0,1800,dcaf10d3b75d326f,39e9a78e472811cdf7917f6694ad7d906e67a8066569744e9c9daf35579e920e,32,32,0,0,0.4,0.5,399.3,0,6,20,0,0,16384,0,0,112128,0,0,True,,,
native-expanded,077-Gunpowder-Sand-packed-32-baseline-w32-s01,26,2,packed,32,baseline,32,Gunpowder-Sand-packed-32-baseline-w32,1,1800,30a1ff2e7d0b3e3,3058f0a5f27c8eff676d34152ac203e985602b37e23cefb321fc1a34423bacbd,32,32,0,0,0.7,0.7,365.9,0,3,20,0,0,16384,0,0,125664,0,0,True,,,
native-expanded,077-Gunpowder-Sand-packed-32-baseline-w32-s02,26,2,packed,32,baseline,32,Gunpowder-Sand-packed-32-baseline-w32,2,1800,8b975fa13cbde66a,52fa37a1fc714378d3c1a5d3d075205459406139604bd21926427168565c3fca,32,32,0,0,0.7,0.8,371.9,0,3,20,0,0,16384,0,0,130080,0,0,True,,,
native-expanded,077-Gunpowder-Sand-packed-32-baseline-w32-s03,26,2,packed,32,baseline,32,Gunpowder-Sand-packed-32-baseline-w32,3,1800,bac99809b33bb049,9ad05457e6d2ea05210e27afb937909ba0a4c0ccf9e76ba13c3253c4a22b1b5d,32,32,0,0,0.7,0.8,365.8,0,3,20,0,0,16384,0,0,112128,0,0,True,,,
native-expanded,077-Gunpowder-Sand-packed-32-baseline-w32-s04,26,2,packed,32,baseline,32,Gunpowder-Sand-packed-32-baseline-w32,4,1800,1c299fa18648f573,bc312c85b6eca42964cec8fc82f5cab2088080a07995ee764f711d0c7cfbabbf,32,32,0,0,0.7,0.7,367.8,0,3,20,0,0,16384,0,0,125664,0,0,True,,,
native-expanded,078-Gunpowder-Stone-packed-32-baseline-w32-s00,26,13,packed,32,baseline,32,Gunpowder-Stone-packed-32-baseline-w32,0,1800,228c8b7813ada86f,5a1f54ce99d20358a9c6f8c7b6e6c1b9516f5a7ef5a6b5a0b57977be8caa89af,-1,0,0,0,0.4,0.5,352.9,0,6,20,0,0,0,0,0,4890,0,0,True,,,
native-expanded,078-Gunpowder-Stone-packed-32-baseline-w32-s01,26,13,packed,32,baseline,32,Gunpowder-Stone-packed-32-baseline-w32,1,1800,7e8c771ab9791c2e,7f1c308990a36f714ed7850338d64dcf445784fdace74309c47fd8dea201c58c,-1,0,0,0,0.4,0.5,328.6,0,3,20,0,0,0,0,0,4890,0,0,True,,,
native-expanded,078-Gunpowder-Stone-packed-32-baseline-w32-s02,26,13,packed,32,baseline,32,Gunpowder-Stone-packed-32-baseline-w32,2,1800,90c39def410f2b2f,7831e8d08774d650947a3c3d8f867b620ff3fb798fc56b57ba1e9e50e4b31baf,-1,0,0,0,0.4,0.5,329.9,0,3,20,0,0,0,0,0,4890,0,0,True,,,
native-expanded,078-Gunpowder-Stone-packed-32-baseline-w32-s03,26,13,packed,32,baseline,32,Gunpowder-Stone-packed-32-baseline-w32,3,1800,4e232ccb962553b4,0ba3d42398464e14e33b031fb02c1ca999ba0dde1b7cda18cc31d3a0b539e1e6,-1,0,0,0,0.4,0.5,322.5,0,3,20,0,0,0,0,0,4890,0,0,True,,,
native-expanded,078-Gunpowder-Stone-packed-32-baseline-w32-s04,26,13,packed,32,baseline,32,Gunpowder-Stone-packed-32-baseline-w32,4,1800,913ed783b234a6d2,9b0b08037b58b8d877e3a126dbd5743ecc9cd2302f55b7505f9e5dd02047c923,-1,0,0,0,0.4,0.5,340.1,0,3,20,0,0,0,0,0,4890,0,0,True,,,
native-expanded,079-Gunpowder-Dust-packed-32-baseline-w32-s00,26,14,packed,32,baseline,32,Gunpowder-Dust-packed-32-baseline-w32,0,1800,eef64a404ef9a6f,1d23d07775491e5bd8627945829878a8c902b9f44e9c5d78c7022c2a46a32c67,32,32,0,0,0.4,0.5,455.9,0,6,20,0,0,16384,0,0,112128,0,0,True,,,
native-expanded,079-Gunpowder-Dust-packed-32-baseline-w32-s01,26,14,packed,32,baseline,32,Gunpowder-Dust-packed-32-baseline-w32,1,1800,88c1bca6965e35e3,227ba4e950419670a522ad837175ea391a31fbfffde3bd255cce08baa73b5681,32,32,0,0,0.7,0.8,411.6,0,3,20,0,0,16384,0,0,125664,0,0,True,,,
native-expanded,079-Gunpowder-Dust-packed-32-baseline-w32-s02,26,14,packed,32,baseline,32,Gunpowder-Dust-packed-32-baseline-w32,2,1800,b77f6195b484fe6a,8631ccc8e21492c674262184889e0c3f4da43aa7cd32a27c797e8544c200baeb,32,32,0,0,0.7,0.8,424.4,0,3,20,0,0,16384,0,0,130080,0,0,True,,,
native-expanded,079-Gunpowder-Dust-packed-32-baseline-w32-s03,26,14,packed,32,baseline,32,Gunpowder-Dust-packed-32-baseline-w32,3,1800,c95fc99bec256449,e6f81c9d46bf5b41c77828de37cf911ae0ff6cd7f304ff5ec3b3adb38195b68e,32,32,0,0,0.7,0.8,522.6,0,3,20,0,0,16384,0,0,112128,0,0,True,,,
native-expanded,079-Gunpowder-Dust-packed-32-baseline-w32-s04,26,14,packed,32,baseline,32,Gunpowder-Dust-packed-32-baseline-w32,4,1800,eaf830fcbaf44373,76a7e746ffe3ccb36318cf2009c24687744ad585c70e6f5fcb60054d94cb9a39,32,32,0,0,0.7,0.8,411.8,0,3,20,0,0,16384,0,0,125664,0,0,True,,,
native-expanded,080-Gunpowder-Seed-packed-32-baseline-w32-s00,26,19,packed,32,baseline,32,Gunpowder-Seed-packed-32-baseline-w32,0,1800,bcc03071bffa966f,cd1f5e55b580078c4baf48031b9fdd66a60e3a3f174a89f7f92dcf3bd0c7c87b,32,32,0,0,0.4,0.5,577.1,0,6,20,0,0,16384,0,0,112128,0,0,True,,,
native-expanded,080-Gunpowder-Seed-packed-32-baseline-w32-s01,26,19,packed,32,baseline,32,Gunpowder-Seed-packed-32-baseline-w32,1,1800,739f7426c77e17e3,e54c72c9e501736ff0983ecf72a7e21704e0daa4873e6ab9f84297a8cacb2e25,32,32,0,0,0.7,0.7,465.2,0,3,20,0,0,16384,0,0,125664,0,0,True,,,
native-expanded,080-Gunpowder-Seed-packed-32-baseline-w32-s02,26,19,packed,32,baseline,32,Gunpowder-Seed-packed-32-baseline-w32,2,1800,ff32daaea452ba6a,83b794a74e5c464cdf74abb9e2d8a7f8cb83ac8239f8d6999e56138c08f393e2,32,32,0,0,0.8,0.8,568.6,0,3,20,0,0,16384,0,0,130080,0,0,True,,,
native-expanded,080-Gunpowder-Seed-packed-32-baseline-w32-s03,26,19,packed,32,baseline,32,Gunpowder-Seed-packed-32-baseline-w32,3,1800,542fb10ba202a249,6da3bd1441245928845a5dbcf299a8862eb5e7e6df7cabb2f7c1bfa71010e330,32,32,0,0,0.6,0.7,466.1,0,3,20,0,0,16384,0,0,112128,0,0,True,,,
native-expanded,080-Gunpowder-Seed-packed-32-baseline-w32-s04,26,19,packed,32,baseline,32,Gunpowder-Seed-packed-32-baseline-w32,4,1800,fbbd46d888714d73,3f00a4c0f2a694952d4ec3ef4f1ef092268b00e7a2a6df95dceeeb86ffd1cb6c,32,32,0,0,0.7,0.7,468.3,0,3,20,0,0,16384,0,0,125664,0,0,True,,,
native-expanded,081-Gunpowder-Salt-packed-32-baseline-w32-s00,26,23,packed,32,baseline,32,Gunpowder-Salt-packed-32-baseline-w32,0,1800,ed9b6c881876226f,6db56870c4177e1fb0855938c769d1d5c728054732c82a86191797e2a7aa56b1,-1,0,0,0,0.4,0.5,469.9,0,6,20,0,0,0,0,0,13824,0,0,True,,,
native-expanded,081-Gunpowder-Salt-packed-32-baseline-w32-s01,26,23,packed,32,baseline,32,Gunpowder-Salt-packed-32-baseline-w32,1,1800,93637f6ca55287ae,5f589c67d32578302fcd7e5155cc9b3edbad2d24f3dffac760a7489228145d2a,-1,0,0,0,0.4,0.5,428.5,0,3,20,0,0,0,0,0,13824,0,0,True,,,
native-expanded,081-Gunpowder-Salt-packed-32-baseline-w32-s02,26,23,packed,32,baseline,32,Gunpowder-Salt-packed-32-baseline-w32,2,1800,a5b5fbe0b8c713af,2d86985038b9adf760753fa5cdf0cfa04b3feb5caf9d3de4289cca1cea7fc3fd,-1,0,0,0,0.4,0.5,434.5,0,3,20,0,0,0,0,0,13824,0,0,True,,,
native-expanded,081-Gunpowder-Salt-packed-32-baseline-w32-s03,26,23,packed,32,baseline,32,Gunpowder-Salt-packed-32-baseline-w32,3,1800,da16b0ff9dee334,cca09966566834658d2620f6fd5f06eaf2e3795760599a3c3aea76bb291f8ad2,-1,0,0,0,0.5,0.6,624.2,0,3,20,0,0,0,0,0,13824,0,0,True,,,
native-expanded,081-Gunpowder-Salt-packed-32-baseline-w32-s04,26,23,packed,32,baseline,32,Gunpowder-Salt-packed-32-baseline-w32,4,1800,b40f7115b204dc52,579f2fc08ba3ae9dd85514f0ca088fbddf96c632271e8fd8e8d284f7ae96b0b9,-1,0,0,0,0.4,0.5,430.5,0,3,20,0,0,0,0,0,13824,0,0,True,,,
native-expanded,082-Gunpowder-Sodium-packed-32-baseline-w32-s00,26,25,packed,32,baseline,32,Gunpowder-Sodium-packed-32-baseline-w32,0,1800,c9400035e264c06f,5cd954fd776a9ccfeb6fb029cfd1223de03772c394527be2c94b61d9d7924bb1,32,32,0,0,0.4,0.5,465,0,6,20,0,0,16384,0,0,112128,0,0,True,,,
native-expanded,082-Gunpowder-Sodium-packed-32-baseline-w32-s01,26,25,packed,32,baseline,32,Gunpowder-Sodium-packed-32-baseline-w32,1,1800,681b37708b6205e3,921d488318aaed3888b9fce0c067c68e35f22e00e869f19fa66acf085716c7e7,32,32,0,0,0.7,0.7,428.5,0,3,20,0,0,16384,0,0,125664,0,0,True,,,
native-expanded,082-Gunpowder-Sodium-packed-32-baseline-w32-s02,26,25,packed,32,baseline,32,Gunpowder-Sodium-packed-32-baseline-w32,2,1800,d7884d5bb555486a,177f6d8d3c9b0b687ce471f2b4c5b9642e2f1ab5f5437a03d5cf25a0f9d07e20,32,32,0,0,0.8,0.8,896.2,0,3,20,0,0,16384,0,0,130080,0,0,True,,,
native-expanded,082-Gunpowder-Sodium-packed-32-baseline-w32-s03,26,25,packed,32,baseline,32,Gunpowder-Sodium-packed-32-baseline-w32,3,1800,9b7dc99fe9286849,db6233fba38776fd50cc2bf86b15202984a5c373c508735247d3643089dfcd49,32,32,0,0,0.7,0.7,431.3,0,3,20,0,0,16384,0,0,112128,0,0,True,,,
native-expanded,082-Gunpowder-Sodium-packed-32-baseline-w32-s04,26,25,packed,32,baseline,32,Gunpowder-Sodium-packed-32-baseline-w32,4,1800,b586fcf1c459ed73,6c3cc2cb5c52737c48037c620459cb26ff6f193ea973b194bdbf923045034b17,32,32,0,0,0.7,0.7,429.4,0,3,20,0,0,16384,0,0,125664,0,0,True,,,
native-expanded,083-Gunpowder-Coal-packed-32-baseline-w32-s00,26,27,packed,32,baseline,32,Gunpowder-Coal-packed-32-baseline-w32,0,1800,bf20a27da016bc6f,51b4ae579021ec1c8289918aebf5d0955aaafd9cc968a1fb7bcf5ac63032c18f,32,32,0,0,0.4,0.5,496.3,0,6,20,0,0,16384,0,0,112128,0,0,True,,,
native-expanded,083-Gunpowder-Coal-packed-32-baseline-w32-s01,26,27,packed,32,baseline,32,Gunpowder-Coal-packed-32-baseline-w32,1,1800,145ac9e112473fe3,c06ba5da708df3fc1e465ca984695f79c054e3e0703119a2bb7396d6a84f3016,32,32,0,0,0.7,0.7,549.4,0,3,20,0,0,16384,0,0,125664,0,0,True,,,
native-expanded,083-Gunpowder-Coal-packed-32-baseline-w32-s02,26,27,packed,32,baseline,32,Gunpowder-Coal-packed-32-baseline-w32,2,1800,61364020a801626a,70e9b77ad7745f563d9bd062a8ebef870b8927503d7ace32b76fa9e2de1bb0b1,32,32,0,0,0.7,0.7,500.4,0,3,20,0,0,16384,0,0,130080,0,0,True,,,
native-expanded,083-Gunpowder-Coal-packed-32-baseline-w32-s03,26,27,packed,32,baseline,32,Gunpowder-Coal-packed-32-baseline-w32,3,1800,45e69e6c3644d049,def75c021b9a4401cd4ab7216ff12cb00e52fb19463c711013d41a1fb0596ea0,32,32,0,0,0.7,0.8,464.1,0,3,20,0,0,16384,0,0,112128,0,0,True,,,
native-expanded,083-Gunpowder-Coal-packed-32-baseline-w32-s04,26,27,packed,32,baseline,32,Gunpowder-Coal-packed-32-baseline-w32,4,1800,18eecc993a242773,312eabef3992498f961401f0db1f4fd8b1f9934cb002b974cde1358afde89778,32,32,0,0,0.7,0.7,556.5,0,3,20,0,0,16384,0,0,125664,0,0,True,,,
native-expanded,084-Gunpowder-Rust-packed-32-baseline-w32-s00,26,29,packed,32,baseline,32,Gunpowder-Rust-packed-32-baseline-w32,0,1800,8a51d73ff14b1e6f,0a6e16626013181833db5b1a49216fa741149c9dc98674b2438883ac0c190bc9,-1,0,0,0,0.4,0.5,435.5,0,6,20,0,0,0,0,0,13824,0,0,True,,,
native-expanded,084-Gunpowder-Rust-packed-32-baseline-w32-s01,26,29,packed,32,baseline,32,Gunpowder-Rust-packed-32-baseline-w32,1,1800,32ab46b38de5682e,687411247cc011645f01bc1c5e6f527eb90da633e6a3c9ba528be6332f4ec6bd,-1,0,0,0,0.4,0.5,371.6,0,3,20,0,0,0,0,0,13824,0,0,True,,,
native-expanded,084-Gunpowder-Rust-packed-32-baseline-w32-s02,26,29,packed,32,baseline,32,Gunpowder-Rust-packed-32-baseline-w32,2,1800,ae2285ba5f20c72f,540237ffacb209b42f64e0a16b295a5e9abe7daeb8c2e9035311f7e443555650,-1,0,0,0,0.4,0.5,375.8,0,3,20,0,0,0,0,0,13824,0,0,True,,,
native-expanded,084-Gunpowder-Rust-packed-32-baseline-w32-s03,26,29,packed,32,baseline,32,Gunpowder-Rust-packed-32-baseline-w32,3,1800,eedd70d90b982834,3cc60af1f3892057cc2422db494436645939d9e0f8cef54333c0ff9518cc64e6,-1,0,0,0,0.4,0.5,366.5,0,3,20,0,0,0,0,0,13824,0,0,True,,,
native-expanded,084-Gunpowder-Rust-packed-32-baseline-w32-s04,26,29,packed,32,baseline,32,Gunpowder-Rust-packed-32-baseline-w32,4,1800,d06746993d047452,c8075e6fddd83df58826fb846677c78fd034292c4570679da6936d4346f7e6da,-1,0,0,0,0.4,0.5,377.1,0,3,20,0,0,0,0,0,13824,0,0,True,,,
native-expanded,085-Coal-Sand-packed-32-baseline-w32-s00,27,2,packed,32,baseline,32,Coal-Sand-packed-32-baseline-w32,0,1800,43a43a1c21f964ef,e926232c0e7ed13568c9042b4277d5e30014fb073a0935890e8dd0e9ad74ed31,-1,0,0,0,0.4,0.5,382.8,0,6,20,0,0,0,0,0,13824,0,0,True,,,
native-expanded,085-Coal-Sand-packed-32-baseline-w32-s01,27,2,packed,32,baseline,32,Coal-Sand-packed-32-baseline-w32,1,1800,208dae1fdf5b48ee,1549471438e39e695f4f98fe0f8cafa4eff7e7c5af21e844674b7bfc67af3038,-1,0,0,0,0.4,0.5,468,0,3,20,0,0,0,0,0,13824,0,0,True,,,
native-expanded,085-Coal-Sand-packed-32-baseline-w32-s02,27,2,packed,32,baseline,32,Coal-Sand-packed-32-baseline-w32,2,1800,8ee493183b7742af,69c3d9a9a0ae912cd7c541114512575c651b939efd06392e30cec5fbc5735dd7,-1,0,0,0,0.4,0.5,349.8,0,3,20,0,0,0,0,0,13824,0,0,True,,,
native-expanded,085-Coal-Sand-packed-32-baseline-w32-s03,27,2,packed,32,baseline,32,Coal-Sand-packed-32-baseline-w32,3,1800,f520b6e0d7cbc5f4,76e53b88426a78cbbb66b5f8619d1824954d6b157ec62ece94a46a77ec14bcd7,-1,0,0,0,0.4,0.5,554,0,3,20,0,0,0,0,0,13824,0,0,True,,,
native-expanded,085-Coal-Sand-packed-32-baseline-w32-s04,27,2,packed,32,baseline,32,Coal-Sand-packed-32-baseline-w32,4,1800,848b28f399530052,c9a981f4c555302f8c194079a5356e0b3a1c6cae441da854388bdf98ca116e06,-1,0,0,0,0.4,0.5,356.1,0,3,20,0,0,0,0,0,13824,0,0,True,,,
native-expanded,086-Coal-Stone-packed-32-baseline-w32-s00,27,13,packed,32,baseline,32,Coal-Stone-packed-32-baseline-w32,0,1800,92339a3a00079cef,aeb9144b6f8c7bc8349d7b24e21f66de08e75b5a8f6dff3607fafe5990710e7c,-1,0,0,0,0.4,0.5,337.1,0,6,20,0,0,0,0,0,4890,0,0,True,,,
native-expanded,086-Coal-Stone-packed-32-baseline-w32-s01,27,13,packed,32,baseline,32,Coal-Stone-packed-32-baseline-w32,1,1800,cca23ca8286ceeae,bebf242cc7a1dc2c4a6d186ad3e39dfc48eafd9ec1927d14a571289474e0b52a,-1,0,0,0,0.4,0.5,303.6,0,3,20,0,0,0,0,0,4890,0,0,True,,,
native-expanded,086-Coal-Stone-packed-32-baseline-w32-s02,27,13,packed,32,baseline,32,Coal-Stone-packed-32-baseline-w32,2,1800,a8b9d5bf12fe94af,2afc12f518488937f102ba5398f342e7320a9df9703b36fbc162230af5358a5b,-1,0,0,0,0.4,0.5,302.4,0,3,20,0,0,0,0,0,4890,0,0,True,,,
native-expanded,086-Coal-Stone-packed-32-baseline-w32-s03,27,13,packed,32,baseline,32,Coal-Stone-packed-32-baseline-w32,3,1800,5128b6b4a0930f34,d9ca9ef6c7069dc594169fb00f7711fb364581274d490f2c244ec00603ef2590,-1,0,0,0,0.4,0.5,298.9,0,3,20,0,0,0,0,0,4890,0,0,True,,,
native-expanded,086-Coal-Stone-packed-32-baseline-w32-s04,27,13,packed,32,baseline,32,Coal-Stone-packed-32-baseline-w32,4,1800,591dd25882663f52,a8374b7900b7483a40122c63a554bdb6991b9efd6ad3b24a24f7ff653b4d1151,-1,0,0,0,0.4,0.5,301.7,0,3,20,0,0,0,0,0,4890,0,0,True,,,
native-expanded,087-Coal-Dust-packed-32-baseline-w32-s00,27,14,packed,32,baseline,32,Coal-Dust-packed-32-baseline-w32,0,1800,da9ba3dca5e9eeef,fd0c948bda3f631f9bf9f30c89a26d51c9c89900890451ddbb1abf7794d41cda,32,32,0,0,0.4,0.5,420.7,0,6,20,0,0,16384,0,0,112128,0,0,True,,,
native-expanded,087-Coal-Dust-packed-32-baseline-w32-s01,27,14,packed,32,baseline,32,Coal-Dust-packed-32-baseline-w32,1,1800,c11beac9be295423,58f14ec98c825f60013ee38cfd77a1a36ff9178d5e35c95c9a7d9fab2cc9cef1,32,32,0,0,0.7,0.8,474.1,0,3,20,0,0,16384,0,0,125664,0,0,True,,,
native-expanded,087-Coal-Dust-packed-32-baseline-w32-s02,27,14,packed,32,baseline,32,Coal-Dust-packed-32-baseline-w32,2,1800,8df6a9395299b16a,a39a52c851662dfb0c5a3af57dd033ea9c078c552315a66c7b908ebcd4207a84,32,32,0,0,0.7,0.7,390.4,0,3,20,0,0,16384,0,0,130080,0,0,True,,,
native-expanded,087-Coal-Dust-packed-32-baseline-w32-s03,27,14,packed,32,baseline,32,Coal-Dust-packed-32-baseline-w32,3,1800,f37eb9719062d009,0b5d2f8afc790d5f2954b32830e0b2cb6058617e97b909cc47d27a5f4803f1b7,32,32,0,0,0.7,0.7,476.5,0,3,20,0,0,16384,0,0,112128,0,0,True,,,
native-expanded,087-Coal-Dust-packed-32-baseline-w32-s04,27,14,packed,32,baseline,32,Coal-Dust-packed-32-baseline-w32,4,1800,acd48ddb60b2d4f3,5769a3f6926f8a093f5259116db02f34309ab924397e6ca0a39d01f74f3d68a0,32,32,0,0,0.7,0.7,394.2,0,3,20,0,0,16384,0,0,125664,0,0,True,,,
native-expanded,088-Coal-Seed-packed-32-baseline-w32-s00,27,19,packed,32,baseline,32,Coal-Seed-packed-32-baseline-w32,0,1800,886c6faa60f4eaef,5f48d273ccb0e33c258460f0ebf0f8e951f94ee12d62d263381cb91e1b689085,32,32,0,0,0.4,0.5,505.8,0,6,20,0,0,16384,0,0,112128,0,0,True,,,
native-expanded,088-Coal-Seed-packed-32-baseline-w32-s01,27,19,packed,32,baseline,32,Coal-Seed-packed-32-baseline-w32,1,1800,abf9a249ef493623,7bced6370bf43786f7ebbc444eb14b2a1da1db9710b0fa7c6645c9ee25682a80,32,32,0,0,0.7,0.7,436.5,0,3,20,0,0,16384,0,0,125664,0,0,True,,,
native-expanded,088-Coal-Seed-packed-32-baseline-w32-s02,27,19,packed,32,baseline,32,Coal-Seed-packed-32-baseline-w32,2,1800,d5aa225242676d6a,580c5690661ec96534b8defb725cc733812a7fb6a0f098b5dddc8361a99a8567,32,32,0,0,0.7,0.8,542.8,0,3,20,0,0,16384,0,0,130080,0,0,True,,,
native-expanded,088-Coal-Seed-packed-32-baseline-w32-s03,27,19,packed,32,baseline,32,Coal-Seed-packed-32-baseline-w32,3,1800,7e4ea0e146400e09,763429c71034a2f085e2fb1ecc6bf5a7ee0da2de34e62f1c94d3fd35eca9ffd6,32,32,0,0,0.7,0.8,650.5,0,3,20,0,0,16384,0,0,112128,0,0,True,,,
native-expanded,088-Coal-Seed-packed-32-baseline-w32-s04,27,19,packed,32,baseline,32,Coal-Seed-packed-32-baseline-w32,4,1800,bd99a3b72e2fdef3,a53e399669af2d0cb843eb0902d6c539bfca36c09de1354f2b863ea59c01d547,32,32,0,0,0.7,0.7,443.3,0,3,20,0,0,16384,0,0,125664,0,0,True,,,
native-expanded,089-Coal-Salt-packed-32-baseline-w32-s00,27,23,packed,32,baseline,32,Coal-Salt-packed-32-baseline-w32,0,1800,6aba90757679d4ef,4ce9cc08f502c7d940a4c49e3747878cfbde3675e899c8682a2f6e9d45af504c,-1,0,0,0,0.4,0.5,457.3,0,6,20,0,0,0,0,0,13824,0,0,True,,,
native-expanded,089-Coal-Salt-packed-32-baseline-w32-s01,27,23,packed,32,baseline,32,Coal-Salt-packed-32-baseline-w32,1,1800,77a854cbc9796c2e,5ed124b1dbca14aa51d4b065fd78e8f209ef69bd2d8dc967b4c3c8f6a1f1cfca,-1,0,0,0,0.4,0.5,415,0,3,20,0,0,0,0,0,13824,0,0,True,,,
native-expanded,089-Coal-Salt-packed-32-baseline-w32-s02,27,23,packed,32,baseline,32,Coal-Salt-packed-32-baseline-w32,2,1800,76912a1ab849392f,7a1c50c9962e9335967e7f7eded4959ad1bf2f36a72b425b5ea0a7e8cb414d50,-1,0,0,0,0.4,0.5,413.8,0,3,20,0,0,0,0,0,13824,0,0,True,,,
native-expanded,089-Coal-Salt-packed-32-baseline-w32-s03,27,23,packed,32,baseline,32,Coal-Salt-packed-32-baseline-w32,3,1800,650c73241cd1fcb4,13f78720c02ad72e582d1036590fb549dba6791e74928e884a2f8e1712c83e3b,-1,0,0,0,0.4,0.5,416.5,0,3,20,0,0,0,0,0,13824,0,0,True,,,
native-expanded,089-Coal-Salt-packed-32-baseline-w32-s04,27,23,packed,32,baseline,32,Coal-Salt-packed-32-baseline-w32,4,1800,395b94e66f3fd0d2,193bca09fdb0f34925b93b448382398c3a5c20f7725a0a5857cb50cb64607e05,-1,0,0,0,0.4,0.5,410.9,0,3,20,0,0,0,0,0,13824,0,0,True,,,
native-expanded,090-Coal-Sodium-packed-32-baseline-w32-s00,27,25,packed,32,baseline,32,Coal-Sodium-packed-32-baseline-w32,0,1800,94ec3f6e835f14ef,0a36868e7976f5b2b365717765e7c8790f3a707704d0cad2fd74580b6452a781,32,32,0,0,0.5,0.6,534.7,0,6,20,0,0,16384,0,0,112128,0,0,True,,,
native-expanded,090-Coal-Sodium-packed-32-baseline-w32-s01,27,25,packed,32,baseline,32,Coal-Sodium-packed-32-baseline-w32,1,1800,a0756593b32d2423,7a154b3b046a421e6117664e7b1e94c7277b45e067f10ec7eeba258a78d8c492,32,32,0,0,0.7,0.7,407.6,0,3,20,0,0,16384,0,0,125664,0,0,True,,,
native-expanded,090-Coal-Sodium-packed-32-baseline-w32-s02,27,25,packed,32,baseline,32,Coal-Sodium-packed-32-baseline-w32,2,1800,adff94ff5369fb6a,e24ee0341ac4328e7fcd9b2fb5504c8a680f434dea13b42c9f49f339947609e8,32,32,0,0,0.7,0.8,560.1,0,3,20,0,0,16384,0,0,130080,0,0,True,,,
native-expanded,090-Coal-Sodium-packed-32-baseline-w32-s03,27,25,packed,32,baseline,32,Coal-Sodium-packed-32-baseline-w32,3,1800,c59cb9758d65d409,fdbea29154f2b8acf26453898aeabc92b599fba0f13527be700bf19b29c41706,32,32,0,0,0.6,0.7,408,0,3,20,0,0,16384,0,0,112128,0,0,True,,,
native-expanded,090-Coal-Sodium-packed-32-baseline-w32-s04,27,25,packed,32,baseline,32,Coal-Sodium-packed-32-baseline-w32,4,1800,776359d06a187ef3,3e96e20b0e3a30c8b48f50cae14cc7cc73b7fb47f195cfa1d5c543ff75d846d0,32,32,0,0,0.7,0.7,505.3,0,3,20,0,0,16384,0,0,125664,0,0,True,,,
native-expanded,091-Coal-Gunpowder-packed-32-baseline-w32-s00,27,26,packed,32,baseline,32,Coal-Gunpowder-packed-32-baseline-w32,0,1800,6b1f1072e3ae4ef,43a89d40b44ddd2b82d60b29d4f825a185d202df0ec556329e70a73d37d98ced,-1,0,0,0,0.4,0.5,536.8,0,6,20,0,0,0,0,0,13824,0,0,True,,,
native-expanded,091-Coal-Gunpowder-packed-32-baseline-w32-s01,27,26,packed,32,baseline,32,Coal-Gunpowder-packed-32-baseline-w32,1,1800,afb1c2c57ab741ee,03d7855c05db4ba70e63f993fb78dedd287805384b99935314beeb4041bd1ab5,-1,0,0,0,0.4,0.5,494,0,3,20,0,0,0,0,0,13824,0,0,True,,,
native-expanded,091-Coal-Gunpowder-packed-32-baseline-w32-s02,27,26,packed,32,baseline,32,Coal-Gunpowder-packed-32-baseline-w32,2,1800,6a936846b73ef3af,8ece22fad4c72f8555330a5307432a5dc8ff4f1f88468aa27002e014d8265518,-1,0,0,0,0.4,0.5,486.8,0,3,20,0,0,0,0,0,13824,0,0,True,,,
native-expanded,091-Coal-Gunpowder-packed-32-baseline-w32-s03,27,26,packed,32,baseline,32,Coal-Gunpowder-packed-32-baseline-w32,3,1800,67549f6fdac115f4,9fb432031b3c255d5027130c2db93a58c8dc3def8cc2a0e735302d620ec1809c,-1,0,0,0,0.5,0.6,613.4,0,3,20,0,0,0,0,0,13824,0,0,True,,,
native-expanded,091-Coal-Gunpowder-packed-32-baseline-w32-s04,27,26,packed,32,baseline,32,Coal-Gunpowder-packed-32-baseline-w32,4,1800,965fe9e2b6e6d252,d3bc6bbd418990b12ccdd081b87ab42ce163a088dcf5f2583fad4aa7b810d169,-1,0,0,0,0.4,0.5,508.5,0,3,20,0,0,0,0,0,13824,0,0,True,,,
native-expanded,092-Coal-Rust-packed-32-baseline-w32-s00,27,29,packed,32,baseline,32,Coal-Rust-packed-32-baseline-w32,0,1800,19021b0aed71cef,39b7a0549c04f22f116f69b03ddc4533cd6e7e5195794f3b1e43f64d69209705,-1,0,0,0,0.4,0.5,384.3,0,6,20,0,0,0,0,0,13824,0,0,True,,,
native-expanded,092-Coal-Rust-packed-32-baseline-w32-s01,27,29,packed,32,baseline,32,Coal-Rust-packed-32-baseline-w32,1,1800,54032d965358aeae,51f2ebbcf1bb8d865a8d142b1f040b9c05dccf7a5bba90a543d8212cefca77e5,-1,0,0,0,0.4,0.5,352.2,0,3,20,0,0,0,0,0,13824,0,0,True,,,
native-expanded,092-Coal-Rust-packed-32-baseline-w32-s02,27,29,packed,32,baseline,32,Coal-Rust-packed-32-baseline-w32,2,1800,c5147d8e3d197eaf,191b610f54b78756af3792d883e61cf2c62d447fb32c2a4807b4824dca5df7c5,-1,0,0,0,0.5,1.6,538.3,0,3,20,0,0,0,0,0,13824,0,0,True,,,
native-expanded,092-Coal-Rust-packed-32-baseline-w32-s03,27,29,packed,32,baseline,32,Coal-Rust-packed-32-baseline-w32,3,1800,256b5d484065a5b4,c863c9df02f0d745df4447a47c446891536000c64728f8cd19adc69b385949df,-1,0,0,0,0.4,0.5,348.3,0,3,20,0,0,0,0,0,13824,0,0,True,,,
native-expanded,092-Coal-Rust-packed-32-baseline-w32-s04,27,29,packed,32,baseline,32,Coal-Rust-packed-32-baseline-w32,4,1800,b9af33f28e88cad2,ae6fd87d74d5a66d97720ce158f5687518833f9be72126ff8fbc1f0fc3ad49ca,-1,0,0,0,0.5,0.6,345.7,0,3,20,0,0,0,0,0,13824,0,0,True,,,
native-expanded,093-Rust-Stone-packed-32-baseline-w32-s00,29,13,packed,32,baseline,32,Rust-Stone-packed-32-baseline-w32,0,1800,599568318eb648ef,07b0f5f3e11892d8a6c9522a3452f4f1b84b848b49f400a21d8dfaefc12910a2,32,32,0,0,0.4,0.5,285,0,6,20,0,0,16384,0,0,8828,0,0,True,,,
native-expanded,093-Rust-Stone-packed-32-baseline-w32-s01,29,13,packed,32,baseline,32,Rust-Stone-packed-32-baseline-w32,1,1800,2562c2e78cee8723,7a2a041c82415c11ce98c36c15dd1c5f7b1bd4db080b323546aec744055d3eee,32,32,0,0,0.7,0.7,248.1,0,3,20,0,0,16384,0,0,13982,0,0,True,,,
native-expanded,093-Rust-Stone-packed-32-baseline-w32-s02,29,13,packed,32,baseline,32,Rust-Stone-packed-32-baseline-w32,2,1800,c224549ed5646a,b7e85fab8a909fc21eb63af60a604aa09110d9768617ae623ffb05fb94f00a80,32,32,0,0,0.7,0.7,484.8,0,3,20,0,0,16384,0,0,16028,0,0,True,,,
native-expanded,093-Rust-Stone-packed-32-baseline-w32-s03,29,13,packed,32,baseline,32,Rust-Stone-packed-32-baseline-w32,3,1800,4557c8dd43f01589,6ff8270f62a6539fc3dfa89658ff2f35fef500d9e338eb82884a1f8468f4511f,32,32,0,0,0.7,0.7,251.4,0,3,20,0,0,16384,0,0,8858,0,0,True,,,
native-expanded,093-Rust-Stone-packed-32-baseline-w32-s04,29,13,packed,32,baseline,32,Rust-Stone-packed-32-baseline-w32,4,1800,f07b70ee3dc7a6f3,97e0804e4a89095f0ce4732a6474024b645fd9d4a0ba169b5b5d99a318a0a039,32,32,0,0,0.7,0.7,251.6,0,3,20,0,0,16384,0,0,13982,0,0,True,,,
native-expanded,094-Rust-Dust-packed-32-baseline-w32-s00,29,14,packed,32,baseline,32,Rust-Dust-packed-32-baseline-w32,0,1800,bbd02d8ac33c0aef,4c0ef1827756b9f7bddc5ccc4e0ed819774f5566a545982bd153d96a85f2d985,32,32,0,0,0.4,0.5,515.6,0,6,20,0,0,16384,0,0,112128,0,0,True,,,
native-expanded,094-Rust-Dust-packed-32-baseline-w32-s01,29,14,packed,32,baseline,32,Rust-Dust-packed-32-baseline-w32,1,1800,a0b5071a2656f23,cdaeedb5a661c530994b2415cce62ce9701d559b35d58970d33200de8dd0b396,32,32,0,0,0.7,0.7,340.5,0,3,20,0,0,16384,0,0,125664,0,0,True,,,
native-expanded,094-Rust-Dust-packed-32-baseline-w32-s02,29,14,packed,32,baseline,32,Rust-Dust-packed-32-baseline-w32,2,1800,5a4b30ca4b61066a,91e93b16e7c1d9f89e9e09392e6dbffed6b9cc7ea3062da4064a3874bb405733,32,32,0,0,0.7,0.7,338,0,3,20,0,0,16384,0,0,130080,0,0,True,,,
native-expanded,094-Rust-Dust-packed-32-baseline-w32-s03,29,14,packed,32,baseline,32,Rust-Dust-packed-32-baseline-w32,3,1800,daea19212c78e589,902dba3d0829188be981313683544ddebd54b543236c3e512f1905c0a12522df,32,32,0,0,0.7,0.7,340.9,0,3,20,0,0,16384,0,0,112128,0,0,True,,,
native-expanded,094-Rust-Dust-packed-32-baseline-w32-s04,29,14,packed,32,baseline,32,Rust-Dust-packed-32-baseline-w32,4,1800,14361dcff5d55cf3,8606f80e33251c71a954a4a01da2fb5a961e5116145d3fa91424b3862d90f5fe,32,32,0,0,0.7,0.8,336.6,0,3,20,0,0,16384,0,0,125664,0,0,True,,,
native-expanded,095-Rust-Seed-packed-32-baseline-w32-s00,29,19,packed,32,baseline,32,Rust-Seed-packed-32-baseline-w32,0,1800,69a0f9587e4706ef,24369f94b361e75fcee03cecc25917346cc0742a579e67e55e0fbb84657cf520,32,32,0,0,0.4,0.5,598.6,0,6,20,0,0,16384,0,0,112128,0,0,True,,,
native-expanded,095-Rust-Seed-packed-32-baseline-w32-s01,29,19,packed,32,baseline,32,Rust-Seed-packed-32-baseline-w32,1,1800,f4e907f1d3855123,b6388c588255cba4f22fd76bc25d14a3ad465868a117d319b63ca938e8445e02,32,32,0,0,0.7,0.7,614.6,0,3,20,0,0,16384,0,0,125664,0,0,True,,,
native-expanded,095-Rust-Seed-packed-32-baseline-w32-s02,29,19,packed,32,baseline,32,Rust-Seed-packed-32-baseline-w32,2,1800,a1fea9e33b2ec26a,32d179ff77e662c19f863297d95ab01972352c885f21ed116b47d6c31ab8301b,32,32,0,0,0.7,0.7,399,0,3,20,0,0,16384,0,0,130080,0,0,True,,,
native-expanded,095-Rust-Seed-packed-32-baseline-w32-s03,29,19,packed,32,baseline,32,Rust-Seed-packed-32-baseline-w32,3,1800,65ba0090e2562389,99dee2dcf2b2067867b8a65d5218c02417a5d461825771974d42bd676552b7d3,32,32,0,0,0.7,0.7,398.7,0,3,20,0,0,16384,0,0,112128,0,0,True,,,
native-expanded,095-Rust-Seed-packed-32-baseline-w32-s04,29,19,packed,32,baseline,32,Rust-Seed-packed-32-baseline-w32,4,1800,24fb33abc35266f3,ed43e7b6c9f3b67a0eca957084fa8b8e74571c9294f0469e13c534a602b19811,32,32,0,0,0.7,0.8,391.6,0,3,20,0,0,16384,0,0,125664,0,0,True,,,
native-expanded,096-Rust-Salt-packed-32-baseline-w32-s00,29,23,packed,32,baseline,32,Rust-Salt-packed-32-baseline-w32,0,1800,b36c84fbb0b3a0ef,6f2f3dce48c459eb35de3e0e288c88c19a83854f56e260eb1cc55197af281280,32,32,0,0,0.4,0.5,394.6,0,6,20,0,0,16384,0,0,112128,0,0,True,,,
native-expanded,096-Rust-Salt-packed-32-baseline-w32-s01,29,23,packed,32,baseline,32,Rust-Salt-packed-32-baseline-w32,1,1800,c807ae7307d25323,f4c5fc2c811342328251643d727059fc6ca98dd7f56398c9b6119dde7132a7c9,32,32,0,0,0.6,0.7,367.2,0,3,20,0,0,16384,0,0,125664,0,0,True,,,
native-expanded,096-Rust-Salt-packed-32-baseline-w32-s02,29,23,packed,32,baseline,32,Rust-Salt-packed-32-baseline-w32,2,1800,5bd98162569d6e6a,e01487e1ed41a9b273ae6e49de5267ea68b6413edd98403e8a51c89b6e0d298b,32,32,0,0,0.7,0.7,352.2,0,3,20,0,0,16384,0,0,130080,0,0,True,,,
native-expanded,096-Rust-Salt-packed-32-baseline-w32-s03,29,23,packed,32,baseline,32,Rust-Salt-packed-32-baseline-w32,3,1800,3cb333347744e389,9159d8169c6aaccae1c2b8f1c84c3a9cdac3f9c9698e742c5377bedfbb3db95a,32,32,0,0,0.7,0.8,358.9,0,3,20,0,0,16384,0,0,112128,0,0,True,,,
native-expanded,096-Rust-Salt-packed-32-baseline-w32-s04,29,23,packed,32,baseline,32,Rust-Salt-packed-32-baseline-w32,4,1800,79d8f4a191dd7ef3,554d223ebb938d66c7aff7ef7229c8b655c76441adaebd5d777d9decd90993c2,32,32,0,0,0.7,0.8,439.4,0,3,20,0,0,16384,0,0,125664,0,0,True,,,
native-expanded,097-Rust-Sodium-packed-32-baseline-w32-s00,29,25,packed,32,baseline,32,Rust-Sodium-packed-32-baseline-w32,0,1800,7620c91ca0b130ef,91d83e931a437a9062565bfda6f4fe43e5710efa07f68bf60d51dc3a3c4a7107,32,32,0,0,0.4,0.5,397,0,6,20,0,0,16384,0,0,112128,0,0,True,,,
native-expanded,097-Rust-Sodium-packed-32-baseline-w32-s01,29,25,packed,32,baseline,32,Rust-Sodium-packed-32-baseline-w32,1,1800,e964cb3b97693f23,c760eb3165ddff8165ce1aabf2ebdd55ec0afeb60135149c92d4da9c3a83ea2c,32,32,0,0,0.7,0.7,459.5,0,3,20,0,0,16384,0,0,125664,0,0,True,,,
native-expanded,097-Rust-Sodium-packed-32-baseline-w32-s02,29,25,packed,32,baseline,32,Rust-Sodium-packed-32-baseline-w32,2,1800,7a541c904c31506a,8739fc5ad4e4eb1bdfbbda92b0e99f6329786f3357a3adbe202ddfb01ae990f3,32,32,0,0,0.7,0.7,357.9,0,3,20,0,0,16384,0,0,130080,0,0,True,,,
native-expanded,097-Rust-Sodium-packed-32-baseline-w32-s03,29,25,packed,32,baseline,32,Rust-Sodium-packed-32-baseline-w32,3,1800,ad081925297be989,30d7cc236710f9f757183438cf008042cfc5657e6d9a97d234da998bf704e5ce,32,32,0,0,0.7,0.7,357.9,0,3,20,0,0,16384,0,0,112128,0,0,True,,,
native-expanded,097-Rust-Sodium-packed-32-baseline-w32-s04,29,25,packed,32,baseline,32,Rust-Sodium-packed-32-baseline-w32,4,1800,dec4e9c4ff3b06f3,7d81be68c6d7e7649f9d1ee42fd328fa133151808f03264e40198959a66c217d,32,32,0,0,0.7,0.7,364.9,0,3,20,0,0,16384,0,0,125664,0,0,True,,,
native-expanded,098-Rust-Gunpowder-packed-32-baseline-w32-s00,29,26,packed,32,baseline,32,Rust-Gunpowder-packed-32-baseline-w32,0,1800,8918e05178b9e2ef,94f1d185c7ca25a0c55e9350f6e6d57bc088f4c002005832d30c1b46cc65f9d7,32,32,0,0,0.4,0.5,569.8,0,6,20,0,0,16384,0,0,112128,0,0,True,,,
native-expanded,098-Rust-Gunpowder-packed-32-baseline-w32-s01,29,26,packed,32,baseline,32,Rust-Gunpowder-packed-32-baseline-w32,1,1800,1fa420c823546d23,2a33a51c658c83e268a9e3bb315a20563b7e4559deecc0051ab949361e0204e1,32,32,0,0,0.7,0.7,439.1,0,3,20,0,0,16384,0,0,125664,0,0,True,,,
native-expanded,098-Rust-Gunpowder-packed-32-baseline-w32-s02,29,26,packed,32,baseline,32,Rust-Gunpowder-packed-32-baseline-w32,2,1800,5abf8664c9e9a26a,19960359d91c97509c128525ecda08243f7eb6e3aa26cf1cd286cfca9f283c80,32,32,0,0,0.7,0.7,436.4,0,3,20,0,0,16384,0,0,130080,0,0,True,,,
native-expanded,098-Rust-Gunpowder-packed-32-baseline-w32-s03,29,26,packed,32,baseline,32,Rust-Gunpowder-packed-32-baseline-w32,3,1800,fe0f8ed7baec5789,0c6598b11e1c3731e3e01c0da448ded8802fc43c2f7d94d65844f8899f9120b8,32,32,0,0,0.7,0.7,444.7,0,3,20,0,0,16384,0,0,112128,0,0,True,,,
native-expanded,098-Rust-Gunpowder-packed-32-baseline-w32-s04,29,26,packed,32,baseline,32,Rust-Gunpowder-packed-32-baseline-w32,4,1800,15fab9736e01aef3,73230f00c805e3234c2249478e401fa399503e961738279c0ad23a5328a49eb2,32,32,0,0,0.7,1.1,576.2,0,3,20,0,0,16384,0,0,125664,0,0,True,,,
native-expanded,099-Rust-Coal-packed-32-baseline-w32-s00,29,27,packed,32,baseline,32,Rust-Coal-packed-32-baseline-w32,0,1800,6c016b645e632cef,6579c854b4b6bbf94eda4d093bd5b65c43431d3e96fdc14fdfbb9bf550963aee,32,32,0,0,0.4,0.5,424.7,0,6,20,0,0,16384,0,0,112128,0,0,True,,,
native-expanded,099-Rust-Coal-packed-32-baseline-w32-s01,29,27,packed,32,baseline,32,Rust-Coal-packed-32-baseline-w32,1,1800,95a45dac1e4e7923,ec407c126e6cdc30efa238ca7e4c8da89682e62a10f4559b4f0bae08366e79e8,32,32,0,0,0.7,0.8,488.3,0,3,20,0,0,16384,0,0,125664,0,0,True,,,
native-expanded,099-Rust-Coal-packed-32-baseline-w32-s02,29,27,packed,32,baseline,32,Rust-Coal-packed-32-baseline-w32,2,1800,4020f553edd6a6a,65610d0619c9ab515b81b23da4d7b26ffec1f2c967f8deafb47a15e6c65243bc,32,32,0,0,0.7,0.7,481,0,3,20,0,0,16384,0,0,130080,0,0,True,,,
native-expanded,099-Rust-Coal-packed-32-baseline-w32-s03,29,27,packed,32,baseline,32,Rust-Coal-packed-32-baseline-w32,3,1800,5770edf176985189,96b26ccb9461a8c34d1fb3251e4f4f10ce538ab043438720e836d1f10b62c053,32,32,0,0,0.6,0.7,411.1,0,3,20,0,0,16384,0,0,112128,0,0,True,,,
native-expanded,099-Rust-Coal-packed-32-baseline-w32-s04,29,27,packed,32,baseline,32,Rust-Coal-packed-32-baseline-w32,4,1800,422cb96c750540f3,164678b3c2b63b90d498c34c4158cd2dd500d73b61932fa57d0cda407ffd8526,32,32,0,0,0.6,0.7,400.3,0,3,20,0,0,16384,0,0,125664,0,0,True,,,
native-expanded,100-Sand-Dust-holes-32-baseline-w32-s00,2,14,holes,32,baseline,32,Sand-Dust-holes-32-baseline-w32,0,1800,7bbc28ec4a53c325,7e51f43a9df1ed5364ddf0f912f62863a74ef504ebed88369d6179675d03e6f5,32,32,0,0,0.4,0.5,438.7,0,6,20,0,2838,14896,0,0,98826,0,0,True,,,
native-expanded,100-Sand-Dust-holes-32-baseline-w32-s01,2,14,holes,32,baseline,32,Sand-Dust-holes-32-baseline-w32,1,1800,219b497885e84a8b,8c7278e83886b45d353c0f1bbb1dbe830f0ff3ce30f73cd2efe21a63f88225da,32,32,0,0,0.7,1.3,336.2,0,3,20,0,2829,14896,0,0,111528,0,0,True,,,
native-expanded,100-Sand-Dust-holes-32-baseline-w32-s02,2,14,holes,32,baseline,32,Sand-Dust-holes-32-baseline-w32,2,1800,9054ba88c66a12a3,493fc4eba719fbb705d2b1e0f446084593c65fe26b7ac7830cf5d5931917179f,32,32,0,0,0.7,0.7,417.4,0,3,20,0,2853,14896,0,0,115803,0,0,True,,,
native-expanded,100-Sand-Dust-holes-32-baseline-w32-s03,2,14,holes,32,baseline,32,Sand-Dust-holes-32-baseline-w32,3,1800,5283574fb458f5e7,bac6f614be76a7245ab3fe1887529d0ce7230d2c8545ef8cce35e7a4824c7640,32,32,0,0,0.7,0.7,341.4,0,3,20,0,2850,14896,0,0,98793,0,0,True,,,
native-expanded,100-Sand-Dust-holes-32-baseline-w32-s04,2,14,holes,32,baseline,32,Sand-Dust-holes-32-baseline-w32,4,1800,82e99305e9e8995b,dd6a56793e079c360fc62b1f7e53b81be38c2764d8b1c113481c0f68da45e1f5,32,32,0,0,0.7,0.7,343.3,0,3,20,0,2841,14896,0,0,111511,0,0,True,,,
native-expanded,101-Sand-Dust-slope-32-baseline-w32-s00,2,14,slope,32,baseline,32,Sand-Dust-slope-32-baseline-w32,0,1800,c36a3be1879d2c58,756568d2b9f214d426e7bc7021e6da3e483f9bc19178b96d431e17f7c7e53863,32,32,0,0,0.4,0.5,356.4,0,6,20,0,1792,14592,0,0,100368,0,0,True,,,
native-expanded,101-Sand-Dust-slope-32-baseline-w32-s01,2,14,slope,32,baseline,32,Sand-Dust-slope-32-baseline-w32,1,1800,dd5b29a670625962,b8de9eb347ba68be53253539043817e800f9e20e932b20ef1850319dcc0d064b,32,32,0,0,0.7,0.7,421.1,0,3,20,0,1792,14592,0,0,112896,0,0,True,,,
native-expanded,101-Sand-Dust-slope-32-baseline-w32-s02,2,14,slope,32,baseline,32,Sand-Dust-slope-32-baseline-w32,2,1800,8cb480e367542469,81059a758b3a46ffe5f02784187444e3368eb80756c74fbfb091c9d4a7987360,32,32,0,0,0.7,0.7,333.5,0,3,20,0,1792,14592,0,0,116976,0,0,True,,,
native-expanded,101-Sand-Dust-slope-32-baseline-w32-s03,2,14,slope,32,baseline,32,Sand-Dust-slope-32-baseline-w32,3,1800,337d4a0ec5646c1a,fb2060c8c8867b0154eedf0631dad702fe767221c0322d8cc43321b3a641b320,32,32,0,0,0.7,0.7,324.2,0,3,20,0,1792,14592,0,0,100368,0,0,True,,,
native-expanded,101-Sand-Dust-slope-32-baseline-w32-s04,2,14,slope,32,baseline,32,Sand-Dust-slope-32-baseline-w32,4,1800,5b6f26808a1e2562,2dd8808f52fd117c75dab6173da5e3ea386210072fa334999bde6dc1449b9aef,32,32,0,0,0.7,0.7,316.8,0,3,20,0,1792,14592,0,0,112896,0,0,True,,,
native-expanded,102-Sand-Dust-unsupported-32-baseline-w32-s00,2,14,unsupported,32,baseline,32,Sand-Dust-unsupported-32-baseline-w32,0,1800,56593fabc5d8cc48,386fc28643c1ce75073c50ce97911a3c4de579ddbb4cf8bbfcc8c72314eaadb9,32,32,0,0,0.4,0.5,355,0,6,20,0,2048,14336,0,0,98688,0,0,True,,,
native-expanded,102-Sand-Dust-unsupported-32-baseline-w32-s01,2,14,unsupported,32,baseline,32,Sand-Dust-unsupported-32-baseline-w32,1,1800,7aa314b55324d392,4d00d4fbd3d3b865ece0062c15473a551b50d7cb5ec58700d63dbbfcb49a7b82,32,32,0,0,0.7,0.8,316.4,0,3,20,0,2048,14336,0,0,111072,0,0,True,,,
native-expanded,102-Sand-Dust-unsupported-32-baseline-w32-s02,2,14,unsupported,32,baseline,32,Sand-Dust-unsupported-32-baseline-w32,2,1800,aa41e58769ff9539,e5ac4e06d1e3b14c37864b3297363c208e196b4a46701ed9f7a6532b8a08c579,32,32,0,0,0.7,0.7,315.9,0,3,20,0,2048,14336,0,0,115104,0,0,True,,,
native-expanded,102-Sand-Dust-unsupported-32-baseline-w32-s03,2,14,unsupported,32,baseline,32,Sand-Dust-unsupported-32-baseline-w32,3,1800,58b0ecdb767237ca,ae1a863013521ea44b9883450358edd7891635ca6a9d25493033c098ebb7d6ee,32,32,0,0,0.7,0.8,327,0,3,20,0,2048,14336,0,0,98688,0,0,True,,,
native-expanded,102-Sand-Dust-unsupported-32-baseline-w32-s04,2,14,unsupported,32,baseline,32,Sand-Dust-unsupported-32-baseline-w32,4,1800,c85aeee04de48ad2,e60c34f202ef231d7bfe304c2070644d4c1b01c2cdd8e1169d50fd7ef7e460ca,32,32,0,0,0.7,0.8,376.4,0,3,20,0,2048,14336,0,0,111072,0,0,True,,,
native-expanded,103-Sand-Dust-granular-32-baseline-w32-s00,2,14,granular,32,baseline,32,Sand-Dust-granular-32-baseline-w32,0,1800,9e104c0207cbd5ef,bfa9fc884b5040c8f16b2823e633cec4fce07572f23bf96b841dc554936f7cf2,32,32,0,0,0.4,0.5,368.2,0,6,20,0,0,16384,0,0,112128,0,0,True,,,
native-expanded,103-Sand-Dust-granular-32-baseline-w32-s01,2,14,granular,32,baseline,32,Sand-Dust-granular-32-baseline-w32,1,1800,1d0fc3407ac161a3,b09fce81085c945dd64db39d3c086a09a1dd2f064a9e8ec89bca748d2714bcdc,32,32,0,0,0.6,0.7,332.2,0,3,20,0,0,16384,0,0,125664,0,0,True,,,
native-expanded,103-Sand-Dust-granular-32-baseline-w32-s02,2,14,granular,32,baseline,32,Sand-Dust-granular-32-baseline-w32,2,1800,81e693396cdbcc6a,ac4bb65a71317c2d347d4afb7817536bd01ac3367f8a9318563f9c9579217524,32,32,0,0,0.7,0.7,332.4,0,3,20,0,0,16384,0,0,130080,0,0,True,,,
native-expanded,103-Sand-Dust-granular-32-baseline-w32-s03,2,14,granular,32,baseline,32,Sand-Dust-granular-32-baseline-w32,3,1800,811a268666ab589,bacab8d611ad2acdd49d22f64e2c7da60952736c67bc72dc338ba4858f09c9d9,32,32,0,0,0.6,0.8,335.9,0,3,20,0,0,16384,0,0,112128,0,0,True,,,
native-expanded,103-Sand-Dust-granular-32-baseline-w32-s04,2,14,granular,32,baseline,32,Sand-Dust-granular-32-baseline-w32,4,1800,82d102dc343552f3,4c2daedac3fde5454b6948475a2a84bba66898a11a91b39da09a58bc899cbc89,32,32,0,0,0.7,0.7,336.6,0,3,20,0,0,16384,0,0,125664,0,0,True,,,
native-expanded,104-Stone-Sand-holes-32-baseline-w32-s00,13,2,holes,32,baseline,32,Stone-Sand-holes-32-baseline-w32,0,1800,fb4d96f0e7bc729,95b6fa7d3b3cd79e1490022c0be67ec55127712feea2ebb776c4c7d0a88d49e5,32,32,30,0,0.4,334.6,369.2,0,6,20,0,2838,15710,0,0,700775,0,0,True,,,
native-expanded,104-Stone-Sand-holes-32-baseline-w32-s01,13,2,holes,32,baseline,32,Stone-Sand-holes-32-baseline-w32,1,1800,e5af7d51b2ea1dbf,057a2ffd957bbca0381806ce232986428dc8718cb8446880be77407049ef7098,32,32,36,0,0.7,243.8,346.5,0,3,20,0,2828,15176,0,0,708979,0,0,True,,,
native-expanded,104-Stone-Sand-holes-32-baseline-w32-s02,13,2,holes,32,baseline,32,Stone-Sand-holes-32-baseline-w32,2,1800,cb20e6e1362fd01f,9798c2a00f88924c2b967203d60d7b3f508615d711250f7bc37d6b25cefb962b,32,32,33,0,0.7,244.8,510.2,0,3,20,0,2853,15476,0,0,721320,0,0,True,,,
native-expanded,104-Stone-Sand-holes-32-baseline-w32-s03,13,2,holes,32,baseline,32,Stone-Sand-holes-32-baseline-w32,3,1800,9930f9e0a31c3aff,185e374801e8bd41d1a8114e1249bf2eb72310b2055a750a2a0185f6a3896eb9,32,32,30,0,0.7,243.6,278.9,0,3,20,0,2850,15709,0,0,700641,0,0,True,,,
native-expanded,104-Stone-Sand-holes-32-baseline-w32-s04,13,2,holes,32,baseline,32,Stone-Sand-holes-32-baseline-w32,4,1800,33f311482c525993,05bf28e137be0882076eed9d5b598a6c69dbe3a3ba5b8dd458d2f072c83ff381,32,32,37,0,0.7,247.1,347.7,0,3,20,0,2840,15106,0,0,709207,0,0,True,,,
native-expanded,105-Stone-Sand-slope-32-baseline-w32-s00,13,2,slope,32,baseline,32,Stone-Sand-slope-32-baseline-w32,0,1800,949c18477a7d1290,af2a92903d3d65b71808d5578212be17392835cc795aa417710a514fed6d048c,32,32,30,0,0.4,279.1,300,0,6,20,0,1810,15663,0,0,689824,0,0,True,,,
native-expanded,105-Stone-Sand-slope-32-baseline-w32-s01,13,2,slope,32,baseline,32,Stone-Sand-slope-32-baseline-w32,1,1800,e1636bdb835d956a,2c484dfd110e61717d7da6320eea1f2f84c0c10bf2622e886014583491f0cf62,32,32,36,0,0.7,297.6,414.5,0,3,20,0,1812,15122,0,0,698008,0,0,True,,,
native-expanded,105-Stone-Sand-slope-32-baseline-w32-s02,13,2,slope,32,baseline,32,Stone-Sand-slope-32-baseline-w32,2,1800,ce343d42d87e6979,632b897d6e661d7ddd963a3a679f53b0f9e239ae74285857a3a569e1fb9477b0,32,32,33,0,0.7,234,263.1,0,3,20,0,1810,15409,0,0,709959,0,0,True,,,
native-expanded,105-Stone-Sand-slope-32-baseline-w32-s03,13,2,slope,32,baseline,32,Stone-Sand-slope-32-baseline-w32,3,1800,a7330ba5810ec10e,400123f843c2083ecc7d206324f2403e74cce45e87a540ccfb563c254b888106,32,32,30,0,0.7,239.8,277.6,0,3,20,0,1812,15670,0,0,689708,0,0,True,,,
native-expanded,105-Stone-Sand-slope-32-baseline-w32-s04,13,2,slope,32,baseline,32,Stone-Sand-slope-32-baseline-w32,4,1800,de7f9369086a1e1a,7a59f7fb77f4aa9560b218f9deb2f5872fadba36be405798f1ee1ab2bbf5bc9a,32,32,37,0,0.7,244.8,264.8,0,3,20,0,1810,15045,0,0,698247,0,0,True,,,
native-expanded,106-Stone-Sand-unsupported-32-baseline-w32-s00,13,2,unsupported,32,baseline,32,Stone-Sand-unsupported-32-baseline-w32,0,1800,a9cac6662cf31ab8,3b4d30b3885ec3f935d7a88e7ec723eb0db6170bbda9be4c64156d4e8e0ce283,32,32,30,0,0.4,277.2,339.1,0,6,20,0,2047,15628,0,0,677647,0,0,True,,,
native-expanded,106-Stone-Sand-unsupported-32-baseline-w32-s01,13,2,unsupported,32,baseline,32,Stone-Sand-unsupported-32-baseline-w32,1,1800,8f5d6254da2eaabe,7e02f16138d15fc02c07d715ba55edd216f7bdd145cf18ab483b75204f3eb94e,32,32,36,0,0.7,239.7,259.6,0,3,20,0,2047,15080,0,0,685768,0,0,True,,,
native-expanded,106-Stone-Sand-unsupported-32-baseline-w32-s02,13,2,unsupported,32,baseline,32,Stone-Sand-unsupported-32-baseline-w32,2,1800,dcaa2eaefa31745,e35371ec9df6e3aa42d7089ef3fd78add4e47b55d62bce126741e0faaa7c6536,32,32,33,0,0.7,238.1,444.4,0,3,20,0,2047,15380,0,0,697533,0,0,True,,,
native-expanded,106-Stone-Sand-unsupported-32-baseline-w32-s03,13,2,unsupported,32,baseline,32,Stone-Sand-unsupported-32-baseline-w32,3,1800,a352240ec6985092,1feef22fde9c99e3fcc4eaac70b4b9acba4a7158350eb689af1572a58ec285dd,32,32,30,0,0.7,237.3,264.8,0,3,20,0,2047,15628,0,0,677516,0,0,True,,,
native-expanded,106-Stone-Sand-unsupported-32-baseline-w32-s04,13,2,unsupported,32,baseline,32,Stone-Sand-unsupported-32-baseline-w32,4,1800,1a0dd0af531b3fc2,e7392c7d859b73d9e8732f192737668a317b099179e913e3fbecdbe9834b8d3b,32,32,37,0,0.7,240.5,268.7,0,3,20,0,2047,15010,0,0,685997,0,0,True,,,
native-expanded,107-Stone-Sand-granular-32-baseline-w32-s00,13,2,granular,32,baseline,32,Stone-Sand-granular-32-baseline-w32,0,1800,5318a444cc334c6f,60e2d3289a3fac8cf05db1618a8fdb7c1832ed8869fa9f380e96662c81568a8f,32,32,0,0,0.4,0.5,337.5,0,6,20,0,0,16384,0,0,109056,0,0,True,,,
native-expanded,107-Stone-Sand-granular-32-baseline-w32-s01,13,2,granular,32,baseline,32,Stone-Sand-granular-32-baseline-w32,1,1800,32a96f2b2f23e123,6aee2dedf2093ee235981a12a41fdd3a3309caf5abc576de4b4245362a6cafb5,32,32,0,0,0.7,0.7,309.3,0,3,20,0,0,16384,0,0,119520,0,0,True,,,
native-expanded,107-Stone-Sand-granular-32-baseline-w32-s02,13,2,granular,32,baseline,32,Stone-Sand-granular-32-baseline-w32,2,1800,dc08b73c5b2cfd6a,44e94cd3ea0c7488ce9d2f96e5bb02f5ae4725009956c1b13f538da58d63a99e,32,32,0,0,0.7,0.7,304.3,0,3,20,0,0,16384,0,0,122912,0,0,True,,,
native-expanded,107-Stone-Sand-granular-32-baseline-w32-s03,13,2,granular,32,baseline,32,Stone-Sand-granular-32-baseline-w32,3,1800,b65c2a18438b9849,4582e579a1462de48f2ecba6f31b91c69d43edde5aa63992bb90cdbd175673bf,32,32,0,0,0.7,0.7,306.9,0,3,20,0,0,16384,0,0,109056,0,0,True,,,
native-expanded,107-Stone-Sand-granular-32-baseline-w32-s04,13,2,granular,32,baseline,32,Stone-Sand-granular-32-baseline-w32,4,1800,ce5bd4f74c317d73,0ebaa73548e9e92abe1052dc5c83774196f3a23371af19c91b8ba951bf6e8386,32,32,0,0,0.7,0.7,301.4,0,3,20,0,0,16384,0,0,119520,0,0,True,,,
native-expanded,108-Rust-Sand-holes-32-baseline-w32-s00,29,2,holes,32,baseline,32,Rust-Sand-holes-32-baseline-w32,0,1800,b8cf174ff231d31,084981587120b8b2c91128bac4b56da5b0f23f341eda9bda33b5a17cb3ae9ced,32,32,0,0,0.4,0.5,334.4,0,6,20,0,2838,14896,0,0,98826,0,0,True,,,
native-expanded,108-Rust-Sand-holes-32-baseline-w32-s01,29,2,holes,32,baseline,32,Rust-Sand-holes-32-baseline-w32,1,1800,b1572918422b0027,e6332d7c4baf00c48bdb6f7430eaa14cec99a54f64638e7934bc13082e9d580d,32,32,0,0,0.7,0.7,297,0,3,20,0,2829,14896,0,0,111528,0,0,True,,,
native-expanded,108-Rust-Sand-holes-32-baseline-w32-s02,29,2,holes,32,baseline,32,Rust-Sand-holes-32-baseline-w32,2,1800,680b21e6e9c1d18f,bb31dc659e98bc33d717ce6b2247bd0c40cd9dba6d329b296625adb1ba55041a,32,32,0,0,0.7,0.7,365.9,0,3,20,0,2853,14896,0,0,115803,0,0,True,,,
native-expanded,108-Rust-Sand-holes-32-baseline-w32-s03,29,2,holes,32,baseline,32,Rust-Sand-holes-32-baseline-w32,3,1800,df685fe79142626b,9688881f950ccd11097b5aec4c51f2a89bcd42895d48a11506c3958267a22862,32,32,0,0,0.7,0.7,299,0,3,20,0,2850,14896,0,0,98793,0,0,True,,,
native-expanded,108-Rust-Sand-holes-32-baseline-w32-s04,29,2,holes,32,baseline,32,Rust-Sand-holes-32-baseline-w32,4,1800,c8bfa797204fbc17,0c85d7acddad1317ca89fd8ed3552c6c8c0d99fd1996805b6e071fbf116eab97,32,32,0,0,0.7,0.8,427.6,0,3,20,0,2841,14896,0,0,111511,0,0,True,,,
native-expanded,109-Rust-Sand-slope-32-baseline-w32-s00,29,2,slope,32,baseline,32,Rust-Sand-slope-32-baseline-w32,0,1800,ef1297aba2c29a58,8ac2fef4751179bd52eab8d7b992738d0e494e032e6c010b756b5678d981ff38,32,32,0,0,0.4,0.7,316.3,0,6,20,0,1792,14592,0,0,100368,0,0,True,,,
native-expanded,109-Rust-Sand-slope-32-baseline-w32-s01,29,2,slope,32,baseline,32,Rust-Sand-slope-32-baseline-w32,1,1800,d2bc88feb1aa4b22,a29e4a4ef7c2d93b0aa1784aeab6f9386520d14b01d93665fa0218781440b170,32,32,0,0,0.7,0.9,282,0,3,20,0,1792,14592,0,0,112896,0,0,True,,,
native-expanded,109-Rust-Sand-slope-32-baseline-w32-s02,29,2,slope,32,baseline,32,Rust-Sand-slope-32-baseline-w32,2,1800,f600859e869e3269,4ac364158acac8f8058c0a75ca4cba84a09691e0f66aa35fe7a3920006690dd6,32,32,0,0,0.7,0.7,280.2,0,3,20,0,1792,14592,0,0,116976,0,0,True,,,
native-expanded,109-Rust-Sand-slope-32-baseline-w32-s03,29,2,slope,32,baseline,32,Rust-Sand-slope-32-baseline-w32,3,1800,12b6815deffcd25a,981669bbc33c3a75537467c38107428d05b6cdc405145b528cd2c3680566ac65,32,32,0,0,0.7,0.7,282.7,0,3,20,0,1792,14592,0,0,100368,0,0,True,,,
native-expanded,109-Rust-Sand-slope-32-baseline-w32-s04,29,2,slope,32,baseline,32,Rust-Sand-slope-32-baseline-w32,4,1800,a93c3fc8dd8d2f62,82e0f4493b11a7d74440de84e7b9a01073e68a90177649435eb2e51054a05506,32,32,0,0,0.7,0.8,279.6,0,3,20,0,1792,14592,0,0,112896,0,0,True,,,
native-expanded,110-Rust-Sand-unsupported-32-baseline-w32-s00,29,2,unsupported,32,baseline,32,Rust-Sand-unsupported-32-baseline-w32,0,1800,e990d830c1d791c8,d67121f0354d569ac2e464a6d26738a2190d86fafe4a81914d9f88b601ad6827,32,32,0,0,0.4,0.5,319,0,6,20,0,2048,14336,0,0,98688,0,0,True,,,
native-expanded,110-Rust-Sand-unsupported-32-baseline-w32-s01,29,2,unsupported,32,baseline,32,Rust-Sand-unsupported-32-baseline-w32,1,1800,44c49446f177c452,3d8d643016701744dd2f765e47e86f6a51b1f1dd8a48a5db2df1dd486e6a8625,32,32,0,0,0.7,0.8,430.3,0,3,20,0,2048,14336,0,0,111072,0,0,True,,,
native-expanded,110-Rust-Sand-unsupported-32-baseline-w32-s02,29,2,unsupported,32,baseline,32,Rust-Sand-unsupported-32-baseline-w32,2,1800,d6ee71b5ea6f1cb9,c4abfcb8a10313ffba78ab82837e6daf22657aba5ce2f253c9f94649b9b4ff0f,32,32,0,0,0.7,0.8,278.2,0,3,20,0,2048,14336,0,0,115104,0,0,True,,,
native-expanded,110-Rust-Sand-unsupported-32-baseline-w32-s03,29,2,unsupported,32,baseline,32,Rust-Sand-unsupported-32-baseline-w32,3,1800,accb0aadc88ad30a,559eaa7848c96f1e7b8427fcade4d0a285f5b4db920ee586bb7fd9de0db841d0,32,32,0,0,0.7,0.7,533.9,0,3,20,0,2048,14336,0,0,98688,0,0,True,,,
native-expanded,110-Rust-Sand-unsupported-32-baseline-w32-s04,29,2,unsupported,32,baseline,32,Rust-Sand-unsupported-32-baseline-w32,4,1800,42f2e1297b2d9352,bc60b7e773142d5850d39299220417974517a9839769d085fbefcfc3068aae5d,32,32,0,0,0.7,0.8,277.3,0,3,20,0,2048,14336,0,0,111072,0,0,True,,,
native-expanded,111-Rust-Sand-granular-32-baseline-w32-s00,29,2,granular,32,baseline,32,Rust-Sand-granular-32-baseline-w32,0,1800,1d2aff38e9d3bc6f,0ea8830b5aeddc3c772dfcebefc8e401b9d5a23b2f542acc774e153d17a83bff,32,32,0,0,0.4,0.5,327.9,0,6,20,0,0,16384,0,0,112128,0,0,True,,,
native-expanded,111-Rust-Sand-granular-32-baseline-w32-s01,29,2,granular,32,baseline,32,Rust-Sand-granular-32-baseline-w32,1,1800,4438d71aeb14d123,646f23e6116bfbd081c3485da877c01450aa6a7db472e5d7ed25b7ae21b41976,32,32,0,0,0.7,0.8,295.6,0,3,20,0,0,16384,0,0,125664,0,0,True,,,
native-expanded,111-Rust-Sand-granular-32-baseline-w32-s02,29,2,granular,32,baseline,32,Rust-Sand-granular-32-baseline-w32,2,1800,fb023c283df9936a,23b934efb08d0c840db0211ba2ad65d76617b95edb186b9fe4a297a8be18fe35,32,32,0,0,0.7,0.8,291.9,0,3,20,0,0,16384,0,0,130080,0,0,True,,,
native-expanded,111-Rust-Sand-granular-32-baseline-w32-s03,29,2,granular,32,baseline,32,Rust-Sand-granular-32-baseline-w32,3,1800,7739ab1f7d85a849,99feef8c5360be53d8c0696dae7c77ff67e69056599f74485318d42e53693127,32,32,0,0,0.7,0.7,293.2,0,3,20,0,0,16384,0,0,112128,0,0,True,,,
native-expanded,111-Rust-Sand-granular-32-baseline-w32-s04,29,2,granular,32,baseline,32,Rust-Sand-granular-32-baseline-w32,4,1800,50262380528a9d73,4acdf8ca7616a2a54ad268487b7c8e270ae70b7606ea297fed5c160c9fdc24ec,32,32,0,0,0.7,0.7,342,0,3,20,0,0,16384,0,0,125664,0,0,True,,,
native-expanded,112-Mercury-Sand-packed-16-baseline-w32-s00,33,2,packed,16,baseline,32,Mercury-Sand-packed-16-baseline-w32,0,1800,a2ec26890586fba8,fd1bbc69e01c07c2ec5a27ddc1e0c41a599f37527e6b26813ea15d05851ee0b2,16,16,0,0,0.4,0.5,231.5,0,4,20,0,0,8192,0,0,35690,0,0,True,,,
native-expanded,112-Mercury-Sand-packed-16-baseline-w32-s01,33,2,packed,16,baseline,32,Mercury-Sand-packed-16-baseline-w32,1,1800,8b88325d8ba5bc7f,cf729f0779cb618f0efdf7add9e0de7ae4fc163932657b30b47baeda8e5a408a,16,16,0,0,0.6,0.6,204.9,0,2,20,0,0,8192,0,0,35716,0,0,True,,,
native-expanded,112-Mercury-Sand-packed-16-baseline-w32-s02,33,2,packed,16,baseline,32,Mercury-Sand-packed-16-baseline-w32,2,1800,3878737d68e5617,31bb415015791e65812cbd2ace772791fb96a5e65846d0442b7e5127e70f1db0,16,16,0,0,0.6,0.6,274.7,0,2,20,0,0,8192,0,0,35774,0,0,True,,,
native-expanded,112-Mercury-Sand-packed-16-baseline-w32-s03,33,2,packed,16,baseline,32,Mercury-Sand-packed-16-baseline-w32,3,1800,6c49eeb8667a5497,4981f856dbb31ea9c94b054b621cf2386508abd4d3c2ee479209b3a58b252caf,16,16,0,0,0.6,0.6,207.7,0,2,20,0,0,8192,0,0,35694,0,0,True,,,
native-expanded,112-Mercury-Sand-packed-16-baseline-w32-s04,33,2,packed,16,baseline,32,Mercury-Sand-packed-16-baseline-w32,4,1800,81c478e97e086c37,b1eb5ddfef071e9fff2ccfa9a084864971f2d1e074fba66865f6e8a6b015ad95,16,16,0,0,0.6,0.6,206.1,0,2,20,0,0,8192,0,0,35716,0,0,True,,,
native-expanded,113-Mercury-Sand-packed-64-baseline-w32-s00,33,2,packed,64,baseline,32,Mercury-Sand-packed-64-baseline-w32,0,1800,5552b29b77ed3e2c,4da42388b2dffce13e847efeb34297cf61858a9c318c465c147d98ca74f0e3de,64,64,0,0,0.4,0.5,480.6,0,6,20,0,0,32768,0,0,454748,0,0,True,,,
native-expanded,113-Mercury-Sand-packed-64-baseline-w32-s01,33,2,packed,64,baseline,32,Mercury-Sand-packed-64-baseline-w32,1,1800,8bf208ab44c4909c,083a76c36757ebb3b368bc8fd5cbba5d54ff4ec95bf5c4d6565d77923791aec5,64,64,0,0,0.7,0.9,445.7,0,3,20,0,0,32768,0,0,463464,0,0,True,,,
native-expanded,113-Mercury-Sand-packed-64-baseline-w32-s02,33,2,packed,64,baseline,32,Mercury-Sand-packed-64-baseline-w32,2,1800,cf38f187a6bcdd36,22e88862b9f8ce0f6881bae616826f6cf8756eb748ff9af824888f0419db95be,64,64,0,0,0.7,0.9,616.7,0,3,20,0,0,32768,0,0,455930,0,0,True,,,
native-expanded,113-Mercury-Sand-packed-64-baseline-w32-s03,33,2,packed,64,baseline,32,Mercury-Sand-packed-64-baseline-w32,3,1800,47fe856a07a57cda,683dcaa4c6451ae1e56fa207bbcea73557b1a46701e1e4ef66d6fa074f5b8e1b,64,64,0,0,0.7,0.9,438.7,0,3,20,0,0,32768,0,0,454774,0,0,True,,,
native-expanded,113-Mercury-Sand-packed-64-baseline-w32-s04,33,2,packed,64,baseline,32,Mercury-Sand-packed-64-baseline-w32,4,1800,4c5b4a1f22bed450,73b4d0abfa58b347943522987801c474353e01c2222de4e3d13d77f4b6f0cb14,64,64,0,0,0.7,1.1,449.9,0,3,20,0,0,32768,0,0,455404,0,0,True,,,
native-expanded,114-Mercury-Sand-open-32-baseline-w32-s00,33,2,open,32,baseline,32,Mercury-Sand-open-32-baseline-w32,0,1800,a3237b0e94297be1,05def4632656cb46727f2d634fdb1bfd8ab1d917cc529112f53de17dac95c0bd,32,32,16,0,0.4,332.8,357.6,0,6,20,0,16565,13916,0,0,1020411,0,0,True,,,
native-expanded,114-Mercury-Sand-open-32-baseline-w32-s01,33,2,open,32,baseline,32,Mercury-Sand-open-32-baseline-w32,1,1800,921c9e2b3bb9ea1,40508ffd37bb4db5b18bda1147a86f3fd3fff3e6578f74e080422fd1c2d617f8,32,32,16,0,0.4,308.3,357.9,0,6,20,0,16853,12824,0,0,746912,0,0,True,,,
native-expanded,114-Mercury-Sand-open-32-baseline-w32-s02,33,2,open,32,baseline,32,Mercury-Sand-open-32-baseline-w32,2,1800,2dc02bc47c7bccd,6deb8c7f996e2a59342518cd7ee10912d61875e919210e7b7260eaf8791a1300,32,32,16,0,0.4,300.6,361.7,0,6,20,0,16980,12330,0,0,482198,0,0,True,,,
native-expanded,114-Mercury-Sand-open-32-baseline-w32-s03,33,2,open,32,baseline,32,Mercury-Sand-open-32-baseline-w32,3,1800,c0bd7500d8ef288b,ecb125230be4d6ce3dc6e2cb0d985ef6e2b01478223ab4fe392918ff329cab84,32,32,16,0,0.4,0.6,372.6,0,6,20,0,17321,11889,0,0,320583,0,0,True,,,
native-expanded,114-Mercury-Sand-open-32-baseline-w32-s04,33,2,open,32,baseline,32,Mercury-Sand-open-32-baseline-w32,4,1800,8ec7eae9b5f71307,a011528dc72f6db927a69638260277a6ede696c8850e14633341178a680c7d2c,32,32,16,0,0.4,0.5,363.5,0,6,20,0,17621,11769,0,0,202271,0,0,True,,,
native-expanded,115-Mercury-Sand-saturated-32-baseline-w32-s00,33,2,saturated,32,baseline,32,Mercury-Sand-saturated-32-baseline-w32,0,1800,9e721f4f17931b95,92d6eea046b6be9a708b31030eda6a24fc63241572611600a9dc90ab16777e7e,32,32,0,0,0.4,0.5,383.1,0,6,20,0,0,17734,0,0,104253,0,0,True,,,
native-expanded,115-Mercury-Sand-saturated-32-baseline-w32-s01,33,2,saturated,32,baseline,32,Mercury-Sand-saturated-32-baseline-w32,1,1800,9f648ae8fd72369,6a3f485b20063ac085df6bcf9345d586b67d96cb6f2156ca928a3a9440372ed0,32,32,0,0,0.7,0.7,339.4,0,3,20,0,0,17725,0,0,119076,0,0,True,,,
native-expanded,115-Mercury-Sand-saturated-32-baseline-w32-s02,33,2,saturated,32,baseline,32,Mercury-Sand-saturated-32-baseline-w32,2,1800,7e36b0c708b76e10,ec304b7d2f5c670cc793d6b5841950465d36416ff06d5e62d4211d5bfd486fa0,32,32,0,0,0.7,0.7,342.2,0,3,20,0,0,17749,0,0,124155,0,0,True,,,
native-expanded,115-Mercury-Sand-saturated-32-baseline-w32-s03,33,2,saturated,32,baseline,32,Mercury-Sand-saturated-32-baseline-w32,3,1800,150af7e6eac361b,3f8452a61cbc649356b0cd5c7d65806c4b3424064c6b3f4a2a6ab9cfe12d7dfa,32,32,0,0,0.8,0.9,402.5,0,3,20,0,0,17746,0,0,104226,0,0,True,,,
native-expanded,115-Mercury-Sand-saturated-32-baseline-w32-s04,33,2,saturated,32,baseline,32,Mercury-Sand-saturated-32-baseline-w32,4,1800,ef9d5e8c65bc64ad,f3557a67adab4c8b2ba0c41f3f4412f55e9507c720aa1f0b88feb48c8b9d407b,32,32,0,0,0.7,0.7,343.4,0,3,20,0,0,17737,0,0,119052,0,0,True,,,
native-expanded,116-Mercury-Dust-packed-16-baseline-w32-s00,33,14,packed,16,baseline,32,Mercury-Dust-packed-16-baseline-w32,0,1800,1c3c33b15658b7a8,a13f95d207000aed7a5d648eebc8a441f8419c8b0b588d22684726551796b91a,16,16,0,0,0.5,0.6,297.8,0,4,20,0,0,8192,0,0,35690,0,0,True,,,
native-expanded,116-Mercury-Dust-packed-16-baseline-w32-s01,33,14,packed,16,baseline,32,Mercury-Dust-packed-16-baseline-w32,1,1800,af44926d5ebc687f,df970607ae0d5866829af5af5ef1f03121c5968af8c554de4aca6a1f05e91b0f,16,16,0,0,0.6,0.6,241.5,0,2,20,0,0,8192,0,0,35716,0,0,True,,,
native-expanded,116-Mercury-Dust-packed-16-baseline-w32-s02,33,14,packed,16,baseline,32,Mercury-Dust-packed-16-baseline-w32,2,1800,cd144e3242449c17,870be683299ce43c0b65a8ca970e7618c5e1c9168797425721a90461bd05c3b5,16,16,0,0,0.6,0.6,229.4,0,2,20,0,0,8192,0,0,35774,0,0,True,,,
native-expanded,116-Mercury-Dust-packed-16-baseline-w32-s03,33,14,packed,16,baseline,32,Mercury-Dust-packed-16-baseline-w32,3,1800,8aba47ff1d451497,41b2bdbc02c4772ff8cf593fc64a6c9be8404f40204b21551c6aa40fe638236b,16,16,0,0,0.6,0.6,236.3,0,2,20,0,0,8192,0,0,35694,0,0,True,,,
native-expanded,116-Mercury-Dust-packed-16-baseline-w32-s04,33,14,packed,16,baseline,32,Mercury-Dust-packed-16-baseline-w32,4,1800,4cac3ae20c2a0e37,1b576d50aa46d8e4d805c0abc443628e7acfd095f9ab94a8826d9e9d60515002,16,16,0,0,0.6,0.6,225.8,0,2,20,0,0,8192,0,0,35716,0,0,True,,,
native-expanded,117-Mercury-Dust-packed-64-baseline-w32-s00,33,14,packed,64,baseline,32,Mercury-Dust-packed-64-baseline-w32,0,1800,c427f43433b8d42c,a22b630f7144ef7d1a23952a99c1eaf94f4d053993b26189f9a0c47d895fb592,64,64,0,0,0.4,0.6,581.7,0,6,20,0,0,32768,0,0,454748,0,0,True,,,
native-expanded,117-Mercury-Dust-packed-64-baseline-w32-s01,33,14,packed,64,baseline,32,Mercury-Dust-packed-64-baseline-w32,1,1800,466972664856c19c,5025d473b36831774048a9aaf3edf3929af8ae3dfa2594984384f1ed13750386,64,64,0,0,0.7,0.9,624,0,3,20,0,0,32768,0,0,463464,0,0,True,,,
native-expanded,117-Mercury-Dust-packed-64-baseline-w32-s02,33,14,packed,64,baseline,32,Mercury-Dust-packed-64-baseline-w32,2,1800,dbc9bc20e155d036,5729038bc0cff05a69ee411bad735eb4384beea49d719fd9d4cde2bf78cb2063,64,64,0,0,0.7,0.8,532.3,0,3,20,0,0,32768,0,0,455930,0,0,True,,,
native-expanded,117-Mercury-Dust-packed-64-baseline-w32-s03,33,14,packed,64,baseline,32,Mercury-Dust-packed-64-baseline-w32,3,1800,aee3a1a7a76efb5a,ed91b9f16dd3c4d033f68a086671fedca1178172493f974410bad799e231a726,64,64,0,0,0.7,0.9,531.8,0,3,20,0,0,32768,0,0,454774,0,0,True,,,
native-expanded,117-Mercury-Dust-packed-64-baseline-w32-s04,33,14,packed,64,baseline,32,Mercury-Dust-packed-64-baseline-w32,4,1800,985a34ad7ea66050,e4943a8f1034597f1c6c7536b09c416d758545867cde891b7980d24cd35f3594,64,64,0,0,0.7,0.8,534.7,0,3,20,0,0,32768,0,0,455404,0,0,True,,,
native-expanded,118-Mercury-Dust-open-32-baseline-w32-s00,33,14,open,32,baseline,32,Mercury-Dust-open-32-baseline-w32,0,1800,5f7f2f57cbb79f49,a41d6f111be546fe91c62694a6fbbd967a134f34be0d421d15ff2af4394f1e43,32,32,16,0,0.4,374.5,1388.3,0,6,20,0,16565,13916,0,0,1020411,0,0,True,,,
native-expanded,118-Mercury-Dust-open-32-baseline-w32-s01,33,14,open,32,baseline,32,Mercury-Dust-open-32-baseline-w32,1,1800,3bd0bf0304e1fc31,3fdb5a3b8c00ca26a9e340e555ef3d4027a6a19aaac5f640337efdc4c8fddd9c,32,32,16,0,0.4,348.4,400.2,0,6,20,0,16853,12824,0,0,746912,0,0,True,,,
native-expanded,118-Mercury-Dust-open-32-baseline-w32-s02,33,14,open,32,baseline,32,Mercury-Dust-open-32-baseline-w32,2,1800,5270bc809f8ad975,244d8fae15cbec2258b3a0d24178d5cbf837c8e95bf94cb81888e0fe19cacc18,32,32,16,0,0.4,350.3,489.6,0,6,20,0,16980,12330,0,0,482198,0,0,True,,,
native-expanded,118-Mercury-Dust-open-32-baseline-w32-s03,33,14,open,32,baseline,32,Mercury-Dust-open-32-baseline-w32,3,1800,c9df9b4e087b807b,5103194e2e98e53d54fafcfb27ba6c4e6580b0c27c4135305362b333977a8c83,32,32,16,0,0.4,0.7,422.8,0,6,20,0,17321,11889,0,0,320583,0,0,True,,,
native-expanded,118-Mercury-Dust-open-32-baseline-w32-s04,33,14,open,32,baseline,32,Mercury-Dust-open-32-baseline-w32,4,1800,5394388328001a9f,694745de99c8f7716ff00b2dc14e9ce332a5eb2d3964215db42860de1e74cb32,32,32,16,0,0.4,0.5,406.4,0,6,20,0,17621,11769,0,0,202271,0,0,True,,,
native-expanded,119-Mercury-Dust-saturated-32-baseline-w32-s00,33,14,saturated,32,baseline,32,Mercury-Dust-saturated-32-baseline-w32,0,1800,d1d812dffe609b6d,71029a24db6257e7446adf5b3b05c3a639c1f5db653256b03b772bee39005cf6,32,32,0,0,0.4,0.5,392.1,0,6,20,0,0,17737,0,0,107186,0,0,True,,,
native-expanded,119-Mercury-Dust-saturated-32-baseline-w32-s01,33,14,saturated,32,baseline,32,Mercury-Dust-saturated-32-baseline-w32,1,1800,86b6cc4daed3cc91,9c548b13f46ad246bca575e03f684c1aaa1b769744ba938c53091fccb46c1df4,32,32,0,0,0.6,0.7,380.4,0,3,20,0,0,17746,0,0,122041,0,0,True,,,
native-expanded,119-Mercury-Dust-saturated-32-baseline-w32-s02,33,14,saturated,32,baseline,32,Mercury-Dust-saturated-32-baseline-w32,2,1800,47ac2ccc65311640,bea3a8f5b83d63776995d23d2bc2c662fb5ca131fbdf2a7725ffc895238b8bb5,32,32,0,0,0.7,0.7,374.9,0,3,20,0,0,17722,0,0,127147,0,0,True,,,
native-expanded,119-Mercury-Dust-saturated-32-baseline-w32-s03,33,14,saturated,32,baseline,32,Mercury-Dust-saturated-32-baseline-w32,3,1800,71f6b2a66a94f97b,9e3d4bb81b6698fa46fe4527a582f83824a4f908a2f65013a7f9c2f43a518311,32,32,0,0,0.7,0.7,370.6,0,3,20,0,0,17725,0,0,107169,0,0,True,,,
native-expanded,119-Mercury-Dust-saturated-32-baseline-w32-s04,33,14,saturated,32,baseline,32,Mercury-Dust-saturated-32-baseline-w32,4,1800,90ec1ac6f9ac66fd,bc23399ae35a8a8089210a20f01256367149656de723266040b39e19f602b030,32,32,0,0,0.7,0.7,424.8,0,3,20,0,0,17734,0,0,122020,0,0,True,,,
native-expanded,120-Water-Sand-packed-16-baseline-w32-s00,3,2,packed,16,baseline,32,Water-Sand-packed-16-baseline-w32,0,1800,1941989d23e10ea8,cdc17a031c5d0ebb6dc20b002e80a99b6d6acc1153be6360805349fdbcbab0e9,-1,0,0,0,0.4,0.5,470.2,0,4,20,0,0,0,0,0,4986,0,0,True,,,
native-expanded,120-Water-Sand-packed-16-baseline-w32-s01,3,2,packed,16,baseline,32,Water-Sand-packed-16-baseline-w32,1,1800,68ca33dac70cc500,924ecd64e6ea218bc7b6523df12171d7781a824edd91d60f2d8518bd3390941f,-1,0,0,0,0.4,0.5,425.2,0,2,20,0,0,0,0,0,4986,0,0,True,,,
native-expanded,120-Water-Sand-packed-16-baseline-w32-s02,3,2,packed,16,baseline,32,Water-Sand-packed-16-baseline-w32,2,1800,23e0c796e9045cec,bb61a7403f3f7898da39afd4e1f1c28ef524ba2a900b02295206a7b532dad9ee,-1,0,0,0,0.4,0.5,450.9,0,2,20,0,0,0,0,0,4986,0,0,True,,,
native-expanded,120-Water-Sand-packed-16-baseline-w32-s03,3,2,packed,16,baseline,32,Water-Sand-packed-16-baseline-w32,3,1800,2d99e2a3d23c1ee8,76801160d9b10b064947e6a7959ad1a5ea11c5f2b57482f0bbb994ce6e8c4b8e,-1,0,0,0,0.5,0.6,569,0,2,20,0,0,0,0,0,4986,0,0,True,,,
native-expanded,120-Water-Sand-packed-16-baseline-w32-s04,3,2,packed,16,baseline,32,Water-Sand-packed-16-baseline-w32,4,1800,415f00fbdde2bd9c,90a6dc9dfe98a0d3a4b086ec4c4261cd3d65fb46c1cce014d90d5726088ae190,-1,0,0,0,0.4,0.5,427.7,0,2,20,0,0,0,0,0,4986,0,0,True,,,
native-expanded,121-Water-Sand-packed-64-baseline-w32-s00,3,2,packed,64,baseline,32,Water-Sand-packed-64-baseline-w32,0,1800,bbe6a12b92cf392c,c952c57b8bcf09bae936c9a92ad2440f5f93e6f36ffb30e1bb4969c28511e857,-1,0,0,0,0.4,0.5,705.6,0,6,20,0,0,0,0,0,18810,0,0,True,,,
native-expanded,121-Water-Sand-packed-64-baseline-w32-s01,3,2,packed,64,baseline,32,Water-Sand-packed-64-baseline-w32,1,1800,1f670579ab56f1c4,921875e68fc952cbc59927518f2734e98ef673a96e54201a6e4cff49192afca7,-1,0,0,0,0.5,0.7,668,0,3,20,0,0,0,0,0,18810,0,0,True,,,
native-expanded,121-Water-Sand-packed-64-baseline-w32-s02,3,2,packed,64,baseline,32,Water-Sand-packed-64-baseline-w32,2,1800,466f9376000da846,13a7d47c009aff0c589792f32c5d342239ccef18274d5955d9400b7e4324e2c3,-1,0,0,0,0.5,0.9,673.3,0,3,20,0,0,0,0,0,18810,0,0,True,,,
native-expanded,121-Water-Sand-packed-64-baseline-w32-s03,3,2,packed,64,baseline,32,Water-Sand-packed-64-baseline-w32,3,1800,438e4eb79191b632,adf0ef1f96b7e458bf4a58a51613385b2e7774784672ad9e6c2425e8288e8af2,-1,0,0,0,0.4,0.7,752.6,0,3,20,0,0,0,0,0,18810,0,0,True,,,
native-expanded,121-Water-Sand-packed-64-baseline-w32-s04,3,2,packed,64,baseline,32,Water-Sand-packed-64-baseline-w32,4,1800,64069df33c269018,8269cd9c6102c6e8d94d060744184bc122083519bd710ce1e4a14d5b585843ed,-1,0,0,0,0.5,0.6,866.9,0,3,20,0,0,0,0,0,18810,0,0,True,,,
native-expanded,122-Water-Sand-open-32-baseline-w32-s00,3,2,open,32,baseline,32,Water-Sand-open-32-baseline-w32,0,1800,731269d5742360dd,8ad261503b9e94d91902e87c8aac917fd19af41995e384482228c32bd96a34f4,-1,31,27,0,497.2,618.3,1037.1,0,6,20,0,14246,1115,0,1889174,3026817,0,0,False,,,
native-expanded,122-Water-Sand-open-32-baseline-w32-s01,3,2,open,32,baseline,32,Water-Sand-open-32-baseline-w32,1,1800,5711a88626d5e6f3,b299b0960197c312e32d27fb878905318fbc1fefe321cc7018291ba95f2ecfcc,-1,31,26,0,359.7,558.8,763.3,0,6,20,0,14871,720,0,1767987,2913608,0,0,False,,,
native-expanded,122-Water-Sand-open-32-baseline-w32-s02,3,2,open,32,baseline,32,Water-Sand-open-32-baseline-w32,2,1800,89caec102d291a19,318f9c08be972251fc241c29c1d54a1f0d49fe4c7fcb705ca6d475869d0f8316,-1,30,26,0,0.5,524,871.8,0,6,20,0,15482,310,0,1556724,2585340,0,0,False,,,
native-expanded,122-Water-Sand-open-32-baseline-w32-s03,3,2,open,32,baseline,32,Water-Sand-open-32-baseline-w32,3,1800,d2fd8654a236c24d,81ed17b05f6f5ac21d3f007dcce950faa85fa67f5e2f54eab87e3433731e58a6,-1,28,23,0,0.5,525.7,707.6,0,6,20,0,16279,392,0,1216388,2427175,0,0,False,,,
native-expanded,122-Water-Sand-open-32-baseline-w32-s04,3,2,open,32,baseline,32,Water-Sand-open-32-baseline-w32,4,1800,fe81c1ed7e879192,89878defdd9947c367d02163c0001c485cd15bf894049b807ab87ba06af1b03e,-1,25,17,0,0.5,516.5,652.1,0,6,20,0,16603,431,0,1009827,2511657,0,0,False,,,
native-expanded,123-Water-Sand-saturated-32-baseline-w32-s00,3,2,saturated,32,baseline,32,Water-Sand-saturated-32-baseline-w32,0,1800,81c72613b3999055,4a263a11adc2e3a02aa1b8ac51336620342cbfb96d73450cec2a3a5f03c1ff66,-1,3,1,0,0.4,0.5,598.8,0,6,20,0,0,1350,0,0,14058,0,0,True,,,
native-expanded,123-Water-Sand-saturated-32-baseline-w32-s01,3,2,saturated,32,baseline,32,Water-Sand-saturated-32-baseline-w32,1,1800,6ac23398c6c3fc6e,d442dc98374fe6497cdf0b85649e5b52baf759556220308ba4f4e30c607e7a6b,-1,3,1,0,0.6,0.7,561.2,0,3,20,0,0,1341,0,0,13380,0,0,True,,,
native-expanded,123-Water-Sand-saturated-32-baseline-w32-s02,3,2,saturated,32,baseline,32,Water-Sand-saturated-32-baseline-w32,2,1800,6ba7aa402aad5697,978dc084dc38a3823c6a2136001f9815f479b3b98345eaeb69c78e0ae9086562,-1,3,1,0,0.6,0.7,576.2,0,3,20,0,0,1365,0,0,14177,0,0,True,,,
native-expanded,123-Water-Sand-saturated-32-baseline-w32-s03,3,2,saturated,32,baseline,32,Water-Sand-saturated-32-baseline-w32,3,1800,a0bdf086767807f8,e5182dec5e5a05d47e91899643449e714ef5ca9685181faaf0e01ba99bf0a93a,-1,3,1,0,0.6,0.7,563.1,0,3,20,0,0,1362,0,0,13925,0,0,True,,,
native-expanded,123-Water-Sand-saturated-32-baseline-w32-s04,3,2,saturated,32,baseline,32,Water-Sand-saturated-32-baseline-w32,4,1800,cd70d7e048fe33be,63b26d53715c7ad7db85dc2dee9ff5c3c264429168a0b443d11d9cd4cf57b475,-1,3,1,0,0.6,0.7,565,0,3,20,0,0,1353,0,0,13272,0,0,True,,,
native-expanded,124-Water-Dust-packed-16-baseline-w32-s00,3,14,packed,16,baseline,32,Water-Dust-packed-16-baseline-w32,0,1800,4279abe38ebefaa8,0a280c25502ed72153ed6b546112a5445de6c0b57b6c714f0a3cabca2470aabc,16,16,0,0,0.4,0.7,565.1,0,4,20,0,0,8192,0,0,29562,0,0,True,,,
native-expanded,124-Water-Dust-packed-16-baseline-w32-s01,3,14,packed,16,baseline,32,Water-Dust-packed-16-baseline-w32,1,1800,b49b2c61bfe7867f,eae61d1379dddf42d913db9346051cae4ea5f50f183e9a5d1fcf7022da5868bc,16,16,0,0,0.6,0.7,489.8,0,2,20,0,0,8192,0,0,29562,0,0,True,,,
native-expanded,124-Water-Dust-packed-16-baseline-w32-s02,3,14,packed,16,baseline,32,Water-Dust-packed-16-baseline-w32,2,1800,45f160216cad6b17,105b8195e0762e942b0372e6a5da061651366e0fbeced820303ae93b7bbf44dd,16,16,0,0,0.6,0.6,415.1,0,2,20,0,0,8192,0,0,29562,0,0,True,,,
native-expanded,124-Water-Dust-packed-16-baseline-w32-s03,3,14,packed,16,baseline,32,Water-Dust-packed-16-baseline-w32,3,1800,ad3671f75a556597,d8bd2f05dda369213e4002c43bba5c2b07f88df7b1858cf314d740f2af60b3be,16,16,0,0,0.6,0.6,442.8,0,2,20,0,0,8192,0,0,29562,0,0,True,,,
native-expanded,124-Water-Dust-packed-16-baseline-w32-s04,3,14,packed,16,baseline,32,Water-Dust-packed-16-baseline-w32,4,1800,2c3b687264230437,7dc84e5c7af82838735448de495a80c602205cafc9d4f7af01ab1e27ba5eef57,16,16,0,0,0.6,0.6,414.8,0,2,20,0,0,8192,0,0,29562,0,0,True,,,
native-expanded,125-Water-Dust-packed-64-baseline-w32-s00,3,14,packed,64,baseline,32,Water-Dust-packed-64-baseline-w32,0,1800,16183e650bc62f2c,79ad35ca6a7a4c9bcdbdf860e7259760a22cec49814320e2120bd89f616a5a82,64,64,0,0,0.4,0.6,754.2,0,6,20,0,0,32768,0,0,438288,0,0,True,,,
native-expanded,125-Water-Dust-packed-64-baseline-w32-s01,3,14,packed,64,baseline,32,Water-Dust-packed-64-baseline-w32,1,1800,29a2fb06372d3f9c,793e715d2d52736f30d00410e1f4a6c4e246f092dc915cca62670f2b328edc96,64,64,0,0,0.7,0.9,721.2,0,3,20,0,0,32768,0,0,445134,0,0,True,,,
native-expanded,125-Water-Dust-packed-64-baseline-w32-s02,3,14,packed,64,baseline,32,Water-Dust-packed-64-baseline-w32,2,1800,e91920e3e7f4fe36,4e3a68a7145a0130761190a7417442d65c1e91d8b7ec0ad2d00371e3e7098d68,64,64,0,0,0.7,0.9,724.8,0,3,20,0,0,32768,0,0,439536,0,0,True,,,
native-expanded,125-Water-Dust-packed-64-baseline-w32-s03,3,14,packed,64,baseline,32,Water-Dust-packed-64-baseline-w32,3,1800,580f5c3be3f2475a,ffbf544d95ee528c43f92501ffeae9e2c02389117c8348b35cf51f01cf5c4d15,64,64,0,0,0.7,0.9,724,0,3,20,0,0,32768,0,0,438384,0,0,True,,,
native-expanded,125-Water-Dust-packed-64-baseline-w32-s04,3,14,packed,64,baseline,32,Water-Dust-packed-64-baseline-w32,4,1800,e9a8faa982ecc750,2758636fbb047338f09c246cab2e6f05ddc149fe313802c0a49aaaaca203a680,64,64,0,0,0.9,1.1,835,0,3,20,0,0,32768,0,0,439056,0,0,True,,,
native-expanded,126-Water-Dust-open-32-baseline-w32-s00,3,14,open,32,baseline,32,Water-Dust-open-32-baseline-w32,0,1800,a8d34bc77fe686c5,2083ab6a8d1b9890e888251afe8e30ef5f94b43a55a8d866f8b4d349e849b4cf,32,32,16,0,0.4,569,790.1,0,6,20,0,16546,13924,0,15390,654096,0,0,False,,,
native-expanded,126-Water-Dust-open-32-baseline-w32-s01,3,14,open,32,baseline,32,Water-Dust-open-32-baseline-w32,1,1800,3d9308e8f8224f5d,349c70fa654df1fce3d67a7137d2fd49409e0aa69fa21fc4ef8fe7713d1407c8,32,32,16,0,0.4,545.8,628.8,0,6,20,0,16853,12824,0,0,490886,0,0,True,,,
native-expanded,126-Water-Dust-open-32-baseline-w32-s02,3,14,open,32,baseline,32,Water-Dust-open-32-baseline-w32,2,1800,68425c1712db12e1,92a418ff913df5b6d60770e2f59fdea25ad4610f50dc9f42a68574b57647d2a0,32,32,16,0,0.4,551.3,1606.4,0,6,20,0,16883,12384,0,29613,478554,0,0,False,,,
native-expanded,126-Water-Dust-open-32-baseline-w32-s03,3,14,open,32,baseline,32,Water-Dust-open-32-baseline-w32,3,1800,c6bdb53ead944751,d414480c8d97dc367fb1efb4ffa64aa6c992f2035748ccad581eceb5f564b4d0,32,32,16,0,0.4,1.1,2738.5,0,6,20,0,17321,11889,0,0,228734,0,0,True,,,
native-expanded,126-Water-Dust-open-32-baseline-w32-s04,3,14,open,32,baseline,32,Water-Dust-open-32-baseline-w32,4,1800,81e07f160df1d9ed,c2836286796342d32ea94abfe3bfb07edcac5dbbe07fe45526e89c0ca98c2176,32,32,16,0,0.4,0.5,575,0,6,20,0,17621,11769,0,0,155799,0,0,True,,,
native-expanded,127-Water-Dust-saturated-32-baseline-w32-s00,3,14,saturated,32,baseline,32,Water-Dust-saturated-32-baseline-w32,0,1800,79ccbf51c3c4746d,4d1d02d7f1986a3c51b0ae6dc3e40a5f1e07136a42ffa470c7b34c2e32afa3dc,1,32,1,0,0.4,0.5,593.8,0,6,20,0,0,16249,0,0,95038,0,0,True,,,
native-expanded,127-Water-Dust-saturated-32-baseline-w32-s01,3,14,saturated,32,baseline,32,Water-Dust-saturated-32-baseline-w32,1,1800,44a8223543b40e4d,24a09b117dbc965a0b998b51c6593a5f4d6d03429ae03932ff62dbf16222fd0a,1,32,2,0,0.7,0.7,567.1,0,3,20,0,0,16257,0,0,100600,0,0,True,,,
native-expanded,127-Water-Dust-saturated-32-baseline-w32-s02,3,14,saturated,32,baseline,32,Water-Dust-saturated-32-baseline-w32,2,1800,dc60687fdb99d9e0,f00d21255b8735467fcea59d38adfb1985d93f283cf85dfd9f9b5cabc1efb386,1,32,2,0,0.7,0.8,569.5,0,3,20,0,0,16232,0,0,103407,0,0,True,,,
native-expanded,127-Water-Dust-saturated-32-baseline-w32-s03,3,14,saturated,32,baseline,32,Water-Dust-saturated-32-baseline-w32,3,1800,c7f9ca9ac2c55d3b,863a69926f12191aa3799134e2a74e91949f6d81e815d516bb1f0e72ea7c822a,1,32,1,0,0.7,0.8,554.6,0,3,20,0,0,16237,0,0,94915,0,0,True,,,
native-expanded,127-Water-Dust-saturated-32-baseline-w32-s04,3,14,saturated,32,baseline,32,Water-Dust-saturated-32-baseline-w32,4,1800,ed988f5e3ca1c9fd,a2b4fcbd91613b212bb133fdc3148c75bd52fa3ec89354dfaa390772ca7ccfba,1,32,1,0,0.7,0.8,562.4,0,3,20,0,0,16246,0,0,100580,0,0,True,,,
native-expanded,128-Oil-Sand-packed-16-baseline-w32-s00,16,2,packed,16,baseline,32,Oil-Sand-packed-16-baseline-w32,0,1800,64024097a7e64a8,8684a2fb9bed9bdb7ed63007e21d24ee73de35fd84d47e0ab140c374fd86bb70,-1,0,0,0,0.4,0.5,324.4,0,4,20,0,0,0,0,0,10752,0,0,True,,,
native-expanded,128-Oil-Sand-packed-16-baseline-w32-s01,16,2,packed,16,baseline,32,Oil-Sand-packed-16-baseline-w32,1,1800,e0138861338d6b00,8fc3586b0d17b580031ab28ce88ab97a53cc6fcf5c35fd1fd5317d463799efd9,-1,0,0,0,0.4,0.5,298.6,0,2,20,0,0,0,0,0,10752,0,0,True,,,
native-expanded,128-Oil-Sand-packed-16-baseline-w32-s02,16,2,packed,16,baseline,32,Oil-Sand-packed-16-baseline-w32,2,1800,b5d3fda8c2aab2ec,b619a84b0c59b90908024db50ad2c9ebd7b497c5e81a4c70e7a231b32d701707,-1,0,0,0,0.4,0.5,317.4,0,2,20,0,0,0,0,0,10752,0,0,True,,,
native-expanded,128-Oil-Sand-packed-16-baseline-w32-s03,16,2,packed,16,baseline,32,Oil-Sand-packed-16-baseline-w32,3,1800,b9f7a502bb7acae8,059c8fef7eaac96d800006f9a8dd143aba271198af3305eeb34621f629829325,-1,0,0,0,0.4,0.5,310,0,2,20,0,0,0,0,0,10752,0,0,True,,,
native-expanded,128-Oil-Sand-packed-16-baseline-w32-s04,16,2,packed,16,baseline,32,Oil-Sand-packed-16-baseline-w32,4,1800,74928da77ba6499c,76649b391913c7da33685ca7fe925738d4e2f4c9c40d27e6dbae2f3fa4a39de9,-1,0,0,0,0.4,0.5,308.7,0,2,20,0,0,0,0,0,10752,0,0,True,,,
native-expanded,129-Oil-Sand-packed-64-baseline-w32-s00,16,2,packed,64,baseline,32,Oil-Sand-packed-64-baseline-w32,0,1800,ffca833867f9672c,58ef1c260843d85fce969a05171849cac3d27daf9f80a6330348ec1421da5a4d,-1,0,0,0,0.4,0.5,577.1,0,6,20,0,0,0,0,0,24576,0,0,True,,,
native-expanded,129-Oil-Sand-packed-64-baseline-w32-s01,16,2,packed,64,baseline,32,Oil-Sand-packed-64-baseline-w32,1,1800,6a3fa374142fe5c4,f8bf3f15984280625d3cb318c18a20d28791cb156eefc03434d6f8f538e8ccbb,-1,0,0,0,0.4,0.5,796.3,0,3,20,0,0,0,0,0,24576,0,0,True,,,
native-expanded,129-Oil-Sand-packed-64-baseline-w32-s02,16,2,packed,64,baseline,32,Oil-Sand-packed-64-baseline-w32,2,1800,e5d0086da24a9646,ee562c90501cec4dc23bc2dedc3b35fe812c5b7ff9d460e1f6f8757de84486f4,-1,0,0,0,0.4,0.5,550.4,0,3,20,0,0,0,0,0,24576,0,0,True,,,
native-expanded,129-Oil-Sand-packed-64-baseline-w32-s03,16,2,packed,64,baseline,32,Oil-Sand-packed-64-baseline-w32,3,1800,f8b02e1e887cb632,e59695b5b8bb031b31248799fb407c67dfc30a56c0a8a6168b4d354dc02a76c8,-1,0,0,0,0.4,0.5,545.9,0,3,20,0,0,0,0,0,24576,0,0,True,,,
native-expanded,129-Oil-Sand-packed-64-baseline-w32-s04,16,2,packed,64,baseline,32,Oil-Sand-packed-64-baseline-w32,4,1800,bc576cee36a92c18,c2f4a0454bf910ceb7717640edfab6181a92b2c0695fe07d740e8cdf892be3e6,-1,0,0,0,0.5,0.6,675.7,0,3,20,0,0,0,0,0,24576,0,0,True,,,
native-expanded,130-Oil-Sand-open-32-baseline-w32-s00,16,2,open,32,baseline,32,Oil-Sand-open-32-baseline-w32,0,1800,8ee20a8758f6d4ec,22d09081e23681c22faba28f84117928a2e3f705858bd42f7242a0d0a7600ffb,-1,31,27,0,370.1,396.8,548.1,0,6,20,0,38129,1022,0,0,9142978,0,0,True,,,
native-expanded,130-Oil-Sand-open-32-baseline-w32-s01,16,2,open,32,baseline,32,Oil-Sand-open-32-baseline-w32,1,1800,2ddf25b08dc5976,56de2b0cc681ba053aadac9ddea6cfb88ab1cde16be28b5af732de16990cba4a,-1,31,26,0,368.1,384.3,725.9,0,6,20,0,31221,528,0,0,9149835,0,0,True,,,
native-expanded,130-Oil-Sand-open-32-baseline-w32-s02,16,2,open,32,baseline,32,Oil-Sand-open-32-baseline-w32,2,1800,a92efbe1f45ab77a,b0a8f70c926508f7639a54d7263b6349e8128ba1bb499c392ced4bde0caeada4,-1,30,23,0,371.3,380.5,503.3,0,6,20,0,33662,286,0,0,9148303,0,0,True,,,
native-expanded,130-Oil-Sand-open-32-baseline-w32-s03,16,2,open,32,baseline,32,Oil-Sand-open-32-baseline-w32,3,1800,288bd1a979b8b8f,d44609bdd2de1e099cfa8742238c899515e6a7c2eda1cdb5f6b337f5ba022962,-1,28,21,0,371.8,387,509.1,0,6,20,0,33227,347,0,0,9149011,0,0,True,,,
native-expanded,130-Oil-Sand-open-32-baseline-w32-s04,16,2,open,32,baseline,32,Oil-Sand-open-32-baseline-w32,4,1800,edc8e8ebeb430ec,73d89c6dd9414dbb1b7d9a56b61640ceeb9956c71dd5a24605dfbacb1d172ce5,-1,25,17,0,370.6,382.8,583,0,6,20,0,39218,387,0,0,9143770,0,0,True,,,
native-expanded,131-Oil-Sand-saturated-32-baseline-w32-s00,16,2,saturated,32,baseline,32,Oil-Sand-saturated-32-baseline-w32,0,1800,c5ab082088c3be55,c2628a81d1d677fa2d982c5aabfea3b216e045760a82fe6895a5a0b630904de1,-1,0,0,0,0.4,0.5,473.3,0,6,20,0,0,1350,0,0,26154,0,0,True,,,
native-expanded,131-Oil-Sand-saturated-32-baseline-w32-s01,16,2,saturated,32,baseline,32,Oil-Sand-saturated-32-baseline-w32,1,1800,ae61d9e7027a106e,9b2889166eb2cc2a09b3b209f87c6005723208d5e9d9728b72ac2a5a001b48b7,-1,0,0,0,0.6,0.7,571,0,3,20,0,0,1341,0,0,25476,0,0,True,,,
native-expanded,131-Oil-Sand-saturated-32-baseline-w32-s02,16,2,saturated,32,baseline,32,Oil-Sand-saturated-32-baseline-w32,2,1800,25871b8edad5c097,d8ab8f3352f0c58ec88c6052e2bcc7dac94ff92840f535861baded52154dcd0d,-1,0,0,0,0.6,0.7,450.1,0,3,20,0,0,1365,0,0,26273,0,0,True,,,
native-expanded,131-Oil-Sand-saturated-32-baseline-w32-s03,16,2,saturated,32,baseline,32,Oil-Sand-saturated-32-baseline-w32,3,1800,8c54d44804d7cbf8,70699d54b452514c47357f7a14150f6cfadf9dfa9916743e376ea4c3c78c11b4,-1,0,0,0,0.6,0.7,444.9,0,3,20,0,0,1362,0,0,26021,0,0,True,,,
native-expanded,131-Oil-Sand-saturated-32-baseline-w32-s04,16,2,saturated,32,baseline,32,Oil-Sand-saturated-32-baseline-w32,4,1800,732a5266d01e7dbe,ca23cc072ad1d03ee7e3f8e3f69de82737b78da7dceabb308955668dc46234de,-1,0,0,0,0.6,0.7,451.4,0,3,20,0,0,1353,0,0,25368,0,0,True,,,
native-expanded,132-Oil-Dust-packed-16-baseline-w32-s00,16,14,packed,16,baseline,32,Oil-Dust-packed-16-baseline-w32,0,1800,72796f859ed226a8,e94b26f2034113e87dfc43fb0a06978056294aa277c3aa7b6b9fe96cbeb9572e,-1,0,0,0,0.4,0.5,346.9,0,4,20,0,0,0,0,0,10752,0,0,True,,,
native-expanded,132-Oil-Dust-packed-16-baseline-w32-s01,16,14,packed,16,baseline,32,Oil-Dust-packed-16-baseline-w32,1,1800,96db068509adff00,b2630528d84ec6e2717ed9d80f3727aada5607c6712f33cf5349ff99909f1632,-1,0,0,0,0.4,0.5,318.9,0,2,20,0,0,0,0,0,10752,0,0,True,,,
native-expanded,132-Oil-Dust-packed-16-baseline-w32-s02,16,14,packed,16,baseline,32,Oil-Dust-packed-16-baseline-w32,2,1800,7fe4c9935860ceec,7663722346c6dd66947ec9cf96eee1208ee1c32aa8a7409e3e494ed525206339,-1,0,0,0,0.4,0.5,333,0,2,20,0,0,0,0,0,10752,0,0,True,,,
native-expanded,132-Oil-Dust-packed-16-baseline-w32-s03,16,14,packed,16,baseline,32,Oil-Dust-packed-16-baseline-w32,3,1800,6eafdf8beed83ee8,db00f4e32420ec663fca71eee8f5daa08af52d82192ed54c4cde8548ab147b7d,-1,0,0,0,0.4,0.5,327.3,0,2,20,0,0,0,0,0,10752,0,0,True,,,
native-expanded,132-Oil-Dust-packed-16-baseline-w32-s04,16,14,packed,16,baseline,32,Oil-Dust-packed-16-baseline-w32,4,1800,9b7721a720cf3d9c,b3df90472ba4b692ef4e4008b9c80f3a497cfe05231e8a01ecbb626bba78beee,-1,0,0,0,0.4,0.5,340.5,0,2,20,0,0,0,0,0,10752,0,0,True,,,
native-expanded,133-Oil-Dust-packed-64-baseline-w32-s00,16,14,packed,64,baseline,32,Oil-Dust-packed-64-baseline-w32,0,1800,1b22f609807952c,65ff6a9f3720cd410749af70755397ec54b1dd2d2e7b6ec142e81bad6801b9f3,-1,0,0,0,0.4,0.5,668.3,0,6,20,0,0,0,0,0,24576,0,0,True,,,
native-expanded,133-Oil-Dust-packed-64-baseline-w32-s01,16,14,packed,64,baseline,32,Oil-Dust-packed-64-baseline-w32,1,1800,be55a2dad77adf44,1bad5b9246c0844003e432f16f69816eeee802896f1fdd8651d9ca487b3506ec,-1,0,0,0,0.4,0.5,634.6,0,3,20,0,0,0,0,0,24576,0,0,True,,,
native-expanded,133-Oil-Dust-packed-64-baseline-w32-s02,16,14,packed,64,baseline,32,Oil-Dust-packed-64-baseline-w32,2,1800,f53c8610466f5246,c601ad19ff443ee26494b9a73847336f281f6059d8bbb977e4249361aa5ba034,-1,0,0,0,0.4,0.5,644.2,0,3,20,0,0,0,0,0,24576,0,0,True,,,
native-expanded,133-Oil-Dust-packed-64-baseline-w32-s03,16,14,packed,64,baseline,32,Oil-Dust-packed-64-baseline-w32,3,1800,b18f38329c29ed32,790904c622b910ef60771eb21fec6c53ebecbff6db417d0da97a8620d982033e,-1,0,0,0,0.4,0.5,633,0,3,20,0,0,0,0,0,24576,0,0,True,,,
native-expanded,133-Oil-Dust-packed-64-baseline-w32-s04,16,14,packed,64,baseline,32,Oil-Dust-packed-64-baseline-w32,4,1800,b88876855321b818,273733a7aeaa54d0b4b1b6f6dfae2b50b13fc8feea523fc12053da35bfcaac06,-1,0,0,0,0.4,0.5,636.8,0,3,20,0,0,0,0,0,24576,0,0,True,,,
native-expanded,134-Oil-Dust-open-32-baseline-w32-s00,16,14,open,32,baseline,32,Oil-Dust-open-32-baseline-w32,0,1800,618d18403bf92730,11913ed283e5413de926d7a61f6b8c39a4ef40314dde563645704a09f658f3d5,-1,32,28,0,412,440.7,811.2,0,6,20,0,27886,0,0,0,9144677,0,0,True,,,
native-expanded,134-Oil-Dust-open-32-baseline-w32-s01,16,14,open,32,baseline,32,Oil-Dust-open-32-baseline-w32,1,1800,babf9980d5f34cec,f7157786e8048209acb8a6ff1cbbec69f4b9e089f40df8885506d4585c186369,-1,32,26,0,408.1,420.4,512.4,0,6,20,0,32600,0,0,0,9092454,0,0,True,,,
native-expanded,134-Oil-Dust-open-32-baseline-w32-s02,16,14,open,32,baseline,32,Oil-Dust-open-32-baseline-w32,2,1800,fb78b4d2120f59b1,f43366bcb8be877a54d546c7506c5388ade10d0083016a13861f2687ad2084dd,-1,32,25,0,415.6,503.6,646.2,0,6,20,0,39612,0,0,0,9142768,0,0,True,,,
native-expanded,134-Oil-Dust-open-32-baseline-w32-s03,16,14,open,32,baseline,32,Oil-Dust-open-32-baseline-w32,3,1800,7a0888f954fee924,f7ff75a7deb332df7c1614b90e48889f38cf2ab783ee23c9b4272c9b050db46c,-1,29,21,0,341.3,422.3,554.3,0,6,20,0,31676,0,0,0,8537237,0,0,True,,,
native-expanded,134-Oil-Dust-open-32-baseline-w32-s04,16,14,open,32,baseline,32,Oil-Dust-open-32-baseline-w32,4,1800,4774920c5a21bf94,97d21c19f7cba3153f9763b5617e94b179d0fdfb83690658d332491f331a2ad0,-1,27,20,0,411.7,500.2,605.8,0,6,20,0,34932,0,0,0,9147834,0,0,True,,,
native-expanded,135-Oil-Dust-saturated-32-baseline-w32-s00,16,14,saturated,32,baseline,32,Oil-Dust-saturated-32-baseline-w32,0,1800,739d84214f2a6cad,963b259b75dd7e1bf200ee434c56f14b0b3fe9d544bf91f3a774d9e01fb60d85,-1,0,0,0,0.4,0.5,497.2,0,6,20,0,0,1353,0,0,157553,0,0,True,,,
native-expanded,135-Oil-Dust-saturated-32-baseline-w32-s01,16,14,saturated,32,baseline,32,Oil-Dust-saturated-32-baseline-w32,1,1800,1602d1cfd92f1f96,f30ab4907f388700f8e92ddb2ee11dcfa4cb363bcebbe8f2a37f1e6bc5757c0c,-1,0,0,0,0.6,0.7,442.4,0,3,20,0,0,1362,0,0,152981,0,0,True,,,
native-expanded,135-Oil-Dust-saturated-32-baseline-w32-s02,16,14,saturated,32,baseline,32,Oil-Dust-saturated-32-baseline-w32,2,1800,1784907f8719d323,f3c90f88ee8fc7db83df1b431928932c8a9cf730d06b0f214fced6a76a4e5789,-1,0,0,0,0.6,0.7,462.3,0,3,20,0,0,1338,0,0,153719,0,0,True,,,
native-expanded,135-Oil-Dust-saturated-32-baseline-w32-s03,16,14,saturated,32,baseline,32,Oil-Dust-saturated-32-baseline-w32,3,1800,254467c16e931e00,836d550de03c787fa0a4b8da17f64a16a48bb396cad24624803dc235da19bce3,-1,0,0,0,0.6,0.7,461.1,0,3,20,0,0,1341,0,0,157430,0,0,True,,,
native-expanded,135-Oil-Dust-saturated-32-baseline-w32-s04,16,14,saturated,32,baseline,32,Oil-Dust-saturated-32-baseline-w32,4,1800,46274ae68ef6c7d6,8a342a795f1f6ec79675d2cd9fe7425ec2917463f85029f69ae11d14a4e6b2bb,-1,0,0,0,0.6,0.7,453.6,0,3,20,0,0,1350,0,0,153092,0,0,True,,,
native-expanded,136-Brine-Sand-packed-16-baseline-w32-s00,24,2,packed,16,baseline,32,Brine-Sand-packed-16-baseline-w32,0,1800,85497a0d0ad450a8,e847621cc52a6f35dca89bde9c24ad8f41e45ef605f4563e0cf7f39bcb6568ea,-1,0,0,0,0.4,0.5,321.4,0,4,20,0,0,0,0,0,11902,0,0,True,,,
native-expanded,136-Brine-Sand-packed-16-baseline-w32-s01,24,2,packed,16,baseline,32,Brine-Sand-packed-16-baseline-w32,1,1800,1c69422fca2c2300,1cc50d88476c3f7aa10d638009e29fc5a2748b5e9789ef795c6b0ed7753f7fa1,-1,0,0,0,0.4,0.5,270,0,2,20,0,0,0,0,0,11890,0,0,True,,,
native-expanded,136-Brine-Sand-packed-16-baseline-w32-s02,24,2,packed,16,baseline,32,Brine-Sand-packed-16-baseline-w32,2,1800,3c21542d5f4a1cec,391140da9e3a64635d8245a674ef8e6834cc25590d1ed831d6b23f7b4c8bc8ca,-1,0,0,0,0.4,0.5,272,0,2,20,0,0,0,0,0,11898,0,0,True,,,
native-expanded,136-Brine-Sand-packed-16-baseline-w32-s03,24,2,packed,16,baseline,32,Brine-Sand-packed-16-baseline-w32,3,1800,1fc3d5ac41cce4e8,0e2819d70299c92bb63adc099f0caead793d1f1e721fd4eb373a2f15f03b3b9f,-1,0,0,0,0.4,0.5,273.2,0,2,20,0,0,0,0,0,11902,0,0,True,,,
native-expanded,136-Brine-Sand-packed-16-baseline-w32-s04,24,2,packed,16,baseline,32,Brine-Sand-packed-16-baseline-w32,4,1800,2e1b3be953f4099c,d7fe2340cd598bcd472ae9ec26a33866145dd17df2b60ca3aaa4a0c770969b25,-1,0,0,0,0.5,0.6,283.8,0,2,20,0,0,0,0,0,11916,0,0,True,,,
native-expanded,137-Brine-Sand-packed-64-baseline-w32-s00,24,2,packed,64,baseline,32,Brine-Sand-packed-64-baseline-w32,0,1800,2c59ccae0521ff2c,7f0dc36665db4a6031e040c4513e00e5c9313bca3e16ccd30f6bad51a51c2845,-1,0,0,0,0.4,0.5,550.5,0,6,20,0,0,0,0,0,25726,0,0,True,,,
native-expanded,137-Brine-Sand-packed-64-baseline-w32-s01,24,2,packed,64,baseline,32,Brine-Sand-packed-64-baseline-w32,1,1800,d02b9a15734bddc4,79ae854b4965c828d4f507c4b9213c067219a4fa2d44d82837f1aec05de32024,-1,0,0,0,0.4,0.5,513.1,0,3,20,0,0,0,0,0,25714,0,0,True,,,
native-expanded,137-Brine-Sand-packed-64-baseline-w32-s02,24,2,packed,64,baseline,32,Brine-Sand-packed-64-baseline-w32,2,1800,a88e57b6ae048246,9efeabd8748a35fc5d76bf0bc6b9078387f8c5eee8bbcf126cc13444baa0a1b2,-1,0,0,0,0.4,0.5,522.7,0,3,20,0,0,0,0,0,25722,0,0,True,,,
native-expanded,137-Brine-Sand-packed-64-baseline-w32-s03,24,2,packed,64,baseline,32,Brine-Sand-packed-64-baseline-w32,3,1800,f7991ee0ad991632,39e549de3a6b12f0026d13911c69a8616d495e61e563dea9d1a1dbeeefe0dc19,-1,0,0,0,0.4,0.5,539.6,0,3,20,0,0,0,0,0,25726,0,0,True,,,
native-expanded,137-Brine-Sand-packed-64-baseline-w32-s04,24,2,packed,64,baseline,32,Brine-Sand-packed-64-baseline-w32,4,1800,d90aab4b81179418,2997702085a74678458431cb2ac02e5e7a41ad308aef41881f014637a01b7eff,-1,0,0,0,0.4,0.5,515.8,0,3,20,0,0,0,0,0,25740,0,0,True,,,
native-expanded,138-Brine-Sand-open-32-baseline-w32-s00,24,2,open,32,baseline,32,Brine-Sand-open-32-baseline-w32,0,1800,b1e7ed2e1f8691e7,278d56588c1b016bde01927c866e69f03e6664b87cac924924244fb7dc25e867,-1,31,28,0,343.4,410.3,580.4,0,6,20,0,42095,1021,0,0,9803489,0,0,True,,,
native-expanded,138-Brine-Sand-open-32-baseline-w32-s01,24,2,open,32,baseline,32,Brine-Sand-open-32-baseline-w32,1,1800,89444218ff983d57,8c2daf200795ad9155e2c386ccd15418bac6dfbdaa7daf5936c83563bdbbc4f4,-1,31,26,0,343.8,429.2,642.4,0,6,20,0,54282,507,0,0,9783774,0,0,True,,,
native-expanded,138-Brine-Sand-open-32-baseline-w32-s02,24,2,open,32,baseline,32,Brine-Sand-open-32-baseline-w32,2,1800,af5b3fd66e945862,d170c305fb8cd8fc44f46bec527c99f681f47efee5822c1bfc46525a55d16fb6,-1,30,23,0,341.8,349.9,540,0,6,20,0,43838,271,0,0,9804667,0,0,True,,,
native-expanded,138-Brine-Sand-open-32-baseline-w32-s03,24,2,open,32,baseline,32,Brine-Sand-open-32-baseline-w32,3,1800,d56d8d164553ab1d,b6d53f951ebc5a61bc5115c2c629d3a811bdb4b707f0426ad9fba3e68865dad7,-1,28,20,0,339.9,361.2,1439.9,0,6,20,0,36604,334,0,0,9815500,0,0,True,,,
native-expanded,138-Brine-Sand-open-32-baseline-w32-s04,24,2,open,32,baseline,32,Brine-Sand-open-32-baseline-w32,4,1800,bee022dd250a1199,60ab5879c1ccb0db736cff8c6206d080a73817d2a499f8e3db16c7fdf08572c4,-1,25,17,0,340.2,348.2,835,0,6,20,0,55832,365,0,0,9788692,0,0,True,,,
native-expanded,139-Brine-Sand-saturated-32-baseline-w32-s00,24,2,saturated,32,baseline,32,Brine-Sand-saturated-32-baseline-w32,0,1800,71fe25686873c0f5,1e9e236a14229a4f53f0fd59e6ba96ed78c9c7657f277d6ee08844b7908bda84,-1,3,1,0,0.4,0.5,410,0,6,20,0,0,2838,0,0,22100,0,0,True,,,
native-expanded,139-Brine-Sand-saturated-32-baseline-w32-s01,24,2,saturated,32,baseline,32,Brine-Sand-saturated-32-baseline-w32,1,1800,460c91cf51a36659,b760da30247a1fa8e07fda8fbe8c7bb1a61ad5707fde6bad77315c75841f8a0f,-1,3,1,0,0.7,0.7,379,0,3,20,0,0,2829,0,0,21414,0,0,True,,,
native-expanded,139-Brine-Sand-saturated-32-baseline-w32-s02,24,2,saturated,32,baseline,32,Brine-Sand-saturated-32-baseline-w32,2,1800,8f1f8e2418510df8,d8ab0b323473b675b57f7f153502d825e1b82705d35a8766a802103725a654ab,-1,3,1,0,0.7,0.7,724.5,0,3,20,0,0,2853,0,0,22195,0,0,True,,,
native-expanded,139-Brine-Sand-saturated-32-baseline-w32-s03,24,2,saturated,32,baseline,32,Brine-Sand-saturated-32-baseline-w32,3,1800,1c5cf89fe7ee2673,cdd16819f02c85c1859af4c514bbdc8669ec3781ac1c31eb1414919756c48b97,-1,3,1,0,0.7,0.7,373.6,0,3,20,0,0,2850,0,0,21943,0,0,True,,,
native-expanded,139-Brine-Sand-saturated-32-baseline-w32-s04,24,2,saturated,32,baseline,32,Brine-Sand-saturated-32-baseline-w32,4,1800,644ab4566f4296dd,7d67010ee9698299de34f4c82130b0fc87e1efb4cf98a12f29f68437c6d9875a,-1,3,1,0,0.7,0.7,387.8,0,3,20,0,0,2841,0,0,21301,0,0,True,,,
native-expanded,140-Brine-Dust-packed-16-baseline-w32-s00,24,14,packed,16,baseline,32,Brine-Dust-packed-16-baseline-w32,0,1800,a647af60d5a106a8,8d72e021cba3c9c22dc74d4a06d2860f3a77d9c5c4656afd3e899a2dcee8223a,16,16,0,0,0.4,0.5,313.8,0,4,20,0,0,8192,0,0,36466,0,0,True,,,
native-expanded,140-Brine-Dust-packed-16-baseline-w32-s01,24,14,packed,16,baseline,32,Brine-Dust-packed-16-baseline-w32,1,1800,b9790c6c2509867f,fe46ea724172efabc1337a5b539889bd24b6734b984856d1e30c3f30a7163f05,16,16,0,0,0.6,0.7,315.6,0,2,20,0,0,8192,0,0,36532,0,0,True,,,
native-expanded,140-Brine-Dust-packed-16-baseline-w32-s02,24,14,packed,16,baseline,32,Brine-Dust-packed-16-baseline-w32,2,1800,da84c0cf74c75f17,16ba4a93c88d17816c42bcd7173b78518893776b64e57e2b7d9bc368b3a9c6b2,16,16,0,0,0.6,0.6,267.8,0,2,20,0,0,8192,0,0,36506,0,0,True,,,
native-expanded,140-Brine-Dust-packed-16-baseline-w32-s03,24,14,packed,16,baseline,32,Brine-Dust-packed-16-baseline-w32,3,1800,503d27a555c1d797,c5d279df800b93f9a1e2e5535ece46af4ff8d062af87891ec81424a8ba773149,16,16,0,0,0.6,0.6,273.9,0,2,20,0,0,8192,0,0,36496,0,0,True,,,
native-expanded,140-Brine-Dust-packed-16-baseline-w32-s04,24,14,packed,16,baseline,32,Brine-Dust-packed-16-baseline-w32,4,1800,ddbab9be50969c37,659ad17a3ad40827bacda8e8b011c243bfc33398b50e42c1ed2281416db08255,16,16,0,0,0.6,0.6,261.7,0,2,20,0,0,8192,0,0,36520,0,0,True,,,
native-expanded,141-Brine-Dust-packed-64-baseline-w32-s00,24,14,packed,64,baseline,32,Brine-Dust-packed-64-baseline-w32,0,1800,c437f3daecad6f2c,2b567c113586b46065c792c4c1e2d29b1d133577b3148c08d93af5ecd428081c,64,64,0,0,0.4,0.6,703.8,0,6,20,0,0,32768,0,0,456744,0,0,True,,,
native-expanded,141-Brine-Dust-packed-64-baseline-w32-s01,24,14,packed,64,baseline,32,Brine-Dust-packed-64-baseline-w32,1,1800,caa3933b58a6759c,d34cd451e7b6a7ef86237ec1bfc4a74442ada049f56ddd24b40e4f78cf0fbe1f,64,64,0,0,0.7,0.9,572.8,0,3,20,0,0,32768,0,0,465904,0,0,True,,,
native-expanded,141-Brine-Dust-packed-64-baseline-w32-s02,24,14,packed,64,baseline,32,Brine-Dust-packed-64-baseline-w32,2,1800,fb015b62de2da836,028ab861a9f6c9910e50cd9a69c47372ec6cd62cca5b3a28ba3204dbb4940065,64,64,0,0,0.7,1.1,580.9,0,3,20,0,0,32768,0,0,458046,0,0,True,,,
native-expanded,141-Brine-Dust-packed-64-baseline-w32-s03,24,14,packed,64,baseline,32,Brine-Dust-packed-64-baseline-w32,3,1800,a7aff9609cc92b5a,28a19f0659be7568d0a10db43fa63e5f1f9db367a5b7ea90376cdc3ab5424c97,64,64,0,0,0.7,0.9,571.8,0,3,20,0,0,32768,0,0,456834,0,0,True,,,
native-expanded,141-Brine-Dust-packed-64-baseline-w32-s04,24,14,packed,64,baseline,32,Brine-Dust-packed-64-baseline-w32,4,1800,97ac1a458d775350,ec6a695a4630ab1ef0295488dbbcd5e03e285ad8fb5e4a5d28729d92129c62f3,64,64,0,0,0.8,1,689.3,0,3,20,0,0,32768,0,0,457526,0,0,True,,,
native-expanded,142-Brine-Dust-open-32-baseline-w32-s00,24,14,open,32,baseline,32,Brine-Dust-open-32-baseline-w32,0,1800,4d6c7ff79e9e049,6234ef96919ea4a30b1fbfe4fe0c25bac45d850996144af3265e377ac0a58057,32,32,16,0,0.4,408,454.3,0,6,20,0,16565,13916,0,0,1065955,0,0,True,,,
native-expanded,142-Brine-Dust-open-32-baseline-w32-s01,24,14,open,32,baseline,32,Brine-Dust-open-32-baseline-w32,1,1800,fef2c229cbf8185d,6911da0bce22b2bf10147f8bac329a5628a464049777ed925e8db906e963dac2,32,32,16,0,0.4,384.8,509.4,0,6,20,0,16853,12824,0,0,779108,0,0,True,,,
native-expanded,142-Brine-Dust-open-32-baseline-w32-s02,24,14,open,32,baseline,32,Brine-Dust-open-32-baseline-w32,2,1800,f01a2d7449d745d3,a728dd8b028441f03c6e6a29d28b7da0c0ad2088d6b373cd719ddc604004c4db,32,32,16,0,0.4,380.6,528.3,0,6,20,0,17162,12352,0,0,501181,0,0,True,,,
native-expanded,142-Brine-Dust-open-32-baseline-w32-s03,24,14,open,32,baseline,32,Brine-Dust-open-32-baseline-w32,3,1800,4e6e45f9c2ccf529,8034fbee7bfeb3a96077e3b445380daff9512b64aba82482ca0f36e2d11ecc75,32,32,16,0,0.4,0.8,443.5,0,6,20,0,17321,11889,0,0,332089,0,0,True,,,
native-expanded,142-Brine-Dust-open-32-baseline-w32-s04,24,14,open,32,baseline,32,Brine-Dust-open-32-baseline-w32,4,1800,cfa19bed940f2edd,e95261be8979a84d08d7bef095bfb053b0349e017bf6e6692742273e14101f8f,32,32,16,0,0.4,0.9,436.2,0,6,20,0,17621,11769,0,0,207967,0,0,True,,,
native-expanded,143-Brine-Dust-saturated-32-baseline-w32-s00,24,14,saturated,32,baseline,32,Brine-Dust-saturated-32-baseline-w32,0,1800,f134ec7deebc786d,fbb9898a85de1e6cca560cb18fffa07ad1a4c35057008067ff88b9c9019d0602,32,32,0,0,0.4,0.5,456.4,0,6,20,0,0,17737,0,0,107992,0,0,True,,,
native-expanded,143-Brine-Dust-saturated-32-baseline-w32-s01,24,14,saturated,32,baseline,32,Brine-Dust-saturated-32-baseline-w32,1,1800,ea456ade0a098ad1,f2bfd3f3eb938d17df054525cef55d8efe6caa4eee6dd38a617ce8e0e8bbdafc,32,32,0,0,0.7,0.7,509.8,0,3,20,0,0,17746,0,0,123733,0,0,True,,,
native-expanded,143-Brine-Dust-saturated-32-baseline-w32-s02,24,14,saturated,32,baseline,32,Brine-Dust-saturated-32-baseline-w32,2,1800,14d60870641b3740,6bc00defbe900161ed7559f7cadd2b8dccd01da422fdf46419a60b51ffe3cda7,32,32,0,0,0.7,0.7,411.2,0,3,20,0,0,17722,0,0,128977,0,0,True,,,
native-expanded,143-Brine-Dust-saturated-32-baseline-w32-s03,24,14,saturated,32,baseline,32,Brine-Dust-saturated-32-baseline-w32,3,1800,d6a286e48edd40bb,df0d14636269858a0d6c2c0213b936f763460c07ab2dcbc3cda402bc6d0fed8b,32,32,0,0,0.7,0.7,411.7,0,3,20,0,0,17725,0,0,107989,0,0,True,,,
native-expanded,143-Brine-Dust-saturated-32-baseline-w32-s04,24,14,saturated,32,baseline,32,Brine-Dust-saturated-32-baseline-w32,4,1800,308a94dc15eb7c7d,626d9b9a6c0bbf9b78dc5e93409d8ed03b8feecde2c4ee2dee995c685f354ae0,32,32,0,0,0.7,0.7,409.4,0,3,20,0,0,17734,0,0,123688,0,0,True,,,
native-expanded,144-Paste-Sand-packed-16-baseline-w32-s00,20,2,packed,16,baseline,32,Paste-Sand-packed-16-baseline-w32,0,1800,a294dcba1a0546a8,daf53702ea2c76f72613239410f20ade598b92cf98483c4c13a664d1bbbfdc00,-1,0,0,0,0.4,0.5,242.8,0,4,20,0,0,0,0,0,9408,0,0,True,,,
native-expanded,144-Paste-Sand-packed-16-baseline-w32-s01,20,2,packed,16,baseline,32,Paste-Sand-packed-16-baseline-w32,1,1800,808aea135f4e5500,eb5aa7df5a4c5a3dc0fc59fc6cd376b9fbb7c9e18fa1cf94e5b33f79f3710b4f,-1,0,0,0,0.4,0.5,214.7,0,2,20,0,0,0,0,0,9416,0,0,True,,,
native-expanded,144-Paste-Sand-packed-16-baseline-w32-s02,20,2,packed,16,baseline,32,Paste-Sand-packed-16-baseline-w32,2,1800,d1cc5fe01068bcec,1373e542a66be749a4795dbf7d1e9bea48c0b0a7d5cfe65a0657b8dd9c472561,-1,0,0,0,0.4,0.5,555.7,0,2,20,0,0,0,0,0,9438,0,0,True,,,
native-expanded,144-Paste-Sand-packed-16-baseline-w32-s03,20,2,packed,16,baseline,32,Paste-Sand-packed-16-baseline-w32,3,1800,7ac457417b51f6e8,bb8242aec2cdd6dba5305d8596d9dfbf1bdcb53aa02dc6c057d1841c0cc75ed5,-1,0,0,0,0.4,0.5,214.6,0,2,20,0,0,0,0,0,9414,0,0,True,,,
native-expanded,144-Paste-Sand-packed-16-baseline-w32-s04,20,2,packed,16,baseline,32,Paste-Sand-packed-16-baseline-w32,4,1800,6e8d4ea6f844ed9c,901ffa35e04842ad8ada9a006e14ca5e52ecd800f7b6f91b22c87c0ae430240e,-1,0,0,0,0.4,0.5,214,0,2,20,0,0,0,0,0,9404,0,0,True,,,
native-expanded,145-Paste-Sand-packed-64-baseline-w32-s00,20,2,packed,64,baseline,32,Paste-Sand-packed-64-baseline-w32,0,1800,caea75d327a7812c,d1be4ce3a4c06552deefdb964fcb3e196e85faae2c577449d71c49900846d9bc,-1,0,0,0,0.4,0.5,488.7,0,6,20,0,0,0,0,0,23232,0,0,True,,,
native-expanded,145-Paste-Sand-packed-64-baseline-w32-s01,20,2,packed,64,baseline,32,Paste-Sand-packed-64-baseline-w32,1,1800,c0a9a616d2d65c4,e3461a555ea9ae68e49b022ab3c64a09cca36523893e0f6fe8f4138d8d876df3,-1,0,0,0,0.4,0.5,458.1,0,3,20,0,0,0,0,0,23240,0,0,True,,,
native-expanded,145-Paste-Sand-packed-64-baseline-w32-s02,20,2,packed,64,baseline,32,Paste-Sand-packed-64-baseline-w32,2,1800,b2c7cbf674874846,e1a5b92fa9d49d651ac67172bb2a5fdf899c65ef2a10cafcc89356510ad9f0d2,-1,0,0,0,0.4,0.5,452.5,0,3,20,0,0,0,0,0,23262,0,0,True,,,
native-expanded,145-Paste-Sand-packed-64-baseline-w32-s03,20,2,packed,64,baseline,32,Paste-Sand-packed-64-baseline-w32,3,1800,d5be95a4e17c9e32,36ed28b2e093a2e274e91ef2054f2f5c938bfb82a4a6cfa4e9dd4ceb3f6316b4,-1,0,0,0,0.4,0.5,465.4,0,3,20,0,0,0,0,0,23238,0,0,True,,,
native-expanded,145-Paste-Sand-packed-64-baseline-w32-s04,20,2,packed,64,baseline,32,Paste-Sand-packed-64-baseline-w32,4,1800,c307b30385e9ac18,c66ec515c52bf58eada5dc590bc8462a5edd1a3a694d082f06d6b8c7876485e7,-1,0,0,0,0.4,0.5,458,0,3,20,0,0,0,0,0,23228,0,0,True,,,
native-expanded,146-Paste-Sand-open-32-baseline-w32-s00,20,2,open,32,baseline,32,Paste-Sand-open-32-baseline-w32,0,1800,dea6d126eb1c50d5,3b7cce4714c78682f10706b2e48d539bf44d77850129a1970912bc3a64082259,-1,31,29,0,0.4,314.3,484.8,0,6,20,0,18238,1151,0,0,1434527,0,0,True,,,
native-expanded,146-Paste-Sand-open-32-baseline-w32-s01,20,2,open,32,baseline,32,Paste-Sand-open-32-baseline-w32,1,1800,9196f9854450029d,d2088b5f4866f78f709a159ff82381fc90d6cdd9471676a8cb13703cd3e062e6,-1,31,28,0,0.4,290,374.1,0,6,20,0,18913,608,0,0,2107973,0,0,True,,,
native-expanded,146-Paste-Sand-open-32-baseline-w32-s02,20,2,open,32,baseline,32,Paste-Sand-open-32-baseline-w32,2,1800,a6a65b204b64ac53,d9ff048d84e16aaf329c7191409667abd8d881cdd07c23847c27ee6f38a3b6a3,-1,30,27,0,0.4,291.4,435.1,0,6,20,0,18798,299,0,0,1852465,0,0,True,,,
native-expanded,146-Paste-Sand-open-32-baseline-w32-s03,20,2,open,32,baseline,32,Paste-Sand-open-32-baseline-w32,3,1800,7eaf5c47c65202c9,3862c5be196e24eea5e387aefe9217f1aae6c3c153d8409e799a913826736d07,-1,28,24,0,0.4,289,410.2,0,6,20,0,18698,367,0,0,1504176,0,0,True,,,
native-expanded,146-Paste-Sand-open-32-baseline-w32-s04,20,2,open,32,baseline,32,Paste-Sand-open-32-baseline-w32,4,1800,2ee36c09b8781348,d5a8cf56f7f2e484cc24447e8bd7354ed40d636b3f3f51052c6a91ab036a310c,-1,25,21,0,0.5,292.3,440.5,0,6,20,0,18915,396,0,0,1763508,0,0,True,,,
native-expanded,147-Paste-Sand-saturated-32-baseline-w32-s00,20,2,saturated,32,baseline,32,Paste-Sand-saturated-32-baseline-w32,0,1800,b6c0e247213dd3f5,c0b4ba165aa6b85b6a887807923aedca39feb81bac84150426dcb2e3a02ca048,-1,3,1,0,0.5,0.6,443.4,0,6,20,0,0,2838,0,0,19534,0,0,True,,,
native-expanded,147-Paste-Sand-saturated-32-baseline-w32-s01,20,2,saturated,32,baseline,32,Paste-Sand-saturated-32-baseline-w32,1,1800,7004b952d03975e9,b5d6ab79d0ca4e6c14ae39b08dc460c04d8883d391e0c96736bf14b9846ec712,-1,3,1,0,0.7,0.8,348.7,0,3,20,0,0,2829,0,0,18828,0,0,True,,,
native-expanded,147-Paste-Sand-saturated-32-baseline-w32-s02,20,2,saturated,32,baseline,32,Paste-Sand-saturated-32-baseline-w32,2,1800,60d8fb1821b90e50,454fe9423c985a4835406209c22b5dde25d82c2f7e27ce23176734d3287d47f4,-1,3,1,0,0.7,0.7,342.7,0,3,20,0,0,2853,0,0,19599,0,0,True,,,
native-expanded,147-Paste-Sand-saturated-32-baseline-w32-s03,20,2,saturated,32,baseline,32,Paste-Sand-saturated-32-baseline-w32,3,1800,5adcc569dceae78b,f656566e0a16a60df0dc26ac0a04a2c5bcf3eb4306235152b6e8e92b7f6bc64d,-1,3,1,0,0.7,0.7,340.5,0,3,20,0,0,2850,0,0,19377,0,0,True,,,
native-expanded,147-Paste-Sand-saturated-32-baseline-w32-s04,20,2,saturated,32,baseline,32,Paste-Sand-saturated-32-baseline-w32,4,1800,ad479a67257fa72d,eec75ca10d42be53226bada457725230b387b4aa414d1893ee09a28532ab11c7,-1,3,1,0,0.7,0.7,452.4,0,3,20,0,0,2841,0,0,18723,0,0,True,,,
native-expanded,148-Paste-Dust-packed-16-baseline-w32-s00,20,14,packed,16,baseline,32,Paste-Dust-packed-16-baseline-w32,0,1800,d0342e76de16e2a8,c407b260a0fbe079edec168cec9e04fffb2b145aa21e2933772bd2598b176437,16,16,0,0,0.4,0.5,285.9,0,4,20,0,0,8192,0,0,33988,0,0,True,,,
native-expanded,148-Paste-Dust-packed-16-baseline-w32-s01,20,14,packed,16,baseline,32,Paste-Dust-packed-16-baseline-w32,1,1800,c7154820230bca7f,2129059b97af994503130ffcc4ac955621061f01ebfd409303cd0d8efa6f63a8,16,16,0,0,0.6,0.6,226.6,0,2,20,0,0,8192,0,0,34008,0,0,True,,,
native-expanded,148-Paste-Dust-packed-16-baseline-w32-s02,20,14,packed,16,baseline,32,Paste-Dust-packed-16-baseline-w32,2,1800,75a21cecba4bd17,efcbbcc1ffa71dc947aaaf94d96224011625ca71b919c004bea5a7d4b12d0c6b,16,16,0,0,0.6,0.6,229,0,2,20,0,0,8192,0,0,33986,0,0,True,,,
native-expanded,148-Paste-Dust-packed-16-baseline-w32-s03,20,14,packed,16,baseline,32,Paste-Dust-packed-16-baseline-w32,3,1800,5f288d0368131197,63aae3316044c4ce59241a06191da09668f676913041261ce0b70d10c99ff8cd,16,16,0,0,0.6,0.6,226.9,0,2,20,0,0,8192,0,0,34012,0,0,True,,,
native-expanded,148-Paste-Dust-packed-16-baseline-w32-s04,20,14,packed,16,baseline,32,Paste-Dust-packed-16-baseline-w32,4,1800,611c551ad9038637,e50be408940194584429f9de18694d1fa93c7be1deaf54e7d3ec4624d13fea3b,16,16,0,0,0.6,0.6,225.8,0,2,20,0,0,8192,0,0,34028,0,0,True,,,
native-expanded,149-Paste-Dust-packed-64-baseline-w32-s00,20,14,packed,64,baseline,32,Paste-Dust-packed-64-baseline-w32,0,1800,8fd6fc0c0cacf2c,ea1b58074ffa3f4979e5fb3a61731f3420246c096efc875ce5508d7ef201e508,64,64,0,0,0.4,0.5,573.1,0,6,20,0,0,32768,0,0,450084,0,0,True,,,
native-expanded,149-Paste-Dust-packed-64-baseline-w32-s01,20,14,packed,64,baseline,32,Paste-Dust-packed-64-baseline-w32,1,1800,f45f4cfc02003f9c,740b304d20b434a23c52c3bef4eb662c9f86f27cd97224448fd5e747268c8ffb,64,64,0,0,0.7,0.9,538.7,0,3,20,0,0,32768,0,0,458392,0,0,True,,,
native-expanded,149-Paste-Dust-packed-64-baseline-w32-s02,20,14,packed,64,baseline,32,Paste-Dust-packed-64-baseline-w32,2,1800,551212a29255be36,647b71b0e5a3dabbcc9db1a081146d83b9f1fb60cc876a85561de0a5f3b554d6,64,64,0,0,0.7,0.9,528.7,0,3,20,0,0,32768,0,0,451304,0,0,True,,,
native-expanded,149-Paste-Dust-packed-64-baseline-w32-s03,20,14,packed,64,baseline,32,Paste-Dust-packed-64-baseline-w32,3,1800,81417bc1eeb74f5a,b5feec8d7e64d3de1072a78d3c09c23ce7e3a4861ea8fb134c2e6a49569a3a21,64,64,0,0,0.7,0.8,529.1,0,3,20,0,0,32768,0,0,450190,0,0,True,,,
native-expanded,149-Paste-Dust-packed-64-baseline-w32-s04,20,14,packed,64,baseline,32,Paste-Dust-packed-64-baseline-w32,4,1800,bf188cd482cf7f50,3449ee831dfcce6c34a0d93b7c3bbca430fa8f5b1ddf5c66e5c1014d217fd414,64,64,0,0,0.7,0.9,528.1,0,3,20,0,0,32768,0,0,450834,0,0,True,,,
native-expanded,150-Paste-Dust-open-32-baseline-w32-s00,20,14,open,32,baseline,32,Paste-Dust-open-32-baseline-w32,0,1800,2daeefa2ffe49619,8b5930419cca114a555cb54b1c81ef41c9923e65e19591ddb57e270f2e516e77,32,32,16,0,0.4,349.5,393.9,0,6,20,0,16562,13913,0,0,916338,0,0,True,,,
native-expanded,150-Paste-Dust-open-32-baseline-w32-s01,20,14,open,32,baseline,32,Paste-Dust-open-32-baseline-w32,1,1800,fb96906d4cb6c4cd,c62bf622d5a66eb74571fb28d9bd13d6a8a3d54d5415250ff2e620a326117471,32,32,16,0,0.4,331,399.2,0,6,20,0,16853,12824,0,0,673600,0,0,True,,,
native-expanded,150-Paste-Dust-open-32-baseline-w32-s02,20,14,open,32,baseline,32,Paste-Dust-open-32-baseline-w32,2,1800,82ae6523c24aad43,3ef788e3c4efbc2591eaa48c35c17b8f52b370f62220f95b414fb305df0d3cfc,32,32,16,0,0.4,330.6,404.3,0,6,20,0,16928,12332,0,0,438231,0,0,True,,,
native-expanded,150-Paste-Dust-open-32-baseline-w32-s03,20,14,open,32,baseline,32,Paste-Dust-open-32-baseline-w32,3,1800,1131709f5d997f71,30232352289f9ba8e02675369be26e53c7d30f90a8694a3b54c037ecf5b314b2,32,32,16,0,0.4,3.4,534,0,6,20,0,17321,11889,0,0,294385,0,0,True,,,
native-expanded,150-Paste-Dust-open-32-baseline-w32-s04,20,14,open,32,baseline,32,Paste-Dust-open-32-baseline-w32,4,1800,ddd87c4c286fd6cd,429218dd3c83ed51725a3c7820da7d511fed4340a9fdafd287b20896111557ff,32,32,16,0,0.4,0.5,405.5,0,6,20,0,17621,11769,0,0,189175,0,0,True,,,
native-expanded,151-Paste-Dust-saturated-32-baseline-w32-s00,20,14,saturated,32,baseline,32,Paste-Dust-saturated-32-baseline-w32,0,1800,7358f82a83d8cc6d,433711e317a742aef7ca7e11b10973f5f98f73c9c8f63edaa99e44d5c29d4680,32,32,0,0,0.4,0.5,392.3,0,6,20,0,0,17737,0,0,105460,0,0,True,,,
native-expanded,151-Paste-Dust-saturated-32-baseline-w32-s01,20,14,saturated,32,baseline,32,Paste-Dust-saturated-32-baseline-w32,1,1800,848b77e25ed85551,b069dfc2f6b0d7830b3389678ade4f577d4ba07923951223fce4d6f6907e35e3,32,32,0,0,0.7,0.7,357.1,0,3,20,0,0,17746,0,0,118673,0,0,True,,,
native-expanded,151-Paste-Dust-saturated-32-baseline-w32-s02,20,14,saturated,32,baseline,32,Paste-Dust-saturated-32-baseline-w32,2,1800,36f037ce3d2ecec0,881a27a0e1144ab0c343646223c1ddb2ec3adac1dbc7a441a66d1d3b2a94e73c,32,32,0,0,0.7,0.8,354.9,0,3,20,0,0,17722,0,0,123139,0,0,True,,,
native-expanded,151-Paste-Dust-saturated-32-baseline-w32-s03,20,14,saturated,32,baseline,32,Paste-Dust-saturated-32-baseline-w32,3,1800,da77b49129557e3b,44c1f4f32be41292b880322dd894cc7aa946168a3febee961b23161deaa210e1,32,32,0,0,0.7,0.8,352.7,0,3,20,0,0,17725,0,0,105441,0,0,True,,,
native-expanded,151-Paste-Dust-saturated-32-baseline-w32-s04,20,14,saturated,32,baseline,32,Paste-Dust-saturated-32-baseline-w32,4,1800,30801f2e90d3007d,e41c04dc7d7fe02c7511ee93bcdf3bc3387a89626ca75c350e37eeb8135a412f,32,32,0,0,0.7,0.7,570.7,0,3,20,0,0,17734,0,0,118646,0,0,True,,,
native-expanded,152-Lava-Sand-packed-16-baseline-w32-s00,8,2,packed,16,baseline,32,Lava-Sand-packed-16-baseline-w32,0,1800,d84c73f080a93aa8,c2a1e253f9a0c0e8804e2cfb2accb005ea87d7f979d2c8c3b1050f63d14d45bd,16,16,0,0,0.4,0.5,262.1,0,4,20,0,0,8192,0,0,35328,0,0,True,,,
native-expanded,152-Lava-Sand-packed-16-baseline-w32-s01,8,2,packed,16,baseline,32,Lava-Sand-packed-16-baseline-w32,1,1800,465ec3c4f8c2a27f,85ea7c2cebc3ae8cd5b711dbdbbadf7000d822351db80e49ed89a40a2fde496c,16,16,0,0,0.6,0.6,242.9,0,2,20,0,0,8192,0,0,35328,0,0,True,,,
native-expanded,152-Lava-Sand-packed-16-baseline-w32-s02,8,2,packed,16,baseline,32,Lava-Sand-packed-16-baseline-w32,2,1800,e9191a6aa6265917,4892d9c347888cd360b0abbc771cd02c5c9040ba8528452ad639616946e9230b,16,16,0,0,0.6,0.6,243.5,0,2,20,0,0,8192,0,0,35328,0,0,True,,,
native-expanded,152-Lava-Sand-packed-16-baseline-w32-s03,8,2,packed,16,baseline,32,Lava-Sand-packed-16-baseline-w32,3,1800,a967b64afd441797,5b6fc658ef74a7e0882e9a59048ee3bbc49500732fd277f719b66aa1a5825891,16,16,0,0,0.6,0.6,250.6,0,2,20,0,0,8192,0,0,35328,0,0,True,,,
native-expanded,152-Lava-Sand-packed-16-baseline-w32-s04,8,2,packed,16,baseline,32,Lava-Sand-packed-16-baseline-w32,4,1800,6bd9c0913d296a37,3440d381f62ae7dfc268d241630df5e6a9fc6fffed3b81bebd0941713241d647,16,16,0,0,0.6,0.6,243.7,0,2,20,0,0,8192,0,0,35328,0,0,True,,,
native-expanded,153-Lava-Sand-packed-64-baseline-w32-s00,8,2,packed,64,baseline,32,Lava-Sand-packed-64-baseline-w32,0,1800,bc943dbcc321a32c,588ef10e8800aa31f30be9d3178b1d22e1fbcfc1399a8e0e9a67fbd8b1682852,64,64,0,0,0.4,0.6,514.4,0,6,20,0,0,32768,0,0,453664,0,0,True,,,
native-expanded,153-Lava-Sand-packed-64-baseline-w32-s01,8,2,packed,64,baseline,32,Lava-Sand-packed-64-baseline-w32,1,1800,5951a523e2b7dc9c,1dd8b649a913169db9f1bb2e48bb237a9ba667aea6d8d0ccb83b4aa861f5037a,64,64,0,0,0.7,0.9,473.6,0,3,20,0,0,32768,0,0,462432,0,0,True,,,
native-expanded,153-Lava-Sand-packed-64-baseline-w32-s02,8,2,packed,64,baseline,32,Lava-Sand-packed-64-baseline-w32,2,1800,5c3bd31deaac4736,4ad25df748531563ac6e04f147b223ec8167a6c57dc0f650ef721d3bcfd4fd8b,64,64,0,0,0.7,0.9,483.8,0,3,20,0,0,32768,0,0,454912,0,0,True,,,
native-expanded,153-Lava-Sand-packed-64-baseline-w32-s03,8,2,packed,64,baseline,32,Lava-Sand-packed-64-baseline-w32,3,1800,ef9fb7bd5be6bada,748d039092fc5e60e76ef2fa58e88010ba2732f0847e8936d25461ec64129b48,64,64,0,0,0.7,0.9,483.4,0,3,20,0,0,32768,0,0,453760,0,0,True,,,
native-expanded,153-Lava-Sand-packed-64-baseline-w32-s04,8,2,packed,64,baseline,32,Lava-Sand-packed-64-baseline-w32,4,1800,b04f4b7353c1550,5bc1cc6a31433ef35ac39248d8e905734341e5b9ac1439d3055903782bad5913,64,64,0,0,0.7,1,483.7,0,3,20,0,0,32768,0,0,454432,0,0,True,,,
native-expanded,154-Lava-Sand-open-32-baseline-w32-s00,8,2,open,32,baseline,32,Lava-Sand-open-32-baseline-w32,0,1800,8ce95ced5cbeefb9,359af21974a7cfcb5db6569e410867d6379e4e41d549a5c08d13f9b836315882,32,32,16,0,0.4,358.6,401.7,0,6,20,0,16564,13915,0,0,996834,0,0,True,,,
native-expanded,154-Lava-Sand-open-32-baseline-w32-s01,8,2,open,32,baseline,32,Lava-Sand-open-32-baseline-w32,1,1800,dcbefe36e6cc4cbd,be2bbde4409a7e56f2f6b79658fa3ec8ae24e550a432c259123cad212d451de0,32,32,16,0,0.4,335.9,416,0,6,20,0,16853,12824,0,0,730204,0,0,True,,,
native-expanded,154-Lava-Sand-open-32-baseline-w32-s02,8,2,open,32,baseline,32,Lava-Sand-open-32-baseline-w32,2,1800,382443078a3136ff,17d8134d8bf1a956ff11ea8a243a99be464c7946fbe22a0d8b47613ae0c3038e,32,32,16,0,0.4,327,398.5,0,6,20,0,16962,12337,0,0,472318,0,0,True,,,
native-expanded,154-Lava-Sand-open-32-baseline-w32-s03,8,2,open,32,baseline,32,Lava-Sand-open-32-baseline-w32,3,1800,63d248fb169dc0d1,219312c6b1045830c473b51b64e1b1a5027653d1aa5e4330004549e09807d8f6,32,32,16,0,0.4,0.7,392.9,0,6,20,0,17321,11889,0,0,314506,0,0,True,,,
native-expanded,154-Lava-Sand-open-32-baseline-w32-s04,8,2,open,32,baseline,32,Lava-Sand-open-32-baseline-w32,4,1800,92ef4076196636cd,10e231af5500cdb6c80d0c6a2b99b70d18dbbc9157dde4343ca60f2a9dbdd6bd,32,32,16,0,0.4,0.6,408.6,0,6,20,0,17621,11769,0,0,199177,0,0,True,,,
native-expanded,155-Lava-Sand-saturated-32-baseline-w32-s00,8,2,saturated,32,baseline,32,Lava-Sand-saturated-32-baseline-w32,0,1800,2c6e4835082127fa,122a6e7718d36d0df5e9e5546be258f1aeaa8149d1cce4cdea1e3630fab88a3e,32,32,1,0,0.5,375.9,488.9,0,6,20,0,15028,18959,279,37470,2323593,0,0,False,,,
native-expanded,155-Lava-Sand-saturated-32-baseline-w32-s01,8,2,saturated,32,baseline,32,Lava-Sand-saturated-32-baseline-w32,1,1800,83ed3113322697fd,f586093749cbcadeb0ad3fb35329df1f179cabd84c4757bd4612de54b75d6bdb,32,32,1,0,0.7,294.5,371.6,0,3,20,0,16654,18963,279,26277,1339291,0,0,False,,,
native-expanded,155-Lava-Sand-saturated-32-baseline-w32-s02,8,2,saturated,32,baseline,32,Lava-Sand-saturated-32-baseline-w32,2,1800,662584d5c875b02a,d3ea857d07498249671b526cffe607df93d646d9c90ee628c8fe5816cfa0b7f5,32,32,1,0,0.7,244,414.2,0,3,20,0,17879,18973,279,36763,1691546,0,0,False,,,
native-expanded,155-Lava-Sand-saturated-32-baseline-w32-s03,8,2,saturated,32,baseline,32,Lava-Sand-saturated-32-baseline-w32,3,1800,2d027f25c66662af,34f8cb3dd98d816ae26ded2e34fed3711323ce7894645733d81d53d3ee7cc84d,32,32,1,0,0.7,344.3,438.6,0,3,20,0,15416,19003,279,34724,2306933,0,0,False,,,
native-expanded,155-Lava-Sand-saturated-32-baseline-w32-s04,8,2,saturated,32,baseline,32,Lava-Sand-saturated-32-baseline-w32,4,1800,455a580485e24ce3,52a88506e44a765aff16415ee0f0900dca29ce54e6c2eccf9bd509f0cb311d19,32,32,1,0,0.7,286.5,423.1,0,3,20,0,16687,18975,279,30334,1878639,0,0,False,,,
native-expanded,156-Lava-Dust-packed-16-baseline-w32-s00,8,14,packed,16,baseline,32,Lava-Dust-packed-16-baseline-w32,0,1800,42c269ec0c99721c,5a258f30d7e45571a7add9fb21d7214ce190eeeb09a30a6f2fc9480a4cfac6b2,16,16,0,0,137.1,273.2,306.5,0,4,20,0,50956,8304,1533,0,2178189,0,0,False,,,
native-expanded,156-Lava-Dust-packed-16-baseline-w32-s01,8,14,packed,16,baseline,32,Lava-Dust-packed-16-baseline-w32,1,1800,9b15ae165c3f2c44,290cea0a9108b85d4626a42b87810a0e026faa80ce0234768777005e07683d63,16,16,0,0,125.3,249.6,287.7,0,2,20,0,57661,8342,1532,0,2186961,0,0,False,,,
native-expanded,156-Lava-Dust-packed-16-baseline-w32-s02,8,14,packed,16,baseline,32,Lava-Dust-packed-16-baseline-w32,2,1800,833917f7f37ab28c,c68e34a46323b8a286b5f2d59c62aaab982e56f804c4597d1f6a5305b37fa2aa,16,16,0,0,126.1,250.8,269.4,0,2,20,0,57746,8305,1532,0,2188224,0,0,False,,,
native-expanded,156-Lava-Dust-packed-16-baseline-w32-s03,8,14,packed,16,baseline,32,Lava-Dust-packed-16-baseline-w32,3,1800,b471471e1c4e9cbf,bebeb2e08579c4c7b7c0a919c580da16715116b3dc5385f8a53430ef4db7c230,16,16,0,0,126.1,251.2,277.4,0,2,20,0,52229,8308,1532,0,2180353,0,0,False,,,
native-expanded,156-Lava-Dust-packed-16-baseline-w32-s04,8,14,packed,16,baseline,32,Lava-Dust-packed-16-baseline-w32,4,1800,8c0f6c57d737b9f8,9e3613a52ee5a79cf9b3cbadc3771e3a77cae7485703d92aed4fe6bdadce4ca6,16,16,0,0,124.2,245.9,272.2,0,2,20,0,54985,8320,1532,0,2180974,0,0,False,,,
native-expanded,157-Lava-Dust-packed-64-baseline-w32-s00,8,14,packed,64,baseline,32,Lava-Dust-packed-64-baseline-w32,0,1800,e1f22fc22463a4f9,fcb1ad8d7b02629a9aec1bd9b606bb8b9487f6eeef482cf6804fe65e317be439,64,64,0,0,505.4,647.4,742.6,0,6,20,0,219479,33802,6140,0,8035221,0,0,False,,,
native-expanded,157-Lava-Dust-packed-64-baseline-w32-s01,8,14,packed,64,baseline,32,Lava-Dust-packed-64-baseline-w32,1,1800,34852500d9039189,a21bb244fc4fff6212f5d99739b6463e6380505a454ee80bf5616ef2aa31d2e5,64,64,0,0,474.2,582.1,698.9,0,3,20,0,234298,33950,6140,0,7932319,0,0,False,,,
native-expanded,157-Lava-Dust-packed-64-baseline-w32-s02,8,14,packed,64,baseline,32,Lava-Dust-packed-64-baseline-w32,2,1800,509d75cfe827e452,2a672c00b3efd81047938f5997105b85302024121c856f98eec1f03c245a78c4,64,64,0,0,485.7,599.4,721.4,0,3,20,0,248859,34007,6139,0,7739713,0,0,False,,,
native-expanded,157-Lava-Dust-packed-64-baseline-w32-s03,8,14,packed,64,baseline,32,Lava-Dust-packed-64-baseline-w32,3,1800,30a0dd782cbe3667,cbfd4cfd1f84e7fa1751a596cb693fa4726fbcb590f0b0cda1fa4a94e90d698c,64,64,0,0,482.5,599.1,745.2,0,3,20,0,222557,33821,6139,0,7985136,0,0,False,,,
native-expanded,157-Lava-Dust-packed-64-baseline-w32-s04,8,14,packed,64,baseline,32,Lava-Dust-packed-64-baseline-w32,4,1800,a6713d17195d120e,2dfec2a8cfb552305c356807eeeea3d28a1aaefbece3a95934d6fd0850dd5cdf,64,64,0,0,477.1,581.6,723.4,0,3,20,0,238110,33949,6140,0,7900146,0,0,False,,,
native-expanded,158-Lava-Dust-open-32-baseline-w32-s00,8,14,open,32,baseline,32,Lava-Dust-open-32-baseline-w32,0,1800,a891a47d623aa2aa,6818805626993740cf89b31a78a688fb14eec7f893fc46ac82f0109341b0cd08,32,32,0,0,390.1,435.2,579.3,0,6,20,0,147764,14164,3070,0,5661381,0,0,False,,,
native-expanded,158-Lava-Dust-open-32-baseline-w32-s01,8,14,open,32,baseline,32,Lava-Dust-open-32-baseline-w32,1,1800,ba6bf26e6fba4f9c,ab2b3ff3257dadc1289b0251d9ba1e2cc12a4037594dc00679fe1cf74b1b9b09,32,32,0,0,252.5,431.3,581.2,0,6,20,0,151459,13502,3070,0,5175546,0,0,False,,,
native-expanded,158-Lava-Dust-open-32-baseline-w32-s02,8,14,open,32,baseline,32,Lava-Dust-open-32-baseline-w32,2,1800,44dd76266a0e4442,9a0ff94356e42f4608c115bf697540427827c0032e4b3bf963718e3485f06a2e,32,32,0,0,253,429.3,734.8,0,6,20,0,161660,13047,3069,0,5356815,0,0,False,,,
native-expanded,158-Lava-Dust-open-32-baseline-w32-s03,8,14,open,32,baseline,32,Lava-Dust-open-32-baseline-w32,3,1800,4baacbc8cb4214b9,242c49b0f8803907c9d37a661ddf5e253899176274c8fb6e47b3d1ff3376c314,32,32,0,0,391.2,496.4,620.7,0,6,20,0,148993,12657,3070,0,5890943,0,0,False,,,
native-expanded,158-Lava-Dust-open-32-baseline-w32-s04,8,14,open,32,baseline,32,Lava-Dust-open-32-baseline-w32,4,1800,1472aaec38d59559,c3b191c3c775ab896a503aff605704e3b287755f168505978ad0f679c70c7ef1,32,32,0,0,414.7,433.3,533.2,0,6,20,0,158583,12539,3069,0,6337289,0,0,False,,,
native-expanded,159-Lava-Dust-saturated-32-baseline-w32-s00,8,14,saturated,32,baseline,32,Lava-Dust-saturated-32-baseline-w32,0,1800,d20cc3662f93d559,9ac0918e8c71f0925eb58395b8f069971bc49d0ca52fb598cd78eb1ba739d4e6,32,32,0,0,223.9,442.7,503,0,6,20,0,111364,24824,3034,17311,4298727,0,0,False,,,
native-expanded,159-Lava-Dust-saturated-32-baseline-w32-s01,8,14,saturated,32,baseline,32,Lava-Dust-saturated-32-baseline-w32,1,1800,96ee8a833eafffb4,f76c6692d643e5371fd4cc3d3152bad3d4ac8e32fe953e075a46347c83ef514c,32,32,0,0,222.4,414.9,661.3,0,3,20,0,115962,24475,3063,66894,4829054,0,0,False,,,
native-expanded,159-Lava-Dust-saturated-32-baseline-w32-s02,8,14,saturated,32,baseline,32,Lava-Dust-saturated-32-baseline-w32,2,1800,b91e805535f49b3f,8c4cbc334c94445149632865bb47a0830b29dc39930737f91d494c855716e510,32,32,0,0,220.7,418.4,498.3,0,3,20,0,125712,24565,3066,59565,4633076,0,0,False,,,
native-expanded,159-Lava-Dust-saturated-32-baseline-w32-s03,8,14,saturated,32,baseline,32,Lava-Dust-saturated-32-baseline-w32,3,1800,9cc70d169f8ec00c,42c34a634497dd75aea8980cdc0d56ae23f2f1633b903ed495e3e9972b0bb55a,32,32,0,0,216.9,416.1,491.9,0,3,20,0,109406,24505,3059,53474,4534715,0,0,False,,,
native-expanded,159-Lava-Dust-saturated-32-baseline-w32-s04,8,14,saturated,32,baseline,32,Lava-Dust-saturated-32-baseline-w32,4,1800,6d68b9449fdafea6,bbe9eb53c47442fdf29971922d26e6c020f1ef962f5545ccdb94751cbc552c6e,32,32,0,0,225,421.7,582,0,3,20,0,119061,24484,3064,68668,4781853,0,0,False,,,
native-expanded,160-Water-Salt-packed-32-baseline-w32-s00,3,23,packed,32,baseline,32,Water-Salt-packed-32-baseline-w32,0,1800,d9cc82c33b306cfc,efc2e88a1fec35a324a48f8450ca8fae75751150696659f35c5f26477dd18373,-1,0,0,-7395,0.4,0.5,606.8,0,6,20,0,0,0,58,0,23335,0,0,False,,,
native-expanded,160-Water-Salt-packed-32-baseline-w32-s01,3,23,packed,32,baseline,32,Water-Salt-packed-32-baseline-w32,1,1800,12aefb7e8c204aca,529f11df2c36e9ac21da29841fec8dea71ef1b27f1ffd3d1adf697cad5e4a304,-1,0,0,-7905,0.6,0.6,653.4,0,3,20,0,0,0,62,0,19371,0,0,False,,,
native-expanded,160-Water-Salt-packed-32-baseline-w32-s02,3,23,packed,32,baseline,32,Water-Salt-packed-32-baseline-w32,2,1800,1db368787a07ac17,462fe306d157f2a2a0b291941d0942a049f77377ce0522af3b94eadab85015c2,-1,0,0,-7395,0.6,0.6,572.2,0,3,20,0,0,0,58,0,22044,0,0,False,,,
native-expanded,160-Water-Salt-packed-32-baseline-w32-s03,3,23,packed,32,baseline,32,Water-Salt-packed-32-baseline-w32,3,1800,6024fadb95fdfa06,9aa9877776e4018d7352021f64a862043b276d6089352bf0787c60295bbb8bf5,-1,0,0,-7395,0.6,0.6,574.6,0,3,20,0,0,0,58,0,23208,0,0,False,,,
native-expanded,160-Water-Salt-packed-32-baseline-w32-s04,3,23,packed,32,baseline,32,Water-Salt-packed-32-baseline-w32,4,1800,3d3c6a9eb5ffa0a2,fc6fb9b13296fa248ac87a943503f216927b335bf5828d3ce61beda90ce99b14,-1,0,0,-7395,0.6,0.6,567.2,0,3,20,0,0,0,58,0,22553,0,0,False,,,
native-expanded,161-Lava-Water-packed-32-baseline-w32-s00,8,3,packed,32,baseline,32,Lava-Water-packed-32-baseline-w32,0,1800,5ff275d10826d9ed,4c00d942a7403e09630c3dae0620b361e4a4da61f2ccbd754803015982c9ecb6,-1,-95,0,0,0.5,707.1,829.4,0,6,20,0,81300,22051,1536,198525,438427,0,0,False,,,
native-expanded,161-Lava-Water-packed-32-baseline-w32-s01,8,3,packed,32,baseline,32,Lava-Water-packed-32-baseline-w32,1,1800,2da126e93f3951ba,870cea2273688cc24eae184a379e137bb1cf744439c1cf7fb173468c2871719d,-1,-102,0,0,0.7,634.4,1653.5,0,3,20,0,88816,21268,1536,233284,552642,0,0,False,,,
native-expanded,161-Lava-Water-packed-32-baseline-w32-s02,8,3,packed,32,baseline,32,Lava-Water-packed-32-baseline-w32,2,1800,753c6709c1284a8d,f117f58babebc16676e27c56c8a12a567e017864a33e66494d9046d90a24b711,-1,-109,0,0,0.7,524.2,952.5,0,3,20,0,95865,18495,1536,182943,339107,0,0,False,,,
native-expanded,161-Lava-Water-packed-32-baseline-w32-s03,8,3,packed,32,baseline,32,Lava-Water-packed-32-baseline-w32,3,1800,180e865dbb2ed66,c00182a22b52c5ff5d9672a8e67578e69bd51f04a6fe7d0945263e78c40bbabf,-1,-96,0,0,0.7,683.1,820.9,0,3,20,0,82527,22168,1536,184852,369750,0,0,False,,,
native-expanded,161-Lava-Water-packed-32-baseline-w32-s04,8,3,packed,32,baseline,32,Lava-Water-packed-32-baseline-w32,4,1800,a7461a9abb86c470,e9d4e5faf1ac9c193d6ae10836ff2ca34a747d8f150fbb093953664a70a3f961,-1,-103,0,0,0.7,626.5,776.4,0,3,20,0,89727,21159,1536,176686,396612,0,0,False,,,
native-controls,000-Sand-Dust-packed-32-baseline-w32-s00,2,14,packed,32,baseline,32,Sand-Dust-packed-32-baseline-w32,0,1800,547bf066d94fba6f,201690e42d369d9e3c365681af624be46605fd71614e9bf6b62c3ae113d0aea3,32,32,0,0,0.4,0.5,375.1,0,6,20,0,0,16384,0,0,112128,0,0,True,,,
native-controls,000-Sand-Dust-packed-32-baseline-w32-s01,2,14,packed,32,baseline,32,Sand-Dust-packed-32-baseline-w32,1,1800,555c1012c71340e3,4192615da0a096e135e095243f9266b06460734d44d1df5b826a4c518f6b090e,32,32,0,0,0.7,0.7,335.6,0,3,20,0,0,16384,0,0,125664,0,0,True,,,
native-controls,000-Sand-Dust-packed-32-baseline-w32-s02,2,14,packed,32,baseline,32,Sand-Dust-packed-32-baseline-w32,2,1800,7516bb773e2f056a,ca0af7dcd26fc987be716107976fdcb77cf205ec57e3f8b4331b0f0acfa23c7d,32,32,0,0,0.7,0.7,337.7,0,3,20,0,0,16384,0,0,130080,0,0,True,,,
native-controls,000-Sand-Dust-packed-32-baseline-w32-s03,2,14,packed,32,baseline,32,Sand-Dust-packed-32-baseline-w32,3,1800,2e6e0f5df3286c49,607ad8a57a684a4944831c9f036c271a34985d16493638f03cb002dfbb0eefe1,32,32,0,0,0.7,0.7,430.1,0,3,20,0,0,16384,0,0,112128,0,0,True,,,
native-controls,000-Sand-Dust-packed-32-baseline-w32-s04,2,14,packed,32,baseline,32,Sand-Dust-packed-32-baseline-w32,4,1800,303730c8bcdc6973,067c6fb49d4e97f24e4ed4bc2dd7b23bff81dc5ff530d0052a52b878c3850f7c,32,32,0,0,0.7,0.7,333.1,0,3,20,0,0,16384,0,0,125664,0,0,True,,,
native-controls,001-Dust-Sand-packed-32-baseline-w32-s00,14,2,packed,32,baseline,32,Dust-Sand-packed-32-baseline-w32,0,1800,239a77551fb6926f,f0ac7a4bca37e811bd017a1c6571ade444167fa2d765dc00499d4b9951987ae9,-1,0,0,0,0.5,0.8,565.3,0,6,20,0,0,0,0,0,13824,0,0,True,,,
native-controls,001-Dust-Sand-packed-32-baseline-w32-s01,14,2,packed,32,baseline,32,Dust-Sand-packed-32-baseline-w32,1,1800,33f515661fa5ea6e,562dc4a9480b7fa5bde39f26e8b960c95a1ec01ff4e2b1344ff9b886cca39f3f,-1,0,0,0,0.4,1.1,483.8,0,3,20,0,0,0,0,0,13824,0,0,True,,,
native-controls,001-Dust-Sand-packed-32-baseline-w32-s02,14,2,packed,32,baseline,32,Dust-Sand-packed-32-baseline-w32,2,1800,c4daa30ee49d9f2f,949567e0cd1b0efd16fe252475af604f63bdd1101242f9bfa80e49e54dfe1567,-1,0,0,0,0.4,0.5,368.4,0,3,20,0,0,0,0,0,13824,0,0,True,,,
native-controls,001-Dust-Sand-packed-32-baseline-w32-s03,14,2,packed,32,baseline,32,Dust-Sand-packed-32-baseline-w32,3,1800,b4e6bf0993169c74,50fd840dc6c340e4d2543f69b01ba9ad5b5f6a509ec954fc2394e6fa6dfe3ed4,-1,0,0,0,0.4,0.5,321,0,3,20,0,0,0,0,0,13824,0,0,True,,,
native-controls,001-Dust-Sand-packed-32-baseline-w32-s04,14,2,packed,32,baseline,32,Dust-Sand-packed-32-baseline-w32,4,1800,b3fa5d23722fe9d2,589a98f44c61de832bd2d18fa7356f045587816ad6283aa7af4a7b042d838028,-1,0,0,0,0.4,0.5,313.9,0,3,20,0,0,0,0,0,13824,0,0,True,,,
native-controls,002-Stone-Sand-packed-32-baseline-w32-s00,13,2,packed,32,baseline,32,Stone-Sand-packed-32-baseline-w32,0,1800,41c2f7cfd952fb17,c7093e8bb65604118d7b2c1ae2ef9b62093ff1d23f28e43b7d0f92a66423f48f,32,32,30,0,0.4,292.2,323.6,0,6,20,0,0,15936,0,0,775078,0,0,True,,,
native-controls,002-Stone-Sand-packed-32-baseline-w32-s01,13,2,packed,32,baseline,32,Stone-Sand-packed-32-baseline-w32,1,1800,b4774e4056d64e77,c088c4fbf53416b3af88256d39d46ff486aa22f02f7e3e13ddb129401c2b2d69,32,32,36,0,0.7,257.2,277,0,3,20,0,0,15388,0,0,783614,0,0,True,,,
native-controls,002-Stone-Sand-packed-32-baseline-w32-s02,13,2,packed,32,baseline,32,Stone-Sand-packed-32-baseline-w32,2,1800,8cc9f5cbd4ef3fa,ea9c384b4b8e200b25f12719bed4194a26b71b21c893fd0e86013a6cf35c6699,32,32,33,0,0.7,250.1,511.1,0,3,20,0,0,15688,0,0,796920,0,0,True,,,
native-controls,002-Stone-Sand-packed-32-baseline-w32-s03,13,2,packed,32,baseline,32,Stone-Sand-packed-32-baseline-w32,3,1800,98b7bbd8e642379d,3125171f234bf88dfce174b15f11815a0374555000d06e0fcad5adf221fcd344,32,32,30,0,0.7,256,411.7,0,3,20,0,0,15936,0,0,775008,0,0,True,,,
native-controls,002-Stone-Sand-packed-32-baseline-w32-s04,13,2,packed,32,baseline,32,Stone-Sand-packed-32-baseline-w32,4,1800,ba4fa7df17ea047b,c9d82fdfdc1d397d38f941031a47f8eb1afafb9610deb877c482918232c23e3c,32,32,37,0,0.7,258.3,296.5,0,3,20,0,0,15318,0,0,783888,0,0,True,,,
native-controls,003-Sand-Stone-packed-32-baseline-w32-s00,2,13,packed,32,baseline,32,Sand-Stone-packed-32-baseline-w32,0,1800,3e41335b613d886f,9087199938f073bbe910d63dffbea2e9cd84925f9d4dd4b168427c3ab57a749b,-1,0,0,0,0.4,0.5,288.6,0,6,20,0,0,0,0,0,4890,0,0,True,,,
native-controls,003-Sand-Stone-packed-32-baseline-w32-s01,2,13,packed,32,baseline,32,Sand-Stone-packed-32-baseline-w32,1,1800,5e19a88cf222542e,baa4a70b61631470369266bbcccfb4628f83cf49a1bfcedf575dd8c9b2883e6c,-1,0,0,0,0.4,0.5,249.7,0,3,20,0,0,0,0,0,4890,0,0,True,,,
native-controls,003-Sand-Stone-packed-32-baseline-w32-s02,2,13,packed,32,baseline,32,Sand-Stone-packed-32-baseline-w32,2,1800,d1ca467617865b2f,1aab6367dc9a9258cf88a2da6c7cda5a17adb163e3973c91bcafca6d4b6879ec,-1,0,0,0,0.4,0.5,254,0,3,20,0,0,0,0,0,4890,0,0,True,,,
native-controls,003-Sand-Stone-packed-32-baseline-w32-s03,2,13,packed,32,baseline,32,Sand-Stone-packed-32-baseline-w32,3,1800,833f6437cbe913b4,b7d96d0d35425dee37a0db65c8301241f84fd27ceffe4898a429c5c85ec70468,-1,0,0,0,0.4,0.5,251.1,0,3,20,0,0,0,0,0,4890,0,0,True,,,
native-controls,003-Sand-Stone-packed-32-baseline-w32-s04,2,13,packed,32,baseline,32,Sand-Stone-packed-32-baseline-w32,4,1800,7c4dd7ea3f66ced2,5e1319bf85eb6162c704da4230d6d9c61837f1b17560bdc2f1b365635a118b8a,-1,0,0,0,0.4,0.5,251.5,0,3,20,0,0,0,0,0,4890,0,0,True,,,
native-controls,004-Rust-Sand-packed-32-baseline-w32-s00,29,2,packed,32,baseline,32,Rust-Sand-packed-32-baseline-w32,0,1800,898fd9ba75a9a2ef,743d7ef0a62167fe2f1517a3a436e0496d41be76570ff08cf1a082f75fd381cf,32,32,0,0,0.4,0.5,325.3,0,6,20,0,0,16384,0,0,112128,0,0,True,,,
native-controls,004-Rust-Sand-packed-32-baseline-w32-s01,29,2,packed,32,baseline,32,Rust-Sand-packed-32-baseline-w32,1,1800,8453b3bdf3d7ed23,491d198a444e1600dbbc143110787406063a75189667fb81bbd8173450cc04db,32,32,0,0,0.7,0.7,412.9,0,3,20,0,0,16384,0,0,125664,0,0,True,,,
native-controls,004-Rust-Sand-packed-32-baseline-w32-s02,29,2,packed,32,baseline,32,Rust-Sand-packed-32-baseline-w32,2,1800,2e632ed5d399ee6a,2b4f92b0d7688f714d2514e5774c83f4d613ed839382947c1128d6bd1924af58,32,32,0,0,0.7,0.8,293.5,0,3,20,0,0,16384,0,0,130080,0,0,True,,,
native-controls,004-Rust-Sand-packed-32-baseline-w32-s03,29,2,packed,32,baseline,32,Rust-Sand-packed-32-baseline-w32,3,1800,cc53e78ef38f3189,d6ed5c8416ec190b1f2f069f66210d5a7349592ec36489cb0f3058622baa9fcc,32,32,0,0,0.7,0.7,330.6,0,3,20,0,0,16384,0,0,112128,0,0,True,,,
native-controls,004-Rust-Sand-packed-32-baseline-w32-s04,29,2,packed,32,baseline,32,Rust-Sand-packed-32-baseline-w32,4,1800,45678c74c12a0ef3,7ca50b4c7ab9b821c18ffdfc4ea072d390e40eaf5bde00b83ee5e2f97ada7777,32,32,0,0,0.7,0.7,293.1,0,3,20,0,0,16384,0,0,125664,0,0,True,,,
native-controls,005-Sand-Rust-packed-32-baseline-w32-s00,2,29,packed,32,baseline,32,Sand-Rust-packed-32-baseline-w32,0,1800,a6067f233edafe6f,3cc4cbf373005552ce91fd829d577a7e67a29bba9ab96c94a2e0e862927e55b2,-1,0,0,0,0.4,0.5,332.2,0,6,20,0,0,0,0,0,13824,0,0,True,,,
native-controls,005-Sand-Rust-packed-32-baseline-w32-s01,2,29,packed,32,baseline,32,Sand-Rust-packed-32-baseline-w32,1,1800,12387825c68ea02e,c5149ec8db4c3d74065eb84c6896901aebad18ecab5303e2a6cf9cdd37cc2778,-1,0,0,0,0.4,0.5,294.8,0,3,20,0,0,0,0,0,13824,0,0,True,,,
native-controls,005-Sand-Rust-packed-32-baseline-w32-s02,2,29,packed,32,baseline,32,Sand-Rust-packed-32-baseline-w32,2,1800,ef292e413597f72f,cfb7c398b5506419b8b032e29dfd5dc72c510c1e73c12d99e621476dac845876,-1,0,0,0,0.4,0.5,296.1,0,3,20,0,0,0,0,0,13824,0,0,True,,,
native-controls,005-Sand-Rust-packed-32-baseline-w32-s03,2,29,packed,32,baseline,32,Sand-Rust-packed-32-baseline-w32,3,1800,23f9a845415be834,7299d1fcdeb321c8ba10165c347fa28ed949074e95967f781654df54942801da,-1,0,0,0,0.4,0.5,296.2,0,3,20,0,0,0,0,0,13824,0,0,True,,,
native-controls,005-Sand-Rust-packed-32-baseline-w32-s04,2,29,packed,32,baseline,32,Sand-Rust-packed-32-baseline-w32,4,1800,bb7646ffca369c52,1db357069e5c8cebc0ee1bf0f9d6abe19a2d5eb3e461ecf3d96b099be9e23b89,-1,0,0,0,0.4,0.5,295.3,0,3,20,0,0,0,0,0,13824,0,0,True,,,
native-controls,006-Mercury-Sand-packed-32-baseline-w32-s00,33,2,packed,32,baseline,32,Mercury-Sand-packed-32-baseline-w32,0,1800,b6cd7bf9650cd96f,4478cd5dd8697d3809e3f7ce5c3422b81773d01921aa96f6e96336c47c4e5497,32,32,0,0,0.4,0.5,329.1,0,6,20,0,0,16384,0,0,114010,0,0,True,,,
native-controls,006-Mercury-Sand-packed-32-baseline-w32-s01,33,2,packed,32,baseline,32,Mercury-Sand-packed-32-baseline-w32,1,1800,995228978cd57ce3,0c5a821fadacd2e3a62da7055d8c3d573b76e1c412dca74629e275919467561c,32,32,0,0,0.7,0.8,292,0,3,20,0,0,16384,0,0,129408,0,0,True,,,
native-controls,006-Mercury-Sand-packed-32-baseline-w32-s02,33,2,packed,32,baseline,32,Mercury-Sand-packed-32-baseline-w32,2,1800,46e802f220aa44ea,4928f74773e76e1f0d74de5078661219ca3101f059a0686761c90da5347b90a3,32,32,0,0,0.7,0.7,292.8,0,3,20,0,0,16384,0,0,134542,0,0,True,,,
native-controls,006-Mercury-Sand-packed-32-baseline-w32-s03,33,2,packed,32,baseline,32,Mercury-Sand-packed-32-baseline-w32,3,1800,806f4c0c88971509,067f85b272e94e71096c1d5a364ee6a227cc40e3cfc2e89ef703079611378586,32,32,0,0,0.7,0.8,308.9,0,3,20,0,0,16384,0,0,114020,0,0,True,,,
native-controls,006-Mercury-Sand-packed-32-baseline-w32-s04,33,2,packed,32,baseline,32,Mercury-Sand-packed-32-baseline-w32,4,1800,5a33cf814c523ff3,b15ea5d544944631c63849cea1fb155f0e1d4308055a5a95f3c885aeff7945c4,32,32,0,0,0.7,0.8,291.8,0,3,20,0,0,16384,0,0,129396,0,0,True,,,
native-controls,007-Sand-Mercury-packed-32-baseline-w32-s00,2,33,packed,32,baseline,32,Sand-Mercury-packed-32-baseline-w32,0,1800,8e3123a29d03466f,87ee5f79983500d9c925e6c962c815ab8d99e1a25092c2085c78c5c5a46b675a,-1,0,0,0,0.4,0.5,388.1,0,6,20,0,0,0,0,0,17644,0,0,True,,,
native-controls,007-Sand-Mercury-packed-32-baseline-w32-s01,2,33,packed,32,baseline,32,Sand-Mercury-packed-32-baseline-w32,1,1800,fa5a26e071a4fcee,7ef8ae9d748633460abe40f5c1862f522926817985f80a9efed9022dd7033b04,-1,0,0,0,0.4,0.5,341.8,0,3,20,0,0,0,0,0,17584,0,0,True,,,
native-controls,007-Sand-Mercury-packed-32-baseline-w32-s02,2,33,packed,32,baseline,32,Sand-Mercury-packed-32-baseline-w32,2,1800,db8aa6a841193aaf,ef3b3e55a6e9ec8e2ade1bf0a73b49ac928999294c9d30eced39254efeffa191,-1,0,0,0,0.4,0.5,346.9,0,3,20,0,0,0,0,0,17614,0,0,True,,,
native-controls,007-Sand-Mercury-packed-32-baseline-w32-s03,2,33,packed,32,baseline,32,Sand-Mercury-packed-32-baseline-w32,3,1800,f4133c707ea308b4,afc275bfa25ab720e26c2de252b2993ae59525151076b4fc93945bbf128cabe3,-1,0,0,0,0.4,0.5,343.7,0,3,20,0,0,0,0,0,17648,0,0,True,,,
native-controls,007-Sand-Mercury-packed-32-baseline-w32-s04,2,33,packed,32,baseline,32,Sand-Mercury-packed-32-baseline-w32,4,1800,592df407bbe0a752,a94a8a3c6e32c1d818f621e64b844d3b306b059f7ad266fd5852f6005ad39dfb,-1,0,0,0,0.4,0.5,345.1,0,3,20,0,0,0,0,0,17628,0,0,True,,,
native-controls,008-Mercury-Dust-packed-32-baseline-w32-s00,33,14,packed,32,baseline,32,Mercury-Dust-packed-32-baseline-w32,0,1800,e90dcfc9b29f416f,9ff128d71090f48151069a1db180373bfd958c2056a2ffea61dca1bcb3834836,32,32,0,0,0.4,0.5,376.4,0,6,20,0,0,16384,0,0,114010,0,0,True,,,
native-controls,008-Mercury-Dust-packed-32-baseline-w32-s01,33,14,packed,32,baseline,32,Mercury-Dust-packed-32-baseline-w32,1,1800,1f09c54b3b62fee3,249767f0bf5160bcaa7354a3a64e8648edcea132464df2d0b6807e3974518373,32,32,0,0,0.7,0.7,337.1,0,3,20,0,0,16384,0,0,129408,0,0,True,,,
native-controls,008-Mercury-Dust-packed-32-baseline-w32-s02,33,14,packed,32,baseline,32,Mercury-Dust-packed-32-baseline-w32,2,1800,72d004e698715cea,8126640a739329a076ad411c2e24d527bcf7200a9815e53ba9ad793e98a1c0ee,32,32,0,0,0.7,0.8,354,0,3,20,0,0,16384,0,0,134542,0,0,True,,,
native-controls,008-Mercury-Dust-packed-32-baseline-w32-s03,33,14,packed,32,baseline,32,Mercury-Dust-packed-32-baseline-w32,3,1800,8f057d9ec180c909,1eb04589106b8f08b223454a17f6040c69f23cc54150b3a5c8f7728f272151fe,32,32,0,0,0.7,0.8,371.6,0,3,20,0,0,16384,0,0,114020,0,0,True,,,
native-controls,008-Mercury-Dust-packed-32-baseline-w32-s04,33,14,packed,32,baseline,32,Mercury-Dust-packed-32-baseline-w32,4,1800,290260dc80fd8df3,7384c1a625e6fbee5f656a79d18657686d662df4c49ec07674ed60b465d4fca8,32,32,0,0,0.7,0.7,339.5,0,3,20,0,0,16384,0,0,129396,0,0,True,,,
native-controls,009-Dust-Mercury-packed-32-baseline-w32-s00,14,33,packed,32,baseline,32,Dust-Mercury-packed-32-baseline-w32,0,1800,8f8ffe6130fc866f,53472633f837baa85d5a363e8187d8438c4afcb7e0e72512b7be1701b1a9d4ec,-1,0,0,0,0.4,0.5,498.5,0,6,20,0,0,0,0,0,17644,0,0,True,,,
native-controls,009-Dust-Mercury-packed-32-baseline-w32-s01,14,33,packed,32,baseline,32,Dust-Mercury-packed-32-baseline-w32,1,1800,c4c3585062e228ee,bfab683e9540ccc93ad10e106ca5655edd662e5f5e69a1083035404940d90637,-1,0,0,0,0.4,0.5,363.9,0,3,20,0,0,0,0,0,17584,0,0,True,,,
native-controls,009-Dust-Mercury-packed-32-baseline-w32-s02,14,33,packed,32,baseline,32,Dust-Mercury-packed-32-baseline-w32,2,1800,931cc8c2881ae2af,964e3403bd8b25c0acd6832f35306bd12460a2de11693981ec0ae0279153ecbe,-1,0,0,0,0.4,0.5,369.6,0,3,20,0,0,0,0,0,17614,0,0,True,,,
native-controls,009-Dust-Mercury-packed-32-baseline-w32-s03,14,33,packed,32,baseline,32,Dust-Mercury-packed-32-baseline-w32,3,1800,d6204c4aba3778b4,e721f3c873b3137e3775ed087548811174c59a875f41a61c3b30bca10dad9af6,-1,0,0,0,0.4,0.5,368,0,3,20,0,0,0,0,0,17648,0,0,True,,,
native-controls,009-Dust-Mercury-packed-32-baseline-w32-s04,14,33,packed,32,baseline,32,Dust-Mercury-packed-32-baseline-w32,4,1800,18febc12f566b52,cb506e3a3aba49b0a4e836079a3463f2e1491d2281ec8462e619f424a48c1b1a,-1,0,0,0,0.4,1.2,774.2,0,3,20,0,0,0,0,0,17628,0,0,True,,,
native-controls,010-Water-Sand-packed-32-baseline-w32-s00,3,2,packed,32,baseline,32,Water-Sand-packed-32-baseline-w32,0,1800,9a50ea48f9ba8a6f,fd10de503248be91ca98376756cd3505834b46e0a57a32497138b8209ebde6e2,-1,0,0,0,0.4,0.5,550.6,0,6,20,0,0,0,0,0,9594,0,0,True,,,
native-controls,010-Water-Sand-packed-32-baseline-w32-s01,3,2,packed,32,baseline,32,Water-Sand-packed-32-baseline-w32,1,1800,c8b19d9699c37c6e,c6b34575f05c9c662117a0b500762cf9a8e03678e753939e1f9bf12c456202a1,-1,0,0,0,0.4,0.5,505.2,0,3,20,0,0,0,0,0,9594,0,0,True,,,
native-controls,010-Water-Sand-packed-32-baseline-w32-s02,3,2,packed,32,baseline,32,Water-Sand-packed-32-baseline-w32,2,1800,c8107d78d652872f,0a097aba7c54e4ae1c015803a89a771b295a96f2fadfa178fcb93d6a3de706bc,-1,0,0,0,0.4,0.5,521,0,3,20,0,0,0,0,0,9594,0,0,True,,,
native-controls,010-Water-Sand-packed-32-baseline-w32-s03,3,2,packed,32,baseline,32,Water-Sand-packed-32-baseline-w32,3,1800,c6aefd2cac144474,24d822444de5bcb062efbb2dc5d4eb7300e892c1e1e4e626a76f0b2391bc2cff,-1,0,0,0,0.4,0.5,508.9,0,3,20,0,0,0,0,0,9594,0,0,True,,,
native-controls,010-Water-Sand-packed-32-baseline-w32-s04,3,2,packed,32,baseline,32,Water-Sand-packed-32-baseline-w32,4,1800,8f66c0b720a4ffd2,49cc7a431e40be2b3d28041899e5a09d870b80ee203ccd7db174bbcfbf6f36f5,-1,0,0,0,0.4,0.5,513.5,0,3,20,0,0,0,0,0,9594,0,0,True,,,
native-controls,011-Sand-Water-packed-32-baseline-w32-s00,2,3,packed,32,baseline,32,Sand-Water-packed-32-baseline-w32,0,1800,4f49324a6eba126f,c060ed50e96bd17ceb538474ed91ccfb9d7c1011c50fb76e6f946282eec6cfe8,32,32,0,0,0.4,0.5,878.1,0,6,20,0,0,16384,0,0,10138,0,0,True,,,
native-controls,011-Sand-Water-packed-32-baseline-w32-s01,2,3,packed,32,baseline,32,Sand-Water-packed-32-baseline-w32,1,1800,198bc26a45bedee3,c0909bfeabdcffb9e617d3b419aee12d54e553fb3df09b623c023e5ac02e9398,32,32,0,0,0.7,0.8,736.4,0,3,20,0,0,16384,0,0,15402,0,0,True,,,
native-controls,011-Sand-Water-packed-32-baseline-w32-s02,2,3,packed,32,baseline,32,Sand-Water-packed-32-baseline-w32,2,1800,400820347db8896a,55518101ce89c6bec62396756c10311c7968c4655baf91e78f06c224e00daf03,32,32,0,0,0.8,1,871.8,0,3,20,0,0,16384,0,0,17280,0,0,True,,,
native-controls,011-Sand-Water-packed-32-baseline-w32-s03,2,3,packed,32,baseline,32,Sand-Water-packed-32-baseline-w32,3,1800,cee779039e77d849,3ebf6d076833c683f584d1b2cf9b3abb849077c0664510e7f12171d5482c3966,32,32,0,0,0.7,0.9,1104.7,0,3,20,0,0,16384,0,0,10138,0,0,True,,,
native-controls,011-Sand-Water-packed-32-baseline-w32-s04,2,3,packed,32,baseline,32,Sand-Water-packed-32-baseline-w32,4,1800,90dbd9839ee7bb73,5c456bd1a536573833aac8456a34e865873acb1e0ce9c3c57ad256d9053ebb75,32,32,0,0,0.7,0.7,771.6,0,3,20,0,0,16384,0,0,15402,0,0,True,,,
native-controls,012-Water-Dust-packed-32-baseline-w32-s00,3,14,packed,32,baseline,32,Water-Dust-packed-32-baseline-w32,0,1800,5e092e3fe1bf26f,680bc27fee2436f390833ff39c76ae5b4379e9def48c6cd07735de5916a08306,32,32,0,0,0.4,0.5,541.4,0,6,20,0,0,16384,0,0,107898,0,0,True,,,
native-controls,012-Water-Dust-packed-32-baseline-w32-s01,3,14,packed,32,baseline,32,Water-Dust-packed-32-baseline-w32,1,1800,ec2d3641b9a20d23,a17a8e8fbeafa8f92f05217372b59e89a3cc391250e2c68eb84d49c3155160ea,32,32,0,0,0.7,0.9,523.9,0,3,20,0,0,16384,0,0,117204,0,0,True,,,
native-controls,012-Water-Dust-packed-32-baseline-w32-s02,3,14,packed,32,baseline,32,Water-Dust-packed-32-baseline-w32,2,1800,544996c093ab186a,f584eb09cddae25a401c37235d20a82ae8d15cd5d16fa137f35ab1a35aa41adc,32,32,0,0,0.8,0.9,526.7,0,3,20,0,0,16384,0,0,120210,0,0,True,,,
native-controls,012-Water-Dust-packed-32-baseline-w32-s03,3,14,packed,32,baseline,32,Water-Dust-packed-32-baseline-w32,3,1800,864c21d3db85b3c9,f7d410591b24eed8197e7b9129b1b96e8cdd97eeab2527ba1fa1cc0b9d69ccd7,32,32,0,0,0.7,0.7,527.7,0,3,20,0,0,16384,0,0,107898,0,0,True,,,
native-controls,012-Water-Dust-packed-32-baseline-w32-s04,3,14,packed,32,baseline,32,Water-Dust-packed-32-baseline-w32,4,1800,bdae4b848acc1b73,32681b03097450941261918b5527d34e52f84fe86cfffaafd35512da806d41ad,32,32,0,0,0.7,0.9,525.2,0,3,20,0,0,16384,0,0,117204,0,0,True,,,
native-controls,013-Dust-Water-packed-32-baseline-w32-s00,14,3,packed,32,baseline,32,Dust-Water-packed-32-baseline-w32,0,1800,89f761d3b982526f,5f0aa9ca41a2ce850c4549646739e916681c667ba8479192e66141cb68bb9ca6,-1,0,0,0,0.4,0.5,825.7,0,6,20,0,0,0,0,0,5082,0,0,True,,,
native-controls,013-Dust-Water-packed-32-baseline-w32-s01,14,3,packed,32,baseline,32,Dust-Water-packed-32-baseline-w32,1,1800,228bb9cd1c1da5ae,cf48b4a73e9a70cf550c87006547302dc6dc70b7a0494dbf8938d46f5889c75d,-1,0,0,0,0.4,0.5,768,0,3,20,0,0,0,0,0,5082,0,0,True,,,
native-controls,013-Dust-Water-packed-32-baseline-w32-s02,14,3,packed,32,baseline,32,Dust-Water-packed-32-baseline-w32,2,1800,85fd6babe58f522f,3502c6e987a19db5943324f7dfdad2fe4717040b3ca92b730d6461d1441b01f5,-1,0,0,0,0.4,0.7,771.1,0,3,20,0,0,0,0,0,5082,0,0,True,,,
native-controls,013-Dust-Water-packed-32-baseline-w32-s03,14,3,packed,32,baseline,32,Dust-Water-packed-32-baseline-w32,3,1800,de48155a6c3c8a74,6130abeeb19dc8a24640c4ca542c2c8f7b412ce315773e4aa9c255c7548ee96a,-1,0,0,0,0.5,0.6,774.2,0,3,20,0,0,0,0,0,5082,0,0,True,,,
native-controls,013-Dust-Water-packed-32-baseline-w32-s04,14,3,packed,32,baseline,32,Dust-Water-packed-32-baseline-w32,4,1800,86f15b278efc57d2,02f242ce0901c6ec37cfcc6063113d349aea65690c105aef171415a3641dd9b1,-1,0,0,0,0.4,0.5,769.6,0,3,20,0,0,0,0,0,5082,0,0,True,,,
native-controls,014-Oil-Sand-packed-32-baseline-w32-s00,16,2,packed,32,baseline,32,Oil-Sand-packed-32-baseline-w32,0,1800,de34cc55cee4b86f,9a07889e90ca4cd4f968dd881e9b725f8aff95a0a976bf00e1f33e60b8fe1f7c,-1,0,0,0,0.4,0.5,429.5,0,6,20,0,0,0,0,0,15360,0,0,True,,,
native-controls,014-Oil-Sand-packed-32-baseline-w32-s01,16,2,packed,32,baseline,32,Oil-Sand-packed-32-baseline-w32,1,1800,138a3b91029c706e,4f19a79baa4659e045e2e0433a5d8c6dc398c44c8cad2479258895987863f4fb,-1,0,0,0,0.4,0.5,384.7,0,3,20,0,0,0,0,0,15360,0,0,True,,,
native-controls,014-Oil-Sand-packed-32-baseline-w32-s02,16,2,packed,32,baseline,32,Oil-Sand-packed-32-baseline-w32,2,1800,6770f270788f752f,536de944c4dceeb6af45fce3c3a1d701b1dd40892aca5d5e69f0a1c514fa3244,-1,0,0,0,0.4,0.5,430.8,0,3,20,0,0,0,0,0,15360,0,0,True,,,
native-controls,014-Oil-Sand-packed-32-baseline-w32-s03,16,2,packed,32,baseline,32,Oil-Sand-packed-32-baseline-w32,3,1800,7bd0dc93a2ff4474,e846176c9410af7769d4e4bbcf0c25ddb05bba310af2270043be2cfd9b6be271,-1,0,0,0,0.4,0.5,390.9,0,3,20,0,0,0,0,0,15360,0,0,True,,,
native-controls,014-Oil-Sand-packed-32-baseline-w32-s04,16,2,packed,32,baseline,32,Oil-Sand-packed-32-baseline-w32,4,1800,e7b78fb21b279bd2,dd24c20e79d08d52b0e321a9f29958a08309277221a150bdac8641cd64a4e07a,-1,0,0,0,0.4,0.5,396.4,0,3,20,0,0,0,0,0,15360,0,0,True,,,
native-controls,015-Sand-Oil-packed-32-baseline-w32-s00,2,16,packed,32,baseline,32,Sand-Oil-packed-32-baseline-w32,0,1800,bdf21fb115355e6f,75ad61da22a331fa206ae7716e0316aca4d3b6c0a3f70e980519f64719a71458,32,32,0,0,0.4,0.5,525.2,0,6,20,0,0,16384,0,0,147968,0,0,True,,,
native-controls,015-Sand-Oil-packed-32-baseline-w32-s01,2,16,packed,32,baseline,32,Sand-Oil-packed-32-baseline-w32,1,1800,284f775c8a6892e3,7dd2cbb2f164e385c30624047a41883d901ee6263894940e9b6127aab54c6168,32,32,0,0,0.7,0.7,485.3,0,3,20,0,0,16384,0,0,164480,0,0,True,,,
native-controls,015-Sand-Oil-packed-32-baseline-w32-s02,2,16,packed,32,baseline,32,Sand-Oil-packed-32-baseline-w32,2,1800,fbd25219218ab6a,d31de00e17f7383dfef1b6d5aa37ca5511fd37bfc1c3ad207f6a80e320b2710a,32,32,0,0,0.7,0.7,477.8,0,3,20,0,0,16384,0,0,169856,0,0,True,,,
native-controls,015-Sand-Oil-packed-32-baseline-w32-s03,2,16,packed,32,baseline,32,Sand-Oil-packed-32-baseline-w32,3,1800,97aac027f70ada49,03720bfdb99a02085cf4f3420a43ec6c435ca7aadd8f49e925475cc4b8840a49,32,32,0,0,0.7,0.7,629.8,0,3,20,0,0,16384,0,0,147968,0,0,True,,,
native-controls,015-Sand-Oil-packed-32-baseline-w32-s04,2,16,packed,32,baseline,32,Sand-Oil-packed-32-baseline-w32,4,1800,a4b2eb8b37ecf173,d79bbf3982fc06a0811b10a0665fb2a13b013a69f1366de0599193b0d72b86b8,32,32,0,0,0.7,0.7,470.5,0,3,20,0,0,16384,0,0,164480,0,0,True,,,
native-controls,016-Oil-Dust-packed-32-baseline-w32-s00,16,14,packed,32,baseline,32,Oil-Dust-packed-32-baseline-w32,0,1800,ca9bd32fb8b7ee6f,800aaed609d8fccefec76d614cdbeea6b9fd422eb06f794c24b745d621bd4fb0,-1,0,0,0,0.4,0.5,471.5,0,6,20,0,0,0,0,0,15360,0,0,True,,,
native-controls,016-Oil-Dust-packed-32-baseline-w32-s01,16,14,packed,32,baseline,32,Oil-Dust-packed-32-baseline-w32,1,1800,dd34db237a017bee,bfcd1d87aa4c1f96e1ffcdd950c520ef12712f5751cf27c6a4278ca5e6caeda2,-1,0,0,0,0.4,0.5,427.3,0,3,20,0,0,0,0,0,15360,0,0,True,,,
native-controls,016-Oil-Dust-packed-32-baseline-w32-s02,16,14,packed,32,baseline,32,Oil-Dust-packed-32-baseline-w32,2,1800,43313453ed5c4c2f,c04a89c49ae641787e8c2f7f727a1c27aa921512fce9bd3c34a16c1da1f3fed9,-1,0,0,0,0.4,0.5,549.4,0,3,20,0,0,0,0,0,15360,0,0,True,,,
native-controls,016-Oil-Dust-packed-32-baseline-w32-s03,16,14,packed,32,baseline,32,Oil-Dust-packed-32-baseline-w32,3,1800,d636bcf192466074,f62b86717abd2ec0923f5148a228e8d4d9d90090585f99723234a2b4fb0a08c0,-1,0,0,0,0.4,0.5,439.5,0,3,20,0,0,0,0,0,15360,0,0,True,,,
native-controls,016-Oil-Dust-packed-32-baseline-w32-s04,16,14,packed,32,baseline,32,Oil-Dust-packed-32-baseline-w32,4,1800,acef2015c38cffd2,fd93a3d87e56745bf99010ae756d622b26bcf48dd63cac03f74219bd57e0ac52,-1,0,0,0,0.4,0.5,456.8,0,3,20,0,0,0,0,0,15360,0,0,True,,,
native-controls,017-Dust-Oil-packed-32-baseline-w32-s00,14,16,packed,32,baseline,32,Dust-Oil-packed-32-baseline-w32,0,1800,f6f4950fc17e9c6f,b893eb37490707e76c8ec130b79ed6b22fd617d699f66c0573d6a92529888ede,-1,0,0,0,0.4,0.5,552.3,0,6,20,0,0,0,0,0,16896,0,0,True,,,
native-controls,017-Dust-Oil-packed-32-baseline-w32-s01,14,16,packed,32,baseline,32,Dust-Oil-packed-32-baseline-w32,1,1800,2955b318bdb10fae,3c3618df7783914911f0840a0c80c1e1e697230f52bf7dceb3b8c233381a0426,-1,0,0,0,0.4,0.5,539.6,0,3,20,0,0,0,0,0,16896,0,0,True,,,
native-controls,017-Dust-Oil-packed-32-baseline-w32-s02,14,16,packed,32,baseline,32,Dust-Oil-packed-32-baseline-w32,2,1800,516f7f62429e84af,a6b47041087398c7df59398bb305efcdf476a6a2e494287e02564df371c92ca6,-1,0,0,0,0.4,0.5,506.9,0,3,20,0,0,0,0,0,16896,0,0,True,,,
native-controls,017-Dust-Oil-packed-32-baseline-w32-s03,14,16,packed,32,baseline,32,Dust-Oil-packed-32-baseline-w32,3,1800,3d50478a1cc1e874,c19bb39af40ebfbc36dd80b150d9935252059c4301d69b2e19e6f037a7a6a613,-1,0,0,0,0.4,0.5,516.1,0,3,20,0,0,0,0,0,16896,0,0,True,,,
native-controls,017-Dust-Oil-packed-32-baseline-w32-s04,14,16,packed,32,baseline,32,Dust-Oil-packed-32-baseline-w32,4,1800,e423b71f7a376fd2,431206bd1c197436849da67cf9330baacd9062428e0857e3fba62ec259956706,-1,0,0,0,0.4,0.5,497.6,0,3,20,0,0,0,0,0,16896,0,0,True,,,
native-controls,018-Brine-Sand-packed-32-baseline-w32-s00,24,2,packed,32,baseline,32,Brine-Sand-packed-32-baseline-w32,0,1800,ac415cb6c0d506f,1bbe6a12bdc2196209b2f497321215afd0b440dadeb893f3f0c0e05386adee97,-1,0,0,0,0.4,0.5,424.5,0,6,20,0,0,0,0,0,16510,0,0,True,,,
native-controls,018-Brine-Sand-packed-32-baseline-w32-s01,24,2,packed,32,baseline,32,Brine-Sand-packed-32-baseline-w32,1,1800,7976323261b8686e,cb797250ba118b26afdd66cf1b6eb43e29a27f600cce5342e7f2b22a6dec9af6,-1,0,0,0,0.4,0.5,380.4,0,3,20,0,0,0,0,0,16498,0,0,True,,,
native-controls,018-Brine-Sand-packed-32-baseline-w32-s02,24,2,packed,32,baseline,32,Brine-Sand-packed-32-baseline-w32,2,1800,2a2f41b98449612f,5d94ea3d28c6317e030a9fb8eb4ce3d381e187f27ba31d079bc4b62cedf79ab7,-1,0,0,0,0.4,0.5,367.6,0,3,20,0,0,0,0,0,16506,0,0,True,,,
native-controls,018-Brine-Sand-packed-32-baseline-w32-s03,24,2,packed,32,baseline,32,Brine-Sand-packed-32-baseline-w32,3,1800,7ab9cd55c81ba474,ee9f2d44e56d731ca5bddf07d90f4b11ac25db3d463ff7cc59ba4a3dbde899ac,-1,0,0,0,0.4,0.5,363.9,0,3,20,0,0,0,0,0,16510,0,0,True,,,
native-controls,018-Brine-Sand-packed-32-baseline-w32-s04,24,2,packed,32,baseline,32,Brine-Sand-packed-32-baseline-w32,4,1800,46ace0f659603d2,40502ca1be8ad773460c3cbae5dfe5a7250cd0ee7ad2f103e592af6315faeced,-1,0,0,0,0.4,0.5,461.4,0,3,20,0,0,0,0,0,16524,0,0,True,,,
native-controls,019-Sand-Brine-packed-32-baseline-w32-s00,2,24,packed,32,baseline,32,Sand-Brine-packed-32-baseline-w32,0,1800,d4520e9fb791806f,49ffbb884682ef4e5d84bef0d3d6a2bb20a5ad4c769a17953fb81d978062c813,32,32,0,0,0.4,0.5,456.4,0,6,20,0,0,16384,0,0,175026,0,0,True,,,
native-controls,019-Sand-Brine-packed-32-baseline-w32-s01,2,24,packed,32,baseline,32,Sand-Brine-packed-32-baseline-w32,1,1800,2f3103d218c6c8e3,4c49f4be2582685779c66c7c7cc7a258afc1739b751a37e325c1823fe6b8ff1b,32,32,0,0,0.7,0.7,514.3,0,3,20,0,0,16384,0,0,193694,0,0,True,,,
native-controls,019-Sand-Brine-packed-32-baseline-w32-s02,2,24,packed,32,baseline,32,Sand-Brine-packed-32-baseline-w32,2,1800,e1ce81f0c832bb6a,81bf592aaf090e0a7c0be63a2c3e533350628ea7c31376e39bfb39f4d817104c,32,32,0,0,0.7,0.7,414.3,0,3,20,0,0,16384,0,0,199688,0,0,True,,,
native-controls,019-Sand-Brine-packed-32-baseline-w32-s03,2,24,packed,32,baseline,32,Sand-Brine-packed-32-baseline-w32,3,1800,915d7eaa76ccaa49,50badef8d61d169d288fc7ad4eb79656f0f930f7a5c19cc3ccc311d84faa0fe6,32,32,0,0,0.7,0.8,420.9,0,3,20,0,0,16384,0,0,175014,0,0,True,,,
native-controls,019-Sand-Brine-packed-32-baseline-w32-s04,2,24,packed,32,baseline,32,Sand-Brine-packed-32-baseline-w32,4,1800,970a3ed9b1a2cf73,c32113d99dddfd8bfbca873f6d99973d54df1e674d0797cea5bc10cf997132f2,32,32,0,0,0.7,0.7,413.4,0,3,20,0,0,16384,0,0,193704,0,0,True,,,
native-controls,020-Brine-Dust-packed-32-baseline-w32-s00,24,14,packed,32,baseline,32,Brine-Dust-packed-32-baseline-w32,0,1800,8b5230b891108c6f,7d57c94becb4d5920c185ce1db3fe2c73f1a298925366007be7bf362d6aab174,32,32,0,0,0.4,0.5,505.3,0,6,20,0,0,16384,0,0,114816,0,0,True,,,
native-controls,020-Brine-Dust-packed-32-baseline-w32-s01,24,14,packed,32,baseline,32,Brine-Dust-packed-32-baseline-w32,1,1800,851776798ca7f23,8beab8beb006f3b3f3f360e3506c6f640b5ec55398af717c6e635b52e0e959a3,32,32,0,0,0.7,0.7,369.3,0,3,20,0,0,16384,0,0,131100,0,0,True,,,
native-controls,020-Brine-Dust-packed-32-baseline-w32-s02,24,14,packed,32,baseline,32,Brine-Dust-packed-32-baseline-w32,2,1800,8752acfb20eda1ea,fff78529b13c569624320868a768718edb6087740af02fa45275904c7162cc4c,32,32,0,0,0.7,0.8,397.3,0,3,20,0,0,16384,0,0,136372,0,0,True,,,
native-controls,020-Brine-Dust-packed-32-baseline-w32-s03,24,14,packed,32,baseline,32,Brine-Dust-packed-32-baseline-w32,3,1800,9a6774115ac5f349,c73891fa5c9031f36e6877c4da8c9027e0496e1a1222f01c049ae5fb33ffa7e7,32,32,0,0,0.7,0.8,378,0,3,20,0,0,16384,0,0,114840,0,0,True,,,
native-controls,020-Brine-Dust-packed-32-baseline-w32-s04,24,14,packed,32,baseline,32,Brine-Dust-packed-32-baseline-w32,4,1800,7e1b49e37f341173,983dec8447091f7c8c10577a3e99a3677980c86d32e970142261575d2a18afe2,32,32,0,0,0.7,0.8,374.3,0,3,20,0,0,16384,0,0,131064,0,0,True,,,
native-controls,021-Dust-Brine-packed-32-baseline-w32-s00,14,24,packed,32,baseline,32,Dust-Brine-packed-32-baseline-w32,0,1800,23feb07b22fb946f,09fcdef6ae8ff97ad2b4d714578edd5221c01989bca856fcbd402f391be6a276,-1,0,0,0,0.4,0.5,488.7,0,6,20,0,0,0,0,0,19158,0,0,True,,,
native-controls,021-Dust-Brine-packed-32-baseline-w32-s01,14,24,packed,32,baseline,32,Dust-Brine-packed-32-baseline-w32,1,1800,1a4179056ae76bae,d4050b8286de3b27b75210d3239e6eeb739b4ba1fe45a471e2ef0d702a03c2cb,-1,0,0,0,0.4,0.5,441.8,0,3,20,0,0,0,0,0,19168,0,0,True,,,
native-controls,021-Dust-Brine-packed-32-baseline-w32-s02,14,24,packed,32,baseline,32,Dust-Brine-packed-32-baseline-w32,2,1800,b356f9c6196122af,f068d085ee7cc5fd85aee06251173d440ea36c4446a088653d5329f8eb19c36f,-1,0,0,0,0.4,0.5,506,0,3,20,0,0,0,0,0,19172,0,0,True,,,
native-controls,021-Dust-Brine-packed-32-baseline-w32-s03,14,24,packed,32,baseline,32,Dust-Brine-packed-32-baseline-w32,3,1800,b819653486d01c74,8fd882867e4a5ea9741f69ee788a6a9906409441b423b848d5ba11cfaef97ad8,-1,0,0,0,0.4,0.5,449,0,3,20,0,0,0,0,0,19198,0,0,True,,,
native-controls,021-Dust-Brine-packed-32-baseline-w32-s04,14,24,packed,32,baseline,32,Dust-Brine-packed-32-baseline-w32,4,1800,fe42cc3421f8add2,4d42fc9b714fc9dc42e03aa0598e1dc7bfa18999e308d9c6b176fe899578ddbf,-1,0,0,0,0.4,0.5,437.1,0,3,20,0,0,0,0,0,19188,0,0,True,,,
native-controls,022-Paste-Sand-packed-32-baseline-w32-s00,20,2,packed,32,baseline,32,Paste-Sand-packed-32-baseline-w32,0,1800,a954bef08e92d26f,0ad67c3ebe641cbb59c52ba756940d376ded0e7f25da5d0736aa2aa6fbfc8547,-1,0,0,0,0.4,0.5,338.3,0,6,20,0,0,0,0,0,14016,0,0,True,,,
native-controls,022-Paste-Sand-packed-32-baseline-w32-s01,20,2,packed,32,baseline,32,Paste-Sand-packed-32-baseline-w32,1,1800,b555327e5b99f06e,2a94de84cac1a7c49f5191e44a9b0dbf9be0abc395182ffb6c1c991008524596,-1,0,0,0,0.4,0.5,306.6,0,3,20,0,0,0,0,0,14024,0,0,True,,,
native-controls,022-Paste-Sand-packed-32-baseline-w32-s02,20,2,packed,32,baseline,32,Paste-Sand-packed-32-baseline-w32,2,1800,3468b5f94acc272f,3eb10554ed1fba528af6662affc8785601461b0e0df6eb06a1af3d21d051efce,-1,0,0,0,0.4,0.5,306.2,0,3,20,0,0,0,0,0,14046,0,0,True,,,
native-controls,022-Paste-Sand-packed-32-baseline-w32-s03,20,2,packed,32,baseline,32,Paste-Sand-packed-32-baseline-w32,3,1800,58df4419fbff2c74,487e071482d06f7ffb4f66ad8fb96b3b262a6f4d2a3d0fd3f3325695ae8cb8ec,-1,0,0,0,0.4,0.5,304,0,3,20,0,0,0,0,0,14022,0,0,True,,,
native-controls,022-Paste-Sand-packed-32-baseline-w32-s04,20,2,packed,32,baseline,32,Paste-Sand-packed-32-baseline-w32,4,1800,ee67d5c76a681bd2,bd452d0b40787dd9b39373d9c56e37a08bff3fe8574fae11d67d91c784665bc2,-1,0,0,0,0.4,0.5,306.1,0,3,20,0,0,0,0,0,14012,0,0,True,,,
native-controls,023-Sand-Paste-packed-32-baseline-w32-s00,2,20,packed,32,baseline,32,Sand-Paste-packed-32-baseline-w32,0,1800,4b9a64ee1055126f,b46daef8a77dae9035b2a8b5c8abb30149fefde1ce9190ac15721f53c59cd362,32,32,0,0,0.4,0.5,341.1,0,6,20,0,0,16384,0,0,116504,0,0,True,,,
native-controls,023-Sand-Paste-packed-32-baseline-w32-s01,2,20,packed,32,baseline,32,Sand-Paste-packed-32-baseline-w32,1,1800,5eb8415efb249ee3,1e422a398668413d7df3799b33328e3ce25af3dfafd89b4f7b2e7e2b54ada43d,32,32,0,0,0.7,0.7,308.3,0,3,20,0,0,16384,0,0,130482,0,0,True,,,
native-controls,023-Sand-Paste-packed-32-baseline-w32-s02,2,20,packed,32,baseline,32,Sand-Paste-packed-32-baseline-w32,2,1800,316b1428701076a,324e250631d04537b075d6f3a0e1c4ef90ac962813525e445b8325dcc93d37d9,32,32,0,0,0.7,0.7,305.1,0,3,20,0,0,16384,0,0,134986,0,0,True,,,
native-controls,023-Sand-Paste-packed-32-baseline-w32-s03,2,20,packed,32,baseline,32,Sand-Paste-packed-32-baseline-w32,3,1800,7cded25d182ac449,e84722ef3f89864add150c333279b15c67fe93a51a4dbb7902a84940fbb24ffa,32,32,0,0,0.7,0.7,361.7,0,3,20,0,0,16384,0,0,116458,0,0,True,,,
native-controls,023-Sand-Paste-packed-32-baseline-w32-s04,2,20,packed,32,baseline,32,Sand-Paste-packed-32-baseline-w32,4,1800,646f230e582adb73,77ddbb215f604983d9f91c1902c59a21c02567676606146046f1113f0077bf27,32,32,0,0,0.7,0.7,309,0,3,20,0,0,16384,0,0,130422,0,0,True,,,
native-controls,024-Paste-Dust-packed-32-baseline-w32-s00,20,14,packed,32,baseline,32,Paste-Dust-packed-32-baseline-w32,0,1800,6145d609849fba6f,c301bb7c08278a01a32daf8951763b9eff169b7cd4643c173808a978ff43eb31,32,32,0,0,0.5,0.6,376.3,0,6,20,0,0,16384,0,0,112284,0,0,True,,,
native-controls,024-Paste-Dust-packed-32-baseline-w32-s01,20,14,packed,32,baseline,32,Paste-Dust-packed-32-baseline-w32,1,1800,89250a2609925723,1ca7d6c539093ad8e0e6acfd944254d984a6aa74dbf2a3812f3aa32df13b85d6,32,32,0,0,0.7,0.8,411.1,0,3,20,0,0,16384,0,0,126040,0,0,True,,,
native-controls,024-Paste-Dust-packed-32-baseline-w32-s02,20,14,packed,32,baseline,32,Paste-Dust-packed-32-baseline-w32,2,1800,8dbb74092165626a,c319cfab9eecea6614f2e2e8e08f86233a76bcedf16d92b461a06da0533d9a7a,32,32,0,0,0.7,0.8,345.8,0,3,20,0,0,16384,0,0,130534,0,0,True,,,
native-controls,024-Paste-Dust-packed-32-baseline-w32-s03,20,14,packed,32,baseline,32,Paste-Dust-packed-32-baseline-w32,3,1800,b9265c5ce4ae60c9,dcd042e6ed92bb4d85f4a58d535cbf0452511fab2375ff0cb1f3296286bb2197,32,32,0,0,0.7,0.8,351,0,3,20,0,0,16384,0,0,112292,0,0,True,,,
native-controls,024-Paste-Dust-packed-32-baseline-w32-s04,20,14,packed,32,baseline,32,Paste-Dust-packed-32-baseline-w32,4,1800,a7c569be64f6a773,d1df63f3adc60db509fcacf8ecb3aeb08ddde7f9a5f5e283083ced043fabdfd8,32,32,0,0,0.7,0.7,339.8,0,3,20,0,0,16384,0,0,126022,0,0,True,,,
native-controls,025-Dust-Paste-packed-32-baseline-w32-s00,14,20,packed,32,baseline,32,Dust-Paste-packed-32-baseline-w32,0,1800,d2aa02f54cc8d26f,fd2ae732f48a73aaf12ef4ba358c10c60efc4fd6ad2dc54a87844cd29b60966a,-1,0,0,0,0.4,0.5,373.9,0,6,20,0,0,0,0,0,14232,0,0,True,,,
native-controls,025-Dust-Paste-packed-32-baseline-w32-s01,14,20,packed,32,baseline,32,Dust-Paste-packed-32-baseline-w32,1,1800,d7cf40e13ca073ae,1cc1375d01df39fae37b55b132dc826acb9cae52bb0c7a382f25cc6e2cf5102a,-1,0,0,0,0.4,0.5,410.2,0,3,20,0,0,0,0,0,14214,0,0,True,,,
native-controls,025-Dust-Paste-packed-32-baseline-w32-s02,14,20,packed,32,baseline,32,Dust-Paste-packed-32-baseline-w32,2,1800,f1182b32d6b96e2f,23839c85cbddf3202c676734dcc07ce3c4b5f6746205186ad2f9afcd32d03ab3,-1,0,0,0,0.4,0.5,336.4,0,3,20,0,0,0,0,0,14208,0,0,True,,,
native-controls,025-Dust-Paste-packed-32-baseline-w32-s03,14,20,packed,32,baseline,32,Dust-Paste-packed-32-baseline-w32,3,1800,97f3bbfb5b190e74,a1209b5fb81664b052f32e1af8841d280c07321b0bd464d69ce94bf45a9a6804,-1,0,0,0,0.4,0.5,332.4,0,3,20,0,0,0,0,0,14252,0,0,True,,,
native-controls,025-Dust-Paste-packed-32-baseline-w32-s04,14,20,packed,32,baseline,32,Dust-Paste-packed-32-baseline-w32,4,1800,2dce445dc56efbd2,eaf8849b37082dc7092f8814b3bbc1c1ae3cb8ac7ff19d804246d5f681a4b908,-1,0,0,0,0.4,0.6,335.1,0,3,20,0,0,0,0,0,14202,0,0,True,,,
native-controls,026-Lava-Sand-packed-32-baseline-w32-s00,8,2,packed,32,baseline,32,Lava-Sand-packed-32-baseline-w32,0,1800,ed3c7683f501086f,c5079741a067e574771a51472f17ca0295c5da3592e91e302d879dac5c9b5b7c,32,32,0,0,0.4,0.6,542.9,0,6,20,0,0,16384,0,0,113664,0,0,True,,,
native-controls,026-Lava-Sand-packed-32-baseline-w32-s01,8,2,packed,32,baseline,32,Lava-Sand-packed-32-baseline-w32,1,1800,4b23fbed3082ab23,ef8e0e86fddc24e28050fdd4e97c1908873056800beaab6b95b764a192691563,32,32,0,0,0.7,0.8,342.6,0,3,20,0,0,16384,0,0,128736,0,0,True,,,
native-controls,026-Lava-Sand-packed-32-baseline-w32-s02,8,2,packed,32,baseline,32,Lava-Sand-packed-32-baseline-w32,2,1800,e7da57e2bd0b49ea,74758cf69f2875a7208f9a2c88824e7dda5ce36cbaf0299670c1b0212d13929e,32,32,0,0,0.7,0.8,335.4,0,3,20,0,0,16384,0,0,133664,0,0,True,,,
native-controls,026-Lava-Sand-packed-32-baseline-w32-s03,8,2,packed,32,baseline,32,Lava-Sand-packed-32-baseline-w32,3,1800,a26eb1ba81e76949,927d7cdbf891ea5feca5c5547f4c5baf703550e355a927bb5660946d15189a78,32,32,0,0,0.7,0.7,331,0,3,20,0,0,16384,0,0,113664,0,0,True,,,
native-controls,026-Lava-Sand-packed-32-baseline-w32-s04,8,2,packed,32,baseline,32,Lava-Sand-packed-32-baseline-w32,4,1800,b826046c4a236f73,98291cc9ffe26f83aff9fdb8ff871b5bac17ac8114ee12a0a8a6d6a64c3ee3d9,32,32,0,0,0.7,1,333.3,0,3,20,0,0,16384,0,0,128736,0,0,True,,,
native-controls,027-Sand-Lava-packed-32-baseline-w32-s00,2,8,packed,32,baseline,32,Sand-Lava-packed-32-baseline-w32,0,1800,87d79ce6841e406f,cf71768f0a61f9b344898ddf2b41661356391dba8f4115e5c16a324a67c16359,-1,0,0,0,0.4,0.5,443.4,0,6,20,0,0,0,0,0,16896,0,0,True,,,
native-controls,027-Sand-Lava-packed-32-baseline-w32-s01,2,8,packed,32,baseline,32,Sand-Lava-packed-32-baseline-w32,1,1800,75408a887925ebae,8db185e227babfe37745c741cfcdf9947685a71a2495a5d12601ae3296a68258,-1,0,0,0,0.4,0.5,406.2,0,3,20,0,0,0,0,0,16896,0,0,True,,,
native-controls,027-Sand-Lava-packed-32-baseline-w32-s02,2,8,packed,32,baseline,32,Sand-Lava-packed-32-baseline-w32,2,1800,f1c7c9c144e9ccaf,cf7d62ec002f7de80866fdb6c0d8d59efacf7c1ac48bb35c018026b0726aff6e,-1,0,0,0,0.4,0.5,499.6,0,3,20,0,0,0,0,0,16896,0,0,True,,,
native-controls,027-Sand-Lava-packed-32-baseline-w32-s03,2,8,packed,32,baseline,32,Sand-Lava-packed-32-baseline-w32,3,1800,e83e4e2d100ca74,91442dc2a4bc657ffd4b4303b2d761e2532a3286d963d8b5f472d8d2039bb125,-1,0,0,0,0.4,0.5,405.3,0,3,20,0,0,0,0,0,16896,0,0,True,,,
native-controls,027-Sand-Lava-packed-32-baseline-w32-s04,2,8,packed,32,baseline,32,Sand-Lava-packed-32-baseline-w32,4,1800,b84c605460bef7d2,629577b12c8f170fc93d33a79110d548f7b4d26904a76364a17d8a39020d11d0,-1,0,0,0,0.4,0.5,395.8,0,3,20,0,0,0,0,0,16896,0,0,True,,,
native-controls,028-Lava-Dust-packed-32-baseline-w32-s00,8,14,packed,32,baseline,32,Lava-Dust-packed-32-baseline-w32,0,1800,a33937b2ed7dcb8c,eed5e8d298941f86ffbedb86cc032dd18577ddb3044e75a77b6b43e863e3f20c,32,32,0,0,396.7,413.8,601.3,0,6,20,0,100896,16728,3068,0,5843640,0,0,False,,,
native-controls,028-Lava-Dust-packed-32-baseline-w32-s01,8,14,packed,32,baseline,32,Lava-Dust-packed-32-baseline-w32,1,1800,e8bbb239a68d4c58,d13b2b91449c612d23778663d39782d7e972b7a9bb84755814bba94afb657b25,32,32,0,0,320.4,355.9,446.4,0,3,20,0,109658,16718,3068,0,5007775,0,0,False,,,
native-controls,028-Lava-Dust-packed-32-baseline-w32-s02,8,14,packed,32,baseline,32,Lava-Dust-packed-32-baseline-w32,2,1800,ace86e4bde070e2,14cdf058972e972e5b959de0147a6d5adeb38650c6151addca8ea3ee3a09afaf,32,32,0,0,270,399.4,472,0,3,20,0,115591,16708,3068,0,4184557,0,0,False,,,
native-controls,028-Lava-Dust-packed-32-baseline-w32-s03,8,14,packed,32,baseline,32,Lava-Dust-packed-32-baseline-w32,3,1800,cab8e62418cba775,2d99f4236e29434a1be05bf8e3cbfd1e85941614d72ef8379a21e6e229b012a8,32,32,0,0,363.5,381.4,662.4,0,3,20,0,106006,16699,3067,0,5744238,0,0,False,,,
native-controls,028-Lava-Dust-packed-32-baseline-w32-s04,8,14,packed,32,baseline,32,Lava-Dust-packed-32-baseline-w32,4,1800,1053e77f5198753f,a10eec7c756abba2b8ceaa3918c295a04dec663c694466d950e588ec84ddfd25,32,32,0,0,312,357.5,1048.9,0,3,20,0,110899,16700,3068,0,4883597,0,0,False,,,
native-controls,029-Dust-Lava-packed-32-baseline-w32-s00,14,8,packed,32,baseline,32,Dust-Lava-packed-32-baseline-w32,0,1800,243c9d3eab221eb2,09b1b64f602ac3d3d4fdf8d4be50a799f7e771826f7efeca4dea0ec2fd84b8e5,-1,-95,0,0,138,409.4,539.1,0,6,20,0,53331,1111,1532,0,2950461,0,0,False,,,
native-controls,029-Dust-Lava-packed-32-baseline-w32-s01,14,8,packed,32,baseline,32,Dust-Lava-packed-32-baseline-w32,1,1800,21202267cb55bc97,0ba53584c4075c5a97884b1d5754a0d5122f165146889a562831df4d1871c063,-1,-102,0,0,126.1,346.4,561.4,0,3,20,0,54832,1112,1532,0,2740266,0,0,False,,,
native-controls,029-Dust-Lava-packed-32-baseline-w32-s02,14,8,packed,32,baseline,32,Dust-Lava-packed-32-baseline-w32,2,1800,3bdfbdb9ee147ead,74b9d7a86d42f439da8f7dc7f09bf0cca6ad50cd378c32265510ea38268a6c6c,-1,-109,0,0,124.9,315.5,403.9,0,3,20,0,58405,1024,1532,0,2624515,0,0,False,,,
native-controls,029-Dust-Lava-packed-32-baseline-w32-s03,14,8,packed,32,baseline,32,Dust-Lava-packed-32-baseline-w32,3,1800,d678efd772c000bc,84b4c643642dec75668d5e266c3c556085aae0108a291573500eb664b31c475f,-1,-96,0,0,125.7,448.8,494.8,0,3,20,0,51613,1120,1533,0,2600078,0,0,False,,,
native-controls,029-Dust-Lava-packed-32-baseline-w32-s04,14,8,packed,32,baseline,32,Dust-Lava-packed-32-baseline-w32,4,1800,9d50479ccd27ac67,92b962d0ca088691cdd4a535f8059e490a70958619215ce05ca941c705606840,-1,-103,0,0,125.4,332.3,517.1,0,3,20,0,56055,1085,1532,0,2726194,0,0,False,,,
native-controls,030-Sand-Wall-packed-32-baseline-w32-s00,2,1,packed,32,baseline,32,Sand-Wall-packed-32-baseline-w32,0,1800,1877eb4ed196306f,007767bd967806b27ecc6dab443142779d2f413aa769007a4d6d58e8be8653ea,-1,0,16,0,0.4,0.5,177.3,0,6,20,0,0,0,0,0,4608,0,0,True,,,
native-controls,030-Sand-Wall-packed-32-baseline-w32-s01,2,1,packed,32,baseline,32,Sand-Wall-packed-32-baseline-w32,1,1800,73f2ab0acc3c472e,da9b2f27a96838b2342742ebec2b356f40439685c1ac2f21be923b337e62ebde,-1,0,16,0,0.4,0.5,139.4,0,3,20,0,0,0,0,0,4608,0,0,True,,,
native-controls,030-Sand-Wall-packed-32-baseline-w32-s02,2,1,packed,32,baseline,32,Sand-Wall-packed-32-baseline-w32,2,1800,b71b7a18b45beaaf,2da0cf28b4a9235b498b2a9146989a16d6ad8fe8968647a1b2730713f7efcfc7,-1,0,16,0,0.4,0.5,141.8,0,3,20,0,0,0,0,0,4608,0,0,True,,,
native-controls,030-Sand-Wall-packed-32-baseline-w32-s03,2,1,packed,32,baseline,32,Sand-Wall-packed-32-baseline-w32,3,1800,8a855f18745c8c34,2b554119bef4e0c0d1c5c0e292ff92c9b5ff235ccca1d2251123915253295770,-1,0,16,0,0.4,0.5,136.5,0,3,20,0,0,0,0,0,4608,0,0,True,,,
native-controls,030-Sand-Wall-packed-32-baseline-w32-s04,2,1,packed,32,baseline,32,Sand-Wall-packed-32-baseline-w32,4,1800,b9074d206c6802d2,784843afb9b5b177f1e04ca3ec13fbc6304ccddea81324f07924e60809fa1123,-1,0,16,0,0.4,0.5,138.5,0,3,20,0,0,0,0,0,4608,0,0,True,,,
native-controls,031-Mercury-Wall-packed-32-baseline-w32-s00,33,1,packed,32,baseline,32,Mercury-Wall-packed-32-baseline-w32,0,1800,2a7e6e1c58967b6f,3feec45a7d1385c080d1d3a657f9f231720bf66e216c0e9ec86130fbda7cc43f,-1,0,16,0,0.4,0.5,200.6,0,6,20,0,0,0,0,0,6542,0,0,True,,,
native-controls,031-Mercury-Wall-packed-32-baseline-w32-s01,33,1,packed,32,baseline,32,Mercury-Wall-packed-32-baseline-w32,1,1800,446c998a15643f2e,8b8386764f931824e4b29204132ae6a27285f928a6bcc97007d7334caa4349c4,-1,0,16,0,0.4,0.5,165.4,0,3,20,0,0,0,0,0,6562,0,0,True,,,
native-controls,031-Mercury-Wall-packed-32-baseline-w32-s02,33,1,packed,32,baseline,32,Mercury-Wall-packed-32-baseline-w32,2,1800,fe4051f628ae24af,be9f5a0c0176043422b3a26b209d9a6ce88331cec937498083730bdbd267f08e,-1,0,16,0,0.4,0.5,164,0,3,20,0,0,0,0,0,6576,0,0,True,,,
native-controls,031-Mercury-Wall-packed-32-baseline-w32-s03,33,1,packed,32,baseline,32,Mercury-Wall-packed-32-baseline-w32,3,1800,94d9870afd820f34,3a5032360f11f7fec7cf37dc0372b42b2860f79c77ecde56f42399958e3371bc,-1,0,16,0,0.4,0.5,164.2,0,3,20,0,0,0,0,0,6552,0,0,True,,,
native-controls,031-Mercury-Wall-packed-32-baseline-w32-s04,33,1,packed,32,baseline,32,Mercury-Wall-packed-32-baseline-w32,4,1800,e660c1498d3a6ad2,baaf412fcbddb3012cf9ce2f6b5da5ed0e06d410d2ac288ab6bacb45d4d8310c,-1,0,16,0,0.4,0.5,168.8,0,3,20,0,0,0,0,0,6550,0,0,True,,,
native-controls,032-Sand-Concrete-packed-32-baseline-w32-s00,2,31,packed,32,baseline,32,Sand-Concrete-packed-32-baseline-w32,0,1800,99abf24ced6b066f,918f8b21641ed04c1da9ae4ff87951762232d036bfc9865649800b0d7322959e,-1,0,0,0,0.4,0.5,179,0,6,20,0,0,0,0,0,4608,0,0,True,,,
native-controls,032-Sand-Concrete-packed-32-baseline-w32-s01,2,31,packed,32,baseline,32,Sand-Concrete-packed-32-baseline-w32,1,1800,934d2b2936439a2e,46ab8a9c97f1f2afa9a590e5bf8e5b658ebcdf8e2d977f01a45ad8e51a6ce541,-1,0,0,0,0.4,0.5,138.4,0,3,20,0,0,0,0,0,4608,0,0,True,,,
native-controls,032-Sand-Concrete-packed-32-baseline-w32-s02,2,31,packed,32,baseline,32,Sand-Concrete-packed-32-baseline-w32,2,1800,7d1a9a961c519caf,ea41b05f878c03f238bb70a2d2c5c0d3387caad4100cc194df224af90018a4cd,-1,0,0,0,0.4,0.5,136.3,0,3,20,0,0,0,0,0,4608,0,0,True,,,
native-controls,032-Sand-Concrete-packed-32-baseline-w32-s03,2,31,packed,32,baseline,32,Sand-Concrete-packed-32-baseline-w32,3,1800,382a4ca7a3df89b4,6ad92092607e9c572a750903dcdf56e149cdfc238e6ae9f234baf2cedd785aed,-1,0,0,0,0.4,0.5,137.2,0,3,20,0,0,0,0,0,4608,0,0,True,,,
native-controls,032-Sand-Concrete-packed-32-baseline-w32-s04,2,31,packed,32,baseline,32,Sand-Concrete-packed-32-baseline-w32,4,1800,3c8729c4e96d57d2,55bf675cc1b3614cf2fe91235cb8676ebfbed775baacafb1a0453e26f1c34830,-1,0,0,0,0.4,0.5,142.1,0,3,20,0,0,0,0,0,4608,0,0,True,,,
native-controls,033-Mercury-Concrete-packed-32-baseline-w32-s00,33,31,packed,32,baseline,32,Mercury-Concrete-packed-32-baseline-w32,0,1800,abb2751a746b516f,bf5d8bf00398225f3d369a3612abb873fb16072f9c841f5eb68b7156709aaaa0,-1,0,0,0,0.4,0.5,205,0,6,20,0,0,0,0,0,6542,0,0,True,,,
native-controls,033-Mercury-Concrete-packed-32-baseline-w32-s01,33,31,packed,32,baseline,32,Mercury-Concrete-packed-32-baseline-w32,1,1800,63c719a87f6b922e,923827773f03ad4a90a7a88ed34460efbf41d9cecbcafbc6ae53759103098306,-1,0,0,0,0.4,0.5,164.1,0,3,20,0,0,0,0,0,6562,0,0,True,,,
native-controls,033-Mercury-Concrete-packed-32-baseline-w32-s02,33,31,packed,32,baseline,32,Mercury-Concrete-packed-32-baseline-w32,2,1800,c43f727390a3d6af,bde117ff5a2c1a84ab1c92782ff0035cc9c03cb179eebd9620f667684b747141,-1,0,0,0,0.4,0.5,164.1,0,3,20,0,0,0,0,0,6576,0,0,True,,,
native-controls,033-Mercury-Concrete-packed-32-baseline-w32-s03,33,31,packed,32,baseline,32,Mercury-Concrete-packed-32-baseline-w32,3,1800,427e749a2d050cb4,4fb1031e14dbf714bb930ade74eae2b719a7ff5c708f7333b2f7230e9743d8aa,-1,0,0,0,0.4,0.5,166.1,0,3,20,0,0,0,0,0,6552,0,0,True,,,
native-controls,033-Mercury-Concrete-packed-32-baseline-w32-s04,33,31,packed,32,baseline,32,Mercury-Concrete-packed-32-baseline-w32,4,1800,69e09dee0a3fbfd2,10baaa2b79df11f9ae1e0ee28728dae6c7c95cd0ef46afca1bc23f7ef72d7fc5,-1,0,0,0,0.4,0.5,165.5,0,3,20,0,0,0,0,0,6550,0,0,True,,,
native-controls,034-Sand-Dust-packed-32-exchange_off-w32-s00,2,14,packed,32,exchange_off,32,Sand-Dust-packed-32-exchange_off-w32,0,1800,ea2a3707590886f,d9ab7f6bfa5470d5362a4cd2bcdcdcb6a41cc0627d3367a70e09560a4088dadd,-1,0,0,0,0.4,0.5,367.5,0,6,20,0,0,0,0,0,13824,0,0,True,,,
native-controls,034-Sand-Dust-packed-32-exchange_off-w32-s01,2,14,packed,32,exchange_off,32,Sand-Dust-packed-32-exchange_off-w32,1,1800,33368388a5cdc9ee,161a690c9745851467b19a35c5cf6576b1637e11a990fac68debff7f382f96f7,-1,0,0,0,0.4,0.5,329.6,0,3,20,0,0,0,0,0,13824,0,0,True,,,
native-controls,034-Sand-Dust-packed-32-exchange_off-w32-s02,2,14,packed,32,exchange_off,32,Sand-Dust-packed-32-exchange_off-w32,2,1800,e908c2d81268ce2f,50909ea5f9f8333fdcd8711d827a8a7749c911d080e6baffbf22d21f83841102,-1,0,0,0,0.4,0.5,323.6,0,3,20,0,0,0,0,0,13824,0,0,True,,,
native-controls,034-Sand-Dust-packed-32-exchange_off-w32-s03,2,14,packed,32,exchange_off,32,Sand-Dust-packed-32-exchange_off-w32,3,1800,2d3f8f8d46c94874,dbc8fedd4f098697a7f8c6c2b92ec8554fd26c036310c736c1c18d7203bb6f86,-1,0,0,0,0.4,0.5,332.4,0,3,20,0,0,0,0,0,13824,0,0,True,,,
native-controls,034-Sand-Dust-packed-32-exchange_off-w32-s04,2,14,packed,32,exchange_off,32,Sand-Dust-packed-32-exchange_off-w32,4,1800,d0cff5cda71f89d2,495090f44878d31cff00e935d76aa5ba95aed2064dbc92742a58cb2b11c7746b,-1,0,0,0,0.4,0.5,330.2,0,3,20,0,0,0,0,0,13824,0,0,True,,,
native-controls,035-Stone-Sand-packed-32-exchange_off-w32-s00,13,2,packed,32,exchange_off,32,Stone-Sand-packed-32-exchange_off-w32,0,1800,ffa1ceb086c0c9ef,7a283ad16070c4906240e0435ea78af1d035c1c6f8a6ee3cdae5ad079b473129,-1,0,0,0,0.4,0.5,299.3,0,6,20,0,0,0,0,0,9402,0,0,True,,,
native-controls,035-Stone-Sand-packed-32-exchange_off-w32-s01,13,2,packed,32,exchange_off,32,Stone-Sand-packed-32-exchange_off-w32,1,1800,87466995094cd9ee,ed1d03b695b1a8dfc27e21ad6d875e1790b89f0d94a03895c958032b34d3feba,-1,0,0,0,0.4,0.5,273.4,0,3,20,0,0,0,0,0,9402,0,0,True,,,
native-controls,035-Stone-Sand-packed-32-exchange_off-w32-s02,13,2,packed,32,exchange_off,32,Stone-Sand-packed-32-exchange_off-w32,2,1800,a7208e642ec325af,c1bae10f1066ab3c1663b183e18b04bbb7e30c530b510c9404fa25967be51336,-1,0,0,0,0.4,0.5,263.3,0,3,20,0,0,0,0,0,9402,0,0,True,,,
native-controls,035-Stone-Sand-packed-32-exchange_off-w32-s03,13,2,packed,32,exchange_off,32,Stone-Sand-packed-32-exchange_off-w32,3,1800,7c4b6fa2e26b20f4,3d257bbfa99abc7fc2cb848c8969350d5955114787a9c48a8c6a68f971ad12e9,-1,0,0,0,0.4,0.5,386.5,0,3,20,0,0,0,0,0,9402,0,0,True,,,
native-controls,035-Stone-Sand-packed-32-exchange_off-w32-s04,13,2,packed,32,exchange_off,32,Stone-Sand-packed-32-exchange_off-w32,4,1800,d9dc905d543f6352,208640fe10393606f7960aa7daf43e88a91e11b0fde77e89b04c809ac7b7878e,-1,0,0,0,0.5,0.6,357.6,0,3,20,0,0,0,0,0,9402,0,0,True,,,
native-controls,036-Rust-Sand-packed-32-exchange_off-w32-s00,29,2,packed,32,exchange_off,32,Rust-Sand-packed-32-exchange_off-w32,0,1800,bc866370345aeeef,894fb06d70c03301b8034f280a4fde4ae49001e51298916479c3aba580b36ebf,-1,0,0,0,0.4,0.5,320.8,0,6,20,0,0,0,0,0,13824,0,0,True,,,
native-controls,036-Rust-Sand-packed-32-exchange_off-w32-s01,29,2,packed,32,exchange_off,32,Rust-Sand-packed-32-exchange_off-w32,1,1800,d21c5598fb3c44ee,c18220e0b53a4535ba10b1a069adc445161f21c0ae0f6c9ea79fa3bff8b6027b,-1,0,0,0,0.4,0.5,289.6,0,3,20,0,0,0,0,0,13824,0,0,True,,,
native-controls,036-Rust-Sand-packed-32-exchange_off-w32-s02,29,2,packed,32,exchange_off,32,Rust-Sand-packed-32-exchange_off-w32,2,1800,c6656b3e62cf00af,4a0e5c5753aa7836455f3f8354993d9e3861427c3ccac4b5b667a3739dc43a53,-1,0,0,0,0.4,0.5,283.7,0,3,20,0,0,0,0,0,13824,0,0,True,,,
native-controls,036-Rust-Sand-packed-32-exchange_off-w32-s03,29,2,packed,32,exchange_off,32,Rust-Sand-packed-32-exchange_off-w32,3,1800,f0e93d9d461629f4,66df504bd35ec2254b8f049b9970708ef41e4e455bd32bec7afc6cb9308c3043,-1,0,0,0,0.4,0.5,282.6,0,3,20,0,0,0,0,0,13824,0,0,True,,,
native-controls,036-Rust-Sand-packed-32-exchange_off-w32-s04,29,2,packed,32,exchange_off,32,Rust-Sand-packed-32-exchange_off-w32,4,1800,cd0693188933452,10e5a795d7204c6318573f0bf1a83e7cb3a18dd35385b68bc236b8d5cbd708b9,-1,0,0,0,0.4,0.5,284.2,0,3,20,0,0,0,0,0,13824,0,0,True,,,
native-controls,037-Mercury-Sand-packed-32-viscosity_96-w32-s00,33,2,packed,32,viscosity_96,32,Mercury-Sand-packed-32-viscosity_96-w32,0,1800,b6cd7bf9650cd96f,19632da1790e8ed5cb477fdd66c5050bb871403a8fd84527743225bca049dd48,32,32,0,0,0.4,0.5,448.2,0,6,20,0,0,16384,0,0,114010,0,0,True,,,
native-controls,037-Mercury-Sand-packed-32-viscosity_96-w32-s01,33,2,packed,32,viscosity_96,32,Mercury-Sand-packed-32-viscosity_96-w32,1,1800,995228978cd57ce3,f69ff6ade3ef1fa003cd8b75df45f7ff257a00479d1a832e65765b386b79c74c,32,32,0,0,0.7,0.8,293,0,3,20,0,0,16384,0,0,129408,0,0,True,,,
native-controls,037-Mercury-Sand-packed-32-viscosity_96-w32-s02,33,2,packed,32,viscosity_96,32,Mercury-Sand-packed-32-viscosity_96-w32,2,1800,46e802f220aa44ea,6c2e30b1d058045f109e6674e6db22cb38ead2907ffefadea2e9be77eb78c76c,32,32,0,0,0.7,0.7,292.6,0,3,20,0,0,16384,0,0,134542,0,0,True,,,
native-controls,037-Mercury-Sand-packed-32-viscosity_96-w32-s03,33,2,packed,32,viscosity_96,32,Mercury-Sand-packed-32-viscosity_96-w32,3,1800,806f4c0c88971509,b4b4a93f8c1538d3059ae4ea5710c24fddd142acb8a81da5cfd63a4d75a9674a,32,32,0,0,0.7,0.7,308.7,0,3,20,0,0,16384,0,0,114020,0,0,True,,,
native-controls,037-Mercury-Sand-packed-32-viscosity_96-w32-s04,33,2,packed,32,viscosity_96,32,Mercury-Sand-packed-32-viscosity_96-w32,4,1800,5a33cf814c523ff3,87c3424780f9c09148a11e01ef16d502550751bc3475b728a684bcd378383f8a,32,32,0,0,0.7,0.7,291.9,0,3,20,0,0,16384,0,0,129396,0,0,True,,,
native-controls,038-Mercury-Sand-packed-32-viscosity_96-w1-s00,33,2,packed,32,viscosity_96,1,Mercury-Sand-packed-32-viscosity_96-w1,0,1800,174efe03c65c724c,8e29087122163435d1f256783b3287cb8da3ce5cedbec3ea728eddb497773519,32,32,0,0,0.4,0.5,108.1,0,6,20,0,0,512,0,0,3568,0,0,True,,,
native-controls,038-Mercury-Sand-packed-32-viscosity_96-w1-s01,33,2,packed,32,viscosity_96,1,Mercury-Sand-packed-32-viscosity_96-w1,1,1800,31fa395587a868a,daac97acb4470ac87c05a00ffb8e76bfd944d62bc7f744fb5a29a4cb9c5d2dd3,32,32,0,0,0.7,0.7,84.2,0,3,20,0,0,512,0,0,4031,0,0,True,,,
native-controls,038-Mercury-Sand-packed-32-viscosity_96-w1-s02,33,2,packed,32,viscosity_96,1,Mercury-Sand-packed-32-viscosity_96-w1,2,1800,a2ff21efc992c0be,1165d1f9ed245dba56beda2b7624914d3812c6c4b3964643c1aa4830f232c2ea,32,32,0,0,0.7,0.7,85,0,3,20,0,0,512,0,0,4205,0,0,True,,,
native-controls,038-Mercury-Sand-packed-32-viscosity_96-w1-s03,33,2,packed,32,viscosity_96,1,Mercury-Sand-packed-32-viscosity_96-w1,3,1800,4b97a4a1e6004522,d73cb7d7c5727475e548aebf151790d32628cfc49f8c629a516523364d43673e,32,32,0,0,0.7,0.8,95.9,0,3,20,0,0,512,0,0,3566,0,0,True,,,
native-controls,038-Mercury-Sand-packed-32-viscosity_96-w1-s04,33,2,packed,32,viscosity_96,1,Mercury-Sand-packed-32-viscosity_96-w1,4,1800,b79e7a3f3277b0b6,da207a4ba0da2e91c15b59fb1fb86ec543088dddd7f7ed1e65684a4b7b00f063,32,32,0,0,0.7,0.8,90.9,0,3,20,0,0,512,0,0,4041,0,0,True,,,
native-controls,039-Mercury-Sand-packed-32-viscosity_160-w32-s00,33,2,packed,32,viscosity_160,32,Mercury-Sand-packed-32-viscosity_160-w32,0,1800,b6cd7bf9650cd96f,7374627dd03d87c9e60fcb1144da5da7f99b9efd19501ee3120a0ace359c8230,32,32,0,0,0.4,0.5,626.1,0,6,20,0,0,16384,0,0,113236,0,0,True,,,
native-controls,039-Mercury-Sand-packed-32-viscosity_160-w32-s01,33,2,packed,32,viscosity_160,32,Mercury-Sand-packed-32-viscosity_160-w32,1,1800,995228978cd57ce3,3079c582d9d63d77ed7cf59ae087160540a22701890867df0745bc7981fb4e00,32,32,0,0,0.7,0.7,324.7,0,3,20,0,0,16384,0,0,127890,0,0,True,,,
native-controls,039-Mercury-Sand-packed-32-viscosity_160-w32-s02,33,2,packed,32,viscosity_160,32,Mercury-Sand-packed-32-viscosity_160-w32,2,1800,46e802f220aa44ea,b198c3de14f85f7a579fafebb7f37f8c6e0c0bceecec48b9b1dd928536913ab6,32,32,0,0,0.7,0.8,376.1,0,3,20,0,0,16384,0,0,132814,0,0,True,,,
native-controls,039-Mercury-Sand-packed-32-viscosity_160-w32-s03,33,2,packed,32,viscosity_160,32,Mercury-Sand-packed-32-viscosity_160-w32,3,1800,806f4c0c88971509,dd2245a19213197705eb12e4ee1fb45d3677fd48e23fa44a764e348927cfdb8e,32,32,0,0,0.7,0.7,303.1,0,3,20,0,0,16384,0,0,113228,0,0,True,,,
native-controls,039-Mercury-Sand-packed-32-viscosity_160-w32-s04,33,2,packed,32,viscosity_160,32,Mercury-Sand-packed-32-viscosity_160-w32,4,1800,5a33cf814c523ff3,4cccfd8ecda4e8114683ce63215a4b64c490c0754636c5ee8f55799659a32551,32,32,0,0,0.7,0.8,291.7,0,3,20,0,0,16384,0,0,127876,0,0,True,,,
native-controls,040-Mercury-Sand-packed-32-viscosity_160-w1-s00,33,2,packed,32,viscosity_160,1,Mercury-Sand-packed-32-viscosity_160-w1,0,1800,174efe03c65c724c,18cd5366c04cf7cd5436d15b2bd4059f38f9ea9cded12082219f9e912092229b,32,32,0,0,0.4,0.5,109.7,0,6,20,0,0,512,0,0,3538,0,0,True,,,
native-controls,040-Mercury-Sand-packed-32-viscosity_160-w1-s01,33,2,packed,32,viscosity_160,1,Mercury-Sand-packed-32-viscosity_160-w1,1,1800,31fa395587a868a,b71723b2da898a645b2410288f051500ac21c7d706f65aa90284aaa66aaac22b,32,32,0,0,0.7,0.7,116.7,0,3,20,0,0,512,0,0,3989,0,0,True,,,
native-controls,040-Mercury-Sand-packed-32-viscosity_160-w1-s02,33,2,packed,32,viscosity_160,1,Mercury-Sand-packed-32-viscosity_160-w1,2,1800,a2ff21efc992c0be,86f6ab0d41d53f2b9820a426c668e9d5080ac66be60ef87ebca66cf9c0806d43,32,32,0,0,0.7,0.8,84.9,0,3,20,0,0,512,0,0,4153,0,0,True,,,
native-controls,040-Mercury-Sand-packed-32-viscosity_160-w1-s03,33,2,packed,32,viscosity_160,1,Mercury-Sand-packed-32-viscosity_160-w1,3,1800,4b97a4a1e6004522,48b15916381e77b5706248183a911223a50c45c1240fff072fffc1a44875dbbb,32,32,0,0,0.7,0.7,92.8,0,3,20,0,0,512,0,0,3540,0,0,True,,,
native-controls,040-Mercury-Sand-packed-32-viscosity_160-w1-s04,33,2,packed,32,viscosity_160,1,Mercury-Sand-packed-32-viscosity_160-w1,4,1800,b79e7a3f3277b0b6,220093b766d3acad8ae9e172a656a973aa75bf6ed440d672cda38b810785f6b9,32,32,0,0,0.7,0.8,83.6,0,3,20,0,0,512,0,0,4013,0,0,True,,,
native-controls,041-Mercury-Sand-packed-32-viscosity_224-w32-s00,33,2,packed,32,viscosity_224,32,Mercury-Sand-packed-32-viscosity_224-w32,0,1800,b6cd7bf9650cd96f,4936a8109847e4bbbe0cb478628bf809fa2397f65243f59a109c16cdc47dab27,32,32,0,0,0.4,0.5,329.6,0,6,20,0,0,16384,0,0,112470,0,0,True,,,
native-controls,041-Mercury-Sand-packed-32-viscosity_224-w32-s01,33,2,packed,32,viscosity_224,32,Mercury-Sand-packed-32-viscosity_224-w32,1,1800,995228978cd57ce3,53d45b7957f0dfdd88a60874550d0485ae150b8df1175ac5cf23eaec9b1eca7c,32,32,0,0,0.6,0.7,290.1,0,3,20,0,0,16384,0,0,126438,0,0,True,,,
native-controls,041-Mercury-Sand-packed-32-viscosity_224-w32-s02,33,2,packed,32,viscosity_224,32,Mercury-Sand-packed-32-viscosity_224-w32,2,1800,46e802f220aa44ea,ab9d43c872090736e53990a0043bbd33ab988c814cc8a0c44d9cc94de98e3123,32,32,0,0,0.7,0.8,293.9,0,3,20,0,0,16384,0,0,130948,0,0,True,,,
native-controls,041-Mercury-Sand-packed-32-viscosity_224-w32-s03,33,2,packed,32,viscosity_224,32,Mercury-Sand-packed-32-viscosity_224-w32,3,1800,806f4c0c88971509,8827ceab04e6464f04865632256e1a63873c4dab29d1ab80030e981c63c592db,32,32,0,0,0.7,0.8,295.3,0,3,20,0,0,16384,0,0,112476,0,0,True,,,
native-controls,041-Mercury-Sand-packed-32-viscosity_224-w32-s04,33,2,packed,32,viscosity_224,32,Mercury-Sand-packed-32-viscosity_224-w32,4,1800,5a33cf814c523ff3,7fb8ddd8ddadad1b8af581df1e6adda05ea5661ee193395aa677d5f47bbb79da,32,32,0,0,0.7,0.7,307.4,0,3,20,0,0,16384,0,0,126400,0,0,True,,,
native-controls,042-Mercury-Sand-packed-32-viscosity_224-w1-s00,33,2,packed,32,viscosity_224,1,Mercury-Sand-packed-32-viscosity_224-w1,0,1800,174efe03c65c724c,326ab1579e23671868f0dd5cd32d052206fa289ea129d5731aac10d8967a4fb4,32,32,0,0,0.4,0.5,108.6,0,6,20,0,0,512,0,0,3512,0,0,True,,,
native-controls,042-Mercury-Sand-packed-32-viscosity_224-w1-s01,33,2,packed,32,viscosity_224,1,Mercury-Sand-packed-32-viscosity_224-w1,1,1800,31fa395587a868a,cdfb052d99c860c9234481ab5834f1bf607099b231661941fe142cdf77929966,32,32,0,0,0.7,0.7,85.3,0,3,20,0,0,512,0,0,3957,0,0,True,,,
native-controls,042-Mercury-Sand-packed-32-viscosity_224-w1-s02,33,2,packed,32,viscosity_224,1,Mercury-Sand-packed-32-viscosity_224-w1,2,1800,a2ff21efc992c0be,0e2b165dc430adff2619d33a61df9a39181c8d9d762404e67bfcf1a0511b23e7,32,32,0,0,0.7,0.7,89.3,0,3,20,0,0,512,0,0,4083,0,0,True,,,
native-controls,042-Mercury-Sand-packed-32-viscosity_224-w1-s03,33,2,packed,32,viscosity_224,1,Mercury-Sand-packed-32-viscosity_224-w1,3,1800,4b97a4a1e6004522,3b15d7c7a63a8ead41ed006ede5891d8aa6c3dcd7a59265cd1c9faa594bc8efc,32,32,0,0,0.7,0.7,434.3,0,3,20,0,0,512,0,0,3516,0,0,True,,,
native-controls,042-Mercury-Sand-packed-32-viscosity_224-w1-s04,33,2,packed,32,viscosity_224,1,Mercury-Sand-packed-32-viscosity_224-w1,4,1800,b79e7a3f3277b0b6,f9acd232f4db73ab638969b106b76db310faa57897c0bc08a8fafcc9c2954fdf,32,32,0,0,0.7,0.7,83.7,0,3,20,0,0,512,0,0,3957,0,0,True,,,
native-controls,043-Mercury-Sand-packed-32-viscosity_248-w32-s00,33,2,packed,32,viscosity_248,32,Mercury-Sand-packed-32-viscosity_248-w32,0,1800,b6cd7bf9650cd96f,9309f5aaeb6759150d5658c0676272db7469ccf904f977f14c3dd6f1eca16bc5,32,32,0,0,0.4,0.5,345.9,0,6,20,0,0,16384,0,0,112198,0,0,True,,,
native-controls,043-Mercury-Sand-packed-32-viscosity_248-w32-s01,33,2,packed,32,viscosity_248,32,Mercury-Sand-packed-32-viscosity_248-w32,1,1800,995228978cd57ce3,b9af3f8549eb305c168378a18b03b8ea85f340a4689fc352526b87ba4bb73e79,32,32,0,0,0.7,0.7,294.2,0,3,20,0,0,16384,0,0,125830,0,0,True,,,
native-controls,043-Mercury-Sand-packed-32-viscosity_248-w32-s02,33,2,packed,32,viscosity_248,32,Mercury-Sand-packed-32-viscosity_248-w32,2,1800,46e802f220aa44ea,5007b3359392aed16381caef266859c23eff04ad63db88657d8585c72a6f6a7a,32,32,0,0,0.7,0.7,297.1,0,3,20,0,0,16384,0,0,130306,0,0,True,,,
native-controls,043-Mercury-Sand-packed-32-viscosity_248-w32-s03,33,2,packed,32,viscosity_248,32,Mercury-Sand-packed-32-viscosity_248-w32,3,1800,806f4c0c88971509,fe0b8fa465afb84f33292ecd7014ed2397593df748b681051c5c9d2d97211004,32,32,0,0,0.7,0.7,295,0,3,20,0,0,16384,0,0,112210,0,0,True,,,
native-controls,043-Mercury-Sand-packed-32-viscosity_248-w32-s04,33,2,packed,32,viscosity_248,32,Mercury-Sand-packed-32-viscosity_248-w32,4,1800,5a33cf814c523ff3,e8bde9b5e023cda9b0a34d135a57289bbe670fd67dfbbb3a391abf79eaa38f83,32,32,0,0,0.7,0.8,293.5,0,3,20,0,0,16384,0,0,125850,0,0,True,,,
native-controls,044-Mercury-Sand-packed-32-viscosity_248-w1-s00,33,2,packed,32,viscosity_248,1,Mercury-Sand-packed-32-viscosity_248-w1,0,1800,174efe03c65c724c,e68ca6895ae80cb197613670b89b8c2fc147fe575028d98adfc4694aec0c4612,32,32,0,0,0.4,0.5,110.6,0,6,20,0,0,512,0,0,3506,0,0,True,,,
native-controls,044-Mercury-Sand-packed-32-viscosity_248-w1-s01,33,2,packed,32,viscosity_248,1,Mercury-Sand-packed-32-viscosity_248-w1,1,1800,31fa395587a868a,ac78448271331c339f53d27eeb36579395dcb39a895964c1934da561c0cb2ee0,32,32,0,0,0.7,0.8,91.1,0,3,20,0,0,512,0,0,3931,0,0,True,,,
native-controls,044-Mercury-Sand-packed-32-viscosity_248-w1-s02,33,2,packed,32,viscosity_248,1,Mercury-Sand-packed-32-viscosity_248-w1,2,1800,a2ff21efc992c0be,421731f1b62a829cd375b66b9dfdf59e5ee51d2ebc7eacced7efcf3d4b38ebd4,32,32,0,0,0.7,0.8,89.5,0,3,20,0,0,512,0,0,4071,0,0,True,,,
native-controls,044-Mercury-Sand-packed-32-viscosity_248-w1-s03,33,2,packed,32,viscosity_248,1,Mercury-Sand-packed-32-viscosity_248-w1,3,1800,4b97a4a1e6004522,efb4b9878940203985fafb414c9404d5b6af372a8082ed303276207bcb732bec,32,32,0,0,0.7,0.8,119.9,0,3,20,0,0,512,0,0,3508,0,0,True,,,
native-controls,044-Mercury-Sand-packed-32-viscosity_248-w1-s04,33,2,packed,32,viscosity_248,1,Mercury-Sand-packed-32-viscosity_248-w1,4,1800,b79e7a3f3277b0b6,ebc4a0f79d80812e600df4f6dca61170b5a143d1171ba8f18989c0fa317e3c88,32,32,0,0,0.7,0.8,85.2,0,3,20,0,0,512,0,0,3933,0,0,True,,,
native-controls,045-Mercury-Sand-packed-32-exchange_off-w32-s00,33,2,packed,32,exchange_off,32,Mercury-Sand-packed-32-exchange_off-w32,0,1800,34421f6412bd9d6f,13e2483bccaa0a034e78b4256c850fc1732954062173b33be01b47ab96485fec,-1,0,0,0,0.4,0.5,355.5,0,6,20,0,0,0,0,0,15758,0,0,True,,,
native-controls,045-Mercury-Sand-packed-32-exchange_off-w32-s01,33,2,packed,32,exchange_off,32,Mercury-Sand-packed-32-exchange_off-w32,1,1800,3a05d2757790b66e,87efee008dc7583f1fc04822a70f473613acd527b7b82c85ae2df9ece19667ad,-1,0,0,0,0.4,0.5,318.2,0,3,20,0,0,0,0,0,15778,0,0,True,,,
native-controls,045-Mercury-Sand-packed-32-exchange_off-w32-s02,33,2,packed,32,exchange_off,32,Mercury-Sand-packed-32-exchange_off-w32,2,1800,546d58d211ee312f,15e962299392b5741485d62c54f658616dfe620e276f8c8b7db98d202d56a892,-1,0,0,0,0.4,0.5,371,0,3,20,0,0,0,0,0,15792,0,0,True,,,
native-controls,045-Mercury-Sand-packed-32-exchange_off-w32-s03,33,2,packed,32,exchange_off,32,Mercury-Sand-packed-32-exchange_off-w32,3,1800,dd2dd721e0a7af74,a35ae743f99a89a8ed3fcdb1b7abf9e818d80f5a72aecd28a62270cd392979f8,-1,0,0,0,0.4,0.5,318.4,0,3,20,0,0,0,0,0,15768,0,0,True,,,
native-controls,045-Mercury-Sand-packed-32-exchange_off-w32-s04,33,2,packed,32,exchange_off,32,Mercury-Sand-packed-32-exchange_off-w32,4,1800,38f1d9931f8c8dd2,8c6f67a20881ed34b3c8b1697c1b0fd60bfef6d820ae020a68af6c7189546842,-1,0,0,0,0.4,0.5,315.3,0,3,20,0,0,0,0,0,15766,0,0,True,,,
native-controls,046-Sand-Dust-reentry-32-baseline-w32-s00,2,14,reentry,32,baseline,32,Sand-Dust-reentry-32-baseline-w32,0,1800,ed7fcdb006749540,cdb1d97cb813d6291b1adb46885b580fdb6f2778ae7b482ce7b84a943833d384,32,32,0,0,0.4,0.5,381.5,0,6,20,0,0,16384,0,0,125952,0,0,True,,,
native-controls,046-Sand-Dust-reentry-32-baseline-w32-s01,2,14,reentry,32,baseline,32,Sand-Dust-reentry-32-baseline-w32,1,1800,555c1012c71340e3,7306c10289216ceae6f66e5863fae75716d1bfae11b995c1679875080a97a25c,32,32,0,0,0.7,0.8,367.3,0,3,20,0,0,16384,0,0,139488,0,0,True,,,
native-controls,046-Sand-Dust-reentry-32-baseline-w32-s02,2,14,reentry,32,baseline,32,Sand-Dust-reentry-32-baseline-w32,2,1800,7516bb773e2f056a,e7d8c71cc77f89d142162cbcc8268d27d05b67c4fb371f58c2526336c3f40e0b,32,32,0,0,0.7,0.7,342.6,0,3,20,0,0,16384,0,0,143904,0,0,True,,,
native-controls,046-Sand-Dust-reentry-32-baseline-w32-s03,2,14,reentry,32,baseline,32,Sand-Dust-reentry-32-baseline-w32,3,1800,2e6e0f5df3286c49,889952f22b5e7b681de9c458ad92c8ef92d80960b59f5e09d2aeda77a1348620,32,32,0,0,0.7,0.8,338.4,0,3,20,0,0,16384,0,0,125952,0,0,True,,,
native-controls,046-Sand-Dust-reentry-32-baseline-w32-s04,2,14,reentry,32,baseline,32,Sand-Dust-reentry-32-baseline-w32,4,1800,303730c8bcdc6973,e807227babc9813e745d8bfd952a08ba1fb9b75ea7b1249595ac62276afa9654,32,32,0,0,0.7,0.8,329,0,3,20,0,0,16384,0,0,139488,0,0,True,,,
native-controls,047-Sand-Dust-excavate-32-baseline-w32-s00,2,14,excavate,32,baseline,32,Sand-Dust-excavate-32-baseline-w32,0,1800,bd7f487818844656,41f9634c02b1c5c137bb729bd66b7f2d922ed1ca867889bae0d756c1fa889e64,32,32,0,0,0.7,362.1,527.7,0,6,20,0,110577,18025,0,0,1234720,0,0,False,,,
native-controls,047-Sand-Dust-excavate-32-baseline-w32-s01,2,14,excavate,32,baseline,32,Sand-Dust-excavate-32-baseline-w32,1,1800,21967644b06bdc80,b608b930b089105ea2658bafb77807c25c0a38d918226401ea4667f673c2e4ee,32,32,0,0,1,321.2,412.7,0,3,20,0,97943,17916,0,0,887652,0,0,False,,,
native-controls,047-Sand-Dust-excavate-32-baseline-w32-s02,2,14,excavate,32,baseline,32,Sand-Dust-excavate-32-baseline-w32,2,1800,4d0d568eb05379e8,0a0cd4cc5b17e4f980ac2505f4b04e10da2c8b0f9a04ba1df630185812f083e0,32,32,0,0,1,320,394.6,0,3,20,0,89442,18028,0,0,908634,0,0,False,,,
native-controls,047-Sand-Dust-excavate-32-baseline-w32-s03,2,14,excavate,32,baseline,32,Sand-Dust-excavate-32-baseline-w32,3,1800,f20a5fe3d75614db,caec87b625319fae7cb0c3ccc192f1c2063fae59864b628b1d725dff372c5011,32,32,0,0,1.3,324.8,392.9,0,3,20,0,108157,17924,0,0,1080105,0,0,False,,,
native-controls,047-Sand-Dust-excavate-32-baseline-w32-s04,2,14,excavate,32,baseline,32,Sand-Dust-excavate-32-baseline-w32,4,1800,bf33f266931840fa,f536c810e9fde60dd75dde8e03e524353f6029432bdee5f8c727830fe99e0062,32,32,0,0,1.3,322.9,392.1,0,3,20,0,98796,17934,0,0,899571,0,0,False,,,
native-controls,048-Sand-Dust-packed-32-baseline-w32-s00,2,14,packed,32,baseline,32,Sand-Dust-packed-32-baseline-w32,0,1800,547bf066d94fba6f,a0119cf5f5c9a63a898923bf1b403b0d81436abcd98c5fe3c2840662e70a81db,32,32,0,0,0.4,0.5,417.7,0,6,20,0,0,16384,0,0,112128,0,0,True,4,,
native-controls,048-Sand-Dust-packed-32-baseline-w32-s01,2,14,packed,32,baseline,32,Sand-Dust-packed-32-baseline-w32,1,1800,555c1012c71340e3,11996df080a8a5c3d105586411c35dd3538cde05ebcf5f94926cd05c4d1b5d1b,32,32,0,0,0.7,0.7,359.8,0,3,20,0,0,16384,0,0,125664,0,0,True,4,,
native-controls,048-Sand-Dust-packed-32-baseline-w32-s02,2,14,packed,32,baseline,32,Sand-Dust-packed-32-baseline-w32,2,1800,7516bb773e2f056a,e23fc4cac402ffec6c4a5dd26bc6f806c116c5d4d100e470723afddb12fd1a2a,32,32,0,0,0.7,0.7,360.5,0,3,20,0,0,16384,0,0,130080,0,0,True,4,,
native-controls,048-Sand-Dust-packed-32-baseline-w32-s03,2,14,packed,32,baseline,32,Sand-Dust-packed-32-baseline-w32,3,1800,2e6e0f5df3286c49,c5fb794990db20af26f1db90402f0479832f18fde6bd9c186064871f75b4ecea,32,32,0,0,0.7,0.8,504.2,0,3,20,0,0,16384,0,0,112128,0,0,True,4,,
native-controls,048-Sand-Dust-packed-32-baseline-w32-s04,2,14,packed,32,baseline,32,Sand-Dust-packed-32-baseline-w32,4,1800,303730c8bcdc6973,2c97becc51c6162eed1e940233318957483ef9e75464458e62cfb3d9d7833ff0,32,32,0,0,0.7,0.7,352.3,0,3,20,0,0,16384,0,0,125664,0,0,True,4,,
native-controls,049-Mercury-Sand-packed-32-baseline-w32-s00,33,2,packed,32,baseline,32,Mercury-Sand-packed-32-baseline-w32,0,1800,b6cd7bf9650cd96f,b265ccec5d205e5a65c9227f268344cf3c9c0fb56d27e9a51e78eb0db8bc47ec,32,32,0,0,0.4,0.5,370.6,0,6,20,0,0,16384,0,0,114010,0,0,True,4,,
native-controls,049-Mercury-Sand-packed-32-baseline-w32-s01,33,2,packed,32,baseline,32,Mercury-Sand-packed-32-baseline-w32,1,1800,995228978cd57ce3,e88e42ed73c0e6fd3acc138106cfe572bb989b2dad5d2155893a04282f8b5953,32,32,0,0,0.7,0.7,316.3,0,3,20,0,0,16384,0,0,129408,0,0,True,4,,
native-controls,049-Mercury-Sand-packed-32-baseline-w32-s02,33,2,packed,32,baseline,32,Mercury-Sand-packed-32-baseline-w32,2,1800,46e802f220aa44ea,aafd5903ec9ca03f0ddfcddbe5d88ef386cbd1b8dabf9830cd5b7353c00137e8,32,32,0,0,0.7,0.8,324.6,0,3,20,0,0,16384,0,0,134542,0,0,True,4,,
native-controls,049-Mercury-Sand-packed-32-baseline-w32-s03,33,2,packed,32,baseline,32,Mercury-Sand-packed-32-baseline-w32,3,1800,806f4c0c88971509,92a221d5e177c567334f8ce0d6fc5cee691d6b6304660940469359ca0c28b416,32,32,0,0,0.7,0.7,317.1,0,3,20,0,0,16384,0,0,114020,0,0,True,4,,
native-controls,049-Mercury-Sand-packed-32-baseline-w32-s04,33,2,packed,32,baseline,32,Mercury-Sand-packed-32-baseline-w32,4,1800,5a33cf814c523ff3,0470288b44adcf9eebe0c75765309e516032a90e8a7752b328cd5d9c1267ffd5,32,32,0,0,0.7,0.7,323.9,0,3,20,0,0,16384,0,0,129396,0,0,True,4,,
native-controls,050-Sand-Dust-packed-32-baseline-w32-s00,2,14,packed,32,baseline,32,Sand-Dust-packed-32-baseline-w32,0,1800,547bf066d94fba6f,1920958915980f9a332728397edebb9544279da19c89d2dcdfefa32a65bb4be3,32,32,0,0,0.4,0.5,350.4,disabled,6,20,0,0,0,0,0,0,0,0,True,,False,
native-controls,050-Sand-Dust-packed-32-baseline-w32-s01,2,14,packed,32,baseline,32,Sand-Dust-packed-32-baseline-w32,1,1800,555c1012c71340e3,6727f1bf5960a60aedc2d9a09edf2f16b084d603f6ff33572b8c19f40952b93e,32,32,0,0,0.7,0.7,311.9,disabled,3,20,0,0,0,0,0,0,0,0,True,,False,
native-controls,050-Sand-Dust-packed-32-baseline-w32-s02,2,14,packed,32,baseline,32,Sand-Dust-packed-32-baseline-w32,2,1800,7516bb773e2f056a,c25b5f3ed7b66466751e1df49c3f3540f7d6285f7ed658240959d8df9c08da30,32,32,0,0,0.6,0.7,315.1,disabled,3,20,0,0,0,0,0,0,0,0,True,,False,
native-controls,050-Sand-Dust-packed-32-baseline-w32-s03,2,14,packed,32,baseline,32,Sand-Dust-packed-32-baseline-w32,3,1800,2e6e0f5df3286c49,d5f76912fe53f72be0d00f10fb6a51035197de58c83c1e5e85d1df2d3c5ab2b2,32,32,0,0,0.6,0.9,313.1,disabled,3,20,0,0,0,0,0,0,0,0,True,,False,
native-controls,050-Sand-Dust-packed-32-baseline-w32-s04,2,14,packed,32,baseline,32,Sand-Dust-packed-32-baseline-w32,4,1800,303730c8bcdc6973,023e6888d55500d3596455b89b65fc24335fbf370e7fde9f625a88312b528178,32,32,0,0,0.6,0.7,307.8,disabled,3,20,0,0,0,0,0,0,0,0,True,,False,
native-controls,051-Mercury-Sand-packed-32-baseline-w32-s00,33,2,packed,32,baseline,32,Mercury-Sand-packed-32-baseline-w32,0,1800,b6cd7bf9650cd96f,3297a38f629de00bf882985523c8c282face2088e7984c3eea8f53c2d199c253,32,32,0,0,0.4,0.5,299.6,disabled,6,20,0,0,0,0,0,0,0,0,True,,False,
native-controls,051-Mercury-Sand-packed-32-baseline-w32-s01,33,2,packed,32,baseline,32,Mercury-Sand-packed-32-baseline-w32,1,1800,995228978cd57ce3,538da435bfb7745e4161d76a625d6d0994af4c723a270f670ada53bf19a36f19,32,32,0,0,0.7,0.8,268.5,disabled,3,20,0,0,0,0,0,0,0,0,True,,False,
native-controls,051-Mercury-Sand-packed-32-baseline-w32-s02,33,2,packed,32,baseline,32,Mercury-Sand-packed-32-baseline-w32,2,1800,46e802f220aa44ea,b6f5d6df6cfb53c8ad4a458eee924db57d3928e0c96c1c6c2c7fe1bf4c7e49a0,32,32,0,0,0.7,0.7,268,disabled,3,20,0,0,0,0,0,0,0,0,True,,False,
native-controls,051-Mercury-Sand-packed-32-baseline-w32-s03,33,2,packed,32,baseline,32,Mercury-Sand-packed-32-baseline-w32,3,1800,806f4c0c88971509,675917228bdc3902c22a8d95acfe836debebadc5e541de6cc5eb1a9e89fee674,32,32,0,0,0.7,0.7,276.1,disabled,3,20,0,0,0,0,0,0,0,0,True,,False,
native-controls,051-Mercury-Sand-packed-32-baseline-w32-s04,33,2,packed,32,baseline,32,Mercury-Sand-packed-32-baseline-w32,4,1800,5a33cf814c523ff3,7b79ee2ddd93ecf05ef9aa06ccbfb29ab01f2e8ed961f3fcb41adee36dc3bdae,32,32,0,0,0.7,0.7,273.1,disabled,3,20,0,0,0,0,0,0,0,0,True,,False,
native-controls,052-Sand-Dust-packed-32-baseline-w32-s00,2,14,packed,32,baseline,32,Sand-Dust-packed-32-baseline-w32,0,1800,e22ff61523250080,164a880cc691b5922d273650803c7f68e601b596ed49bf8be88076e2ec97a5d4,32,32,0,0,0.4,0.5,402.4,0,0,20,0,0,16384,0,0,112128,0,0,True,,,True
native-controls,052-Sand-Dust-packed-32-baseline-w32-s01,2,14,packed,32,baseline,32,Sand-Dust-packed-32-baseline-w32,1,1800,dc69a2ab32746435,9de7a3a4c896d29b3c6eb30ce3b2da75ba94ab4fa7f840ace2506260cbdca5c2,32,32,0,0,0.4,0.5,388.9,0,0,20,0,0,16384,0,0,97344,0,0,True,,,True
native-controls,052-Sand-Dust-packed-32-baseline-w32-s02,2,14,packed,32,baseline,32,Sand-Dust-packed-32-baseline-w32,2,1800,48e3726dce12258c,fda86fdae4445040d56885edfd5cc058bad160f6845fbb7adc3b50bbf1b14334,32,32,0,0,0.4,0.5,403.4,0,0,20,0,0,16384,0,0,91968,0,0,True,,,True
native-controls,052-Sand-Dust-packed-32-baseline-w32-s03,2,14,packed,32,baseline,32,Sand-Dust-packed-32-baseline-w32,3,1800,f37b00d4a83ecb47,9654b2f2b71a38fa39a9f05a1f9ab41996dfbf0b868d5dcbcb6e829493413010,32,32,0,0,0.4,0.5,389.7,0,0,20,0,0,16384,0,0,109440,0,0,True,,,True
native-controls,052-Sand-Dust-packed-32-baseline-w32-s04,2,14,packed,32,baseline,32,Sand-Dust-packed-32-baseline-w32,4,1800,9d7de3d66cb19b95,bd3d5b4f2c91b1a72276cfe29ddc8a0e812dbdfe9544eba21f62011014a2353c,32,32,0,0,0.4,0.5,387,0,0,20,0,0,16384,0,0,96000,0,0,True,,,True
native-controls,053-Mercury-Sand-packed-32-baseline-w32-s00,33,2,packed,32,baseline,32,Mercury-Sand-packed-32-baseline-w32,0,1800,f3ffc3229faa5280,e97c78549288735f6d3bf528598ba60c648ee616b203b3a7ae9fa6531ce8f10b,32,32,0,0,0.4,0.5,371.6,0,0,20,0,0,16384,0,0,114010,0,0,True,,,True
native-controls,053-Mercury-Sand-packed-32-baseline-w32-s01,33,2,packed,32,baseline,32,Mercury-Sand-packed-32-baseline-w32,1,1800,56f63b01aa0d9b5,a225f511c3440548a5a4d79b2ee37c2cd06d22f4edb56a213382d9ef63c0b166,32,32,0,0,0.4,0.5,349.2,0,0,20,0,0,16384,0,0,99272,0,0,True,,,True
native-controls,053-Mercury-Sand-packed-32-baseline-w32-s02,33,2,packed,32,baseline,32,Mercury-Sand-packed-32-baseline-w32,2,1800,2569440b3da260c,e290ab2ae4383741dc6b8a9aa809c8c67eeeaacf1eff33651c50fd48bc24f794,32,32,0,0,0.4,0.5,349,0,0,20,0,0,16384,0,0,93852,0,0,True,,,True
native-controls,053-Mercury-Sand-packed-32-baseline-w32-s03,33,2,packed,32,baseline,32,Mercury-Sand-packed-32-baseline-w32,3,1800,9ec2c4ccbaa43807,d60769d7b2a9b2007ac9ed034d6c198cebcfa507f796a923f377a55b355ef599,32,32,0,0,0.4,0.5,345.9,0,0,20,0,0,16384,0,0,111332,0,0,True,,,True
native-controls,053-Mercury-Sand-packed-32-baseline-w32-s04,33,2,packed,32,baseline,32,Mercury-Sand-packed-32-baseline-w32,4,1800,678794ee36d69e15,fb54da72c102048574fa343ae3b63b17c504bd073b8d2702388d6a16e6634a1a,32,32,0,0,0.4,0.5,347.4,0,0,20,0,0,16384,0,0,97908,0,0,True,,,True
native-finalists,000-Sand-Dust-packed-32-exchange_off-w32-s00,2,14,packed,32,exchange_off,32,Sand-Dust-packed-32-exchange_off-w32,0,7200,4c10ccd8ac6dae88,0ccbd984ee74995bcaa378692998f89490b930da190c409ffa527cf5e44b2856,-1,0,0,0,0.5,0.9,647.2,0,6,20,0,0,0,0,0,13824,0,0,True,,,
native-finalists,000-Sand-Dust-packed-32-exchange_off-w32-s01,2,14,packed,32,exchange_off,32,Sand-Dust-packed-32-exchange_off-w32,1,7200,89edccb6d275449,ed96ad24c9c5396708bec7cf8f986f3d9c751bbef937737a787629355d078f07,-1,0,0,0,0.5,0.8,603.5,0,3,20,0,0,0,0,0,13824,0,0,True,,,
native-finalists,000-Sand-Dust-packed-32-exchange_off-w32-s02,2,14,packed,32,exchange_off,32,Sand-Dust-packed-32-exchange_off-w32,2,7200,8e66e104e31e20d8,7abaab08ef5685caef72844b46de0a547223eb3828e5f0f7e7ce3ad66de46d5a,-1,0,0,0,0.4,0.7,331,0,3,20,0,0,0,0,0,13824,0,0,True,,,
native-finalists,000-Sand-Dust-packed-32-exchange_off-w32-s03,2,14,packed,32,exchange_off,32,Sand-Dust-packed-32-exchange_off-w32,3,7200,86fa0b47c1705743,41c9df6afaf3ae098df02547c95dbb4e74207fd991e64e4d5fc58d29ea559465,-1,0,0,0,0.5,0.8,616.7,0,3,20,0,0,0,0,0,13824,0,0,True,,,
native-finalists,000-Sand-Dust-packed-32-exchange_off-w32-s04,2,14,packed,32,exchange_off,32,Sand-Dust-packed-32-exchange_off-w32,4,7200,83570a711a4feb29,5377ac10bc3bb8955b7a7b43de78b8a0a951687ef543556056e103c313fd9b1a,-1,0,0,0,0.4,0.6,904.4,0,3,20,0,0,0,0,0,13824,0,0,True,,,
native-finalists,000-Sand-Dust-packed-32-exchange_off-w32-s05,2,14,packed,32,exchange_off,32,Sand-Dust-packed-32-exchange_off-w32,5,7200,ca0df0dc8fc14177,4f6bc2018521f9dbadee778fc1a6ae8dfd14fc4e68b51c95f85d43f38147d705,-1,0,0,0,0.5,1.1,604.9,0,3,20,0,0,0,0,0,13824,0,0,True,,,
native-finalists,000-Sand-Dust-packed-32-exchange_off-w32-s06,2,14,packed,32,exchange_off,32,Sand-Dust-packed-32-exchange_off-w32,6,7200,23745b59e592489c,56d61e278a5cee54eb9066970deef5af3e1837db3f49f70f7cbe39fea72da4a2,-1,0,0,0,0.5,0.7,475.2,0,3,20,0,0,0,0,0,13824,0,0,True,,,
native-finalists,000-Sand-Dust-packed-32-exchange_off-w32-s07,2,14,packed,32,exchange_off,32,Sand-Dust-packed-32-exchange_off-w32,7,7200,aa2627943df2e9e1,ab2f6b00004392b9f63a9c532d524855736062add6293ab2ca1a069c8d9e46ed,-1,0,0,0,0.4,0.5,505.8,0,3,20,0,0,0,0,0,13824,0,0,True,,,
native-finalists,000-Sand-Dust-packed-32-exchange_off-w32-s08,2,14,packed,32,exchange_off,32,Sand-Dust-packed-32-exchange_off-w32,8,7200,6105f68ab0de0077,2884d997d0d8dcf20ccaddc150720fc9b9413d49b1c5ed3e2e7bc96838d9cb3b,-1,0,0,0,0.5,0.7,401.7,0,3,20,0,0,0,0,0,13824,0,0,True,,,
native-finalists,000-Sand-Dust-packed-32-exchange_off-w32-s09,2,14,packed,32,exchange_off,32,Sand-Dust-packed-32-exchange_off-w32,9,7200,acda2154ec239290,e9b980f553ca56bb8a913767587a415121e119db5eeeb29aef85fd74ebe8a5ec,-1,0,0,0,0.4,0.6,564.5,0,3,20,0,0,0,0,0,13824,0,0,True,,,
native-finalists,000-Sand-Dust-packed-32-exchange_off-w32-s10,2,14,packed,32,exchange_off,32,Sand-Dust-packed-32-exchange_off-w32,10,7200,1038a1bcdec22368,b3eb053abbc04fc137165f9bb77e9c7b39bec2f2295ffd34e43d5db3f5739c55,-1,0,0,0,0.5,0.6,328.7,0,3,20,0,0,0,0,0,13824,0,0,True,,,
native-finalists,000-Sand-Dust-packed-32-exchange_off-w32-s11,2,14,packed,32,exchange_off,32,Sand-Dust-packed-32-exchange_off-w32,11,7200,dbe8ee3b603487c9,2eed38a94a3e8a9c3c0bc75e41a1ef931a935bad3c8f676c139ab07fb2179629,-1,0,0,0,0.5,0.9,454.9,0,6,20,0,0,0,0,0,13824,0,0,True,,,
native-finalists,000-Sand-Dust-packed-32-exchange_off-w32-s12,2,14,packed,32,exchange_off,32,Sand-Dust-packed-32-exchange_off-w32,12,7200,ae3c6083eb1b90b2,1260357710c49ecfc6f6038ffe9c42f181a3edf449683ddfdf86579ef32deee2,-1,0,0,0,0.5,0.8,545.2,0,6,20,0,0,0,0,0,13824,0,0,True,,,
native-finalists,000-Sand-Dust-packed-32-exchange_off-w32-s13,2,14,packed,32,exchange_off,32,Sand-Dust-packed-32-exchange_off-w32,13,7200,45f3d60e25610092,c7d6c77820ef345b2ccf101b50515d40d7bb79ef03a220950ba7ac770ecb3f41,-1,0,0,0,0.5,0.7,372.9,0,6,20,0,0,0,0,0,13824,0,0,True,,,
native-finalists,000-Sand-Dust-packed-32-exchange_off-w32-s14,2,14,packed,32,exchange_off,32,Sand-Dust-packed-32-exchange_off-w32,14,7200,ef619f18703e48d1,1fb3ae3ac1fcfca7e3c13e0df83d0ced756d140610d6a0be661df057d3a27549,-1,0,0,0,0.5,0.7,851.4,0,6,20,0,0,0,0,0,13824,0,0,True,,,
native-finalists,000-Sand-Dust-packed-32-exchange_off-w32-s15,2,14,packed,32,exchange_off,32,Sand-Dust-packed-32-exchange_off-w32,15,7200,71eeefccefc923db,27215ec57772e3290656dd5159a85cb42a65544925e2d519028eee1be782c9b6,-1,0,0,0,0.5,0.6,502.3,0,6,20,0,0,0,0,0,13824,0,0,True,,,
native-finalists,000-Sand-Dust-packed-32-exchange_off-w32-s16,2,14,packed,32,exchange_off,32,Sand-Dust-packed-32-exchange_off-w32,16,7200,b75b24381a45b07e,c064e8dbc687d2d8a5b505b960654f4b982b903ab9b02c86263edc8a0cc93d41,-1,0,0,0,0.5,0.6,387.3,0,6,20,0,0,0,0,0,13824,0,0,True,,,
native-finalists,000-Sand-Dust-packed-32-exchange_off-w32-s17,2,14,packed,32,exchange_off,32,Sand-Dust-packed-32-exchange_off-w32,17,7200,71ffe910b9df81d0,fe8982c0d3239b953d1c9462b72f5790b27960859e786f634d47effab1d1dfd1,-1,0,0,0,0.5,0.6,396.9,0,6,20,0,0,0,0,0,13824,0,0,True,,,
native-finalists,000-Sand-Dust-packed-32-exchange_off-w32-s18,2,14,packed,32,exchange_off,32,Sand-Dust-packed-32-exchange_off-w32,18,7200,c119b7ecc14d7e4,38010377f80e8a24f47c30527f60a2a5889392073563fd25aae50b73e13fa871,-1,0,0,0,0.5,0.8,499,0,6,20,0,0,0,0,0,13824,0,0,True,,,
native-finalists,000-Sand-Dust-packed-32-exchange_off-w32-s19,2,14,packed,32,exchange_off,32,Sand-Dust-packed-32-exchange_off-w32,19,7200,e43f56651524942,8d465218c7b15aca0b0dc5312b7178fbbb6ccce13ff38673d3953b8035a421a4,-1,0,0,0,0.5,0.7,390.3,0,6,20,0,0,0,0,0,13824,0,0,True,,,
native-finalists,001-Stone-Sand-packed-32-exchange_off-w32-s00,13,2,packed,32,exchange_off,32,Stone-Sand-packed-32-exchange_off-w32,0,7200,58d8ca8aa1869e08,b603629e0899d8d088d0879b76f8aaf8c525d6022dbe222c0341625f15ac6370,-1,0,0,0,0.5,0.7,425.5,0,6,20,0,0,0,0,0,9402,0,0,True,,,
native-finalists,001-Stone-Sand-packed-32-exchange_off-w32-s01,13,2,packed,32,exchange_off,32,Stone-Sand-packed-32-exchange_off-w32,1,7200,ad87f0c44d3caa49,5ebdb5e6ea70393d998c0f52425124a25fe3f65fcf274f216d639a47e0224c3d,-1,0,0,0,0.5,0.9,608.2,0,3,20,0,0,0,0,0,9402,0,0,True,,,
native-finalists,001-Stone-Sand-packed-32-exchange_off-w32-s02,13,2,packed,32,exchange_off,32,Stone-Sand-packed-32-exchange_off-w32,2,7200,e35d01416c50a658,cb7c4df7c08a9ad4ac35c96f4c032d2bd05046728af45ebdbc9e36d4b06b15a5,-1,0,0,0,0.5,0.8,285.2,0,3,20,0,0,0,0,0,9402,0,0,True,,,
native-finalists,001-Stone-Sand-packed-32-exchange_off-w32-s03,13,2,packed,32,exchange_off,32,Stone-Sand-packed-32-exchange_off-w32,3,7200,9833cf9ad81a99c3,81f9de520698a2f83c71c414794791dc2e65133a809b80c1e604b96d7fa22626,-1,0,0,0,0.4,0.8,262.7,0,3,20,0,0,0,0,0,9402,0,0,True,,,
native-finalists,001-Stone-Sand-packed-32-exchange_off-w32-s04,13,2,packed,32,exchange_off,32,Stone-Sand-packed-32-exchange_off-w32,4,7200,b600335365fac29,be116e7c3a9037ac23de118972161318e05eb656590e390e7ace74f64350bf06,-1,0,0,0,0.4,0.7,267.6,0,3,20,0,0,0,0,0,9402,0,0,True,,,
native-finalists,001-Stone-Sand-packed-32-exchange_off-w32-s05,13,2,packed,32,exchange_off,32,Stone-Sand-packed-32-exchange_off-w32,5,7200,36097e000511baf7,fef2d4f659e7e969a5c90ff22203854c08b5148b80ea9e749cd20e18e162e50a,-1,0,0,0,0.4,0.7,476,0,3,20,0,0,0,0,0,9402,0,0,True,,,
native-finalists,001-Stone-Sand-packed-32-exchange_off-w32-s06,13,2,packed,32,exchange_off,32,Stone-Sand-packed-32-exchange_off-w32,6,7200,65f4a0efa670629c,0f556641f04f05e8348a578745086638203f168a3c0548f1d304174333fe4b45,-1,0,0,0,0.4,1,661,0,3,20,0,0,0,0,0,9402,0,0,True,,,
native-finalists,001-Stone-Sand-packed-32-exchange_off-w32-s07,13,2,packed,32,exchange_off,32,Stone-Sand-packed-32-exchange_off-w32,7,7200,7f8cb780f4f205e1,9904b4995871b3808a5d170637e1c55c372bc40b877eb3b4673bc581778cdb0c,-1,0,0,0,0.4,0.7,571.1,0,3,20,0,0,0,0,0,9402,0,0,True,,,
native-finalists,001-Stone-Sand-packed-32-exchange_off-w32-s08,13,2,packed,32,exchange_off,32,Stone-Sand-packed-32-exchange_off-w32,8,7200,169b1a6f885a15f7,36dfbc5508f04af9298cbe01ca3ead3a1aee1cf3bad55ede43316858389c1d5c,-1,0,0,0,0.5,1.2,480.9,0,3,20,0,0,0,0,0,9402,0,0,True,,,
native-finalists,001-Stone-Sand-packed-32-exchange_off-w32-s09,13,2,packed,32,exchange_off,32,Stone-Sand-packed-32-exchange_off-w32,9,7200,b10b06b8c0a70810,384db5d6d9060b9ea24e10e90ac77b69a875659e655956b96ed95f2034926d29,-1,0,0,0,0.5,1,1389.3,0,3,20,0,0,0,0,0,9402,0,0,True,,,
native-finalists,001-Stone-Sand-packed-32-exchange_off-w32-s10,13,2,packed,32,exchange_off,32,Stone-Sand-packed-32-exchange_off-w32,10,7200,b8c3acad00325ce8,69751863588d82d8b343b335c938b518944be227d798f28ae13f40f1ceb806df,-1,0,0,0,0.4,0.5,324.7,0,3,20,0,0,0,0,0,9402,0,0,True,,,
native-finalists,001-Stone-Sand-packed-32-exchange_off-w32-s11,13,2,packed,32,exchange_off,32,Stone-Sand-packed-32-exchange_off-w32,11,7200,a0c4192d09193161,e7007641659332a0f74cf94382112ebaa792ba5ea3a4f33633a9770cf6e944cb,-1,0,0,0,0.5,0.9,306.8,0,6,20,0,0,0,0,0,9402,0,0,True,,,
native-finalists,001-Stone-Sand-packed-32-exchange_off-w32-s12,13,2,packed,32,exchange_off,32,Stone-Sand-packed-32-exchange_off-w32,12,7200,3061d87d21025ab2,e464a89526c50b31c35d32eaa449960198ceb03cf88004a6145bc55bdf104750,-1,0,0,0,0.5,0.7,488.1,0,6,20,0,0,0,0,0,9402,0,0,True,,,
native-finalists,001-Stone-Sand-packed-32-exchange_off-w32-s13,13,2,packed,32,exchange_off,32,Stone-Sand-packed-32-exchange_off-w32,13,7200,1bc579ca8c45c5d2,84a53035a54d90fa2d0c8a6fda1155f54b3f362d5f82bf91419149804e92980c,-1,0,0,0,0.5,0.8,314.8,0,6,20,0,0,0,0,0,9402,0,0,True,,,
native-finalists,001-Stone-Sand-packed-32-exchange_off-w32-s14,13,2,packed,32,exchange_off,32,Stone-Sand-packed-32-exchange_off-w32,14,7200,86a240ad860ce6b1,6e5f493d67d4950bdbe02a6a39dbaf2e9ea94e40706aadcff37f5111fccdb73c,-1,0,0,0,0.5,0.6,543.5,0,6,20,0,0,0,0,0,9402,0,0,True,,,
native-finalists,001-Stone-Sand-packed-32-exchange_off-w32-s15,13,2,packed,32,exchange_off,32,Stone-Sand-packed-32-exchange_off-w32,15,7200,cfd1430f96441a13,af3931fe00585ed88de751da4129df8385498a8358d08b654041838e24f0679c,-1,0,0,0,0.5,0.6,470.4,0,6,20,0,0,0,0,0,9402,0,0,True,,,
native-finalists,001-Stone-Sand-packed-32-exchange_off-w32-s16,13,2,packed,32,exchange_off,32,Stone-Sand-packed-32-exchange_off-w32,16,7200,f5f3eda30442427e,f68692e5a451e301dbb2fbed0f6f785a3bc3713a4fcbd5351b277729f48663d0,-1,0,0,0,0.5,1,336.9,0,6,20,0,0,0,0,0,9402,0,0,True,,,
native-finalists,001-Stone-Sand-packed-32-exchange_off-w32-s17,13,2,packed,32,exchange_off,32,Stone-Sand-packed-32-exchange_off-w32,17,7200,9d06458a25c829d0,62fd82330908920ccfcbc4e03104e0d308fecfad4f6e97ac0f8ad5120473897b,-1,0,0,0,0.5,0.6,338.2,0,6,20,0,0,0,0,0,9402,0,0,True,,,
native-finalists,001-Stone-Sand-packed-32-exchange_off-w32-s18,13,2,packed,32,exchange_off,32,Stone-Sand-packed-32-exchange_off-w32,18,7200,830c5f5858dd1fe4,ac24509f81971d5cd55adf15f4ef113fb1dfce4d9167265917c8b34a1b799c38,-1,0,0,0,0.5,0.6,378.4,0,6,20,0,0,0,0,0,9402,0,0,True,,,
native-finalists,001-Stone-Sand-packed-32-exchange_off-w32-s19,13,2,packed,32,exchange_off,32,Stone-Sand-packed-32-exchange_off-w32,19,7200,541630015a997a3a,042ba3b864bd5c207a9c96fa9f0a553f8d1d40a65d75cd1af04f1a500e9137d4,-1,0,0,0,0.5,0.7,328.5,0,6,20,0,0,0,0,0,9402,0,0,True,,,
native-finalists,002-Rust-Sand-packed-32-exchange_off-w32-s00,29,2,packed,32,exchange_off,32,Rust-Sand-packed-32-exchange_off-w32,0,7200,9ffc3ac292d74408,4abac5cd1b510b7c2bb8c667bdbaeb6ebae77232bed4e4dd353e3a9c0b11a852,-1,0,0,0,0.4,0.6,521.9,0,6,20,0,0,0,0,0,13824,0,0,True,,,
native-finalists,002-Rust-Sand-packed-32-exchange_off-w32-s01,29,2,packed,32,exchange_off,32,Rust-Sand-packed-32-exchange_off-w32,1,7200,59a4bd9beec69b49,ddf6db0d6c4d18c6eb32f6ac94dff3e09cea9d1d5bc34b446494c50d4d81d6d4,-1,0,0,0,0.4,0.5,288.5,0,3,20,0,0,0,0,0,13824,0,0,True,,,
native-finalists,002-Rust-Sand-packed-32-exchange_off-w32-s02,29,2,packed,32,exchange_off,32,Rust-Sand-packed-32-exchange_off-w32,2,7200,40ff34de9c070c58,63308c3d759986361082bb82eaf1847d53bac40956eca6163222891ce61054e1,-1,0,0,0,0.5,0.7,662.7,0,3,20,0,0,0,0,0,13824,0,0,True,,,
native-finalists,002-Rust-Sand-packed-32-exchange_off-w32-s03,29,2,packed,32,exchange_off,32,Rust-Sand-packed-32-exchange_off-w32,3,7200,5e182d4b1ff203c3,fb5ccf3a3bb0a5b8d73018746b493f02d2c04142e8eff148f797f81f46ea10d5,-1,0,0,0,0.5,0.8,540.4,0,3,20,0,0,0,0,0,13824,0,0,True,,,
native-finalists,002-Rust-Sand-packed-32-exchange_off-w32-s04,29,2,packed,32,exchange_off,32,Rust-Sand-packed-32-exchange_off-w32,4,7200,b64edf8dfa4f6a29,4fe0833562bb3283d8d774521d6dca298b5f41b14c8061fde9840c835de1c66e,-1,0,0,0,0.4,0.5,312.3,0,3,20,0,0,0,0,0,13824,0,0,True,,,
native-finalists,002-Rust-Sand-packed-32-exchange_off-w32-s05,29,2,packed,32,exchange_off,32,Rust-Sand-packed-32-exchange_off-w32,5,7200,dff3565bfd5b8bf7,73720dae59fd0fc42a3e949cdeb599f77e0e5010b95eae3c4c4be1b6d8d4f504,-1,0,0,0,0.4,0.5,472.4,0,3,20,0,0,0,0,0,13824,0,0,True,,,
native-finalists,002-Rust-Sand-packed-32-exchange_off-w32-s06,29,2,packed,32,exchange_off,32,Rust-Sand-packed-32-exchange_off-w32,6,7200,7178f8593387db9c,7e8423fd1166d456add5d199500a83b4166dead9709e6aa5a2ce1ffca34ad905,-1,0,0,0,0.4,0.5,284.5,0,3,20,0,0,0,0,0,13824,0,0,True,,,
native-finalists,002-Rust-Sand-packed-32-exchange_off-w32-s07,29,2,packed,32,exchange_off,32,Rust-Sand-packed-32-exchange_off-w32,7,7200,4fe03245f364c4e1,918054cae0da01625ac230ff0024f9464a8e28be84ba9142bf2ef125241fab70,-1,0,0,0,0.5,0.8,388.2,0,3,20,0,0,0,0,0,13824,0,0,True,,,
native-finalists,002-Rust-Sand-packed-32-exchange_off-w32-s08,29,2,packed,32,exchange_off,32,Rust-Sand-packed-32-exchange_off-w32,8,7200,7e69e220f7365df7,c6042da0919f30760187d6adaf184fcb3d2b32714638432d95b2c3c11beb9c6b,-1,0,0,0,0.5,0.7,1070.4,0,3,20,0,0,0,0,0,13824,0,0,True,,,
native-finalists,002-Rust-Sand-packed-32-exchange_off-w32-s09,29,2,packed,32,exchange_off,32,Rust-Sand-packed-32-exchange_off-w32,9,7200,53b84866aa2f9f10,173ae69fe0fd9e21ee986a0fbf074308c3a74acb360a550e358688ccd769de44,-1,0,0,0,0.4,0.7,286.4,0,3,20,0,0,0,0,0,13824,0,0,True,,,
native-finalists,002-Rust-Sand-packed-32-exchange_off-w32-s10,29,2,packed,32,exchange_off,32,Rust-Sand-packed-32-exchange_off-w32,10,7200,3398469253e618e8,a7baf5d2bfc5e349aadf792cd2ff2bbb87af1611271878ab94b4d76af5b12306,-1,0,0,0,0.4,0.6,546.3,0,3,20,0,0,0,0,0,13824,0,0,True,,,
native-finalists,002-Rust-Sand-packed-32-exchange_off-w32-s11,29,2,packed,32,exchange_off,32,Rust-Sand-packed-32-exchange_off-w32,11,7200,54d44972b635b761,c4b17ba3070df3e17db0a1c98845bdf65e90f29513d55e617c92d56acb80f12e,-1,0,0,0,0.5,0.6,331.8,0,6,20,0,0,0,0,0,13824,0,0,True,,,
native-finalists,002-Rust-Sand-packed-32-exchange_off-w32-s12,29,2,packed,32,exchange_off,32,Rust-Sand-packed-32-exchange_off-w32,12,7200,255b755d80facab2,4dcb5855e15c27bc83209fba17e1136297c2c1d5916da7552d28080f1005a935,-1,0,0,0,0.5,0.5,327.6,0,6,20,0,0,0,0,0,13824,0,0,True,,,
native-finalists,002-Rust-Sand-packed-32-exchange_off-w32-s13,29,2,packed,32,exchange_off,32,Rust-Sand-packed-32-exchange_off-w32,13,7200,f44759a5187e9cd2,f898782460ebde8cebc23e3cff8beee923b94dbda4040e77f7970ee0f8071bbb,-1,0,0,0,0.5,0.8,565.3,0,6,20,0,0,0,0,0,13824,0,0,True,,,
native-finalists,002-Rust-Sand-packed-32-exchange_off-w32-s14,29,2,packed,32,exchange_off,32,Rust-Sand-packed-32-exchange_off-w32,14,7200,67dfd3189ed6b1b1,e0650b5f4705cadd0108c6b3bace8ac3c2e8c8200e5b029f651abce1df00b7df,-1,0,0,0,0.5,0.5,340.1,0,6,20,0,0,0,0,0,13824,0,0,True,,,
native-finalists,002-Rust-Sand-packed-32-exchange_off-w32-s15,29,2,packed,32,exchange_off,32,Rust-Sand-packed-32-exchange_off-w32,15,7200,20d0c5baab2ff713,88fdbf93c8355ebc1862fd18ec1cebdcfd5e580680cd697197e0f6ba56ae1940,-1,0,0,0,0.5,0.6,557.2,0,6,20,0,0,0,0,0,13824,0,0,True,,,
native-finalists,002-Rust-Sand-packed-32-exchange_off-w32-s16,29,2,packed,32,exchange_off,32,Rust-Sand-packed-32-exchange_off-w32,16,7200,1162a300735e267e,f7186fb34abbdb3fe7ff6f035c1001ce9b7a3ef11797250b1ec745c3236e338c,-1,0,0,0,0.5,0.7,441,0,6,20,0,0,0,0,0,13824,0,0,True,,,
native-finalists,002-Rust-Sand-packed-32-exchange_off-w32-s17,29,2,packed,32,exchange_off,32,Rust-Sand-packed-32-exchange_off-w32,17,7200,a19889528a197c50,e1e04659c10a0fe8d874747393cc779be464a60679ae447352f4f62d9f7082ed,-1,0,0,0,0.5,0.7,571.3,0,6,20,0,0,0,0,0,13824,0,0,True,,,
native-finalists,002-Rust-Sand-packed-32-exchange_off-w32-s18,29,2,packed,32,exchange_off,32,Rust-Sand-packed-32-exchange_off-w32,18,7200,1fb8387c2dfbefe4,a34bf5b01f8836e0bf3b4711039e27fca4747a5177442cf9e98dfa111f36817d,-1,0,0,0,0.5,0.8,753.4,0,6,20,0,0,0,0,0,13824,0,0,True,,,
native-finalists,002-Rust-Sand-packed-32-exchange_off-w32-s19,29,2,packed,32,exchange_off,32,Rust-Sand-packed-32-exchange_off-w32,19,7200,52d9bbfda2cf963a,bcd92282864888d6310cebd1bf35dbb8db118f854a1f2610c683139563215a92,-1,0,0,0,0.5,0.8,472,0,6,20,0,0,0,0,0,13824,0,0,True,,,
native-finalists,003-Mercury-Sand-packed-32-viscosity_96-w32-s00,33,2,packed,32,viscosity_96,32,Mercury-Sand-packed-32-viscosity_96-w32,0,7200,4c979691ece00788,101a0d74c37d6155bee0fb2fcd94e5ec450af193014a64a06d8119a4bbf98434,32,32,0,0,0.4,0.7,385.7,0,6,20,0,0,16384,0,0,114010,0,0,True,,,
native-finalists,003-Mercury-Sand-packed-32-viscosity_96-w32-s01,33,2,packed,32,viscosity_96,32,Mercury-Sand-packed-32-viscosity_96-w32,1,7200,256588c94f7a4704,56f64dc30a5869ef84aba144b1a6cfeeb1dc666c9bbec5e1888cd976db47d404,32,32,0,0,0.7,0.8,548.6,0,3,20,0,0,16384,0,0,129408,0,0,True,,,
native-finalists,003-Mercury-Sand-packed-32-viscosity_96-w32-s02,33,2,packed,32,viscosity_96,32,Mercury-Sand-packed-32-viscosity_96-w32,2,7200,e72c631595f0d38d,746f2dd923d24f14eefaf2d0098ac8cee26fb2fdce3e1f090240bbca537df992,32,32,0,0,0.7,1,653.1,0,3,20,0,0,16384,0,0,134542,0,0,True,,,
native-finalists,003-Mercury-Sand-packed-32-viscosity_96-w32-s03,33,2,packed,32,viscosity_96,32,Mercury-Sand-packed-32-viscosity_96-w32,3,7200,556c89dbeb149cce,6c88dad3b3ccade258bf676a8c31b560c94db25871e667fc7adede8ab3836c33,32,32,0,0,0.7,0.8,332.7,0,3,20,0,0,16384,0,0,114020,0,0,True,,,
native-finalists,003-Mercury-Sand-packed-32-viscosity_96-w32-s04,33,2,packed,32,viscosity_96,32,Mercury-Sand-packed-32-viscosity_96-w32,4,7200,14abf9a8934fd640,2a183d4a48ed6bb947d0bc50e94920aa4a39957fcd5714d9ffd699a7bf3f145c,32,32,0,0,0.7,1,362.4,0,3,20,0,0,16384,0,0,129396,0,0,True,,,
native-finalists,003-Mercury-Sand-packed-32-viscosity_96-w32-s05,33,2,packed,32,viscosity_96,32,Mercury-Sand-packed-32-viscosity_96-w32,5,7200,5897124f3e78deba,a624a58c38736566509766e9b7fae583b5aa1524acbbff802838a3b0b556f0ec,32,32,0,0,0.7,0.8,568.9,0,3,20,0,0,16384,0,0,139766,0,0,True,,,
native-finalists,003-Mercury-Sand-packed-32-viscosity_96-w32-s06,33,2,packed,32,viscosity_96,32,Mercury-Sand-packed-32-viscosity_96-w32,6,7200,6c404c8459650565,df9da91aeeb914f63e77faf938d2f149ec1c77af8106c57f3cd96c6237f8cfe9,32,32,0,0,0.7,1.1,568.7,0,3,20,0,0,16384,0,0,113938,0,0,True,,,
native-finalists,003-Mercury-Sand-packed-32-viscosity_96-w32-s07,33,2,packed,32,viscosity_96,32,Mercury-Sand-packed-32-viscosity_96-w32,7,7200,916f26c6143b7d0c,5f13ec9e7f9a1d966de653123bf5805e50e0782667fec75ea2320847ce8868a3,32,32,0,0,0.7,1.1,578.3,0,3,20,0,0,16384,0,0,129436,0,0,True,,,
native-finalists,003-Mercury-Sand-packed-32-viscosity_96-w32-s08,33,2,packed,32,viscosity_96,32,Mercury-Sand-packed-32-viscosity_96-w32,8,7200,61ff9a03200a6ba5,3d0cbf052ea9d50793470ecfbc3eb113352e876f0a10d2e764a615f34230d246,32,32,0,0,0.6,1,297.4,0,3,20,0,0,16384,0,0,139812,0,0,True,,,
native-finalists,003-Mercury-Sand-packed-32-viscosity_96-w32-s09,33,2,packed,32,viscosity_96,32,Mercury-Sand-packed-32-viscosity_96-w32,9,7200,ed406ecebbf8449d,cbd6c83556bf085ca7dd951fa53af0c777ffcf2f7470b1c5738c8309b2e7781d,32,32,0,0,0.7,1.1,463.5,0,3,20,0,0,16384,0,0,119178,0,0,True,,,
native-finalists,003-Mercury-Sand-packed-32-viscosity_96-w32-s10,33,2,packed,32,viscosity_96,32,Mercury-Sand-packed-32-viscosity_96-w32,10,7200,2812e2b2e38427d,4d2338e0eb1b3a98571fb7db0abb79e59b3766976f8b61d1e1c7d27cc1a639c1,32,32,0,0,0.7,0.9,323.6,0,3,20,0,0,16384,0,0,129408,0,0,True,,,
native-finalists,003-Mercury-Sand-packed-32-viscosity_96-w32-s11,33,2,packed,32,viscosity_96,32,Mercury-Sand-packed-32-viscosity_96-w32,11,7200,423aa9e8363bffe8,94e77cf89c2b3034d4070cb654130fe51c12100f10024fb85c4111c99d8a63b6,32,32,2,0,0.5,0.7,542.1,0,6,20,0,0,16382,0,0,141540,0,0,True,,,
native-finalists,003-Mercury-Sand-packed-32-viscosity_96-w32-s12,33,2,packed,32,viscosity_96,32,Mercury-Sand-packed-32-viscosity_96-w32,12,7200,250ef3fde6ccf7d2,be615bef29ef9b5c5b87ed624ceee67ade58bfb1034d7950923735cb33639c1f,32,32,0,0,0.5,0.8,352.6,0,6,20,0,0,16384,0,0,124445,0,0,True,,,
native-finalists,003-Mercury-Sand-packed-32-viscosity_96-w32-s13,33,2,packed,32,viscosity_96,32,Mercury-Sand-packed-32-viscosity_96-w32,13,7200,25a84ad25c0a2136,5b3d2b81c91f526e6ca5400b7a1f584dc89fc22decc09d73a6f0033339a6361c,32,32,2,0,0.5,0.5,401.7,0,6,20,0,0,16382,0,0,136181,0,0,True,,,
native-finalists,003-Mercury-Sand-packed-32-viscosity_96-w32-s14,33,2,packed,32,viscosity_96,32,Mercury-Sand-packed-32-viscosity_96-w32,14,7200,ee3943053f954f5b,d61e8aa3688793707fd53ea7217e74bbff03b175f30b5f03dd0867bd8fdda7d9,32,32,2,0,0.5,0.6,391.8,0,6,20,0,0,16381,0,0,138019,0,0,True,,,
native-finalists,003-Mercury-Sand-packed-32-viscosity_96-w32-s15,33,2,packed,32,viscosity_96,32,Mercury-Sand-packed-32-viscosity_96-w32,15,7200,234050c26e06492f,97af40b8676951d9fb8942bc705412d4a9eecb009437661737d6b126cc5ae698,32,32,2,0,0.5,0.8,827.3,0,6,20,0,0,16383,0,0,122003,0,0,True,,,
native-finalists,003-Mercury-Sand-packed-32-viscosity_96-w32-s16,33,2,packed,32,viscosity_96,32,Mercury-Sand-packed-32-viscosity_96-w32,16,7200,71c2bc49d37bb518,1ab5dfb98af6c5ba838b81afbb06decc9e7cebb2b996fcfbfceaa913032570f9,32,32,2,0,0.5,0.9,346.1,0,6,20,0,0,16383,0,0,135350,0,0,True,,,
native-finalists,003-Mercury-Sand-packed-32-viscosity_96-w32-s17,33,2,packed,32,viscosity_96,32,Mercury-Sand-packed-32-viscosity_96-w32,17,7200,4952a78072b0173a,4592aa726a770fce219a83b446363a07f2d46b52b4fbc45b08eb0f63057a7394,32,32,2,0,0.5,1.1,570.2,0,6,20,0,0,16382,0,0,142900,0,0,True,,,
native-finalists,003-Mercury-Sand-packed-32-viscosity_96-w32-s18,33,2,packed,32,viscosity_96,32,Mercury-Sand-packed-32-viscosity_96-w32,18,7200,e8f4f393c404fde,e13990d4f64e0d5d9a6855b50ae6f8fbd5a814039518faa679b0f5df20055418,32,32,2,0,0.5,0.7,851.8,0,6,20,0,0,16383,0,0,124409,0,0,True,,,
native-finalists,003-Mercury-Sand-packed-32-viscosity_96-w32-s19,33,2,packed,32,viscosity_96,32,Mercury-Sand-packed-32-viscosity_96-w32,19,7200,a4684bb52698f1d2,58f58f39fc5a93507502426e5132031523bb571b7f07a874bf3a20900c62af84,32,32,2,0,0.5,0.6,862.7,0,6,20,0,0,16382,0,0,135023,0,0,True,,,
native-finalists,004-Mercury-Sand-packed-32-viscosity_96-w1-s00,33,2,packed,32,viscosity_96,1,Mercury-Sand-packed-32-viscosity_96-w1,0,7200,6ec17a3acb703da7,fc5acf84bbb0a52b33c5faff14ffc11655c37c5a59a46dbec5b2ae87bcc46f07,32,32,0,0,0.4,0.6,569.6,0,6,20,0,0,512,0,0,3568,0,0,True,,,
native-finalists,004-Mercury-Sand-packed-32-viscosity_96-w1-s01,33,2,packed,32,viscosity_96,1,Mercury-Sand-packed-32-viscosity_96-w1,1,7200,cb213838769c62c9,eda2e378ae047efb7794e159d2a30e4a357d1c843e902eb85a90e7b375c5766b,32,32,0,0,0.7,1,187.9,0,3,20,0,0,512,0,0,4031,0,0,True,,,
native-finalists,004-Mercury-Sand-packed-32-viscosity_96-w1-s02,33,2,packed,32,viscosity_96,1,Mercury-Sand-packed-32-viscosity_96-w1,2,7200,e7f9b0b8c86401fd,fd74df2d47f5e36aa21574e980e592b6775016c674c30aa3a41d90d6cffc8d1f,32,32,0,0,0.7,1.1,514.1,0,3,20,0,0,512,0,0,4205,0,0,True,,,
native-finalists,004-Mercury-Sand-packed-32-viscosity_96-w1-s03,33,2,packed,32,viscosity_96,1,Mercury-Sand-packed-32-viscosity_96-w1,3,7200,5e03ed4e3d53e7f5,40ebcb3a49a6bfb52fca4b320b0c41c4378b87241fa79e70639c17e308cb0907,32,32,0,0,0.7,1.1,181.6,0,3,20,0,0,512,0,0,3566,0,0,True,,,
native-finalists,004-Mercury-Sand-packed-32-viscosity_96-w1-s04,33,2,packed,32,viscosity_96,1,Mercury-Sand-packed-32-viscosity_96-w1,4,7200,4031b1575631061,1ed7d64938457cc8243d0a0bbe3cefaaa23e04fcc4f6a59fd9b8c4a82525c30b,32,32,0,0,0.7,1,483,0,3,20,0,0,512,0,0,4041,0,0,True,,,
native-finalists,004-Mercury-Sand-packed-32-viscosity_96-w1-s05,33,2,packed,32,viscosity_96,1,Mercury-Sand-packed-32-viscosity_96-w1,5,7200,3547f05ce565fd99,415c373d36dcad95a9665abcd69c0f43ba036b2ed0906f59f565373b86eb88e2,32,32,0,0,0.7,1.3,552.6,0,3,20,0,0,512,0,0,4363,0,0,True,,,
native-finalists,004-Mercury-Sand-packed-32-viscosity_96-w1-s06,33,2,packed,32,viscosity_96,1,Mercury-Sand-packed-32-viscosity_96-w1,6,7200,6e35630d30a7f90d,a53b8c53c2e1accf89b2cab6f0344a3b936b45dc5e88d4ab413ada9aa80512ba,32,32,0,0,0.7,0.8,152.2,0,3,20,0,0,512,0,0,3567,0,0,True,,,
native-finalists,004-Mercury-Sand-packed-32-viscosity_96-w1-s07,33,2,packed,32,viscosity_96,1,Mercury-Sand-packed-32-viscosity_96-w1,7,7200,501c217b40740a5,d291d2ab980fd15d7bfa9ba7cac98ef5f60ca1ff779322390c32e9c5ebe7b629,32,32,0,0,0.7,1,319.7,0,3,20,0,0,512,0,0,4039,0,0,True,,,
native-finalists,004-Mercury-Sand-packed-32-viscosity_96-w1-s08,33,2,packed,32,viscosity_96,1,Mercury-Sand-packed-32-viscosity_96-w1,8,7200,b77cb104b256a109,f3658b8d3b68d412ac7c26ab58712591979217b21f85908c77af89484035cf7e,32,32,0,0,0.6,1,606.5,0,3,20,0,0,512,0,0,4371,0,0,True,,,
native-finalists,004-Mercury-Sand-packed-32-viscosity_96-w1-s09,33,2,packed,32,viscosity_96,1,Mercury-Sand-packed-32-viscosity_96-w1,9,7200,eaf85f0e584eb9f9,7b3febd1398de2d3590b80bf876032ad4d7f5c974e04d4ce61c3b4f7f4989c88,32,32,0,0,0.7,1,438.2,0,3,20,0,0,512,0,0,3717,0,0,True,,,
native-finalists,004-Mercury-Sand-packed-32-viscosity_96-w1-s10,33,2,packed,32,viscosity_96,1,Mercury-Sand-packed-32-viscosity_96-w1,10,7200,ea5a157e1abb6592,81dd298d9046a35facd61964bbaae97e1437caaa390a4f7bf6f09a0d0360c325,32,32,0,0,0.7,1,241.5,0,3,20,0,0,512,0,0,4046,0,0,True,,,
native-finalists,004-Mercury-Sand-packed-32-viscosity_96-w1-s11,33,2,packed,32,viscosity_96,1,Mercury-Sand-packed-32-viscosity_96-w1,11,7200,edc4df8d70e84d47,5c8fe98e5fcc1f36cf8273f7e648726398bd896ac044009c849648bca4351f8c,32,32,0,0,0.4,0.5,699.3,0,3,20,0,0,512,0,0,4266,0,0,True,,,
native-finalists,004-Mercury-Sand-packed-32-viscosity_96-w1-s12,33,2,packed,32,viscosity_96,1,Mercury-Sand-packed-32-viscosity_96-w1,12,7200,af678932ae03ed44,f22713dd51e7dba0dfc7f150f8996695d0f9f7f193f1eaa56d7ad3f24f90eb80,32,32,0,0,0.4,0.5,324.8,0,3,20,0,0,512,0,0,3723,0,0,True,,,
native-finalists,004-Mercury-Sand-packed-32-viscosity_96-w1-s13,33,2,packed,32,viscosity_96,1,Mercury-Sand-packed-32-viscosity_96-w1,13,7200,1634a87b05c56258,38aa7365043a0f0ec4f92434787fe68dd6e36008b28d5d7c0e71de2a5027b5b1,32,32,0,0,0.4,0.5,518.3,0,3,20,0,0,512,0,0,4214,0,0,True,,,
native-finalists,004-Mercury-Sand-packed-32-viscosity_96-w1-s14,33,2,packed,32,viscosity_96,1,Mercury-Sand-packed-32-viscosity_96-w1,14,7200,a014ae7eac157d79,5109752d4c70dde3b3bb1e8499b78260058a84c1987814908a7e00b938af33e9,32,32,0,0,0.5,0.7,342.5,0,3,20,0,0,512,0,0,4282,0,0,True,,,
native-finalists,004-Mercury-Sand-packed-32-viscosity_96-w1-s15,33,2,packed,32,viscosity_96,1,Mercury-Sand-packed-32-viscosity_96-w1,15,7200,61de9ed232278324,78e7449e9fdfffb779d5eca3782cabde4bfd6fb21720b0a4c7b27fdcc1812873,32,32,0,0,0.4,0.5,228.5,0,3,20,0,0,512,0,0,3717,0,0,True,,,
native-finalists,004-Mercury-Sand-packed-32-viscosity_96-w1-s16,33,2,packed,32,viscosity_96,1,Mercury-Sand-packed-32-viscosity_96-w1,16,7200,a04c587015e68c04,ff8c00c4f900c244cc5a21f51eae91a789f61d23c535a8cbe23b467d0ddabe70,32,32,0,0,0.4,0.6,329.4,0,3,20,0,0,512,0,0,4210,0,0,True,,,
native-finalists,004-Mercury-Sand-packed-32-viscosity_96-w1-s17,33,2,packed,32,viscosity_96,1,Mercury-Sand-packed-32-viscosity_96-w1,17,7200,e292f3791086b2b7,372f4dbc3961b34473e9253ea7b270e54f77acd81007710660fccb6857665ad3,32,32,0,0,0.4,0.6,209.5,0,3,20,0,0,512,0,0,4457,0,0,True,,,
native-finalists,004-Mercury-Sand-packed-32-viscosity_96-w1-s18,33,2,packed,32,viscosity_96,1,Mercury-Sand-packed-32-viscosity_96-w1,18,7200,fa54c307c5c8f628,9e3c224edc9f22ab137f58a9da200a80f8b7022bbd9559f302f39bc5e414b874,32,32,0,0,0.5,0.6,112,0,3,20,0,0,512,0,0,3724,0,0,True,,,
native-finalists,004-Mercury-Sand-packed-32-viscosity_96-w1-s19,33,2,packed,32,viscosity_96,1,Mercury-Sand-packed-32-viscosity_96-w1,19,7200,6a7c213e865ead64,18a5c04d148dbd381f107a03b3127bbe8a9768ef7ff6fc51cf20d90de3450a94,32,32,0,0,0.4,0.6,107.1,0,3,20,0,0,512,0,0,4200,0,0,True,,,
native-finalists,005-Mercury-Sand-packed-32-viscosity_160-w32-s00,33,2,packed,32,viscosity_160,32,Mercury-Sand-packed-32-viscosity_160-w32,0,7200,4c979691ece00788,acc68f1f29b69e42943382293f5d580f7c60d0f5a48b721d96749280199fc81a,32,32,0,0,0.4,0.6,507,0,6,20,0,0,16384,0,0,113236,0,0,True,,,
native-finalists,005-Mercury-Sand-packed-32-viscosity_160-w32-s01,33,2,packed,32,viscosity_160,32,Mercury-Sand-packed-32-viscosity_160-w32,1,7200,256588c94f7a4704,249ad4489b9db89d680e8b6e1d723d5df8cb332ddf21c50d3571c34c783a3de0,32,32,0,0,0.7,0.8,553,0,3,20,0,0,16384,0,0,127890,0,0,True,,,
native-finalists,005-Mercury-Sand-packed-32-viscosity_160-w32-s02,33,2,packed,32,viscosity_160,32,Mercury-Sand-packed-32-viscosity_160-w32,2,7200,e72c631595f0d38d,6bf7de147cfef17437cf02577c984ba7e3199810c2f3fe87fafaca60bb609001,32,32,0,0,0.7,1.6,465.8,0,3,20,0,0,16384,0,0,132814,0,0,True,,,
native-finalists,005-Mercury-Sand-packed-32-viscosity_160-w32-s03,33,2,packed,32,viscosity_160,32,Mercury-Sand-packed-32-viscosity_160-w32,3,7200,556c89dbeb149cce,90164aeeef7a3fa6d1083a2737dfa72e0c8957183fa1667f7e40c326f8e12a6d,32,32,0,0,0.7,1.2,568.4,0,3,20,0,0,16384,0,0,113228,0,0,True,,,
native-finalists,005-Mercury-Sand-packed-32-viscosity_160-w32-s04,33,2,packed,32,viscosity_160,32,Mercury-Sand-packed-32-viscosity_160-w32,4,7200,14abf9a8934fd640,4a7cf62e11f640c17e661e51645b1c32efbe0a0f44de931c6cb56b46d0eba9c4,32,32,0,0,0.7,1,758.8,0,3,20,0,0,16384,0,0,127876,0,0,True,,,
native-finalists,005-Mercury-Sand-packed-32-viscosity_160-w32-s05,33,2,packed,32,viscosity_160,32,Mercury-Sand-packed-32-viscosity_160-w32,5,7200,5897124f3e78deba,0cdaedfaf6a511fb688e4da2135468452d9b9de70d836907a3f18eb921ac3b35,32,32,0,0,0.7,1.1,496.5,0,3,20,0,0,16384,0,0,137690,0,0,True,,,
native-finalists,005-Mercury-Sand-packed-32-viscosity_160-w32-s06,33,2,packed,32,viscosity_160,32,Mercury-Sand-packed-32-viscosity_160-w32,6,7200,6c404c8459650565,76250a5c9739064313c3afeb5f8c9a86c5791e5cfa291beeda2158922a2e3e73,32,32,0,0,0.7,1,303.7,0,3,20,0,0,16384,0,0,113150,0,0,True,,,
native-finalists,005-Mercury-Sand-packed-32-viscosity_160-w32-s07,33,2,packed,32,viscosity_160,32,Mercury-Sand-packed-32-viscosity_160-w32,7,7200,916f26c6143b7d0c,f4d48188b320b2ce47be722672de2d8d6f35d10b0350ff7754ea95e7421bc4df,32,32,0,0,0.7,0.8,300.8,0,3,20,0,0,16384,0,0,127888,0,0,True,,,
native-finalists,005-Mercury-Sand-packed-32-viscosity_160-w32-s08,33,2,packed,32,viscosity_160,32,Mercury-Sand-packed-32-viscosity_160-w32,8,7200,61ff9a03200a6ba5,69a7e3b4b02a71fb5ee888dc1b4618a53f42816ff32e46a1c7f296aaa85c4d4c,32,32,0,0,0.6,1.1,317.6,0,3,20,0,0,16384,0,0,137756,0,0,True,,,
native-finalists,005-Mercury-Sand-packed-32-viscosity_160-w32-s09,33,2,packed,32,viscosity_160,32,Mercury-Sand-packed-32-viscosity_160-w32,9,7200,ed406ecebbf8449d,7f9d7567ddb25aef228a0415740f1dd44fba08e34b05a06799171d90828b82e7,32,32,0,0,0.7,1.1,474,0,3,20,0,0,16384,0,0,118144,0,0,True,,,
native-finalists,005-Mercury-Sand-packed-32-viscosity_160-w32-s10,33,2,packed,32,viscosity_160,32,Mercury-Sand-packed-32-viscosity_160-w32,10,7200,2812e2b2e38427d,7faa2c641db61788aac370a84ea8c819bc55f208eb468d803cc43e58f450d60e,32,32,0,0,0.7,1.3,447.8,0,3,20,0,0,16384,0,0,127822,0,0,True,,,
native-finalists,005-Mercury-Sand-packed-32-viscosity_160-w32-s11,33,2,packed,32,viscosity_160,32,Mercury-Sand-packed-32-viscosity_160-w32,11,7200,423aa9e8363bffe8,f95eb534c493d36d52d1a8cef805006c36b2261e8202b9e855457a1e72b17067,32,32,2,0,0.5,0.8,331.8,0,6,20,0,0,16382,0,0,139528,0,0,True,,,
native-finalists,005-Mercury-Sand-packed-32-viscosity_160-w32-s12,33,2,packed,32,viscosity_160,32,Mercury-Sand-packed-32-viscosity_160-w32,12,7200,250ef3fde6ccf7d2,7a9b86d92391d8c3ebad19eedfc1b0526108f4609c40c0ad613e7da6f1cfa77d,32,32,0,0,0.5,0.8,511.4,0,6,20,0,0,16384,0,0,123231,0,0,True,,,
native-finalists,005-Mercury-Sand-packed-32-viscosity_160-w32-s13,33,2,packed,32,viscosity_160,32,Mercury-Sand-packed-32-viscosity_160-w32,13,7200,25a84ad25c0a2136,6df066297449c34453fc74a62d8f566304c276114a77b99950cdef0049dbe4ad,32,32,2,0,0.5,0.8,333.2,0,6,20,0,0,16382,0,0,134357,0,0,True,,,
native-finalists,005-Mercury-Sand-packed-32-viscosity_160-w32-s14,33,2,packed,32,viscosity_160,32,Mercury-Sand-packed-32-viscosity_160-w32,14,7200,ee3943053f954f5b,64a6ce039da21d4e36a45481ba652723ff27ff5281224c0db0400efe3683cab7,32,32,2,0,0.5,1,769.4,0,6,20,0,0,16381,0,0,135997,0,0,True,,,
native-finalists,005-Mercury-Sand-packed-32-viscosity_160-w32-s15,33,2,packed,32,viscosity_160,32,Mercury-Sand-packed-32-viscosity_160-w32,15,7200,234050c26e06492f,4f11117520f91983083934b7f580869e8086d0c91c5dedde2bedba3d838b6cc8,32,32,2,0,0.5,0.8,607.5,0,6,20,0,0,16383,0,0,120881,0,0,True,,,
native-finalists,005-Mercury-Sand-packed-32-viscosity_160-w32-s16,33,2,packed,32,viscosity_160,32,Mercury-Sand-packed-32-viscosity_160-w32,16,7200,71c2bc49d37bb518,c1ad3528a5ada76f6d3cf7470f8ff7a50baee06c6f34b64412c6692aa7e96f2b,32,32,2,0,0.5,0.8,773,0,6,20,0,0,16383,0,0,133588,0,0,True,,,
native-finalists,005-Mercury-Sand-packed-32-viscosity_160-w32-s17,33,2,packed,32,viscosity_160,32,Mercury-Sand-packed-32-viscosity_160-w32,17,7200,4952a78072b0173a,a5ef3d7bc6ac43a4144dee91047a5e31b78c7aa02a8d2e0fd29d67e612b5f0c3,32,32,2,0,0.5,0.8,604.2,0,6,20,0,0,16382,0,0,140620,0,0,True,,,
native-finalists,005-Mercury-Sand-packed-32-viscosity_160-w32-s18,33,2,packed,32,viscosity_160,32,Mercury-Sand-packed-32-viscosity_160-w32,18,7200,e8f4f393c404fde,773410e9ab48a5f2f7e88f3f428ba5c5c1087bbe59591538e972144fa5badfc6,32,32,2,0,0.5,0.8,513.9,0,6,20,0,0,16383,0,0,123179,0,0,True,,,
native-finalists,005-Mercury-Sand-packed-32-viscosity_160-w32-s19,33,2,packed,32,viscosity_160,32,Mercury-Sand-packed-32-viscosity_160-w32,19,7200,a4684bb52698f1d2,0c228acaa628dd630be1f43d68b6bd00232a5b666f0c069505abf58f80d55215,32,32,2,0,0.5,0.9,781.8,0,6,20,0,0,16382,0,0,133241,0,0,True,,,
native-finalists,006-Mercury-Sand-packed-32-viscosity_160-w1-s00,33,2,packed,32,viscosity_160,1,Mercury-Sand-packed-32-viscosity_160-w1,0,7200,6ec17a3acb703da7,ce372f668948931988822b72cbeb4b11756572434e4c0cb9b9d90afe05934ce9,32,32,0,0,0.5,0.9,235.3,0,6,20,0,0,512,0,0,3538,0,0,True,,,
native-finalists,006-Mercury-Sand-packed-32-viscosity_160-w1-s01,33,2,packed,32,viscosity_160,1,Mercury-Sand-packed-32-viscosity_160-w1,1,7200,cb213838769c62c9,5adec750df81c300e7b57e2dbe12b0194794b1b830cb2206d7018c2ec3c09238,32,32,0,0,0.7,1.2,596.5,0,3,20,0,0,512,0,0,3989,0,0,True,,,
native-finalists,006-Mercury-Sand-packed-32-viscosity_160-w1-s02,33,2,packed,32,viscosity_160,1,Mercury-Sand-packed-32-viscosity_160-w1,2,7200,e7f9b0b8c86401fd,36b6c8772d364c335d44d9b1528486b4874289489f4da89cc1e9ac66fc6ebc64,32,32,0,0,0.7,1.4,497.6,0,3,20,0,0,512,0,0,4153,0,0,True,,,
native-finalists,006-Mercury-Sand-packed-32-viscosity_160-w1-s03,33,2,packed,32,viscosity_160,1,Mercury-Sand-packed-32-viscosity_160-w1,3,7200,5e03ed4e3d53e7f5,130968a369c8a9bdcde705e506c741996c77c3d48bf0de6bbfdb41eab4d047d9,32,32,0,0,0.7,1.1,523.1,0,3,20,0,0,512,0,0,3540,0,0,True,,,
native-finalists,006-Mercury-Sand-packed-32-viscosity_160-w1-s04,33,2,packed,32,viscosity_160,1,Mercury-Sand-packed-32-viscosity_160-w1,4,7200,4031b1575631061,771a8a9d89af4d994ae37789216ba27c0077155651874e2938a7f65662c6bbaa,32,32,0,0,0.7,1.2,334.2,0,3,20,0,0,512,0,0,4013,0,0,True,,,
native-finalists,006-Mercury-Sand-packed-32-viscosity_160-w1-s05,33,2,packed,32,viscosity_160,1,Mercury-Sand-packed-32-viscosity_160-w1,5,7200,3547f05ce565fd99,1231aa5d9f42f9a630bdf6a97c4e610c416d627b9daa30504817312046242b99,32,32,0,0,0.8,1.8,381.7,0,3,20,0,0,512,0,0,4295,0,0,True,,,
native-finalists,006-Mercury-Sand-packed-32-viscosity_160-w1-s06,33,2,packed,32,viscosity_160,1,Mercury-Sand-packed-32-viscosity_160-w1,6,7200,6e35630d30a7f90d,44de687ed9fae8f1aa771886077da39d801d732963641e2c9c1d6b3fe44839a8,32,32,0,0,0.8,1.6,511.9,0,3,20,0,0,512,0,0,3535,0,0,True,,,
native-finalists,006-Mercury-Sand-packed-32-viscosity_160-w1-s07,33,2,packed,32,viscosity_160,1,Mercury-Sand-packed-32-viscosity_160-w1,7,7200,501c217b40740a5,530669d635c33186ec473765b6c98a4d3e47530f4b1a55c94a9cb7b114762ad6,32,32,0,0,0.7,1.6,690.1,0,3,20,0,0,512,0,0,3993,0,0,True,,,
native-finalists,006-Mercury-Sand-packed-32-viscosity_160-w1-s08,33,2,packed,32,viscosity_160,1,Mercury-Sand-packed-32-viscosity_160-w1,8,7200,b77cb104b256a109,d140c5bffe70a4f917cd955e746686840081a0339bbb614186ce6459b52bbef4,32,32,0,0,0.7,1.4,420.1,0,3,20,0,0,512,0,0,4303,0,0,True,,,
native-finalists,006-Mercury-Sand-packed-32-viscosity_160-w1-s09,33,2,packed,32,viscosity_160,1,Mercury-Sand-packed-32-viscosity_160-w1,9,7200,eaf85f0e584eb9f9,fac7221c1c759b38a528cb5b8c08bb4196d2f3f73a1287f6d0abb972e38e9a0b,32,32,0,0,0.7,1.4,555.4,0,3,20,0,0,512,0,0,3683,0,0,True,,,
native-finalists,006-Mercury-Sand-packed-32-viscosity_160-w1-s10,33,2,packed,32,viscosity_160,1,Mercury-Sand-packed-32-viscosity_160-w1,10,7200,ea5a157e1abb6592,24ae62ff0177b76cfeed1d90dc8c88de828fea32cf3e0d9f5b56ff1bdf88b999,32,32,0,0,0.8,1.4,517.7,0,3,20,0,0,512,0,0,3992,0,0,True,,,
native-finalists,006-Mercury-Sand-packed-32-viscosity_160-w1-s11,33,2,packed,32,viscosity_160,1,Mercury-Sand-packed-32-viscosity_160-w1,11,7200,edc4df8d70e84d47,dff3c8594430b626b14bae8bc875e1a8a81afbb05f56f8f1d94e7fa76eb3e3e8,32,32,0,0,0.5,0.8,514.1,0,3,20,0,0,512,0,0,4206,0,0,True,,,
native-finalists,006-Mercury-Sand-packed-32-viscosity_160-w1-s12,33,2,packed,32,viscosity_160,1,Mercury-Sand-packed-32-viscosity_160-w1,12,7200,af678932ae03ed44,03ca4800ee594b800ae7dbb0e8eb434a643fce8ec3453ea804544570c7aa3a90,32,32,0,0,0.4,0.9,819.7,0,3,20,0,0,512,0,0,3697,0,0,True,,,
native-finalists,006-Mercury-Sand-packed-32-viscosity_160-w1-s13,33,2,packed,32,viscosity_160,1,Mercury-Sand-packed-32-viscosity_160-w1,13,7200,1634a87b05c56258,a6d2a407308d8d4c5e192f266fb98056ed8e369d604cd1d4d1d2c7e89c8add99,32,32,0,0,0.5,1,325.3,0,3,20,0,0,512,0,0,4142,0,0,True,,,
native-finalists,006-Mercury-Sand-packed-32-viscosity_160-w1-s14,33,2,packed,32,viscosity_160,1,Mercury-Sand-packed-32-viscosity_160-w1,14,7200,a014ae7eac157d79,35d0422503a7d6274d368b965c7275d9d3419541f5b32fa28048c5cc26095a18,32,32,0,0,0.5,1,691.5,0,3,20,0,0,512,0,0,4220,0,0,True,,,
native-finalists,006-Mercury-Sand-packed-32-viscosity_160-w1-s15,33,2,packed,32,viscosity_160,1,Mercury-Sand-packed-32-viscosity_160-w1,15,7200,61de9ed232278324,d94af82abc5b36c24b9b6c88e89478e3724db53481051c8c589ceb39c9545fcf,32,32,0,0,0.5,0.9,374,0,3,20,0,0,512,0,0,3681,0,0,True,,,
native-finalists,006-Mercury-Sand-packed-32-viscosity_160-w1-s16,33,2,packed,32,viscosity_160,1,Mercury-Sand-packed-32-viscosity_160-w1,16,7200,a04c587015e68c04,241bdfab6bba781ea97336529d947a03d05643c08b49e6d3d9660f65632ce676,32,32,0,0,0.5,0.9,598.3,0,3,20,0,0,512,0,0,4164,0,0,True,,,
native-finalists,006-Mercury-Sand-packed-32-viscosity_160-w1-s17,33,2,packed,32,viscosity_160,1,Mercury-Sand-packed-32-viscosity_160-w1,17,7200,e292f3791086b2b7,631d155b593f2a9c8c1eaffad2f55043fcdfa9cf0aff92c4ef9490b60c06cec6,32,32,0,0,0.5,1,925.7,0,3,20,0,0,512,0,0,4383,0,0,True,,,
native-finalists,006-Mercury-Sand-packed-32-viscosity_160-w1-s18,33,2,packed,32,viscosity_160,1,Mercury-Sand-packed-32-viscosity_160-w1,18,7200,fa54c307c5c8f628,4c3660675b5cde7ac19aa8cde7e654200361eba778febb5e3b81830e745e29fd,32,32,0,0,0.5,1,313.8,0,3,20,0,0,512,0,0,3696,0,0,True,,,
native-finalists,006-Mercury-Sand-packed-32-viscosity_160-w1-s19,33,2,packed,32,viscosity_160,1,Mercury-Sand-packed-32-viscosity_160-w1,19,7200,6a7c213e865ead64,7f8c92a30eb9549767f8a49aefb5d6ad7247735b25fc55638bdea55d8bca660a,32,32,0,0,0.5,0.9,315.5,0,3,20,0,0,512,0,0,4156,0,0,True,,,
native-finalists,007-Mercury-Sand-packed-32-viscosity_224-w32-s00,33,2,packed,32,viscosity_224,32,Mercury-Sand-packed-32-viscosity_224-w32,0,7200,4c979691ece00788,5ece1076adbb83eda65efcd060ccee2c27396dac424ef0787150e3c5eaee3b58,32,32,0,0,0.5,0.8,464.3,0,6,20,0,0,16384,0,0,112470,0,0,True,,,
native-finalists,007-Mercury-Sand-packed-32-viscosity_224-w32-s01,33,2,packed,32,viscosity_224,32,Mercury-Sand-packed-32-viscosity_224-w32,1,7200,256588c94f7a4704,479bfbf9d3ef129f70dec3cc7e45912b76e2228bf1634d5380f2cf07b28ea456,32,32,0,0,0.7,1.4,428.7,0,3,20,0,0,16384,0,0,126438,0,0,True,,,
native-finalists,007-Mercury-Sand-packed-32-viscosity_224-w32-s02,33,2,packed,32,viscosity_224,32,Mercury-Sand-packed-32-viscosity_224-w32,2,7200,e72c631595f0d38d,01af687997ccc043f84cd5d29a93a65db397d58e3d5b83cc465689de98266b4b,32,32,0,0,0.7,1.2,482.8,0,3,20,0,0,16384,0,0,130948,0,0,True,,,
native-finalists,007-Mercury-Sand-packed-32-viscosity_224-w32-s03,33,2,packed,32,viscosity_224,32,Mercury-Sand-packed-32-viscosity_224-w32,3,7200,556c89dbeb149cce,f1a6ab897cd9ca35e8ebed4462f0b5b7ecb7d9464f35c962235720191b249154,32,32,0,0,0.7,1.4,475.4,0,3,20,0,0,16384,0,0,112476,0,0,True,,,
native-finalists,007-Mercury-Sand-packed-32-viscosity_224-w32-s04,33,2,packed,32,viscosity_224,32,Mercury-Sand-packed-32-viscosity_224-w32,4,7200,14abf9a8934fd640,97bbf44878c9987a43d8969ddeb51f55ca040bc7ca249bc79e530498c5353b51,32,32,0,0,0.7,1.1,601.8,0,3,20,0,0,16384,0,0,126400,0,0,True,,,
native-finalists,007-Mercury-Sand-packed-32-viscosity_224-w32-s05,33,2,packed,32,viscosity_224,32,Mercury-Sand-packed-32-viscosity_224-w32,5,7200,5897124f3e78deba,e81ef350d8e27bd7e48c3580fddda372778fb669c189c93bc38ad970332c7a31,32,32,0,0,0.7,1.2,391.8,0,3,20,0,0,16384,0,0,135638,0,0,True,,,
native-finalists,007-Mercury-Sand-packed-32-viscosity_224-w32-s06,33,2,packed,32,viscosity_224,32,Mercury-Sand-packed-32-viscosity_224-w32,6,7200,6c404c8459650565,97945fa9cf1b36eca129cbe4de5bd879e97de84703bb2ebfed94fc4eeab88901,32,32,0,0,0.7,1.3,498.6,0,3,20,0,0,16384,0,0,112402,0,0,True,,,
native-finalists,007-Mercury-Sand-packed-32-viscosity_224-w32-s07,33,2,packed,32,viscosity_224,32,Mercury-Sand-packed-32-viscosity_224-w32,7,7200,916f26c6143b7d0c,2767d963ad7cd00c6a19aab7567b0992557a387f19c569860a5a7577f3df7053,32,32,0,0,0.7,1.4,566.8,0,3,20,0,0,16384,0,0,126428,0,0,True,,,
native-finalists,007-Mercury-Sand-packed-32-viscosity_224-w32-s08,33,2,packed,32,viscosity_224,32,Mercury-Sand-packed-32-viscosity_224-w32,8,7200,61ff9a03200a6ba5,edacf755469239b04ad0044b81f43a00e01b49a8a1274b70c4d16f8553b07c14,32,32,0,0,0.6,1.3,501,0,3,20,0,0,16384,0,0,135630,0,0,True,,,
native-finalists,007-Mercury-Sand-packed-32-viscosity_224-w32-s09,33,2,packed,32,viscosity_224,32,Mercury-Sand-packed-32-viscosity_224-w32,9,7200,ed406ecebbf8449d,3f429c154cc5ac1a65c2d56f10d32f9c68f0bbe1f1068d2a7b3dfb2cac6d699b,32,32,0,0,0.7,1.3,473,0,3,20,0,0,16384,0,0,117140,0,0,True,,,
native-finalists,007-Mercury-Sand-packed-32-viscosity_224-w32-s10,33,2,packed,32,viscosity_224,32,Mercury-Sand-packed-32-viscosity_224-w32,10,7200,2812e2b2e38427d,30cdcdefea320d43ae6c0d81c6a265294b707f838b853be314958f649d2a4135,32,32,0,0,0.7,1.2,338,0,3,20,0,0,16384,0,0,126306,0,0,True,,,
native-finalists,007-Mercury-Sand-packed-32-viscosity_224-w32-s11,33,2,packed,32,viscosity_224,32,Mercury-Sand-packed-32-viscosity_224-w32,11,7200,423aa9e8363bffe8,99b84b885e42ea4cc90b91a169c723c3a74062590bdd4738133094cedb8511a8,32,32,2,0,0.6,1.1,588.9,0,6,20,0,0,16382,0,0,137384,0,0,True,,,
native-finalists,007-Mercury-Sand-packed-32-viscosity_224-w32-s12,33,2,packed,32,viscosity_224,32,Mercury-Sand-packed-32-viscosity_224-w32,12,7200,250ef3fde6ccf7d2,2605c976f23e8986c8eaba113eb090da3a397ffc65b56298c78143a42eeba318,32,32,0,0,0.5,0.9,501.9,0,6,20,0,0,16384,0,0,122033,0,0,True,,,
native-finalists,007-Mercury-Sand-packed-32-viscosity_224-w32-s13,33,2,packed,32,viscosity_224,32,Mercury-Sand-packed-32-viscosity_224-w32,13,7200,25a84ad25c0a2136,4c7337db239b80038ee324aeb020248922a76881de5f1a36a1da01a15a7d9cc7,32,32,2,0,0.5,0.7,604.2,0,6,20,0,0,16382,0,0,132561,0,0,True,,,
native-finalists,007-Mercury-Sand-packed-32-viscosity_224-w32-s14,33,2,packed,32,viscosity_224,32,Mercury-Sand-packed-32-viscosity_224-w32,14,7200,ee3943053f954f5b,16e8a9f735d01f6813937097618545e95769c74d689f2771262e8d5f41d91f1e,32,32,2,0,0.5,0.7,427.1,0,6,20,0,0,16381,0,0,133873,0,0,True,,,
native-finalists,007-Mercury-Sand-packed-32-viscosity_224-w32-s15,33,2,packed,32,viscosity_224,32,Mercury-Sand-packed-32-viscosity_224-w32,15,7200,234050c26e06492f,880dc4bf3b695d8318e9e16dc0a42555b908d8bdb4568d0320278dbd5b574a87,32,32,2,0,0.5,0.8,386.1,0,6,20,0,0,16383,0,0,119761,0,0,True,,,
native-finalists,007-Mercury-Sand-packed-32-viscosity_224-w32-s16,33,2,packed,32,viscosity_224,32,Mercury-Sand-packed-32-viscosity_224-w32,16,7200,71c2bc49d37bb518,44fa365f9575a5bddead472a4f491d5cbb2bed51c2711c17627a713528ce4b87,32,32,2,0,0.5,1.2,482.1,0,6,20,0,0,16383,0,0,131776,0,0,True,,,
native-finalists,007-Mercury-Sand-packed-32-viscosity_224-w32-s17,33,2,packed,32,viscosity_224,32,Mercury-Sand-packed-32-viscosity_224-w32,17,7200,4952a78072b0173a,9719ec3e73edf542ffdbb624200a38be1be7879e611e9a87dc84319e16d16d96,32,32,2,0,0.5,0.8,478,0,6,20,0,0,16382,0,0,138294,0,0,True,,,
native-finalists,007-Mercury-Sand-packed-32-viscosity_224-w32-s18,33,2,packed,32,viscosity_224,32,Mercury-Sand-packed-32-viscosity_224-w32,18,7200,e8f4f393c404fde,227c17fa4acfa0012ae873f01b9530d2c4bd2ac94d946f5f7225dbf61b97fc9b,32,32,2,0,0.5,0.9,509.5,0,6,20,0,0,16383,0,0,121935,0,0,True,,,
native-finalists,007-Mercury-Sand-packed-32-viscosity_224-w32-s19,33,2,packed,32,viscosity_224,32,Mercury-Sand-packed-32-viscosity_224-w32,19,7200,a4684bb52698f1d2,0e71d528cebc81fccd86895df0fe49aef81ee27177e06b8d9db393dab67bf619,32,32,2,0,0.5,0.9,446.6,0,6,20,0,0,16382,0,0,131439,0,0,True,,,
native-finalists,008-Mercury-Sand-packed-32-viscosity_224-w1-s00,33,2,packed,32,viscosity_224,1,Mercury-Sand-packed-32-viscosity_224-w1,0,7200,6ec17a3acb703da7,7c346a634aa13f928b180e08fee300952493546b9735c8fffae01e98026bb734,32,32,0,0,0.5,0.8,742.8,0,6,20,0,0,512,0,0,3512,0,0,True,,,
native-finalists,008-Mercury-Sand-packed-32-viscosity_224-w1-s01,33,2,packed,32,viscosity_224,1,Mercury-Sand-packed-32-viscosity_224-w1,1,7200,cb213838769c62c9,acef3800c61c74fe8ce1a75cef7bd9fed41cdeced8a8268f72920520bf960ca4,32,32,0,0,0.7,1.3,509.3,0,3,20,0,0,512,0,0,3957,0,0,True,,,
native-finalists,008-Mercury-Sand-packed-32-viscosity_224-w1-s02,33,2,packed,32,viscosity_224,1,Mercury-Sand-packed-32-viscosity_224-w1,2,7200,e7f9b0b8c86401fd,20a17bb4c09624241b0bd7cbf24941d56c831d56de1a8479c05c55c07bc85ad4,32,32,0,0,0.7,1.4,647.5,0,3,20,0,0,512,0,0,4083,0,0,True,,,
native-finalists,008-Mercury-Sand-packed-32-viscosity_224-w1-s03,33,2,packed,32,viscosity_224,1,Mercury-Sand-packed-32-viscosity_224-w1,3,7200,5e03ed4e3d53e7f5,790b7dceaa6b5e2ace5c544f9ad10a3b655f6a4ea0b54754662065ff2ef40997,32,32,0,0,0.7,1.1,571.5,0,3,20,0,0,512,0,0,3516,0,0,True,,,
native-finalists,008-Mercury-Sand-packed-32-viscosity_224-w1-s04,33,2,packed,32,viscosity_224,1,Mercury-Sand-packed-32-viscosity_224-w1,4,7200,4031b1575631061,80684e1ef1b4a0b9ce0c4d8dc64acfcc6a700bdef8e9ce2e9c7c92735a57383a,32,32,0,0,0.7,1.1,499.5,0,3,20,0,0,512,0,0,3957,0,0,True,,,
native-finalists,008-Mercury-Sand-packed-32-viscosity_224-w1-s05,33,2,packed,32,viscosity_224,1,Mercury-Sand-packed-32-viscosity_224-w1,5,7200,3547f05ce565fd99,011533c8b7a667bfb4e1b591edd32e3d2a35f2a2b43fbf032b9d7a8074117f4c,32,32,0,0,0.7,1.5,582.9,0,3,20,0,0,512,0,0,4247,0,0,True,,,
native-finalists,008-Mercury-Sand-packed-32-viscosity_224-w1-s06,33,2,packed,32,viscosity_224,1,Mercury-Sand-packed-32-viscosity_224-w1,6,7200,6e35630d30a7f90d,5500e383c22514cd6f4a4b31c8b515c7cc985492ea6de6af280aaf8635b36123,32,32,0,0,0.7,1.1,357.6,0,3,20,0,0,512,0,0,3513,0,0,True,,,
native-finalists,008-Mercury-Sand-packed-32-viscosity_224-w1-s07,33,2,packed,32,viscosity_224,1,Mercury-Sand-packed-32-viscosity_224-w1,7,7200,501c217b40740a5,fc6f47caec9295d8f03bd63e20d3cbd735526b4de6d9c49323b93f59c99e3de1,32,32,0,0,0.7,0.9,641.4,0,3,20,0,0,512,0,0,3955,0,0,True,,,
native-finalists,008-Mercury-Sand-packed-32-viscosity_224-w1-s08,33,2,packed,32,viscosity_224,1,Mercury-Sand-packed-32-viscosity_224-w1,8,7200,b77cb104b256a109,839ec1c340c948cab5e7574a766a923696dca053473d166ddd753dfdb6fee020,32,32,0,0,0.8,1.5,699.4,0,3,20,0,0,512,0,0,4243,0,0,True,,,
native-finalists,008-Mercury-Sand-packed-32-viscosity_224-w1-s09,33,2,packed,32,viscosity_224,1,Mercury-Sand-packed-32-viscosity_224-w1,9,7200,eaf85f0e584eb9f9,88aae163d2cb8fd183dc7481fbea5bf65349ba92855e8fcd749e44b0e7790f75,32,32,0,0,0.7,1.2,297,0,3,20,0,0,512,0,0,3655,0,0,True,,,
native-finalists,008-Mercury-Sand-packed-32-viscosity_224-w1-s10,33,2,packed,32,viscosity_224,1,Mercury-Sand-packed-32-viscosity_224-w1,10,7200,ea5a157e1abb6592,d695df46e37fda03c55b3dfd1957a63ef4f69877c48357db0f8db25f04c3d8ed,32,32,0,0,0.7,1.3,574.7,0,3,20,0,0,512,0,0,3944,0,0,True,,,
native-finalists,008-Mercury-Sand-packed-32-viscosity_224-w1-s11,33,2,packed,32,viscosity_224,1,Mercury-Sand-packed-32-viscosity_224-w1,11,7200,edc4df8d70e84d47,4d97ee92199f896c932a98081add9972f13b1ab09eef12100e12ea721636cf04,32,32,0,0,0.5,1.1,244,0,3,20,0,0,512,0,0,4142,0,0,True,,,
native-finalists,008-Mercury-Sand-packed-32-viscosity_224-w1-s12,33,2,packed,32,viscosity_224,1,Mercury-Sand-packed-32-viscosity_224-w1,12,7200,af678932ae03ed44,7e63fc69035986b2bc079e10b1f0df3620ac122f5e9660c1ee7320bfc1a811c4,32,32,0,0,0.5,0.9,782.1,0,3,20,0,0,512,0,0,3661,0,0,True,,,
native-finalists,008-Mercury-Sand-packed-32-viscosity_224-w1-s13,33,2,packed,32,viscosity_224,1,Mercury-Sand-packed-32-viscosity_224-w1,13,7200,1634a87b05c56258,a820c7ced7424d1686da36ba9a6913b79a3996b4712a07198e49a1dce0f0a927,32,32,0,0,0.5,1.1,313,0,3,20,0,0,512,0,0,4090,0,0,True,,,
native-finalists,008-Mercury-Sand-packed-32-viscosity_224-w1-s14,33,2,packed,32,viscosity_224,1,Mercury-Sand-packed-32-viscosity_224-w1,14,7200,a014ae7eac157d79,1e32bc607853f2095a54dad3205a40392d2d1fee359003ee34d1d6789e88a361,32,32,0,0,0.5,1,653.5,0,3,20,0,0,512,0,0,4150,0,0,True,,,
native-finalists,008-Mercury-Sand-packed-32-viscosity_224-w1-s15,33,2,packed,32,viscosity_224,1,Mercury-Sand-packed-32-viscosity_224-w1,15,7200,61de9ed232278324,162b6fa800f6f0a5eab5c81429a98b7b189e71eed3a892167f9a5d89abc8fe10,32,32,0,0,0.5,0.9,743.8,0,3,20,0,0,512,0,0,3659,0,0,True,,,
native-finalists,008-Mercury-Sand-packed-32-viscosity_224-w1-s16,33,2,packed,32,viscosity_224,1,Mercury-Sand-packed-32-viscosity_224-w1,16,7200,a04c587015e68c04,1fdc367dd5ab20e461969607b516b14d181942bcde658ebecfeaece2fb1cd0ca,32,32,0,0,0.5,0.9,216.3,0,3,20,0,0,512,0,0,4102,0,0,True,,,
native-finalists,008-Mercury-Sand-packed-32-viscosity_224-w1-s17,33,2,packed,32,viscosity_224,1,Mercury-Sand-packed-32-viscosity_224-w1,17,7200,e292f3791086b2b7,dab963a7c6bcf542810254b1449fda8d405621fcb608d421df8adbf1104d9800,32,32,0,0,0.5,0.8,243.7,0,3,20,0,0,512,0,0,4295,0,0,True,,,
native-finalists,008-Mercury-Sand-packed-32-viscosity_224-w1-s18,33,2,packed,32,viscosity_224,1,Mercury-Sand-packed-32-viscosity_224-w1,18,7200,fa54c307c5c8f628,255e7172d56a5aac328c7936b94e026276f475cb8f29befd46710f163e47d762,32,32,0,0,0.4,0.8,771.1,0,3,20,0,0,512,0,0,3660,0,0,True,,,
native-finalists,008-Mercury-Sand-packed-32-viscosity_224-w1-s19,33,2,packed,32,viscosity_224,1,Mercury-Sand-packed-32-viscosity_224-w1,19,7200,6a7c213e865ead64,85297bf747045553d6080c87f5321d1b41c01b1a4c821dd6d9c5746ac8ee1954,32,32,0,0,0.5,0.9,542.5,0,3,20,0,0,512,0,0,4094,0,0,True,,,
native-finalists,009-Mercury-Sand-packed-32-viscosity_248-w32-s00,33,2,packed,32,viscosity_248,32,Mercury-Sand-packed-32-viscosity_248-w32,0,7200,4c979691ece00788,3293a26443c3ebafe22266cd5855db3fa9b98b1e257694ab35acc9386825ba3f,32,32,0,0,0.5,0.8,768.4,0,6,20,0,0,16384,0,0,112198,0,0,True,,,
native-finalists,009-Mercury-Sand-packed-32-viscosity_248-w32-s01,33,2,packed,32,viscosity_248,32,Mercury-Sand-packed-32-viscosity_248-w32,1,7200,256588c94f7a4704,ebe072acc2fd90e3a7610f856ca73a1e3bd7a2f4cb234cd49f7e7a6aae418ab6,32,32,0,0,0.7,1,341.1,0,3,20,0,0,16384,0,0,125830,0,0,True,,,
native-finalists,009-Mercury-Sand-packed-32-viscosity_248-w32-s02,33,2,packed,32,viscosity_248,32,Mercury-Sand-packed-32-viscosity_248-w32,2,7200,e72c631595f0d38d,6b14ce701dd567549c9404ed2caa8f7b7217abf1985f7661ebeb4f29dea76a98,32,32,0,0,0.7,1,816.4,0,3,20,0,0,16384,0,0,130306,0,0,True,,,
native-finalists,009-Mercury-Sand-packed-32-viscosity_248-w32-s03,33,2,packed,32,viscosity_248,32,Mercury-Sand-packed-32-viscosity_248-w32,3,7200,556c89dbeb149cce,b0f2567791b14c25bf664c6667819b88c786d90e465745c1a891844ecc9636eb,32,32,0,0,0.8,1.6,460,0,3,20,0,0,16384,0,0,112210,0,0,True,,,
native-finalists,009-Mercury-Sand-packed-32-viscosity_248-w32-s04,33,2,packed,32,viscosity_248,32,Mercury-Sand-packed-32-viscosity_248-w32,4,7200,14abf9a8934fd640,2885d3fdbaaaf65a1289daccd312f6c210e10f0645a403b1f50f86fc1a40cb0c,32,32,0,0,0.7,1,381,0,3,20,0,0,16384,0,0,125850,0,0,True,,,
native-finalists,009-Mercury-Sand-packed-32-viscosity_248-w32-s05,33,2,packed,32,viscosity_248,32,Mercury-Sand-packed-32-viscosity_248-w32,5,7200,5897124f3e78deba,66978dd8b41fe89c262cc47fea5d44787dcb17bf96eeab2779dac7418258de7e,32,32,0,0,0.8,1.2,445.1,0,3,20,0,0,16384,0,0,134920,0,0,True,,,
native-finalists,009-Mercury-Sand-packed-32-viscosity_248-w32-s06,33,2,packed,32,viscosity_248,32,Mercury-Sand-packed-32-viscosity_248-w32,6,7200,6c404c8459650565,6dc9ba57e293610527d6af1f65390019e81729bcfea205c3ff09c79036aee597,32,32,0,0,0.7,1.1,490.6,0,3,20,0,0,16384,0,0,112116,0,0,True,,,
native-finalists,009-Mercury-Sand-packed-32-viscosity_248-w32-s07,33,2,packed,32,viscosity_248,32,Mercury-Sand-packed-32-viscosity_248-w32,7,7200,916f26c6143b7d0c,445e6e7d8018c21069c13fd851ed21e368c74eec51427f7cd4f94551d56ab4d0,32,32,0,0,0.7,1.2,646.6,0,3,20,0,0,16384,0,0,125860,0,0,True,,,
native-finalists,009-Mercury-Sand-packed-32-viscosity_248-w32-s08,33,2,packed,32,viscosity_248,32,Mercury-Sand-packed-32-viscosity_248-w32,8,7200,61ff9a03200a6ba5,c6ae8f5d9cbf2b4007465fc88ff3e492e44edd256fc1e2718a99e719716f100a,32,32,0,0,0.7,1.1,1093.3,0,3,20,0,0,16384,0,0,134928,0,0,True,,,
native-finalists,009-Mercury-Sand-packed-32-viscosity_248-w32-s09,33,2,packed,32,viscosity_248,32,Mercury-Sand-packed-32-viscosity_248-w32,9,7200,ed406ecebbf8449d,d3a1fd5e4cb9ec9ec8a2e97b2df59624379d58b5f075cb7b147e0792de0b0e87,32,32,0,0,0.7,0.9,660.2,0,3,20,0,0,16384,0,0,116784,0,0,True,,,
native-finalists,009-Mercury-Sand-packed-32-viscosity_248-w32-s10,33,2,packed,32,viscosity_248,32,Mercury-Sand-packed-32-viscosity_248-w32,10,7200,2812e2b2e38427d,1df884253531234c99d59a5fa7707820817c3d1ab6d25af8c895c7e0befed128,32,32,0,0,0.7,1.8,499,0,3,20,0,0,16384,0,0,125774,0,0,True,,,
native-finalists,009-Mercury-Sand-packed-32-viscosity_248-w32-s11,33,2,packed,32,viscosity_248,32,Mercury-Sand-packed-32-viscosity_248-w32,11,7200,423aa9e8363bffe8,f97fc1c42143920331cce972282c34d03bdbbf41e450486c18b8ae39568aef15,32,32,2,0,0.5,0.9,844.9,0,6,20,0,0,16382,0,0,136656,0,0,True,,,
native-finalists,009-Mercury-Sand-packed-32-viscosity_248-w32-s12,33,2,packed,32,viscosity_248,32,Mercury-Sand-packed-32-viscosity_248-w32,12,7200,250ef3fde6ccf7d2,6ad0746415e476d6784f9062998c025af4353dcfcfc723b7281cc690b475a82a,32,32,0,0,0.5,0.9,486.4,0,6,20,0,0,16384,0,0,121587,0,0,True,,,
native-finalists,009-Mercury-Sand-packed-32-viscosity_248-w32-s13,33,2,packed,32,viscosity_248,32,Mercury-Sand-packed-32-viscosity_248-w32,13,7200,25a84ad25c0a2136,0ec0e8b95d03705ce6c9d72dc36f1facf45e260090a1901ded8b8f33721374b2,32,32,2,0,0.5,0.7,518.5,0,6,20,0,0,16382,0,0,131885,0,0,True,,,
native-finalists,009-Mercury-Sand-packed-32-viscosity_248-w32-s14,33,2,packed,32,viscosity_248,32,Mercury-Sand-packed-32-viscosity_248-w32,14,7200,ee3943053f954f5b,27a29af7c857e4f8bc60ef9089dc4e449788782644c27373d376fb514495817a,32,32,2,0,0.7,1.1,419.8,0,6,20,0,0,16381,0,0,133115,0,0,True,,,
native-finalists,009-Mercury-Sand-packed-32-viscosity_248-w32-s15,33,2,packed,32,viscosity_248,32,Mercury-Sand-packed-32-viscosity_248-w32,15,7200,234050c26e06492f,e7984ae7dbd28f53b8d7749c5c63b50b3f16aa23ef0e545cabc79aaa1b71a34f,32,32,2,0,0.5,0.8,762.9,0,6,20,0,0,16383,0,0,119375,0,0,True,,,
native-finalists,009-Mercury-Sand-packed-32-viscosity_248-w32-s16,33,2,packed,32,viscosity_248,32,Mercury-Sand-packed-32-viscosity_248-w32,16,7200,71c2bc49d37bb518,75a9ab600bd9ea6bb24d9713e1d725601bedd027e386ecd06c5c3f4d46aa5f9f,32,32,2,0,0.5,0.8,429.4,0,6,20,0,0,16383,0,0,131084,0,0,True,,,
native-finalists,009-Mercury-Sand-packed-32-viscosity_248-w32-s17,33,2,packed,32,viscosity_248,32,Mercury-Sand-packed-32-viscosity_248-w32,17,7200,4952a78072b0173a,94cd9eaec22891aab5e72664683f55f06265688d83ce266f5e1e45601c39b0ec,32,32,2,0,0.5,0.8,812.1,0,6,20,0,0,16382,0,0,137458,0,0,True,,,
native-finalists,009-Mercury-Sand-packed-32-viscosity_248-w32-s18,33,2,packed,32,viscosity_248,32,Mercury-Sand-packed-32-viscosity_248-w32,18,7200,e8f4f393c404fde,0480529dcc3e2178502d823d39a3b386454924620b450782577165f3c8c6862c,32,32,2,0,0.5,1,596.9,0,6,20,0,0,16383,0,0,121503,0,0,True,,,
native-finalists,009-Mercury-Sand-packed-32-viscosity_248-w32-s19,33,2,packed,32,viscosity_248,32,Mercury-Sand-packed-32-viscosity_248-w32,19,7200,a4684bb52698f1d2,07e4124815376c8284651ff7b35081561d9118005e9b7e245c3c92d23d5afdce,32,32,2,0,0.6,1.2,594.6,0,6,20,0,0,16382,0,0,130797,0,0,True,,,
native-finalists,010-Mercury-Sand-packed-32-viscosity_248-w1-s00,33,2,packed,32,viscosity_248,1,Mercury-Sand-packed-32-viscosity_248-w1,0,7200,6ec17a3acb703da7,257ab2588f8d746f21010e58c8aa4f13323bc0f52e1e9c1bb98a2f5f2fa04443,32,32,0,0,0.4,0.8,223.5,0,6,20,0,0,512,0,0,3506,0,0,True,,,
native-finalists,010-Mercury-Sand-packed-32-viscosity_248-w1-s01,33,2,packed,32,viscosity_248,1,Mercury-Sand-packed-32-viscosity_248-w1,1,7200,cb213838769c62c9,dc5a90e330b0a5a1cbfbd6d37422e6380f8b86afa624f4e72be36c2c3b77fb4a,32,32,0,0,0.7,1.1,198.1,0,3,20,0,0,512,0,0,3931,0,0,True,,,
native-finalists,010-Mercury-Sand-packed-32-viscosity_248-w1-s02,33,2,packed,32,viscosity_248,1,Mercury-Sand-packed-32-viscosity_248-w1,2,7200,e7f9b0b8c86401fd,f06128df68c9f44d77fb7b7aaa54a33507688e9f9e8b115aeeab66342852d71d,32,32,0,0,0.7,0.8,816.8,0,3,20,0,0,512,0,0,4071,0,0,True,,,
native-finalists,010-Mercury-Sand-packed-32-viscosity_248-w1-s03,33,2,packed,32,viscosity_248,1,Mercury-Sand-packed-32-viscosity_248-w1,3,7200,5e03ed4e3d53e7f5,c9cc080dd98dac75c55b0c2cb7f706c453b18bbfadf6aef4d71c42b488889354,32,32,0,0,0.7,0.8,148.9,0,3,20,0,0,512,0,0,3508,0,0,True,,,
native-finalists,010-Mercury-Sand-packed-32-viscosity_248-w1-s04,33,2,packed,32,viscosity_248,1,Mercury-Sand-packed-32-viscosity_248-w1,4,7200,4031b1575631061,1737cba4817ff933ef3611c00a5bd0da520bfc511d6d8496e28dc4bedaa1f70e,32,32,0,0,0.7,0.8,164.2,0,3,20,0,0,512,0,0,3933,0,0,True,,,
native-finalists,010-Mercury-Sand-packed-32-viscosity_248-w1-s05,33,2,packed,32,viscosity_248,1,Mercury-Sand-packed-32-viscosity_248-w1,5,7200,3547f05ce565fd99,13e907466e7f4837a299631401d3be74fde889331c25405599c2572a24d543cc,32,32,0,0,0.7,0.8,211.4,0,3,20,0,0,512,0,0,4221,0,0,True,,,
native-finalists,010-Mercury-Sand-packed-32-viscosity_248-w1-s06,33,2,packed,32,viscosity_248,1,Mercury-Sand-packed-32-viscosity_248-w1,6,7200,6e35630d30a7f90d,ce0ce2e7c18726de3d79b3aad21fc804f17cfa3f859d0a034d9d17515cf49280,32,32,0,0,0.7,0.8,210.3,0,3,20,0,0,512,0,0,3503,0,0,True,,,
native-finalists,010-Mercury-Sand-packed-32-viscosity_248-w1-s07,33,2,packed,32,viscosity_248,1,Mercury-Sand-packed-32-viscosity_248-w1,7,7200,501c217b40740a5,649f88cb875096a960c9cbd25640283753315d79f71e61c96824cfd066a35e77,32,32,0,0,0.7,0.8,108.3,0,3,20,0,0,512,0,0,3937,0,0,True,,,
native-finalists,010-Mercury-Sand-packed-32-viscosity_248-w1-s08,33,2,packed,32,viscosity_248,1,Mercury-Sand-packed-32-viscosity_248-w1,8,7200,b77cb104b256a109,d7f27239733a083905d2e653d786185627852bfb63ad43a612dfea6e3abb0188,32,32,0,0,0.6,1,579.4,0,3,20,0,0,512,0,0,4217,0,0,True,,,
native-finalists,010-Mercury-Sand-packed-32-viscosity_248-w1-s09,33,2,packed,32,viscosity_248,1,Mercury-Sand-packed-32-viscosity_248-w1,9,7200,eaf85f0e584eb9f9,eb93f3ef3aac4af1721911236cb112ae10eff44635940fc945617f928ca56559,32,32,0,0,0.7,1,222.6,0,3,20,0,0,512,0,0,3647,0,0,True,,,
native-finalists,010-Mercury-Sand-packed-32-viscosity_248-w1-s10,33,2,packed,32,viscosity_248,1,Mercury-Sand-packed-32-viscosity_248-w1,10,7200,ea5a157e1abb6592,191baee660c8cd51e29311aa87b8f42c3ab9364e603cdbe0d74a9e36e366583c,32,32,0,0,0.7,0.8,128,0,3,20,0,0,512,0,0,3928,0,0,True,,,
native-finalists,010-Mercury-Sand-packed-32-viscosity_248-w1-s11,33,2,packed,32,viscosity_248,1,Mercury-Sand-packed-32-viscosity_248-w1,11,7200,edc4df8d70e84d47,e4eeea6aabb479371c53942ae93a7629cd8cdec90a28f205055a077d6a16355a,32,32,0,0,0.4,0.6,189.1,0,3,20,0,0,512,0,0,4124,0,0,True,,,
native-finalists,010-Mercury-Sand-packed-32-viscosity_248-w1-s12,33,2,packed,32,viscosity_248,1,Mercury-Sand-packed-32-viscosity_248-w1,12,7200,af678932ae03ed44,c2e90a47417188abdee7de52407ba1301f85cb83aed0d82470cdefd57e4f05c5,32,32,0,0,0.5,0.6,187.6,0,3,20,0,0,512,0,0,3647,0,0,True,,,
native-finalists,010-Mercury-Sand-packed-32-viscosity_248-w1-s13,33,2,packed,32,viscosity_248,1,Mercury-Sand-packed-32-viscosity_248-w1,13,7200,1634a87b05c56258,6266d6b9ca3de5c9ff5b7b27c8eb2c285f9f493800329104ba411dd096355304,32,32,0,0,0.4,0.8,478.1,0,3,20,0,0,512,0,0,4076,0,0,True,,,
native-finalists,010-Mercury-Sand-packed-32-viscosity_248-w1-s14,33,2,packed,32,viscosity_248,1,Mercury-Sand-packed-32-viscosity_248-w1,14,7200,a014ae7eac157d79,4b7e7a47375ab9d742d379c36e0f870e68bc8f72396a58ac5bbb056bbc987daf,32,32,0,0,0.4,0.6,269.7,0,3,20,0,0,512,0,0,4124,0,0,True,,,
native-finalists,010-Mercury-Sand-packed-32-viscosity_248-w1-s15,33,2,packed,32,viscosity_248,1,Mercury-Sand-packed-32-viscosity_248-w1,15,7200,61de9ed232278324,1b174b23051a438bb456bac301b879a562632a6fecb28f4d6b439c7cd02cfa14,32,32,0,0,0.4,0.6,258.3,0,3,20,0,0,512,0,0,3649,0,0,True,,,
native-finalists,010-Mercury-Sand-packed-32-viscosity_248-w1-s16,33,2,packed,32,viscosity_248,1,Mercury-Sand-packed-32-viscosity_248-w1,16,7200,a04c587015e68c04,1ad25b0d64f59d81ed99e29d3037ce1dda84ced3155bfc17d28ae510b60b9469,32,32,0,0,0.4,0.5,101.7,0,3,20,0,0,512,0,0,4078,0,0,True,,,
native-finalists,010-Mercury-Sand-packed-32-viscosity_248-w1-s17,33,2,packed,32,viscosity_248,1,Mercury-Sand-packed-32-viscosity_248-w1,17,7200,e292f3791086b2b7,a2170527a431c0f1811f10e3c4e6d319f05a1714ca80ffb24d92471938deb0fb,32,32,0,0,0.4,0.6,119.4,0,3,20,0,0,512,0,0,4269,0,0,True,,,
native-finalists,010-Mercury-Sand-packed-32-viscosity_248-w1-s18,33,2,packed,32,viscosity_248,1,Mercury-Sand-packed-32-viscosity_248-w1,18,7200,fa54c307c5c8f628,fc600868f1455563f6dda38a1a178f173d06d99c3bb6f40a49caeb73033daeb5,32,32,0,0,0.4,0.8,437.2,0,3,20,0,0,512,0,0,3652,0,0,True,,,
native-finalists,010-Mercury-Sand-packed-32-viscosity_248-w1-s19,33,2,packed,32,viscosity_248,1,Mercury-Sand-packed-32-viscosity_248-w1,19,7200,6a7c213e865ead64,4e1d8a29df54738a0054f79c88b87bba3d5f5675060520a484ba7647bb75730b,32,32,0,0,0.5,0.7,783.7,0,3,20,0,0,512,0,0,4076,0,0,True,,,
native-finalists,011-Mercury-Sand-packed-32-exchange_off-w32-s00,33,2,packed,32,exchange_off,32,Mercury-Sand-packed-32-exchange_off-w32,0,7200,91a63917d37c1f88,3360a61041097baad1b6e165c9bde3e13827ec00d724475e559d49d0aea2a444,-1,0,0,0,0.4,0.5,496.5,0,6,20,0,0,0,0,0,15758,0,0,True,,,
native-finalists,011-Mercury-Sand-packed-32-exchange_off-w32-s01,33,2,packed,32,exchange_off,32,Mercury-Sand-packed-32-exchange_off-w32,1,7200,f2493f8c39bde4c9,358418e2c2a9badfa906836d54e724d2d6d87125c0ba3427acb18ad21d755129,-1,0,0,0,0.4,0.5,336.3,0,3,20,0,0,0,0,0,15778,0,0,True,,,
native-finalists,011-Mercury-Sand-packed-32-exchange_off-w32-s02,33,2,packed,32,exchange_off,32,Mercury-Sand-packed-32-exchange_off-w32,2,7200,7b1398663823b9d8,a99035659892e47c65e728f73988aeb561c5807d85b5ea54f13379f18c37980e,-1,0,0,0,0.4,0.6,389.6,0,3,20,0,0,0,0,0,15792,0,0,True,,,
native-finalists,011-Mercury-Sand-packed-32-exchange_off-w32-s03,33,2,packed,32,exchange_off,32,Mercury-Sand-packed-32-exchange_off-w32,3,7200,836b4e3f3d1ff943,b55afceb0ce4f3fddfd4c7fc720378653780cd0370572394396d9470d46ad058,-1,0,0,0,0.4,0.5,330.5,0,3,20,0,0,0,0,0,15768,0,0,True,,,
native-finalists,011-Mercury-Sand-packed-32-exchange_off-w32-s04,33,2,packed,32,exchange_off,32,Mercury-Sand-packed-32-exchange_off-w32,4,7200,334ec0d2b124ca29,20231d6ed8b2fe5bb6bb78c2357309e560af0ef4d489110fe37d92a1db581257,-1,0,0,0,0.4,0.5,314.9,0,3,20,0,0,0,0,0,15766,0,0,True,,,
native-finalists,011-Mercury-Sand-packed-32-exchange_off-w32-s05,33,2,packed,32,exchange_off,32,Mercury-Sand-packed-32-exchange_off-w32,5,7200,c5b180daf5e6577,4c411a85b26f65c67bac68b18f8d2949e507c5ff0efc1a779175620e6aa9f7e5,-1,0,0,0,0.4,0.5,325.5,0,3,20,0,0,0,0,0,15746,0,0,True,,,
native-finalists,011-Mercury-Sand-packed-32-exchange_off-w32-s06,33,2,packed,32,exchange_off,32,Mercury-Sand-packed-32-exchange_off-w32,6,7200,75262b52ab786d9c,ea6816773a4ee03507941e0df3a8d93c1dcb382d7b5a808f143adeab0973482e,-1,0,0,0,0.4,0.5,333.7,0,3,20,0,0,0,0,0,15746,0,0,True,,,
native-finalists,011-Mercury-Sand-packed-32-exchange_off-w32-s07,33,2,packed,32,exchange_off,32,Mercury-Sand-packed-32-exchange_off-w32,7,7200,2cebf40e7cb2b061,c9fe4156ceffc9fa44eb3864666d5c16508533e59e93ed280cf8e1b1166ff076,-1,0,0,0,0.5,0.6,477.9,0,3,20,0,0,0,0,0,15764,0,0,True,,,
native-finalists,011-Mercury-Sand-packed-32-exchange_off-w32-s08,33,2,packed,32,exchange_off,32,Mercury-Sand-packed-32-exchange_off-w32,8,7200,2854a2c731c17b77,4a8a3e033a35ca8f1aeae53524473eb754eb59a27afcbf7afb1e267ea7820117,-1,0,0,0,0.4,0.5,451.1,0,3,20,0,0,0,0,0,15764,0,0,True,,,
native-finalists,011-Mercury-Sand-packed-32-exchange_off-w32-s09,33,2,packed,32,exchange_off,32,Mercury-Sand-packed-32-exchange_off-w32,9,7200,4df3dfd74bac5a90,994a0e7e025a9f978634f1ac45d1bfea14ac26769604abdf24740af4b339395b,-1,0,0,0,0.4,0.5,719.4,0,3,20,0,0,0,0,0,15716,0,0,True,,,
native-finalists,011-Mercury-Sand-packed-32-exchange_off-w32-s10,33,2,packed,32,exchange_off,32,Mercury-Sand-packed-32-exchange_off-w32,10,7200,73159d1955377768,319c0966fea46bf4933ccbc3a942700b86ee27453fa7d4dfe40a47af57f5ee91,-1,0,0,0,0.5,0.6,325.2,0,3,20,0,0,0,0,0,15704,0,0,True,,,
native-finalists,011-Mercury-Sand-packed-32-exchange_off-w32-s11,33,2,packed,32,exchange_off,32,Mercury-Sand-packed-32-exchange_off-w32,11,7200,cd1e33a4cbdc361,1f37501770a24c04161f85172dcc94fd32c86d07beb50d54368e749aab8f2ea1,-1,0,0,0,0.5,0.5,367.6,0,6,20,0,0,0,0,0,15724,0,0,True,,,
native-finalists,011-Mercury-Sand-packed-32-exchange_off-w32-s12,33,2,packed,32,exchange_off,32,Mercury-Sand-packed-32-exchange_off-w32,12,7200,9e58b151ab7b3e32,f937f7b76308987119046d101cdfc45bf505c9eb7515d42546b3ed58a1dbd56b,-1,0,0,0,0.5,0.6,357.6,0,6,20,0,0,0,0,0,15680,0,0,True,,,
native-finalists,011-Mercury-Sand-packed-32-exchange_off-w32-s13,33,2,packed,32,exchange_off,32,Mercury-Sand-packed-32-exchange_off-w32,13,7200,97a646a8d1c3c692,50df4ab09b35b205dbfffc7968e746a53465b79b993d87817be556c274f360ab,-1,0,0,0,0.5,0.6,437.3,0,6,20,0,0,0,0,0,15720,0,0,True,,,
native-finalists,011-Mercury-Sand-packed-32-exchange_off-w32-s14,33,2,packed,32,exchange_off,32,Mercury-Sand-packed-32-exchange_off-w32,14,7200,347dd34dc3404871,4f13c4249553818591183eb7cc09050fd9729590a9589dd2420c603f9c31e59d,-1,0,0,0,0.5,0.5,365.8,0,6,20,0,0,0,0,0,15776,0,0,True,,,
native-finalists,011-Mercury-Sand-packed-32-exchange_off-w32-s15,33,2,packed,32,exchange_off,32,Mercury-Sand-packed-32-exchange_off-w32,15,7200,a274218b9ec3c3d3,822322e0569054d2ff2679109f4472fc20e83f8dc691b319acff2b62d355aceb,-1,0,0,0,0.5,0.6,360.4,0,6,20,0,0,0,0,0,15712,0,0,True,,,
native-finalists,011-Mercury-Sand-packed-32-exchange_off-w32-s16,33,2,packed,32,exchange_off,32,Mercury-Sand-packed-32-exchange_off-w32,16,7200,c2ff38941b03c47e,12082422872a309e21d229a110b4ad44b38100cc976d89684943bc1a242a9755,-1,0,0,0,0.5,0.5,365.7,0,6,20,0,0,0,0,0,15750,0,0,True,,,
native-finalists,011-Mercury-Sand-packed-32-exchange_off-w32-s17,33,2,packed,32,exchange_off,32,Mercury-Sand-packed-32-exchange_off-w32,17,7200,fc14b14d52a27550,d6493c57717d6308f3c1e5e38f8ae2246a1e64ba13e8abdaeb20a8c7b68abcc9,-1,0,0,0,0.5,1.1,379.4,0,6,20,0,0,0,0,0,15778,0,0,True,,,
native-finalists,011-Mercury-Sand-packed-32-exchange_off-w32-s18,33,2,packed,32,exchange_off,32,Mercury-Sand-packed-32-exchange_off-w32,18,7200,e954c4328e4c7724,dcb3ac31e4e0870fb3f0fcfd1538e0dd5fb6dcffb90079f9ac0f38037a9e04a7,-1,0,0,0,0.5,0.7,454.5,0,6,20,0,0,0,0,0,15702,0,0,True,,,
native-finalists,011-Mercury-Sand-packed-32-exchange_off-w32-s19,33,2,packed,32,exchange_off,32,Mercury-Sand-packed-32-exchange_off-w32,19,7200,82de9afbeda939fa,e84a5be7e9f747288012aeb2398f60d15bc67780fa05df2e6abea5c4dc9b8942,-1,0,0,0,0.5,0.6,452,0,6,20,0,0,0,0,0,15708,0,0,True,,,
native-finalists,012-Sand-Dust-reentry-32-baseline-w32-s00,2,14,reentry,32,baseline,32,Sand-Dust-reentry-32-baseline-w32,0,7200,af1ae1ec49652957,e3daedd1a4e02f4f50ccb86002916ed98e1bca91a2f1316d1dff4607cdcfa1dc,32,32,0,0,0.4,0.5,379.3,0,6,20,0,0,16384,0,0,125952,0,0,True,,,
native-finalists,012-Sand-Dust-reentry-32-baseline-w32-s01,2,14,reentry,32,baseline,32,Sand-Dust-reentry-32-baseline-w32,1,7200,7e90370eb7ee6084,5976ac206a8ba2afb53d1f1f8bc7310178fac5ec691891386e7f7d3b7e99b1e6,32,32,0,0,0.7,0.8,576.2,0,3,20,0,0,16384,0,0,139488,0,0,True,,,
native-finalists,012-Sand-Dust-reentry-32-baseline-w32-s02,2,14,reentry,32,baseline,32,Sand-Dust-reentry-32-baseline-w32,2,7200,a71e66e14512958d,1149b8fbce828f917565e8125bcc3cc95faf19e4e46f213b79c5f0fd17efcb7c,32,32,0,0,0.7,0.9,484.7,0,3,20,0,0,16384,0,0,143904,0,0,True,,,
native-finalists,012-Sand-Dust-reentry-32-baseline-w32-s03,2,14,reentry,32,baseline,32,Sand-Dust-reentry-32-baseline-w32,3,7200,ee845555d947a28e,1867e297d936363775b6047ee66a9209c370e697f700b9e08809312fb5b1e95e,32,32,0,0,0.7,0.8,431.7,0,3,20,0,0,16384,0,0,125952,0,0,True,,,
native-finalists,012-Sand-Dust-reentry-32-baseline-w32-s04,2,14,reentry,32,baseline,32,Sand-Dust-reentry-32-baseline-w32,4,7200,af9894754348ec0,fa918594eeac0f8ead2ec435573db27701e1abe65f2b5eb4b37458bc718322dd,32,32,0,0,0.7,0.7,404.4,0,3,20,0,0,16384,0,0,139488,0,0,True,,,
native-finalists,012-Sand-Dust-reentry-32-baseline-w32-s05,2,14,reentry,32,baseline,32,Sand-Dust-reentry-32-baseline-w32,5,7200,8124860384913eba,18d571d181fbeaef88dad72ed0c2906ff36872a3530a56d3731cffbce109059e,32,32,0,0,0.7,0.8,878.1,0,3,20,0,0,16384,0,0,148512,0,0,True,,,
native-finalists,012-Sand-Dust-reentry-32-baseline-w32-s06,2,14,reentry,32,baseline,32,Sand-Dust-reentry-32-baseline-w32,6,7200,4f1ac97fcbfded65,4ae988b94d896196f8bf1d8aeec3ea4a6925bd466ecab5ae96540c6f3b37edb1,32,32,0,0,0.7,0.9,738.8,0,3,20,0,0,16384,0,0,125856,0,0,True,,,
native-finalists,012-Sand-Dust-reentry-32-baseline-w32-s07,2,14,reentry,32,baseline,32,Sand-Dust-reentry-32-baseline-w32,7,7200,5abf3fd90b5acc0c,54af616f20dd1cc0b94768a24eb438d44df6bfeb5927e9de66eaaf82c456b791,32,32,0,0,0.7,0.8,335.6,0,3,20,0,0,16384,0,0,139488,0,0,True,,,
native-finalists,012-Sand-Dust-reentry-32-baseline-w32-s08,2,14,reentry,32,baseline,32,Sand-Dust-reentry-32-baseline-w32,8,7200,fece435c016b60a5,17f8047289df1cc993026755e749ec69c73c1a113ac567511fb36edbfe165777,32,32,0,0,0.6,0.7,341.2,0,3,20,0,0,16384,0,0,148512,0,0,True,,,
native-finalists,012-Sand-Dust-reentry-32-baseline-w32-s09,2,14,reentry,32,baseline,32,Sand-Dust-reentry-32-baseline-w32,9,7200,688a37cd38d8785d,0706002908f682acbe1537a8f5d1c200e4002c9317808126720c840093d9a26d,32,32,0,0,0.7,0.9,337.4,0,3,20,0,0,16384,0,0,130464,0,0,True,,,
native-finalists,012-Sand-Dust-reentry-32-baseline-w32-s10,2,14,reentry,32,baseline,32,Sand-Dust-reentry-32-baseline-w32,10,7200,3fee6638b664ef7d,76b9f0b0c522411d6f287c25d312ea3cd53ba17391e6905d4f65d90d03153df1,32,32,0,0,0.7,0.9,557.2,0,3,20,0,0,16384,0,0,139392,0,0,True,,,
native-finalists,012-Sand-Dust-reentry-32-baseline-w32-s11,2,14,reentry,32,baseline,32,Sand-Dust-reentry-32-baseline-w32,11,7200,8c632e87f24d2554,bc62eef4de092cad23f1ead189e8dcb850d3d642228236306c9e9836dfa54c1c,32,32,2,0,0.5,0.8,520.4,0,6,20,0,0,16382,0,0,150250,0,0,True,,,
native-finalists,012-Sand-Dust-reentry-32-baseline-w32-s12,2,14,reentry,32,baseline,32,Sand-Dust-reentry-32-baseline-w32,12,7200,ae646082684f2ae0,47a8228e726defcee65b26c12925ab4794f1f8a4ebb1867c157e150006c809f5,32,32,0,0,0.5,0.5,373.8,0,6,20,0,0,16384,0,0,135231,0,0,True,,,
native-finalists,012-Sand-Dust-reentry-32-baseline-w32-s13,2,14,reentry,32,baseline,32,Sand-Dust-reentry-32-baseline-w32,13,7200,e88c2004953f0d9c,93476d4e574997ccc9467e090de4a01feef34f06ba14b18c55910d290937fbfe,32,32,2,0,0.5,0.6,546.1,0,6,20,0,0,16382,0,0,145461,0,0,True,,,
native-finalists,012-Sand-Dust-reentry-32-baseline-w32-s14,2,14,reentry,32,baseline,32,Sand-Dust-reentry-32-baseline-w32,14,7200,95eb0ff5df39d43b,f36b7fd0a1c70d59351d3c5fe833f3335ebe4e9f6b017dd022b7c83082a25530,32,32,2,0,0.5,0.6,499.5,0,6,20,0,0,16381,0,0,146721,0,0,True,,,
native-finalists,012-Sand-Dust-reentry-32-baseline-w32-s15,2,14,reentry,32,baseline,32,Sand-Dust-reentry-32-baseline-w32,15,7200,eb666df0ef2b0589,f640631ac99707fe2dff7331ee45af0941d7a336e010b7c187a5c7286051148d,32,32,2,0,0.5,0.7,390.2,0,6,20,0,0,16383,0,0,133023,0,0,True,,,
native-finalists,012-Sand-Dust-reentry-32-baseline-w32-s16,2,14,reentry,32,baseline,32,Sand-Dust-reentry-32-baseline-w32,16,7200,9ad58dcd6272ae94,864815e3c56831cddb72e52bbdf9cd33e24e11eedfde1f390e3207a66fb5dd0a,32,32,2,0,0.5,0.5,412.1,0,6,20,0,0,16383,0,0,144644,0,0,True,,,
native-finalists,012-Sand-Dust-reentry-32-baseline-w32-s17,2,14,reentry,32,baseline,32,Sand-Dust-reentry-32-baseline-w32,17,7200,186d47d7b83f640a,4fff515ebc1e798be861e7a8bc760d445e6620c89b28c8ec8b97b0a0f3948d45,32,32,2,0,0.5,0.6,556.1,0,6,20,0,0,16382,0,0,151044,0,0,True,,,
native-finalists,012-Sand-Dust-reentry-32-baseline-w32-s18,2,14,reentry,32,baseline,32,Sand-Dust-reentry-32-baseline-w32,18,7200,1965cd80afd9316,1dc27435f9ba1c8eca7f2d1697526f4aa64aac8f279e626c92a71592a60bf6e2,32,32,2,0,0.5,0.6,795.6,0,6,20,0,0,16383,0,0,135147,0,0,True,,,
native-finalists,012-Sand-Dust-reentry-32-baseline-w32-s19,2,14,reentry,32,baseline,32,Sand-Dust-reentry-32-baseline-w32,19,7200,dd0c0aeca0c017f8,e72fda5fc6aa6a3d6435ba5526a12f1869383349605d306d9de114f6fbcdebd6,32,32,2,0,0.5,0.5,591.2,0,6,20,0,0,16382,0,0,144411,0,0,True,,,
native-finalists,013-Sand-Dust-excavate-32-baseline-w32-s00,2,14,excavate,32,baseline,32,Sand-Dust-excavate-32-baseline-w32,0,7200,342440234c60ec71,e9f57ea52d90cbb20b5ef40fe2951ae6dcae060f4c5d92b9073ff9a5a4c32fdf,32,32,0,0,0.7,83.8,518.4,0,6,20,0,110577,18025,0,0,1234720,0,0,False,,,
native-finalists,013-Sand-Dust-excavate-32-baseline-w32-s01,2,14,excavate,32,baseline,32,Sand-Dust-excavate-32-baseline-w32,1,7200,c13160eb2b69c273,35bcc1faad678881ec195b6cb9145a6049975ec3c00215e9a1be6bef37bdad62,32,32,0,0,1,1.3,1117.1,0,3,20,0,97943,17916,0,0,887652,0,0,False,,,
native-finalists,013-Sand-Dust-excavate-32-baseline-w32-s02,2,14,excavate,32,baseline,32,Sand-Dust-excavate-32-baseline-w32,2,7200,49828cc01e4b2f,56efa236d4471149f2082943e826bc85933231a1efeb425da71bd899aeab2338,32,32,0,0,1,1.8,546.7,0,3,20,0,89442,18028,0,0,908634,0,0,False,,,
native-finalists,013-Sand-Dust-excavate-32-baseline-w32-s03,2,14,excavate,32,baseline,32,Sand-Dust-excavate-32-baseline-w32,3,7200,9b4e4daaa50c15e4,b335468b434749989dfb587a810d384e75c20bad0d0ec07d827860b945689d73,32,32,0,0,1.3,2.7,559.8,0,3,20,0,108157,17924,0,0,1080105,0,0,False,,,
native-finalists,013-Sand-Dust-excavate-32-baseline-w32-s04,2,14,excavate,32,baseline,32,Sand-Dust-excavate-32-baseline-w32,4,7200,bcbf8e01f95470e9,f5c5d56c0188224b45eaf6884109dd281ff29d15948e7c5bf927708d5ce1a85b,32,32,0,0,1.3,2.2,451.6,0,3,20,0,98796,17934,0,0,899571,0,0,False,,,
native-finalists,013-Sand-Dust-excavate-32-baseline-w32-s05,2,14,excavate,32,baseline,32,Sand-Dust-excavate-32-baseline-w32,5,7200,302b89691572c655,9a760dcd76fa171f21645dfb6622a11fa404521f5d19c00073c6219807a45291,32,32,0,0,1.3,1.9,999.8,0,3,20,0,89355,18029,0,0,889048,0,0,False,,,
native-finalists,013-Sand-Dust-excavate-32-baseline-w32-s06,2,14,excavate,32,baseline,32,Sand-Dust-excavate-32-baseline-w32,6,7200,661a966f240ba468,36dbbe965b643d3dc66bfa4555ce14eb2adb0c569391b6bbf7173a10524d86a1,32,32,0,0,1.3,2.8,717.9,0,3,20,0,107413,17989,0,0,1028496,0,0,False,,,
native-finalists,013-Sand-Dust-excavate-32-baseline-w32-s07,2,14,excavate,32,baseline,32,Sand-Dust-excavate-32-baseline-w32,7,7200,8d76b45f332d026f,1f4610308f6990d6dbc7a04aa3cc08ec7f577adc5f0f441d1859109c214330dd,32,32,0,0,1.3,2,611.6,0,3,20,0,97418,17936,0,0,895577,0,0,False,,,
native-finalists,013-Sand-Dust-excavate-32-baseline-w32-s08,2,14,excavate,32,baseline,32,Sand-Dust-excavate-32-baseline-w32,8,7200,ac8c2ac2d9d034e7,0a71ff6b8799c764a0344ebd3d41613374f9cdbc8ba060507fd69a5731bd4c3b,32,32,0,0,1.3,1.6,572.4,0,3,20,0,86949,18068,0,0,920438,0,0,False,,,
native-finalists,013-Sand-Dust-excavate-32-baseline-w32-s09,2,14,excavate,32,baseline,32,Sand-Dust-excavate-32-baseline-w32,9,7200,8393d1fc1f7f7297,9ea09febf98783af2afe122787b7078d9e59449eb52ae5c589303d63d115fe16,32,32,0,0,1.1,2.2,709.7,0,3,20,0,104241,17896,0,0,978510,0,0,False,,,
native-finalists,013-Sand-Dust-excavate-32-baseline-w32-s10,2,14,excavate,32,baseline,32,Sand-Dust-excavate-32-baseline-w32,10,7200,c3163ce32e42fc24,95b4ad9cf5797270bc45ad4162de0886932af2a48ff48ba18986183a45e17463,32,32,0,0,1.1,1.7,516.1,0,3,20,0,93571,17991,0,0,911724,0,0,False,,,
native-finalists,013-Sand-Dust-excavate-32-baseline-w32-s11,2,14,excavate,32,baseline,32,Sand-Dust-excavate-32-baseline-w32,11,7200,f7d752c87b2ad620,dc40462da7c4a901a8d226d6828bf997643af9a1b99db89ad5aaee6f0d1e77fa,32,32,0,0,0.9,83.3,1463.5,0,6,20,0,87053,18027,0,0,1257024,0,0,False,,,
native-finalists,013-Sand-Dust-excavate-32-baseline-w32-s12,2,14,excavate,32,baseline,32,Sand-Dust-excavate-32-baseline-w32,12,7200,cce74ed4314ebc0a,2ca0b445ce5222968d8a7f6768c0735632b1c3f880fc8f4a4feac540944d2717,32,32,0,0,0.9,301.4,853.9,0,6,20,0,105443,18109,0,0,1407868,0,0,False,,,
native-finalists,013-Sand-Dust-excavate-32-baseline-w32-s13,2,14,excavate,32,baseline,32,Sand-Dust-excavate-32-baseline-w32,13,7200,4cea566d1e0d2c5a,45f22629d5f7ed0834754dbb7fa8ae1539d7a25a83e80ceea4a5dc05679c387e,32,32,0,0,1,311.9,642,0,6,20,0,95145,18309,0,0,1365975,0,0,False,,,
native-finalists,013-Sand-Dust-excavate-32-baseline-w32-s14,2,14,excavate,32,baseline,32,Sand-Dust-excavate-32-baseline-w32,14,7200,f4e1db2a201bbcea,76b272a7bf963555140d8447f8250f128e221903add9e7037c06192ef369656a,32,32,0,0,1,333.9,794.3,0,6,20,0,85374,19384,0,0,1606572,0,0,False,,,
native-finalists,013-Sand-Dust-excavate-32-baseline-w32-s15,2,14,excavate,32,baseline,32,Sand-Dust-excavate-32-baseline-w32,15,7200,a346367d90e544ca,c02a09fcac2134794163278429eaaf0cf1ac8ebc0b7daeef5fdc79ecf3354793,32,32,0,0,0.9,324.9,494.8,0,6,20,0,103891,17979,0,0,1505609,0,0,False,,,
native-finalists,013-Sand-Dust-excavate-32-baseline-w32-s16,2,14,excavate,32,baseline,32,Sand-Dust-excavate-32-baseline-w32,16,7200,20065966bf462c1e,ee69cba0c9fd21a04ac226119b3882c2818a3a9b3a3c3befb8c5f7c142193a7a,32,32,0,0,1.1,1.4,630.9,0,6,20,0,94395,17900,0,0,909567,0,0,False,,,
native-finalists,013-Sand-Dust-excavate-32-baseline-w32-s17,2,14,excavate,32,baseline,32,Sand-Dust-excavate-32-baseline-w32,17,7200,62deea930367c858,0b2d5b95547a8875d8e363f86d7a164b7d122a9b7021dc1aa2dcb091404d373b,32,32,0,0,1,379.6,687.9,0,6,20,0,83728,18934,0,0,1792182,0,0,False,,,
native-finalists,013-Sand-Dust-excavate-32-baseline-w32-s18,2,14,excavate,32,baseline,32,Sand-Dust-excavate-32-baseline-w32,18,7200,aa298a2866557f57,fb598163a1c87920d389a488def5dc328dc22e750ac93fb9b3872402a69588c4,32,32,0,0,1.4,369.7,710.3,0,6,20,0,102811,19921,0,0,1872612,0,0,False,,,
native-finalists,013-Sand-Dust-excavate-32-baseline-w32-s19,2,14,excavate,32,baseline,32,Sand-Dust-excavate-32-baseline-w32,19,7200,7addff49f875d24e,67dd3282f5d9c686d252e4729177f44988820fccc613f7d8bc4fe13cc784ee8c,32,32,0,0,1,350.6,619.8,0,6,20,0,92876,19072,0,0,1480099,0,0,False,,,
native-finalists,014-Sand-Dust-packed-32-baseline-w32-s00,2,14,packed,32,baseline,32,Sand-Dust-packed-32-baseline-w32,0,7200,6c4de7ea64ddf888,d272762f70d51149c58c9e167aa6c472d5f27d8c36a79d64ea4831e12b8ce112,32,32,0,0,0.4,0.6,601.8,0,6,20,0,0,16384,0,0,112128,0,0,True,4,,
native-finalists,014-Sand-Dust-packed-32-baseline-w32-s01,2,14,packed,32,baseline,32,Sand-Dust-packed-32-baseline-w32,1,7200,7e90370eb7ee6084,764eb327a9b68ddc62f5787b63220f92755fe1c18d270f8491da0fba4103320c,32,32,0,0,0.7,1.1,735.4,0,3,20,0,0,16384,0,0,125664,0,0,True,4,,
native-finalists,014-Sand-Dust-packed-32-baseline-w32-s02,2,14,packed,32,baseline,32,Sand-Dust-packed-32-baseline-w32,2,7200,a71e66e14512958d,78bd2130a37471ec5bd4a66bf9a292396af8aa1adecce8dfdf61eada4d32d1fd,32,32,0,0,0.7,1.1,450,0,3,20,0,0,16384,0,0,130080,0,0,True,4,,
native-finalists,014-Sand-Dust-packed-32-baseline-w32-s03,2,14,packed,32,baseline,32,Sand-Dust-packed-32-baseline-w32,3,7200,ee845555d947a28e,a90e9762022dd1c66217aa52d265529b55f26e288c1cc2798281f6d17943b20f,32,32,0,0,0.7,0.9,578.5,0,3,20,0,0,16384,0,0,112128,0,0,True,4,,
native-finalists,014-Sand-Dust-packed-32-baseline-w32-s04,2,14,packed,32,baseline,32,Sand-Dust-packed-32-baseline-w32,4,7200,af9894754348ec0,32d387533cae76304dc99e57ae6cd2468c7fabd0acbbb9e17d40129ce2f4b7a8,32,32,0,0,0.7,0.7,462.9,0,3,20,0,0,16384,0,0,125664,0,0,True,4,,
native-finalists,014-Sand-Dust-packed-32-baseline-w32-s05,2,14,packed,32,baseline,32,Sand-Dust-packed-32-baseline-w32,5,7200,8124860384913eba,acc1f42b701ad882ce7af4583336083835a1e135d8a571dd3e5d1cfe9df99f2b,32,32,0,0,0.7,0.7,447.2,0,3,20,0,0,16384,0,0,134688,0,0,True,4,,
native-finalists,014-Sand-Dust-packed-32-baseline-w32-s06,2,14,packed,32,baseline,32,Sand-Dust-packed-32-baseline-w32,6,7200,4f1ac97fcbfded65,6be2d6e875790efbdebcff983c1618c6497a47f5b9734aad0cda413c1217df60,32,32,0,0,0.7,0.8,488.8,0,3,20,0,0,16384,0,0,112032,0,0,True,4,,
native-finalists,014-Sand-Dust-packed-32-baseline-w32-s07,2,14,packed,32,baseline,32,Sand-Dust-packed-32-baseline-w32,7,7200,5abf3fd90b5acc0c,a2c279ea31146943c7d319357588fd9c53d489fd62762b425301f91251f9ed7b,32,32,0,0,0.7,0.7,429.2,0,3,20,0,0,16384,0,0,125664,0,0,True,4,,
native-finalists,014-Sand-Dust-packed-32-baseline-w32-s08,2,14,packed,32,baseline,32,Sand-Dust-packed-32-baseline-w32,8,7200,fece435c016b60a5,d3ae5ac92e1ab1939252a949fbe117c6bcb1d7c85518d51bd8f3599964f8810c,32,32,0,0,0.6,0.8,504.2,0,3,20,0,0,16384,0,0,134688,0,0,True,4,,
native-finalists,014-Sand-Dust-packed-32-baseline-w32-s09,2,14,packed,32,baseline,32,Sand-Dust-packed-32-baseline-w32,9,7200,688a37cd38d8785d,168655081fcb200a1ea7ac34a290401ea790c9ae165dc42249255078e99147ca,32,32,0,0,0.7,0.7,373.4,0,3,20,0,0,16384,0,0,116640,0,0,True,4,,
native-finalists,014-Sand-Dust-packed-32-baseline-w32-s10,2,14,packed,32,baseline,32,Sand-Dust-packed-32-baseline-w32,10,7200,3fee6638b664ef7d,211fc5d0e7335f3613ffebeae1e7abacf51cdc0527543f61807f497a294bc52b,32,32,0,0,0.7,0.7,554,0,3,20,0,0,16384,0,0,125568,0,0,True,4,,
native-finalists,014-Sand-Dust-packed-32-baseline-w32-s11,2,14,packed,32,baseline,32,Sand-Dust-packed-32-baseline-w32,11,7200,5eb2cb80f4023ff8,a35f3d3d12c615a1d1f112257f0ad287c7ffd0f733482f61a5a1d413cef55fe0,32,32,2,0,0.5,0.6,440.9,0,6,20,0,0,16382,0,0,136426,0,0,True,4,,
native-finalists,014-Sand-Dust-packed-32-baseline-w32-s12,2,14,packed,32,baseline,32,Sand-Dust-packed-32-baseline-w32,12,7200,c14a20081f1e1a72,f5b33aa7addb0dd493ef945e7c532ea060ce2f955da5609c8a3bc24fb2da4aaf,32,32,0,0,0.5,0.8,1022.9,0,6,20,0,0,16384,0,0,121407,0,0,True,4,,
native-finalists,014-Sand-Dust-packed-32-baseline-w32-s13,2,14,packed,32,baseline,32,Sand-Dust-packed-32-baseline-w32,13,7200,81959bc95fce34ce,3ee68608acbe22625f76050864989cefe4bba7fb7ff01740c26e90bd53252cd0,32,32,2,0,0.5,0.9,750,0,6,20,0,0,16382,0,0,131637,0,0,True,4,,
native-finalists,014-Sand-Dust-packed-32-baseline-w32-s14,2,14,packed,32,baseline,32,Sand-Dust-packed-32-baseline-w32,14,7200,e7a0fe2b60e0ec43,4f580feae42b148d82b2838e00053883db29324fd88193ce304c7f6d5ce4ae01,32,32,2,0,0.5,0.7,673.7,0,6,20,0,0,16381,0,0,132897,0,0,True,4,,
native-finalists,014-Sand-Dust-packed-32-baseline-w32-s15,2,14,packed,32,baseline,32,Sand-Dust-packed-32-baseline-w32,15,7200,f3715069cb329be7,caf2222b2ae1476767b41c3b9a14d77f4f647fb96de73e94a985d11c1ebeccc2,32,32,2,0,0.5,0.8,675.9,0,6,20,0,0,16383,0,0,119199,0,0,True,4,,
native-finalists,014-Sand-Dust-packed-32-baseline-w32-s16,2,14,packed,32,baseline,32,Sand-Dust-packed-32-baseline-w32,16,7200,105a345f3d034dbe,3f935a97d933d10e03304fb6ed9ea702315bdeffdd004a605cd09554f7dc592d,32,32,2,0,0.5,0.7,581.6,0,6,20,0,0,16383,0,0,130820,0,0,True,4,,
native-finalists,014-Sand-Dust-packed-32-baseline-w32-s17,2,14,packed,32,baseline,32,Sand-Dust-packed-32-baseline-w32,17,7200,f1ec08070f85ce42,bcad3368f0932489c38455f57cbdcf7c18a71105a9709435e052da61ce75a83e,32,32,2,0,0.5,1,477.4,0,6,20,0,0,16382,0,0,137220,0,0,True,4,,
native-finalists,014-Sand-Dust-packed-32-baseline-w32-s18,2,14,packed,32,baseline,32,Sand-Dust-packed-32-baseline-w32,18,7200,1f5dc11a107cbcac,924ca854dbb529c4163b8e890e2426dd6f92c741fa4a0dc6b86e65a5e42dbce9,32,32,2,0,0.5,0.8,631.2,0,6,20,0,0,16383,0,0,121323,0,0,True,4,,
native-finalists,014-Sand-Dust-packed-32-baseline-w32-s19,2,14,packed,32,baseline,32,Sand-Dust-packed-32-baseline-w32,19,7200,484a69d23b6bb3ee,cbfe70444e4ae7bdb08aadc56ee93577bda52ee521c2666010da7263c0a3d6d8,32,32,2,0,0.5,0.7,717.6,0,6,20,0,0,16382,0,0,130587,0,0,True,4,,
native-finalists,015-Mercury-Sand-packed-32-baseline-w32-s00,33,2,packed,32,baseline,32,Mercury-Sand-packed-32-baseline-w32,0,7200,4c979691ece00788,4baf7f355bc2b55fdde99c537d98a5cdab5d7cf9d656222b775609d8fe6fae47,32,32,0,0,0.4,0.7,537.1,0,6,20,0,0,16384,0,0,114010,0,0,True,4,,
native-finalists,015-Mercury-Sand-packed-32-baseline-w32-s01,33,2,packed,32,baseline,32,Mercury-Sand-packed-32-baseline-w32,1,7200,256588c94f7a4704,cd8ffab9b18943692ec42e75488aa711e9be255ee96f59280835ad640def3aae,32,32,0,0,0.7,1.1,487.1,0,3,20,0,0,16384,0,0,129408,0,0,True,4,,
native-finalists,015-Mercury-Sand-packed-32-baseline-w32-s02,33,2,packed,32,baseline,32,Mercury-Sand-packed-32-baseline-w32,2,7200,e72c631595f0d38d,4059c132f0dc47c546afe523f16b88b59a744ea0e4b23ad3e1e58ff24d134d37,32,32,0,0,0.7,1,828,0,3,20,0,0,16384,0,0,134542,0,0,True,4,,
native-finalists,015-Mercury-Sand-packed-32-baseline-w32-s03,33,2,packed,32,baseline,32,Mercury-Sand-packed-32-baseline-w32,3,7200,556c89dbeb149cce,0c52ab9901d8bd73428abf6a2bdeaed02ee08cb71675263da0fd7b6321ffe670,32,32,0,0,0.8,1.8,447.6,0,3,20,0,0,16384,0,0,114020,0,0,True,4,,
native-finalists,015-Mercury-Sand-packed-32-baseline-w32-s04,33,2,packed,32,baseline,32,Mercury-Sand-packed-32-baseline-w32,4,7200,14abf9a8934fd640,8a68e5259e7df57d535a3e7b53b87d6989796bf33ca1d082e158801c00e47531,32,32,0,0,0.8,1.7,550.6,0,3,20,0,0,16384,0,0,129396,0,0,True,4,,
native-finalists,015-Mercury-Sand-packed-32-baseline-w32-s05,33,2,packed,32,baseline,32,Mercury-Sand-packed-32-baseline-w32,5,7200,5897124f3e78deba,f6c477a6d4c7084700f5706b2932a29c68c08dd7c64bd2a2918aa52b8b779415,32,32,0,0,0.8,1.9,751.5,0,3,20,0,0,16384,0,0,139766,0,0,True,4,,
native-finalists,015-Mercury-Sand-packed-32-baseline-w32-s06,33,2,packed,32,baseline,32,Mercury-Sand-packed-32-baseline-w32,6,7200,6c404c8459650565,50bbe6deec595c4f877493eccef2e4e450617f27f60c5765ca2b92fb13da36aa,32,32,0,0,0.8,1.4,971.6,0,3,20,0,0,16384,0,0,113938,0,0,True,4,,
native-finalists,015-Mercury-Sand-packed-32-baseline-w32-s07,33,2,packed,32,baseline,32,Mercury-Sand-packed-32-baseline-w32,7,7200,916f26c6143b7d0c,91460d8566c8c2830d9de9545b737758a126eed5267d3c65d4ef92e360798c56,32,32,0,0,0.7,1.4,608.6,0,3,20,0,0,16384,0,0,129436,0,0,True,4,,
native-finalists,015-Mercury-Sand-packed-32-baseline-w32-s08,33,2,packed,32,baseline,32,Mercury-Sand-packed-32-baseline-w32,8,7200,61ff9a03200a6ba5,693e706933471d46ed08e6c9fa086aa50c8fba3015461b24b6d37abc2eef6693,32,32,0,0,0.7,1.4,535.3,0,3,20,0,0,16384,0,0,139812,0,0,True,4,,
native-finalists,015-Mercury-Sand-packed-32-baseline-w32-s09,33,2,packed,32,baseline,32,Mercury-Sand-packed-32-baseline-w32,9,7200,ed406ecebbf8449d,77ff7c635eb3eb8e155f8aafa4c0c8813d4d612b87030c90e500263d7818abfb,32,32,0,0,0.8,1.2,681.7,0,3,20,0,0,16384,0,0,119178,0,0,True,4,,
native-finalists,015-Mercury-Sand-packed-32-baseline-w32-s10,33,2,packed,32,baseline,32,Mercury-Sand-packed-32-baseline-w32,10,7200,2812e2b2e38427d,6effc4c7dbb15a88450a632977a9685de87303545c83b1b2c112e17de5aa90be,32,32,0,0,0.8,1.6,692,0,3,20,0,0,16384,0,0,129408,0,0,True,4,,
native-finalists,015-Mercury-Sand-packed-32-baseline-w32-s11,33,2,packed,32,baseline,32,Mercury-Sand-packed-32-baseline-w32,11,7200,423aa9e8363bffe8,fba8e1f4469baf85f96d141776ff6cfcc96ad967749e2c7fa996d10af9927714,32,32,2,0,0.6,1.3,784.1,0,6,20,0,0,16382,0,0,141540,0,0,True,4,,
native-finalists,015-Mercury-Sand-packed-32-baseline-w32-s12,33,2,packed,32,baseline,32,Mercury-Sand-packed-32-baseline-w32,12,7200,250ef3fde6ccf7d2,7ca4088ec777b7ae6d2062797a26057651f5630af6c18c8560ce7449ff791036,32,32,0,0,0.5,0.9,756.9,0,6,20,0,0,16384,0,0,124445,0,0,True,4,,
native-finalists,015-Mercury-Sand-packed-32-baseline-w32-s13,33,2,packed,32,baseline,32,Mercury-Sand-packed-32-baseline-w32,13,7200,25a84ad25c0a2136,cf39294cb37bfa7f57bf092defe3c0eb6792c690d92f883f293cd1beaa23852f,32,32,2,0,0.5,0.8,552.4,0,6,20,0,0,16382,0,0,136181,0,0,True,4,,
native-finalists,015-Mercury-Sand-packed-32-baseline-w32-s14,33,2,packed,32,baseline,32,Mercury-Sand-packed-32-baseline-w32,14,7200,ee3943053f954f5b,23a24396e55d266c2ffe874d7aac4949b73043a8c4f71b44b223903f9cd5939b,32,32,2,0,0.5,0.9,740.7,0,6,20,0,0,16381,0,0,138019,0,0,True,4,,
native-finalists,015-Mercury-Sand-packed-32-baseline-w32-s15,33,2,packed,32,baseline,32,Mercury-Sand-packed-32-baseline-w32,15,7200,234050c26e06492f,d2d59bac2633eec491c4d0d9c0d0fb95ee6f25c1a7bd026fad5c23704bdf001a,32,32,2,0,0.5,1.3,835.5,0,6,20,0,0,16383,0,0,122003,0,0,True,4,,
native-finalists,015-Mercury-Sand-packed-32-baseline-w32-s16,33,2,packed,32,baseline,32,Mercury-Sand-packed-32-baseline-w32,16,7200,71c2bc49d37bb518,6e42e7dd3fd218545edc0ed6222d34ef1735b7d57273d80b444cecec2b756099,32,32,2,0,0.5,0.9,935.3,0,6,20,0,0,16383,0,0,135350,0,0,True,4,,
native-finalists,015-Mercury-Sand-packed-32-baseline-w32-s17,33,2,packed,32,baseline,32,Mercury-Sand-packed-32-baseline-w32,17,7200,4952a78072b0173a,73c427303607f0b466d75072fdc296a82f8293baab4f27e105ccf6d2ecea8703,32,32,2,0,0.5,0.7,539.9,0,6,20,0,0,16382,0,0,142900,0,0,True,4,,
native-finalists,015-Mercury-Sand-packed-32-baseline-w32-s18,33,2,packed,32,baseline,32,Mercury-Sand-packed-32-baseline-w32,18,7200,e8f4f393c404fde,595ac1ffd057608f229b95a8c1830a9c68c10a242b8a6aec8643abb8715134b1,32,32,2,0,0.5,0.8,734.2,0,6,20,0,0,16383,0,0,124409,0,0,True,4,,
native-finalists,015-Mercury-Sand-packed-32-baseline-w32-s19,33,2,packed,32,baseline,32,Mercury-Sand-packed-32-baseline-w32,19,7200,a4684bb52698f1d2,799873360c05e52f4a750e5339a3cebc8847e6543fcbdb5fc410e867f1f6c33f,32,32,2,0,0.5,0.7,521.2,0,6,20,0,0,16382,0,0,135023,0,0,True,4,,
native-finalists,016-Sand-Dust-packed-32-baseline-w32-s00,2,14,packed,32,baseline,32,Sand-Dust-packed-32-baseline-w32,0,7200,6c4de7ea64ddf888,1f04dd2b4067e44422ce671495d555db3c24da85cf92d68ac5d23d6d0bf691e3,32,32,0,0,0.4,0.6,559.8,disabled,6,20,0,0,0,0,0,0,0,0,True,,False,
native-finalists,016-Sand-Dust-packed-32-baseline-w32-s01,2,14,packed,32,baseline,32,Sand-Dust-packed-32-baseline-w32,1,7200,7e90370eb7ee6084,5c27336efc4632f5039baccd192df0cc74036ed4ba03e4f1b9635f8a381482fb,32,32,0,0,0.7,1.1,679.1,disabled,3,20,0,0,0,0,0,0,0,0,True,,False,
native-finalists,016-Sand-Dust-packed-32-baseline-w32-s02,2,14,packed,32,baseline,32,Sand-Dust-packed-32-baseline-w32,2,7200,a71e66e14512958d,2de3c2c7d7c9ae619bc4833bfa18e28f4e232d4d6c4d9445b2d392fa0d18d1e8,32,32,0,0,0.7,1,408.7,disabled,3,20,0,0,0,0,0,0,0,0,True,,False,
native-finalists,016-Sand-Dust-packed-32-baseline-w32-s03,2,14,packed,32,baseline,32,Sand-Dust-packed-32-baseline-w32,3,7200,ee845555d947a28e,e71c640a2c2cf816888c5eac94eaeb6f66d320b82dc4b5e9ef9b23871c68053e,32,32,0,0,0.7,1.5,556.2,disabled,3,20,0,0,0,0,0,0,0,0,True,,False,
native-finalists,016-Sand-Dust-packed-32-baseline-w32-s04,2,14,packed,32,baseline,32,Sand-Dust-packed-32-baseline-w32,4,7200,af9894754348ec0,b7a2fa1d527a9ab1d6e2cd804217f4043b1391c71aee98f359e935c8b539e80a,32,32,0,0,0.7,1.2,616.4,disabled,3,20,0,0,0,0,0,0,0,0,True,,False,
native-finalists,016-Sand-Dust-packed-32-baseline-w32-s05,2,14,packed,32,baseline,32,Sand-Dust-packed-32-baseline-w32,5,7200,8124860384913eba,b9a19b3abf2c4869120bd2172ac2bcdf91652eecf3b6cee4fdb7d6c4dd61ec1e,32,32,0,0,0.7,1,741.4,disabled,3,20,0,0,0,0,0,0,0,0,True,,False,
native-finalists,016-Sand-Dust-packed-32-baseline-w32-s06,2,14,packed,32,baseline,32,Sand-Dust-packed-32-baseline-w32,6,7200,4f1ac97fcbfded65,f601072a5e407fdce49d1ec28fd891bff69fa10623ed65d83ff070e417e92471,32,32,0,0,0.7,1.4,657.2,disabled,3,20,0,0,0,0,0,0,0,0,True,,False,
native-finalists,016-Sand-Dust-packed-32-baseline-w32-s07,2,14,packed,32,baseline,32,Sand-Dust-packed-32-baseline-w32,7,7200,5abf3fd90b5acc0c,c2bea897b8e3c4fb0f1bae0743743a2b355d7e94ee8b65c63edd36f1cee7e426,32,32,0,0,0.7,1.3,954.1,disabled,3,20,0,0,0,0,0,0,0,0,True,,False,
native-finalists,016-Sand-Dust-packed-32-baseline-w32-s08,2,14,packed,32,baseline,32,Sand-Dust-packed-32-baseline-w32,8,7200,fece435c016b60a5,349c1ff592e6d5672b5e522c3517719ad96f3521760a4df2522a3cabcb932db4,32,32,0,0,0.6,1.1,631.3,disabled,3,20,0,0,0,0,0,0,0,0,True,,False,
native-finalists,016-Sand-Dust-packed-32-baseline-w32-s09,2,14,packed,32,baseline,32,Sand-Dust-packed-32-baseline-w32,9,7200,688a37cd38d8785d,166766c6f94d4264f01896b8c993982ce7a5fe693b4797f02d5b15d1478d4f71,32,32,0,0,0.7,1.2,617.1,disabled,3,20,0,0,0,0,0,0,0,0,True,,False,
native-finalists,016-Sand-Dust-packed-32-baseline-w32-s10,2,14,packed,32,baseline,32,Sand-Dust-packed-32-baseline-w32,10,7200,3fee6638b664ef7d,0a52c8323c45d64f895f7bbcd0a42bbb88b3df9d883997d89f295524565cbdcd,32,32,0,0,0.7,1.1,559.8,disabled,3,20,0,0,0,0,0,0,0,0,True,,False,
native-finalists,016-Sand-Dust-packed-32-baseline-w32-s11,2,14,packed,32,baseline,32,Sand-Dust-packed-32-baseline-w32,11,7200,5eb2cb80f4023ff8,dcece5ebc1001e5f1b316588a41cb8e525f11418f09c65f4b496b89acae431cd,32,32,2,0,0.5,0.8,757.5,disabled,6,20,0,0,0,0,0,0,0,0,True,,False,
native-finalists,016-Sand-Dust-packed-32-baseline-w32-s12,2,14,packed,32,baseline,32,Sand-Dust-packed-32-baseline-w32,12,7200,c14a20081f1e1a72,5424d57d5933db4ec698e7e98aa80f212ef011d0d406ebe9e08c0d1f7104fa17,32,32,0,0,0.5,1,820.5,disabled,6,20,0,0,0,0,0,0,0,0,True,,False,
native-finalists,016-Sand-Dust-packed-32-baseline-w32-s13,2,14,packed,32,baseline,32,Sand-Dust-packed-32-baseline-w32,13,7200,81959bc95fce34ce,8c3c8b534d5976767fdbc315098b74a7d7158e2a93aef3d0a394f32ffa4f9941,32,32,2,0,0.5,1.2,872.5,disabled,6,20,0,0,0,0,0,0,0,0,True,,False,
native-finalists,016-Sand-Dust-packed-32-baseline-w32-s14,2,14,packed,32,baseline,32,Sand-Dust-packed-32-baseline-w32,14,7200,e7a0fe2b60e0ec43,e4c6ffbcb46f4bff6270cc34206efec2f14549a9f476d9eb421999f82fa09632,32,32,2,0,0.5,0.8,513.6,disabled,6,20,0,0,0,0,0,0,0,0,True,,False,
native-finalists,016-Sand-Dust-packed-32-baseline-w32-s15,2,14,packed,32,baseline,32,Sand-Dust-packed-32-baseline-w32,15,7200,f3715069cb329be7,5661b1a3bc5f28964cd129cb532d2d2da137d377978f6b688a960aef5cc215dc,32,32,2,0,0.5,0.8,813.4,disabled,6,20,0,0,0,0,0,0,0,0,True,,False,
native-finalists,016-Sand-Dust-packed-32-baseline-w32-s16,2,14,packed,32,baseline,32,Sand-Dust-packed-32-baseline-w32,16,7200,105a345f3d034dbe,f658f1fd38451c1fd7fa9d500771cda3a7d2543e615b68e9f5c7aa90fe71c0df,32,32,2,0,0.5,1,365.2,disabled,6,20,0,0,0,0,0,0,0,0,True,,False,
native-finalists,016-Sand-Dust-packed-32-baseline-w32-s17,2,14,packed,32,baseline,32,Sand-Dust-packed-32-baseline-w32,17,7200,f1ec08070f85ce42,d776fc6a63d528d160592aa18a7a3137aa706f23278a2ce2c2c21f4825f99bfd,32,32,2,0,0.5,0.9,554,disabled,6,20,0,0,0,0,0,0,0,0,True,,False,
native-finalists,016-Sand-Dust-packed-32-baseline-w32-s18,2,14,packed,32,baseline,32,Sand-Dust-packed-32-baseline-w32,18,7200,1f5dc11a107cbcac,78ae91797f77e4351e55d6b8927a7a7c015c0d918a75f4396f8f8d0d7f232ca4,32,32,2,0,0.5,0.8,689,disabled,6,20,0,0,0,0,0,0,0,0,True,,False,
native-finalists,016-Sand-Dust-packed-32-baseline-w32-s19,2,14,packed,32,baseline,32,Sand-Dust-packed-32-baseline-w32,19,7200,484a69d23b6bb3ee,dc6f6287e85ba010b9477f428dee50c5506d5c22a0b8817156b323e1f6e81d83,32,32,2,0,0.5,1.2,801.4,disabled,6,20,0,0,0,0,0,0,0,0,True,,False,
native-finalists,017-Mercury-Sand-packed-32-baseline-w32-s00,33,2,packed,32,baseline,32,Mercury-Sand-packed-32-baseline-w32,0,7200,4c979691ece00788,9395fd2d925d2373bda7794d1adfb60541c832fda26525dfd312c2db7d491339,32,32,0,0,0.4,0.6,636.6,disabled,6,20,0,0,0,0,0,0,0,0,True,,False,
native-finalists,017-Mercury-Sand-packed-32-baseline-w32-s01,33,2,packed,32,baseline,32,Mercury-Sand-packed-32-baseline-w32,1,7200,256588c94f7a4704,3626f7a12c6ae08e6495e6f54921461b7914f2dfa57a88057b1d8023e1d8453d,32,32,0,0,0.7,1.2,813.8,disabled,3,20,0,0,0,0,0,0,0,0,True,,False,
native-finalists,017-Mercury-Sand-packed-32-baseline-w32-s02,33,2,packed,32,baseline,32,Mercury-Sand-packed-32-baseline-w32,2,7200,e72c631595f0d38d,fdad5b0a63369a45be5f34653a04bc5b97adec03f388a04a6f194cffc3870349,32,32,0,0,0.7,1.1,352.7,disabled,3,20,0,0,0,0,0,0,0,0,True,,False,
native-finalists,017-Mercury-Sand-packed-32-baseline-w32-s03,33,2,packed,32,baseline,32,Mercury-Sand-packed-32-baseline-w32,3,7200,556c89dbeb149cce,1c5b4bf61dd9222e9a52648eb07d89476675fe15e08090a7d64832b1d521217b,32,32,0,0,0.7,1.2,694.5,disabled,3,20,0,0,0,0,0,0,0,0,True,,False,
native-finalists,017-Mercury-Sand-packed-32-baseline-w32-s04,33,2,packed,32,baseline,32,Mercury-Sand-packed-32-baseline-w32,4,7200,14abf9a8934fd640,805070600a392bb2d134f7baa7c5aadcc2b645aad694bd82d4724da9a92a9885,32,32,0,0,0.7,1.1,560.1,disabled,3,20,0,0,0,0,0,0,0,0,True,,False,
native-finalists,017-Mercury-Sand-packed-32-baseline-w32-s05,33,2,packed,32,baseline,32,Mercury-Sand-packed-32-baseline-w32,5,7200,5897124f3e78deba,0e5f9b1f8b43fafbbae3830622caf7df251c1a32bc8905ca3202206a54d33c7a,32,32,0,0,0.7,1.1,1048.5,disabled,3,20,0,0,0,0,0,0,0,0,True,,False,
native-finalists,017-Mercury-Sand-packed-32-baseline-w32-s06,33,2,packed,32,baseline,32,Mercury-Sand-packed-32-baseline-w32,6,7200,6c404c8459650565,52ec62e5f262d2769c1e8475ec9b64463ec8efcd2d923a2db799ec2be6fae0ea,32,32,0,0,0.7,1.2,693.1,disabled,3,20,0,0,0,0,0,0,0,0,True,,False,
native-finalists,017-Mercury-Sand-packed-32-baseline-w32-s07,33,2,packed,32,baseline,32,Mercury-Sand-packed-32-baseline-w32,7,7200,916f26c6143b7d0c,8d83adfcc2181e25443fc021e4b9f2881b2d65be69fb864005eceb4f23891e1c,32,32,0,0,0.7,1.2,623.3,disabled,3,20,0,0,0,0,0,0,0,0,True,,False,
native-finalists,017-Mercury-Sand-packed-32-baseline-w32-s08,33,2,packed,32,baseline,32,Mercury-Sand-packed-32-baseline-w32,8,7200,61ff9a03200a6ba5,f69ee30310c739cad37020149ef0d8c90abc22c8d1554e4ba00a86f83b40baba,32,32,0,0,0.6,1.1,642.3,disabled,3,20,0,0,0,0,0,0,0,0,True,,False,
native-finalists,017-Mercury-Sand-packed-32-baseline-w32-s09,33,2,packed,32,baseline,32,Mercury-Sand-packed-32-baseline-w32,9,7200,ed406ecebbf8449d,19bba5eb4910153a19102e2853c5aaa586ca25f910433375a47549d7226c77bb,32,32,0,0,0.7,0.9,513.8,disabled,3,20,0,0,0,0,0,0,0,0,True,,False,
native-finalists,017-Mercury-Sand-packed-32-baseline-w32-s10,33,2,packed,32,baseline,32,Mercury-Sand-packed-32-baseline-w32,10,7200,2812e2b2e38427d,623226e372b262751e7e02fc93424ad5e7b0afb3e8701e4f5c89e8955c3e271b,32,32,0,0,0.7,1.1,873.2,disabled,3,20,0,0,0,0,0,0,0,0,True,,False,
native-finalists,017-Mercury-Sand-packed-32-baseline-w32-s11,33,2,packed,32,baseline,32,Mercury-Sand-packed-32-baseline-w32,11,7200,423aa9e8363bffe8,88c16aaadf136940ccb20af51a127dd5dc0a105fd37d8a76d791bb2cd0506c60,32,32,2,0,0.5,0.8,332.4,disabled,6,20,0,0,0,0,0,0,0,0,True,,False,
native-finalists,017-Mercury-Sand-packed-32-baseline-w32-s12,33,2,packed,32,baseline,32,Mercury-Sand-packed-32-baseline-w32,12,7200,250ef3fde6ccf7d2,61731787126a509965e991598579b8f067d2207997b1947e93a7d956bfd86af9,32,32,0,0,0.5,0.7,394.6,disabled,6,20,0,0,0,0,0,0,0,0,True,,False,
native-finalists,017-Mercury-Sand-packed-32-baseline-w32-s13,33,2,packed,32,baseline,32,Mercury-Sand-packed-32-baseline-w32,13,7200,25a84ad25c0a2136,8a8baca31ad8cd9b2dc6a6168e244efdb9cc5cd52e39213311908f7c0b530cfc,32,32,2,0,0.5,0.7,556.2,disabled,6,20,0,0,0,0,0,0,0,0,True,,False,
native-finalists,017-Mercury-Sand-packed-32-baseline-w32-s14,33,2,packed,32,baseline,32,Mercury-Sand-packed-32-baseline-w32,14,7200,ee3943053f954f5b,06d3cc4f68a123c0d33da8d7ef04d77361b8798ad4a50a3e028c3ff1eca081bd,32,32,2,0,0.5,0.7,664.5,disabled,6,20,0,0,0,0,0,0,0,0,True,,False,
native-finalists,017-Mercury-Sand-packed-32-baseline-w32-s15,33,2,packed,32,baseline,32,Mercury-Sand-packed-32-baseline-w32,15,7200,234050c26e06492f,6787495923638367d1147318c50182b0b8b30ef95768e49aeac837b7d1127e0d,32,32,2,0,0.5,0.6,356.2,disabled,6,20,0,0,0,0,0,0,0,0,True,,False,
native-finalists,017-Mercury-Sand-packed-32-baseline-w32-s16,33,2,packed,32,baseline,32,Mercury-Sand-packed-32-baseline-w32,16,7200,71c2bc49d37bb518,47e76a662fad606a2ab59ed356926a93b26151db306ba00053aa78ca5e9857fc,32,32,2,0,0.5,0.8,694.6,disabled,6,20,0,0,0,0,0,0,0,0,True,,False,
native-finalists,017-Mercury-Sand-packed-32-baseline-w32-s17,33,2,packed,32,baseline,32,Mercury-Sand-packed-32-baseline-w32,17,7200,4952a78072b0173a,3d7f376fb3feb57ac2a947692b29d86189d05e3e49560e283967153ced823d14,32,32,2,0,0.5,0.8,872.3,disabled,6,20,0,0,0,0,0,0,0,0,True,,False,
native-finalists,017-Mercury-Sand-packed-32-baseline-w32-s18,33,2,packed,32,baseline,32,Mercury-Sand-packed-32-baseline-w32,18,7200,e8f4f393c404fde,259ab1d35b5deaeb26378b8741a7586c20fde4dc93310e9ffb00d35abbfa28be,32,32,2,0,0.5,1.2,774.1,disabled,6,20,0,0,0,0,0,0,0,0,True,,False,
native-finalists,017-Mercury-Sand-packed-32-baseline-w32-s19,33,2,packed,32,baseline,32,Mercury-Sand-packed-32-baseline-w32,19,7200,a4684bb52698f1d2,3f42965c1dc561455df0bd92ae9ead5bdba01a3e187883ffea8df838ce04cbbf,32,32,2,0,0.5,0.8,541.5,disabled,6,20,0,0,0,0,0,0,0,0,True,,False,
native-finalists,018-Sand-Dust-packed-32-baseline-w32-s00,2,14,packed,32,baseline,32,Sand-Dust-packed-32-baseline-w32,0,7200,bf093cc89af6d697,463fcdbd04ff2612e27d65c5d9a7c6dfef4112cb2378555007e2082998548881,32,32,0,0,0.5,0.9,552.5,0,0,20,0,0,16384,0,0,112128,0,0,True,,,True
native-finalists,018-Sand-Dust-packed-32-baseline-w32-s01,2,14,packed,32,baseline,32,Sand-Dust-packed-32-baseline-w32,1,7200,17a3f4ad80e94232,3e256e1a3e949c731018a6c112b03029e323bf8f0786029ea4e233c746a543a6,32,32,0,0,0.5,0.9,805.3,0,0,20,0,0,16384,0,0,97344,0,0,True,,,True
native-finalists,018-Sand-Dust-packed-32-baseline-w32-s02,2,14,packed,32,baseline,32,Sand-Dust-packed-32-baseline-w32,2,7200,dfe344bf999760cb,75bc0efef31ffd504ac38d4797f8e2f4573e13176bf4e3660fcfc748bec15a2f,32,32,0,0,0.4,0.8,794.2,0,0,20,0,0,16384,0,0,91968,0,0,True,,,True
native-finalists,018-Sand-Dust-packed-32-baseline-w32-s03,2,14,packed,32,baseline,32,Sand-Dust-packed-32-baseline-w32,3,7200,386c8ab9604eb3b0,9bd07045e88db3fd8f01cf0b634438ae839efb6f66fca3863a3077a982a016a4,32,32,0,0,0.4,0.7,666.1,0,0,20,0,0,16384,0,0,109440,0,0,True,,,True
native-finalists,018-Sand-Dust-packed-32-baseline-w32-s04,2,14,packed,32,baseline,32,Sand-Dust-packed-32-baseline-w32,4,7200,a817c865c8224ee6,fc0e4cacfe1b6c87132acd56c2fd9516a972a05737626167a8e0f2e25dfcc514,32,32,0,0,0.5,1.1,651.2,0,0,20,0,0,16384,0,0,96000,0,0,True,,,True
native-finalists,018-Sand-Dust-packed-32-baseline-w32-s05,2,14,packed,32,baseline,32,Sand-Dust-packed-32-baseline-w32,5,7200,e3efa0243e087a20,2c52fe133d71f5d47d91eb9aba17a9249a219c548c9edd6f362a4bd3d25395ab,32,32,0,0,0.4,0.8,846.3,0,0,20,0,0,16384,0,0,91968,0,0,True,,,True
native-finalists,018-Sand-Dust-packed-32-baseline-w32-s06,2,14,packed,32,baseline,32,Sand-Dust-packed-32-baseline-w32,6,7200,f2ae87e74c1ea0cb,89db8770bfd11c301110811e910db85c04b322b4b19e249985999d1414126b5f,32,32,0,0,0.4,0.8,568.6,0,0,20,0,0,16384,0,0,106944,0,0,True,,,True
native-finalists,018-Sand-Dust-packed-32-baseline-w32-s07,2,14,packed,32,baseline,32,Sand-Dust-packed-32-baseline-w32,7,7200,1a5b39a308f4529a,e17493bcf3a180e7b88fbf0371d194f61ef275871d96b8d99c492b24c36c38a9,32,32,0,0,0.4,0.8,721.9,0,0,20,0,0,16384,0,0,94848,0,0,True,,,True
native-finalists,018-Sand-Dust-packed-32-baseline-w32-s08,2,14,packed,32,baseline,32,Sand-Dust-packed-32-baseline-w32,8,7200,981cb5ee9cd2d67c,becd01a77d208f24cdb306a4252f4591785c9d1f64ed7ca1a51fa52bb2f78713,32,32,0,0,0.4,0.7,536.5,0,0,20,0,0,16384,0,0,92160,0,0,True,,,True
native-finalists,018-Sand-Dust-packed-32-baseline-w32-s09,2,14,packed,32,baseline,32,Sand-Dust-packed-32-baseline-w32,9,7200,49042dbcf3c6f6e3,c2308b9b243b8cc81da679a0fa860d14ab0e8cd495f4f9ec742751e0fba19fec,32,32,0,0,0.4,0.7,608.3,0,0,20,0,0,16384,0,0,104640,0,0,True,,,True
native-finalists,018-Sand-Dust-packed-32-baseline-w32-s10,2,14,packed,32,baseline,32,Sand-Dust-packed-32-baseline-w32,10,7200,ea59ccd85869ab8b,e342cfed554cd788e4b87054537ffe0936e82304d1d4aa4911b5fc7a717f1d0b,32,32,0,0,0.5,0.9,596.6,0,0,20,0,0,16384,0,0,93888,0,0,True,,,True
native-finalists,018-Sand-Dust-packed-32-baseline-w32-s11,2,14,packed,32,baseline,32,Sand-Dust-packed-32-baseline-w32,11,7200,1ed6715d305c0ae2,ef2a93df55f2477754295f35622d83a1c9516cfa0a93db6b6a060e6bbe8e818b,32,32,0,0,0.5,0.9,763.1,0,0,20,0,0,16384,0,0,89568,0,0,True,,,True
native-finalists,018-Sand-Dust-packed-32-baseline-w32-s12,2,14,packed,32,baseline,32,Sand-Dust-packed-32-baseline-w32,12,7200,a227ad6503ab2909,bb31cbb5e5388d9858a2bf95fc8733ab70467ea4da68de5f19f9b4b01681c5ac,32,32,0,0,0.5,1,1334.4,0,0,20,0,0,16384,0,0,102528,0,0,True,,,True
native-finalists,018-Sand-Dust-packed-32-baseline-w32-s13,2,14,packed,32,baseline,32,Sand-Dust-packed-32-baseline-w32,13,7200,31c8956e982f321,6d092a0d33cef7bd2ff83d57c751042795a5a4ca2aaf273382e46d53f11f7c08,32,32,0,0,0.5,1.1,754.8,0,0,20,0,0,16384,0,0,93120,0,0,True,,,True
native-finalists,018-Sand-Dust-packed-32-baseline-w32-s14,2,14,packed,32,baseline,32,Sand-Dust-packed-32-baseline-w32,14,7200,26f9b785a3af5596,c7fb18f4787515a2c6c8d7f4a7d01485da9746ba3b83c0d9a890b5602d7ab427,32,32,0,0,0.5,0.8,960.1,0,0,20,0,0,16384,0,0,87360,0,0,True,,,True
native-finalists,018-Sand-Dust-packed-32-baseline-w32-s15,2,14,packed,32,baseline,32,Sand-Dust-packed-32-baseline-w32,15,7200,49bc80564d2e9670,3a63c292eb22f8330efab406f84fdcfb3540f64e1b858db36cd4d5c21636a920,32,32,0,0,0.5,0.9,760.1,0,0,20,0,0,16384,0,0,100608,0,0,True,,,True
native-finalists,018-Sand-Dust-packed-32-baseline-w32-s16,2,14,packed,32,baseline,32,Sand-Dust-packed-32-baseline-w32,16,7200,c258e006a6f57c0d,7f1464c041879c4357486c621cba9b01e1d6820928e8439cd37d4257c042a193,32,32,0,0,0.5,1,1069.2,0,0,20,0,0,16384,0,0,92544,0,0,True,,,True
native-finalists,018-Sand-Dust-packed-32-baseline-w32-s17,2,14,packed,32,baseline,32,Sand-Dust-packed-32-baseline-w32,17,7200,263a458eac51e123,eecfdafd89fdd26e4d7610f61f510aaacc6b0cb63d41298a0cf474ba927fd679,32,32,0,0,0.5,0.8,772.1,0,0,20,0,0,16384,0,0,85536,0,0,True,,,True
native-finalists,018-Sand-Dust-packed-32-baseline-w32-s18,2,14,packed,32,baseline,32,Sand-Dust-packed-32-baseline-w32,18,7200,b31a0dc836f34a53,ae3c1d2562afaceec8115fdfd5276226bd380eab798f8eb9f4361f49745ce819,32,32,0,0,0.5,0.8,747.3,0,0,20,0,0,16384,0,0,98880,0,0,True,,,True
native-finalists,018-Sand-Dust-packed-32-baseline-w32-s19,2,14,packed,32,baseline,32,Sand-Dust-packed-32-baseline-w32,19,7200,671dc402fa4dd359,2de76cc0bf8604038856bd1ffe680a6153414987894e3718714a1a0c19e55ef2,32,32,0,0,0.5,0.8,881.8,0,0,20,0,0,16384,0,0,92160,0,0,True,,,True
native-finalists,019-Mercury-Sand-packed-32-baseline-w32-s00,33,2,packed,32,baseline,32,Mercury-Sand-packed-32-baseline-w32,0,7200,2c60300589f4bf97,2aba71a70ea21a8531db1f04125a528e27550aab07ae575910d46b65c6fd35c5,32,32,0,0,0.5,1.2,851.1,0,0,20,0,0,16384,0,0,114010,0,0,True,,,True
native-finalists,019-Mercury-Sand-packed-32-baseline-w32-s01,33,2,packed,32,baseline,32,Mercury-Sand-packed-32-baseline-w32,1,7200,ae687e441d6e90b2,214856335ae0a3aef44cd7416468992899806680fc475c35936c0360d626de02,32,32,0,0,0.4,0.8,568.4,0,0,20,0,0,16384,0,0,99272,0,0,True,,,True
native-finalists,019-Mercury-Sand-packed-32-baseline-w32-s02,33,2,packed,32,baseline,32,Mercury-Sand-packed-32-baseline-w32,2,7200,355cf88b94f7decb,06f10480fb3d26bc9a90ef003372fd545edbd7e1902d27da712e88b2603bfdfd,32,32,0,0,0.4,0.8,819.7,0,0,20,0,0,16384,0,0,93852,0,0,True,,,True
native-finalists,019-Mercury-Sand-packed-32-baseline-w32-s03,33,2,packed,32,baseline,32,Mercury-Sand-packed-32-baseline-w32,3,7200,8cd0280811da4570,827d0d0020f64db4e93b76005e9da74f1c4886575e1c42bca0a1ebc5ea52ccd2,32,32,0,0,0.5,0.9,805.9,0,0,20,0,0,16384,0,0,111332,0,0,True,,,True
native-finalists,019-Mercury-Sand-packed-32-baseline-w32-s04,33,2,packed,32,baseline,32,Mercury-Sand-packed-32-baseline-w32,4,7200,f5b3c068dbec9ae6,a8d353852aeb3026a86be2a9a90fc25ea3035c00d9c685abbe6df244055b4d93,32,32,0,0,0.5,0.7,698.7,0,0,20,0,0,16384,0,0,97908,0,0,True,,,True
native-finalists,019-Mercury-Sand-packed-32-baseline-w32-s05,33,2,packed,32,baseline,32,Mercury-Sand-packed-32-baseline-w32,5,7200,6e45419d13f18a20,1db90df1513b62aec0605a9ddd0c4efabd0762c4e067d0228eb9aa9d81566747,32,32,0,0,0.4,0.9,768.8,0,0,20,0,0,16384,0,0,93870,0,0,True,,,True
native-finalists,019-Mercury-Sand-packed-32-baseline-w32-s06,33,2,packed,32,baseline,32,Mercury-Sand-packed-32-baseline-w32,6,7200,d239a4d1e40f544b,f37202d654e2c0fe9fafe5c1ad031c6bf753b290fc118e107f076ecc7a093b09,32,32,0,0,0.4,0.7,372.7,0,0,20,0,0,16384,0,0,108850,0,0,True,,,True
native-finalists,019-Mercury-Sand-packed-32-baseline-w32-s07,33,2,packed,32,baseline,32,Mercury-Sand-packed-32-baseline-w32,7,7200,64e608677885e89a,faddf5956a8e761dd78ef3e53fb3d6a2f7f0a290420d266e5e97f12de5564d3f,32,32,0,0,0.4,0.8,538.5,0,0,20,0,0,16384,0,0,96784,0,0,True,,,True
native-finalists,019-Mercury-Sand-packed-32-baseline-w32-s08,33,2,packed,32,baseline,32,Mercury-Sand-packed-32-baseline-w32,8,7200,40aaa79765475b7c,3b762dc0fab26659cf47570abb42b3a33c0223880b39747fff5c4af332fa3384,32,32,0,0,0.4,0.7,403.2,0,0,20,0,0,16384,0,0,94076,0,0,True,,,True
native-finalists,019-Mercury-Sand-packed-32-baseline-w32-s09,33,2,packed,32,baseline,32,Mercury-Sand-packed-32-baseline-w32,9,7200,e2996baef72a1ca3,8e684565e1e2acfd8ce462f56789e69934be7889c2903d6a0f7b935b56a13bad,32,32,0,0,0.4,0.7,595.8,0,0,20,0,0,16384,0,0,106602,0,0,True,,,True
native-finalists,019-Mercury-Sand-packed-32-baseline-w32-s10,33,2,packed,32,baseline,32,Mercury-Sand-packed-32-baseline-w32,10,7200,1cb701671a0c1d8b,6c7882cfd601a7108fe0b60836ce48aee2bd261251bcb04f9cef15140a0f4062,32,32,0,0,0.4,0.7,480.8,0,0,20,0,0,16384,0,0,95824,0,0,True,,,True
native-finalists,019-Mercury-Sand-packed-32-baseline-w32-s11,33,2,packed,32,baseline,32,Mercury-Sand-packed-32-baseline-w32,11,7200,22c1ed9ccd77011a,771a9a7c17d67c0ce265add4d4a8b0a17e2bcc61e39b91ce664c3527891bce7c,32,32,0,0,0.4,1,1104.2,0,0,20,0,0,16384,0,0,91492,0,0,True,,,True
native-finalists,019-Mercury-Sand-packed-32-baseline-w32-s12,33,2,packed,32,baseline,32,Mercury-Sand-packed-32-baseline-w32,12,7200,e8e07683383f96a9,9466f09950873ba3b61f998fd7bd34ae7aeacfa58cf169519725a62fc5a35419,32,32,0,0,0.4,0.8,853.3,0,0,20,0,0,16384,0,0,104480,0,0,True,,,True
native-finalists,019-Mercury-Sand-packed-32-baseline-w32-s13,33,2,packed,32,baseline,32,Mercury-Sand-packed-32-baseline-w32,13,7200,3175a75d39d49ce5,978cf8a970913316b01704540e0e7c6d6b891cbe07d011c6a1a6ebdfbe73e39d,32,32,0,0,0.4,0.8,530.6,0,0,20,0,0,16384,0,0,95022,0,0,True,,,True
native-finalists,019-Mercury-Sand-packed-32-baseline-w32-s14,33,2,packed,32,baseline,32,Mercury-Sand-packed-32-baseline-w32,14,7200,3cef610b95e2e716,2511413012e44161e6e28dafe9cf8fe18488cb63ebf22cb47cfbb1ad1aeb461e,32,32,0,0,0.4,0.8,975.3,0,0,20,0,0,16384,0,0,89238,0,0,True,,,True
native-finalists,019-Mercury-Sand-packed-32-baseline-w32-s15,33,2,packed,32,baseline,32,Mercury-Sand-packed-32-baseline-w32,15,7200,4db6ee2e6ed62734,0328c3917a2c67921727930ac61113c04f9941192b904db9dc121ea46f5a6c6f,32,32,0,0,0.5,1,519.5,0,0,20,0,0,16384,0,0,102514,0,0,True,,,True
native-finalists,019-Mercury-Sand-packed-32-baseline-w32-s16,33,2,packed,32,baseline,32,Mercury-Sand-packed-32-baseline-w32,16,7200,9e4010728e350d8d,8bf779daacd90efd1eb82350f781798231bfe53e0a17e706b437b6f2da702c4c,32,32,0,0,0.5,1.3,1554.7,0,0,20,0,0,16384,0,0,94454,0,0,True,,,True
native-finalists,019-Mercury-Sand-packed-32-baseline-w32-s17,33,2,packed,32,baseline,32,Mercury-Sand-packed-32-baseline-w32,17,7200,173fa54a020008ab,48ba69bd74888443a31b5308895ecf0be274d4312984f53a0a483ec87dafabc3,32,32,0,0,0.5,1,1371.6,0,0,20,0,0,16384,0,0,87402,0,0,True,,,True
native-finalists,019-Mercury-Sand-packed-32-baseline-w32-s18,33,2,packed,32,baseline,32,Mercury-Sand-packed-32-baseline-w32,18,7200,f5d53827af36bc8b,daf98a924e22f4dc77cac60c9c65fe376940a43057ca3cf2a1d2ac721022e978,32,32,0,0,0.5,1.4,851.9,0,0,20,0,0,16384,0,0,100790,0,0,True,,,True
native-finalists,019-Mercury-Sand-packed-32-baseline-w32-s19,33,2,packed,32,baseline,32,Mercury-Sand-packed-32-baseline-w32,19,7200,137ce6d58ce59761,00f810ede393a13d4eadae3ae09ad896ba7cc7bca9089233b8e3c0d932c99398,32,32,0,0,0.5,0.9,788.3,0,0,20,0,0,16384,0,0,94036,0,0,True,,,True
native-finalists,020-Sand-Dust-packed-32-baseline-w32-s00,2,14,packed,32,baseline,32,Sand-Dust-packed-32-baseline-w32,0,7200,6c4de7ea64ddf888,16d1b30c187bacc27cc814f72d4f81e91602b7afdd167cc84a930f3834acc58a,32,32,0,0,0.5,1.2,725.9,0,6,20,0,0,16384,0,0,112128,0,0,True,,,
native-finalists,020-Sand-Dust-packed-32-baseline-w32-s01,2,14,packed,32,baseline,32,Sand-Dust-packed-32-baseline-w32,1,7200,7e90370eb7ee6084,60e4e0dee3b052656dd0bd73d9f8774b07ae7c9c50cce9ad5160438b52339118,32,32,0,0,0.7,1.2,458.2,0,3,20,0,0,16384,0,0,125664,0,0,True,,,
native-finalists,020-Sand-Dust-packed-32-baseline-w32-s02,2,14,packed,32,baseline,32,Sand-Dust-packed-32-baseline-w32,2,7200,a71e66e14512958d,dbe2e33b294194eb95844f360e91c5cabb838b6fc5e737d98d78523a3a60e5af,32,32,0,0,0.7,1.1,379.1,0,3,20,0,0,16384,0,0,130080,0,0,True,,,
native-finalists,020-Sand-Dust-packed-32-baseline-w32-s03,2,14,packed,32,baseline,32,Sand-Dust-packed-32-baseline-w32,3,7200,ee845555d947a28e,1f1990358fac367cfef97d3e4399c77b11c47d5eb18a98854f1ab3255ed4e1b0,32,32,0,0,0.7,1.5,484.1,0,3,20,0,0,16384,0,0,112128,0,0,True,,,
native-finalists,020-Sand-Dust-packed-32-baseline-w32-s04,2,14,packed,32,baseline,32,Sand-Dust-packed-32-baseline-w32,4,7200,af9894754348ec0,2d503cbf0f994acc54de7d36c4b5e521657e9548c01b78a41b9866e1d1398c3a,32,32,0,0,0.7,1,809.2,0,3,20,0,0,16384,0,0,125664,0,0,True,,,
native-finalists,020-Sand-Dust-packed-32-baseline-w32-s05,2,14,packed,32,baseline,32,Sand-Dust-packed-32-baseline-w32,5,7200,8124860384913eba,6aa776ba698f2c1984f9e64291e0b5f59e918a89d582c1965467d3af0ad21dfc,32,32,0,0,0.7,1.2,377.2,0,3,20,0,0,16384,0,0,134688,0,0,True,,,
native-finalists,020-Sand-Dust-packed-32-baseline-w32-s06,2,14,packed,32,baseline,32,Sand-Dust-packed-32-baseline-w32,6,7200,4f1ac97fcbfded65,b75c38fd1aa0921e303713bc6df4490f64ad6d7e796b27cf67d709670cbaa304,32,32,0,0,0.7,1.1,558,0,3,20,0,0,16384,0,0,112032,0,0,True,,,
native-finalists,020-Sand-Dust-packed-32-baseline-w32-s07,2,14,packed,32,baseline,32,Sand-Dust-packed-32-baseline-w32,7,7200,5abf3fd90b5acc0c,2b5b63abd25492e75d9cf7da2eedf74bff0408d97f69472b97891292436f6530,32,32,0,0,0.7,0.9,669.6,0,3,20,0,0,16384,0,0,125664,0,0,True,,,
native-finalists,020-Sand-Dust-packed-32-baseline-w32-s08,2,14,packed,32,baseline,32,Sand-Dust-packed-32-baseline-w32,8,7200,fece435c016b60a5,b1fcc0d21f65c538500c80dfc23a5fcb4b24575f924d8ce105ab68274dbeacf9,32,32,0,0,0.6,1.3,680.2,0,3,20,0,0,16384,0,0,134688,0,0,True,,,
native-finalists,020-Sand-Dust-packed-32-baseline-w32-s09,2,14,packed,32,baseline,32,Sand-Dust-packed-32-baseline-w32,9,7200,688a37cd38d8785d,ebcd9e66cc324c7854ff3e3953802b5c2474034613f35ec8899a64b7dda73b3b,32,32,0,0,0.8,1.5,954.1,0,3,20,0,0,16384,0,0,116640,0,0,True,,,
native-finalists,020-Sand-Dust-packed-32-baseline-w32-s10,2,14,packed,32,baseline,32,Sand-Dust-packed-32-baseline-w32,10,7200,3fee6638b664ef7d,a752081bd6288e18f91a5abd98eb2b58a674b3d5809c46776fe1a12b2146d75c,32,32,0,0,0.8,1.5,1632.2,0,3,20,0,0,16384,0,0,125568,0,0,True,,,
native-finalists,020-Sand-Dust-packed-32-baseline-w32-s11,2,14,packed,32,baseline,32,Sand-Dust-packed-32-baseline-w32,11,7200,5eb2cb80f4023ff8,aafb458794cfad89a7e5daadbf3390c4c9173beee35ddc48e93bdaae61e05de7,32,32,2,0,0.6,1.2,844.3,0,6,20,0,0,16382,0,0,136426,0,0,True,,,
native-finalists,020-Sand-Dust-packed-32-baseline-w32-s12,2,14,packed,32,baseline,32,Sand-Dust-packed-32-baseline-w32,12,7200,c14a20081f1e1a72,735cd0e35e7bf576881adff6feebd492dac49fd46070d46a675609288287bf30,32,32,0,0,0.5,0.9,491,0,6,20,0,0,16384,0,0,121407,0,0,True,,,
native-finalists,020-Sand-Dust-packed-32-baseline-w32-s13,2,14,packed,32,baseline,32,Sand-Dust-packed-32-baseline-w32,13,7200,81959bc95fce34ce,23960acf62561f4afa8c162b0f115236d98a0e096eb7533f6519661732a30cd6,32,32,2,0,0.5,1.1,1017.8,0,6,20,0,0,16382,0,0,131637,0,0,True,,,
native-finalists,020-Sand-Dust-packed-32-baseline-w32-s14,2,14,packed,32,baseline,32,Sand-Dust-packed-32-baseline-w32,14,7200,e7a0fe2b60e0ec43,3318bafeb64bb21f3d93885ebad898b489675a28aa9e9a98e6fd3e3edbb1a5db,32,32,2,0,0.5,1.3,839.4,0,6,20,0,0,16381,0,0,132897,0,0,True,,,
native-finalists,020-Sand-Dust-packed-32-baseline-w32-s15,2,14,packed,32,baseline,32,Sand-Dust-packed-32-baseline-w32,15,7200,f3715069cb329be7,1bea540cf8898795765c42b26f57d9ae258e1b32696c4d161e93bca5e19fe540,32,32,2,0,0.5,1.3,699.3,0,6,20,0,0,16383,0,0,119199,0,0,True,,,
native-finalists,020-Sand-Dust-packed-32-baseline-w32-s16,2,14,packed,32,baseline,32,Sand-Dust-packed-32-baseline-w32,16,7200,105a345f3d034dbe,45a6c75590435f07485ed405a486f4f3c1a531a9cd80e452d444920c6a789a3f,32,32,2,0,0.6,1.5,3983.5,0,6,20,0,0,16383,0,0,130820,0,0,True,,,
native-finalists,020-Sand-Dust-packed-32-baseline-w32-s17,2,14,packed,32,baseline,32,Sand-Dust-packed-32-baseline-w32,17,7200,f1ec08070f85ce42,a2dce715c5414ad678ad65a0c3da5aa2d813a69adcb57933feb31703430f66db,32,32,2,0,0.5,0.9,876.2,0,6,20,0,0,16382,0,0,137220,0,0,True,,,
native-finalists,020-Sand-Dust-packed-32-baseline-w32-s18,2,14,packed,32,baseline,32,Sand-Dust-packed-32-baseline-w32,18,7200,1f5dc11a107cbcac,b9e0ff4bd4e198a9a35fd7634d1631b99507567e73629bb60d2b261037140f2e,32,32,2,0,0.5,1.4,802.1,0,6,20,0,0,16383,0,0,121323,0,0,True,,,
native-finalists,020-Sand-Dust-packed-32-baseline-w32-s19,2,14,packed,32,baseline,32,Sand-Dust-packed-32-baseline-w32,19,7200,484a69d23b6bb3ee,abe86b2a20823b4f34b858ba19e0ff5233d901830ce7c2acc8df58f6540f7d62,32,32,2,0,0.5,1.1,3064.2,0,6,20,0,0,16382,0,0,130587,0,0,True,,,
native-finalists,021-Mercury-Sand-packed-32-baseline-w32-s00,33,2,packed,32,baseline,32,Mercury-Sand-packed-32-baseline-w32,0,7200,4c979691ece00788,fa996d0783a6f2149beb604f09517bbd69eddcbf9e05e3cca4380528bdbdd5b1,32,32,0,0,0.6,1.3,497,0,6,20,0,0,16384,0,0,114010,0,0,True,,,
native-finalists,021-Mercury-Sand-packed-32-baseline-w32-s01,33,2,packed,32,baseline,32,Mercury-Sand-packed-32-baseline-w32,1,7200,256588c94f7a4704,6a092c44f22b9c8cbed99c32000acba5fac5f2ec7134c8702467d54d6bd28aff,32,32,0,0,0.8,1.3,801.1,0,3,20,0,0,16384,0,0,129408,0,0,True,,,
native-finalists,021-Mercury-Sand-packed-32-baseline-w32-s02,33,2,packed,32,baseline,32,Mercury-Sand-packed-32-baseline-w32,2,7200,e72c631595f0d38d,81db884268e768aed5902b82912147dae3bc99f95b2d6a386741782d25ca5301,32,32,0,0,0.8,1.4,904.4,0,3,20,0,0,16384,0,0,134542,0,0,True,,,
native-finalists,021-Mercury-Sand-packed-32-baseline-w32-s03,33,2,packed,32,baseline,32,Mercury-Sand-packed-32-baseline-w32,3,7200,556c89dbeb149cce,a070210318e28940f515993ed4cd1da8edf58697d701616bb1f19e1fcfa45aa8,32,32,0,0,0.7,1.7,471.3,0,3,20,0,0,16384,0,0,114020,0,0,True,,,
native-finalists,021-Mercury-Sand-packed-32-baseline-w32-s04,33,2,packed,32,baseline,32,Mercury-Sand-packed-32-baseline-w32,4,7200,14abf9a8934fd640,39b37aac9830387ee5537506cb1e5994e2c02e8a711f633163b9851333b4ea2a,32,32,0,0,0.8,1.7,856.4,0,3,20,0,0,16384,0,0,129396,0,0,True,,,
native-finalists,021-Mercury-Sand-packed-32-baseline-w32-s05,33,2,packed,32,baseline,32,Mercury-Sand-packed-32-baseline-w32,5,7200,5897124f3e78deba,7aac00695a955ce1fbb158de29e0da412d4ce86902e348d8dcb24a40b402f835,32,32,0,0,0.8,1.5,547.7,0,3,20,0,0,16384,0,0,139766,0,0,True,,,
native-finalists,021-Mercury-Sand-packed-32-baseline-w32-s06,33,2,packed,32,baseline,32,Mercury-Sand-packed-32-baseline-w32,6,7200,6c404c8459650565,3d49a25604ae8062595f1abd92265f12631892a027d87fe7bf613137248547e9,32,32,0,0,0.8,1.9,686.5,0,3,20,0,0,16384,0,0,113938,0,0,True,,,
native-finalists,021-Mercury-Sand-packed-32-baseline-w32-s07,33,2,packed,32,baseline,32,Mercury-Sand-packed-32-baseline-w32,7,7200,916f26c6143b7d0c,c4054d7a005289470296090780c76756cc2df2b740049c2d0d6fd563db5c7a72,32,32,0,0,0.8,1.7,1135.9,0,3,20,0,0,16384,0,0,129436,0,0,True,,,
native-finalists,021-Mercury-Sand-packed-32-baseline-w32-s08,33,2,packed,32,baseline,32,Mercury-Sand-packed-32-baseline-w32,8,7200,61ff9a03200a6ba5,19e2a48d907fb519792a5fc6923e81a1bbca46615b572821563d89c86978f653,32,32,0,0,0.6,1.4,463.1,0,3,20,0,0,16384,0,0,139812,0,0,True,,,
native-finalists,021-Mercury-Sand-packed-32-baseline-w32-s09,33,2,packed,32,baseline,32,Mercury-Sand-packed-32-baseline-w32,9,7200,ed406ecebbf8449d,7084da6f4952f8557ff7f0060a7e44db2b7809d9c71952553bc4e4a555b0ec16,32,32,0,0,0.7,1.5,1199.2,0,3,20,0,0,16384,0,0,119178,0,0,True,,,
native-finalists,021-Mercury-Sand-packed-32-baseline-w32-s10,33,2,packed,32,baseline,32,Mercury-Sand-packed-32-baseline-w32,10,7200,2812e2b2e38427d,c9da63a2db7a88935bbd85556c181ba939f9234557a54b39b5b9a9834b0a1cca,32,32,0,0,0.7,1.2,696.5,0,3,20,0,0,16384,0,0,129408,0,0,True,,,
native-finalists,021-Mercury-Sand-packed-32-baseline-w32-s11,33,2,packed,32,baseline,32,Mercury-Sand-packed-32-baseline-w32,11,7200,423aa9e8363bffe8,aa23236ebeff793621fba8396b0ccf08448407aa67abdabf6601101ccb415ce3,32,32,2,0,0.5,0.8,494.4,0,6,20,0,0,16382,0,0,141540,0,0,True,,,
native-finalists,021-Mercury-Sand-packed-32-baseline-w32-s12,33,2,packed,32,baseline,32,Mercury-Sand-packed-32-baseline-w32,12,7200,250ef3fde6ccf7d2,0ddbc108d0934788edbcda4e8b0084e33ec92a37ca45619f36ae24e22f32d66d,32,32,0,0,0.5,0.9,679.2,0,6,20,0,0,16384,0,0,124445,0,0,True,,,
native-finalists,021-Mercury-Sand-packed-32-baseline-w32-s13,33,2,packed,32,baseline,32,Mercury-Sand-packed-32-baseline-w32,13,7200,25a84ad25c0a2136,b75510f7014621f5ac8c15e5a532b4e11b95b6a076d1061c421ff24082ac2e20,32,32,2,0,0.5,0.8,924.4,0,6,20,0,0,16382,0,0,136181,0,0,True,,,
native-finalists,021-Mercury-Sand-packed-32-baseline-w32-s14,33,2,packed,32,baseline,32,Mercury-Sand-packed-32-baseline-w32,14,7200,ee3943053f954f5b,5808b329e6f5ee848129175feeb1c1bba5f0cc20bce65a01d633f42406d0a8bc,32,32,2,0,0.5,0.9,677,0,6,20,0,0,16381,0,0,138019,0,0,True,,,
native-finalists,021-Mercury-Sand-packed-32-baseline-w32-s15,33,2,packed,32,baseline,32,Mercury-Sand-packed-32-baseline-w32,15,7200,234050c26e06492f,083c5d6009dfb1edc19eb58862ffc650e657d6ac26c5b1dc5900bb20bfd1a17f,32,32,2,0,0.5,1,807.6,0,6,20,0,0,16383,0,0,122003,0,0,True,,,
native-finalists,021-Mercury-Sand-packed-32-baseline-w32-s16,33,2,packed,32,baseline,32,Mercury-Sand-packed-32-baseline-w32,16,7200,71c2bc49d37bb518,e4fb5caf1fcfe3d08ae92497d04a85dcfbd832ecac01263afb2c6a72c937371f,32,32,2,0,0.5,1,1637.6,0,6,20,0,0,16383,0,0,135350,0,0,True,,,
native-finalists,021-Mercury-Sand-packed-32-baseline-w32-s17,33,2,packed,32,baseline,32,Mercury-Sand-packed-32-baseline-w32,17,7200,4952a78072b0173a,c834b7f44904e2a877a53874611175fb81d6d9375ec343873f65b8d8109be334,32,32,2,0,0.5,0.8,691.3,0,6,20,0,0,16382,0,0,142900,0,0,True,,,
native-finalists,021-Mercury-Sand-packed-32-baseline-w32-s18,33,2,packed,32,baseline,32,Mercury-Sand-packed-32-baseline-w32,18,7200,e8f4f393c404fde,1cb953a399fad4d709f58f77304ea6341ac73762c8750481b1d4a7d73bd854bf,32,32,2,0,0.5,1,886.6,0,6,20,0,0,16383,0,0,124409,0,0,True,,,
native-finalists,021-Mercury-Sand-packed-32-baseline-w32-s19,33,2,packed,32,baseline,32,Mercury-Sand-packed-32-baseline-w32,19,7200,a4684bb52698f1d2,45a9f480bf3e9db5365c0d569cb53b6b75954a84ff5bc2fe25bb0937620e58fd,32,32,2,0,0.5,1.3,1171.9,0,6,20,0,0,16382,0,0,135023,0,0,True,,,
