group,id,material,mode,layout,name,seed,ticks,hash,data_sha256,completed_ticks,peak_depth,final_depth,late_creep,floor_contact_tick,grounded_ticks,max_overlap,intermediate_caps,final_caps,displaced,unresolved,max_sample_age,stale,duplicates,water_delta,global_water_delta,water_below_floor,counts_conserved,overflow,tick_p50_us,tick_p95_us,tick_max_us,coupling_p50_us,coupling_p95_us,coupling_max_us,displacement_impulse_x,displacement_impulse_y,pre_floor_displacement_y,boundary_impulse_x,boundary_impulse_y,pre_floor_boundary_y,contact_impulse_x,contact_impulse_y,pre_floor_contact_y,applied_impulse_x,applied_impulse_y,pre_floor_applied_y,visual,displacement,boundary,contact,cap,density_limit,mass,damping,friction,delay,duplicate,telemetry,workers,serial,fallback,drop,angle,size,speed,conservation
godot-controls-final,000-player-Sand-flat-s00,2,player,flat,player-Sand-flat,0,1800,9dc42c2c03b84cab,332b505e0e761e6e718e40df1750caaea8e3a00caa09cdf6ce5e3d8fd24e1ca4,1800,0.0,0.0,0.0,-1,1768,0,0,0,0,0,0,0,0,0,,,True,0,2.0,4.0,6448.0,3.0,5.0,40.0,0.0,0.0,,0.0,0.0,,0.0,0.0,,0.0,0.0,,,,,,,,,,,,,,,,,,,,,
godot-controls-final,000-player-Sand-flat-s01,2,player,flat,player-Sand-flat,1,1800,70ad4066ff9c7238,b0ac6d184b6463a619d3e8ff4387c03fac70326871c44fa542bf2818c9e10640,1800,0.0,0.0,0.0,-1,1768,0,0,0,0,0,0,0,0,0,,,True,0,2.0,4.0,6665.0,3.0,6.0,141.0,0.0,0.0,,0.0,0.0,,0.0,0.0,,0.0,0.0,,,,,,,,,,,,,,,,,,,,,
godot-controls-final,000-player-Sand-flat-s02,2,player,flat,player-Sand-flat,2,1800,c7962228033a3c68,aa226a5bbfadb1b0066e8b3add9acf6fce6a514f097fbc5cff537e9e0475df13,1800,0.0,0.0,0.0,-1,1768,0,0,0,0,0,0,0,0,0,,,True,0,2.0,4.0,5627.0,3.0,5.0,32.0,0.0,0.0,,0.0,0.0,,0.0,0.0,,0.0,0.0,,,,,,,,,,,,,,,,,,,,,
godot-controls-final,000-player-Sand-flat-s03,2,player,flat,player-Sand-flat,3,1800,e7c272f02ccbb9f9,b9d82b51aa7a601e580bd99bea1effdc7dc5bc48a99d4f344dd7038c658a418c,1800,0.0,0.0,0.0,-1,1768,0,0,0,0,0,0,0,0,0,,,True,0,2.0,3.0,4987.0,3.0,5.0,29.0,0.0,0.0,,0.0,0.0,,0.0,0.0,,0.0,0.0,,,,,,,,,,,,,,,,,,,,,
godot-controls-final,000-player-Sand-flat-s04,2,player,flat,player-Sand-flat,4,1800,1a8e32f5fffdfb67,fda76ea817eb8bbd2c713ddaddbbe04d84ec8f2cd9b48e24bd851ce699d504b6,1800,0.0,0.0,0.0,-1,1768,0,0,0,0,0,0,0,0,0,,,True,0,2.0,3.0,5009.0,3.0,5.0,40.0,0.0,0.0,,0.0,0.0,,0.0,0.0,,0.0,0.0,,,,,,,,,,,,,,,,,,,,,
godot-controls-final,001-player-Stone-flat-s00,13,player,flat,player-Stone-flat,0,1800,14d7bd3bf66a9cab,af58638c19f08eef1bbf4f06ce15231a9439b078136566d3e831519441c7750d,1800,383.991394042969,383.991394042969,,305,1496,112,0,0,0,0,0,0,0,0,,,True,0,2.0,4.0,4754.0,3.0,6.0,80.0,0.0,0.0,0.0,0.0,0.0,0.0,0.0,0.0,0.0,0.0,0.0,0.0,,,,,,,,,,,,,,,,,,,,
godot-controls-final,001-player-Stone-flat-s01,13,player,flat,player-Stone-flat,1,1800,4676d4da2c09e9fc,4cb568318676bc733f9c2d5e7b729a9639ec19a91d1260d123f62be811645b9a,1800,383.991516113281,383.991516113281,,305,1496,112,0,0,0,0,0,0,0,0,,,True,0,2.0,4.0,3540.0,3.0,6.0,79.0,0.0,0.0,0.0,0.0,0.0,0.0,0.0,0.0,0.0,0.0,0.0,0.0,,,,,,,,,,,,,,,,,,,,
godot-controls-final,001-player-Stone-flat-s02,13,player,flat,player-Stone-flat,2,1800,ea6e8742b3ab12d8,a4f9f047855a200a6f3341fdc98e103ac18d0eeea6e4c104dac3b19142e480d7,1800,383.991577148438,383.991577148438,,305,1496,112,0,0,0,0,0,0,0,0,,,True,0,2.0,4.0,6235.0,3.0,9.0,37.0,0.0,0.0,0.0,0.0,0.0,0.0,0.0,0.0,0.0,0.0,0.0,0.0,,,,,,,,,,,,,,,,,,,,
godot-controls-final,001-player-Stone-flat-s03,13,player,flat,player-Stone-flat,3,1800,5ea70b21531bfbd,43f97b17f509c002563ed45e1fdf0a62d1f705cd51d15c3e7530ac46fe587e35,1800,383.991455078125,383.991455078125,,305,1496,112,0,0,0,0,0,0,0,0,,,True,0,3.0,5.0,4587.0,4.0,8.0,1078.0,0.0,0.0,0.0,0.0,0.0,0.0,0.0,0.0,0.0,0.0,0.0,0.0,,,,,,,,,,,,,,,,,,,,
godot-controls-final,001-player-Stone-flat-s04,13,player,flat,player-Stone-flat,4,1800,1e7efff34d6b927,1fc04889739aa3f5c2698fa2395581f1911b66413792adc11c80d0aed32c2b2d,1800,383.991516113281,383.991516113281,,305,1496,112,0,0,0,0,0,0,0,0,,,True,0,3.0,5.0,6923.0,4.0,9.0,367.0,0.0,0.0,0.0,0.0,0.0,0.0,0.0,0.0,0.0,0.0,0.0,0.0,,,,,,,,,,,,,,,,,,,,
godot-controls-final,002-player-Dust-flat-s00,14,player,flat,player-Dust-flat,0,1800,cc50207b0faa2cab,fbabc2ae628fa70ebe923ca306638146466bfa40afacb6edf7b440669cc3f764,1800,383.991394042969,383.991394042969,,305,1496,112,0,0,0,0,0,0,0,0,,,True,0,3.0,5.0,9970.0,4.0,9.0,175.0,0.0,0.0,0.0,0.0,0.0,0.0,0.0,0.0,0.0,0.0,0.0,0.0,,,,,,,,,,,,,,,,,,,,
godot-controls-final,002-player-Dust-flat-s01,14,player,flat,player-Dust-flat,1,1800,7448c0da160d5048,ce5b65daa6d3cbc74704418ded7d1d201a2bc75df73c1e9a96fcf194c25849bb,1800,383.991516113281,383.991516113281,,305,1496,112,0,0,0,0,0,0,0,0,,,True,0,3.0,5.0,12529.0,4.0,10.0,68.0,0.0,0.0,0.0,0.0,0.0,0.0,0.0,0.0,0.0,0.0,0.0,0.0,,,,,,,,,,,,,,,,,,,,
godot-controls-final,002-player-Dust-flat-s02,14,player,flat,player-Dust-flat,2,1800,2601ec7976c793e8,6364313c28d6922e96a972b76694f5a6aa4dde39d59396daeb0d355f2bd9361f,1800,383.991577148438,383.991577148438,,305,1496,112,0,0,0,0,0,0,0,0,,,True,0,2.0,4.0,9987.0,3.0,9.0,35.0,0.0,0.0,0.0,0.0,0.0,0.0,0.0,0.0,0.0,0.0,0.0,0.0,,,,,,,,,,,,,,,,,,,,
godot-controls-final,002-player-Dust-flat-s03,14,player,flat,player-Dust-flat,3,1800,b0b7499a91976e11,4d3516102f8d7e2a840de53a230bee1b2217440d55c1e4ac9e67c3fd6ef5afc7,1800,383.991455078125,383.991455078125,,305,1496,112,0,0,0,0,0,0,0,0,,,True,0,3.0,5.0,10214.0,4.0,8.0,94.0,0.0,0.0,0.0,0.0,0.0,0.0,0.0,0.0,0.0,0.0,0.0,0.0,,,,,,,,,,,,,,,,,,,,
godot-controls-final,002-player-Dust-flat-s04,14,player,flat,player-Dust-flat,4,1800,66267be096b74667,941e58bacdc769e26a20594f1bafd2d5da25cf562d7d59e83b86b01c5f7dec9d,1800,383.991516113281,383.991516113281,,305,1496,112,0,0,0,0,0,0,0,0,,,True,0,2.0,5.0,9843.0,4.0,9.0,46.0,0.0,0.0,0.0,0.0,0.0,0.0,0.0,0.0,0.0,0.0,0.0,0.0,,,,,,,,,,,,,,,,,,,,
godot-controls-final,003-player-Seed-flat-s00,19,player,flat,player-Seed-flat,0,1800,d8e5fbc38ed31cab,749a29c742e99c6cade9f08c084c17c1c0203aab75265bc475c48c11a51da027,1800,383.991394042969,383.991394042969,,305,1496,112,0,0,0,0,0,0,0,0,,,True,0,2.0,5.0,10630.0,3.0,9.0,33.0,0.0,0.0,0.0,0.0,0.0,0.0,0.0,0.0,0.0,0.0,0.0,0.0,,,,,,,,,,,,,,,,,,,,
godot-controls-final,003-player-Seed-flat-s01,19,player,flat,player-Seed-flat,1,1800,b82eb4b700b1ef54,134a34a869eca7cb43f36eed1a92c67e43e95c55067b29a4a2be17fb4b1b0ebc,1800,383.991516113281,383.991516113281,,305,1496,112,0,0,0,0,0,0,0,0,,,True,0,2.0,4.0,13320.0,3.0,9.0,27.0,0.0,0.0,0.0,0.0,0.0,0.0,0.0,0.0,0.0,0.0,0.0,0.0,,,,,,,,,,,,,,,,,,,,
godot-controls-final,003-player-Seed-flat-s02,19,player,flat,player-Seed-flat,2,1800,f799909878270398,db0fbc187376758a579da84f8014e940b8ad7e5ae3be840912a43d865d9af497,1800,383.991577148438,383.991577148438,,305,1496,112,0,0,0,0,0,0,0,0,,,True,0,3.0,5.0,10825.0,4.0,9.0,41.0,0.0,0.0,0.0,0.0,0.0,0.0,0.0,0.0,0.0,0.0,0.0,0.0,,,,,,,,,,,,,,,,,,,,
godot-controls-final,003-player-Seed-flat-s03,19,player,flat,player-Seed-flat,3,1800,f33c6be2a3674131,eba6c93c8f2c86e86ead24de827aa8bdff41600c0e48a1de89c0c913b4864806,1800,383.991455078125,383.991455078125,,305,1496,112,0,0,0,0,0,0,0,0,,,True,0,2.0,3.0,14803.0,3.0,8.0,25.0,0.0,0.0,0.0,0.0,0.0,0.0,0.0,0.0,0.0,0.0,0.0,0.0,,,,,,,,,,,,,,,,,,,,
godot-controls-final,003-player-Seed-flat-s04,19,player,flat,player-Seed-flat,4,1800,fcb991ca1c2e8027,7bfc32f0fd9a6fb7a13fd6c5dbb5c11daa9c26335a4320ab16d5da20c4149f65,1800,383.991516113281,383.991516113281,,305,1496,112,0,0,0,0,0,0,0,0,,,True,0,2.0,5.0,11161.0,4.0,9.0,22.0,0.0,0.0,0.0,0.0,0.0,0.0,0.0,0.0,0.0,0.0,0.0,0.0,,,,,,,,,,,,,,,,,,,,
godot-controls-final,004-player-Salt-flat-s00,23,player,flat,player-Salt-flat,0,1800,a79e718e744d5cab,ffd13c4450037c0bcad34e3b36b5621a3577a404b4fe821b4d788979eec12c38,1800,383.991394042969,383.991394042969,,305,1496,112,0,0,0,0,0,0,0,0,,,True,0,2.0,4.0,10167.0,3.0,7.0,26.0,0.0,0.0,0.0,0.0,0.0,0.0,0.0,0.0,0.0,0.0,0.0,0.0,,,,,,,,,,,,,,,,,,,,
godot-controls-final,004-player-Salt-flat-s01,23,player,flat,player-Salt-flat,1,1800,afb4bfdccf1a2aac,0a43259d08cb83df263de4d2381e6e959abea4284883143671ecdb0efd012cd0,1800,383.991516113281,383.991516113281,,305,1496,112,0,0,0,0,0,0,0,0,,,True,0,2.0,4.0,10896.0,4.0,8.0,22.0,0.0,0.0,0.0,0.0,0.0,0.0,0.0,0.0,0.0,0.0,0.0,0.0,,,,,,,,,,,,,,,,,,,,
godot-controls-final,004-player-Salt-flat-s02,23,player,flat,player-Salt-flat,2,1800,af30ee636eeac6b8,08449b0d97999a05ac1c1cf297cc6fa12edc487f59a67ef98ae27aedae0b4e66,1800,383.991577148438,383.991577148438,,305,1496,112,0,0,0,0,0,0,0,0,,,True,0,3.0,5.0,9267.0,4.0,9.0,34.0,0.0,0.0,0.0,0.0,0.0,0.0,0.0,0.0,0.0,0.0,0.0,0.0,,,,,,,,,,,,,,,,,,,,
godot-controls-final,004-player-Salt-flat-s03,23,player,flat,player-Salt-flat,3,1800,440434a5a142f6a9,3b5a7cbbfdd25186f0d4a891b8e3887e06dab29a75f9f086e345e9b650147815,1800,383.991455078125,383.991455078125,,305,1496,112,0,0,0,0,0,0,0,0,,,True,0,2.0,4.0,10610.0,3.0,8.0,20.0,0.0,0.0,0.0,0.0,0.0,0.0,0.0,0.0,0.0,0.0,0.0,0.0,,,,,,,,,,,,,,,,,,,,
godot-controls-final,004-player-Salt-flat-s04,23,player,flat,player-Salt-flat,4,1800,3bfed16318e58ea7,26216b5dfc197403e2632c1da42492176507834e0703cd3b9bfce11e6f294cbd,1800,383.991516113281,383.991516113281,,305,1496,112,0,0,0,0,0,0,0,0,,,True,0,2.0,5.0,8235.0,3.0,8.0,44.0,0.0,0.0,0.0,0.0,0.0,0.0,0.0,0.0,0.0,0.0,0.0,0.0,,,,,,,,,,,,,,,,,,,,
godot-controls-final,005-player-Sodium-flat-s00,25,player,flat,player-Sodium-flat,0,1800,4254e362c26e9cab,1ba6eab227d6b29c58aba7c0633dc48089de65127b89de0b6e28efb8f94b7460,1800,383.991394042969,383.991394042969,,305,1496,112,0,0,0,0,0,0,0,0,,,True,0,2.0,4.0,10426.0,3.0,9.0,21.0,0.0,0.0,0.0,0.0,0.0,0.0,0.0,0.0,0.0,0.0,0.0,0.0,,,,,,,,,,,,,,,,,,,,
godot-controls-final,005-player-Sodium-flat-s01,25,player,flat,player-Sodium-flat,1,1800,d08f76d17f931644,5ec86935ab7b09726adb44641c6f0e3b4f0842356721dfa09fdc35665b57020b,1800,383.991516113281,383.991516113281,,305,1496,112,0,0,0,0,0,0,0,0,,,True,0,2.0,3.0,8517.0,3.0,8.0,30.0,0.0,0.0,0.0,0.0,0.0,0.0,0.0,0.0,0.0,0.0,0.0,0.0,,,,,,,,,,,,,,,,,,,,
godot-controls-final,005-player-Sodium-flat-s02,25,player,flat,player-Sodium-flat,2,1800,8f1300be6331f2d8,84a252752c446001b281dfa98f9cb911de0d90fe924abc1f5800cbd89571d3f7,1800,383.991577148438,383.991577148438,,305,1496,112,0,0,0,0,0,0,0,0,,,True,0,2.0,5.0,7733.0,3.0,7.0,26.0,0.0,0.0,0.0,0.0,0.0,0.0,0.0,0.0,0.0,0.0,0.0,0.0,,,,,,,,,,,,,,,,,,,,
godot-controls-final,005-player-Sodium-flat-s03,25,player,flat,player-Sodium-flat,3,1800,aaba1fdf86de4f9d,1f74fa72b5286012109ef44a3809479807a71217fe4b095ee6b6c4894b2d2ba6,1800,383.991455078125,383.991455078125,,305,1496,112,0,0,0,0,0,0,0,0,,,True,0,3.0,4.0,9014.0,4.0,8.0,25.0,0.0,0.0,0.0,0.0,0.0,0.0,0.0,0.0,0.0,0.0,0.0,0.0,,,,,,,,,,,,,,,,,,,,
godot-controls-final,005-player-Sodium-flat-s04,25,player,flat,player-Sodium-flat,4,1800,61c6f97ef5a6e467,91b1956c85662c94e3fc8fafda9c43372ca11b94b81797efa6ae55b594ca6f8a,1800,383.991516113281,383.991516113281,,305,1496,112,0,0,0,0,0,0,0,0,,,True,0,2.0,4.0,10468.0,3.0,9.0,25.0,0.0,0.0,0.0,0.0,0.0,0.0,0.0,0.0,0.0,0.0,0.0,0.0,,,,,,,,,,,,,,,,,,,,
godot-controls-final,006-player-Gunpowder-flat-s00,26,player,flat,player-Gunpowder-flat,0,1800,9e275b07c1db8cab,5ac726c3cac27d8162b5891a28d8349ba62a010f9c4d1eabbb603d149b787918,1800,383.991394042969,383.991394042969,,305,1496,112,0,0,0,0,0,0,0,0,,,True,0,2.0,4.0,10546.0,4.0,8.0,27.0,0.0,0.0,0.0,0.0,0.0,0.0,0.0,0.0,0.0,0.0,0.0,0.0,,,,,,,,,,,,,,,,,,,,
godot-controls-final,006-player-Gunpowder-flat-s01,26,player,flat,player-Gunpowder-flat,1,1800,d87559b3950d1328,2d19c2ef9278c7abf9eb26921b0f53caf128d297da4520d4f072e1d50f5b4136,1800,383.991516113281,383.991516113281,,305,1496,112,0,0,0,0,0,0,0,0,,,True,0,3.0,4.0,12914.0,4.0,8.0,22.0,0.0,0.0,0.0,0.0,0.0,0.0,0.0,0.0,0.0,0.0,0.0,0.0,,,,,,,,,,,,,,,,,,,,
godot-controls-final,006-player-Gunpowder-flat-s02,26,player,flat,player-Gunpowder-flat,2,1800,78c714368567d3e8,0447d7a23f2304ec806a65c7192cfd82736dfa28677c007bbefd26a9990e0802,1800,383.991577148438,383.991577148438,,305,1496,112,0,0,0,0,0,0,0,0,,,True,0,2.0,3.0,12978.0,3.0,6.0,22.0,0.0,0.0,0.0,0.0,0.0,0.0,0.0,0.0,0.0,0.0,0.0,0.0,,,,,,,,,,,,,,,,,,,,
godot-controls-final,006-player-Gunpowder-flat-s03,26,player,flat,player-Gunpowder-flat,3,1800,313af83b443cfb49,a4cea95f951f93c82b03a74bd9aed401eaf02ab5d681b61042fe325e205d18f8,1800,383.991455078125,383.991455078125,,305,1496,112,0,0,0,0,0,0,0,0,,,True,0,2.0,4.0,12389.0,3.0,9.0,47.0,0.0,0.0,0.0,0.0,0.0,0.0,0.0,0.0,0.0,0.0,0.0,0.0,,,,,,,,,,,,,,,,,,,,
godot-controls-final,006-player-Gunpowder-flat-s04,26,player,flat,player-Gunpowder-flat,4,1800,d324ade545168b67,70cc49c965bf2182730498e4a5dc3d2c7b0917d162e2e14e3445be6f5ca5a622,1800,383.991516113281,383.991516113281,,305,1496,112,0,0,0,0,0,0,0,0,,,True,0,2.0,4.0,13298.0,3.0,9.0,27.0,0.0,0.0,0.0,0.0,0.0,0.0,0.0,0.0,0.0,0.0,0.0,0.0,,,,,,,,,,,,,,,,,,,,
godot-controls-final,007-player-Coal-flat-s00,27,player,flat,player-Coal-flat,0,1800,bdd5cd29815b6cab,39dca4ec0f706f01fb450055038b5fe4f8786824570101ea0a1d4e6d67714d1a,1800,383.991394042969,383.991394042969,,305,1496,112,0,0,0,0,0,0,0,0,,,True,0,2.0,4.0,11250.0,3.0,9.0,32.0,0.0,0.0,0.0,0.0,0.0,0.0,0.0,0.0,0.0,0.0,0.0,0.0,,,,,,,,,,,,,,,,,,,,
godot-controls-final,007-player-Coal-flat-s01,27,player,flat,player-Coal-flat,1,1800,9c74889c71fba7f4,c74f0942891bbf09100f2bcc1f0d1082dedc42562c697377ae6a7079eadd7205,1800,383.991516113281,383.991516113281,,305,1496,112,0,0,0,0,0,0,0,0,,,True,0,3.0,5.0,11918.0,4.0,8.0,23.0,0.0,0.0,0.0,0.0,0.0,0.0,0.0,0.0,0.0,0.0,0.0,0.0,,,,,,,,,,,,,,,,,,,,
godot-controls-final,007-player-Coal-flat-s02,27,player,flat,player-Coal-flat,2,1800,630da3ddb3530f98,e9150922a5b4b1622ee7e4eeb08d8e9563bb3d1b91ef40b9814f659e791be70a,1800,383.991577148438,383.991577148438,,305,1496,112,0,0,0,0,0,0,0,0,,,True,0,3.0,4.0,14667.0,4.0,8.0,26.0,0.0,0.0,0.0,0.0,0.0,0.0,0.0,0.0,0.0,0.0,0.0,0.0,,,,,,,,,,,,,,,,,,,,
godot-controls-final,007-player-Coal-flat-s03,27,player,flat,player-Coal-flat,3,1800,96e3b19346689401,6c51e3562c1ff268dd30807259752e319aaf70bd6401d992fd476a44b57b29a9,1800,383.991455078125,383.991455078125,,305,1496,112,0,0,0,0,0,0,0,0,,,True,0,2.0,4.0,10107.0,3.0,7.0,27.0,0.0,0.0,0.0,0.0,0.0,0.0,0.0,0.0,0.0,0.0,0.0,0.0,,,,,,,,,,,,,,,,,,,,
godot-controls-final,007-player-Coal-flat-s04,27,player,flat,player-Coal-flat,4,1800,39eb1291f0bd9267,f31828f70b21e2ba5b277d2f04dc33e4967081f058b89d97064462a3bbf02784,1800,383.991516113281,383.991516113281,,305,1496,112,0,0,0,0,0,0,0,0,,,True,0,2.0,4.0,10659.0,3.0,8.0,36.0,0.0,0.0,0.0,0.0,0.0,0.0,0.0,0.0,0.0,0.0,0.0,0.0,,,,,,,,,,,,,,,,,,,,
godot-controls-final,008-player-Rust-flat-s00,29,player,flat,player-Rust-flat,0,1800,db58ca0ca9dd5cab,884ca42b1ce9d2852817847de2bab0468d732d190b1c4b0416781fb17be7ea7a,1800,383.991394042969,383.991394042969,,305,1496,112,0,0,0,0,0,0,0,0,,,True,0,2.0,4.0,8261.0,3.0,8.0,35.0,0.0,0.0,0.0,0.0,0.0,0.0,0.0,0.0,0.0,0.0,0.0,0.0,,,,,,,,,,,,,,,,,,,,
godot-controls-final,008-player-Rust-flat-s01,29,player,flat,player-Rust-flat,1,1800,ab29e62f2ef2bdbc,9e09b547e4b3e788b62323141ffaeced9e2c47bac0cee4d4507bf81e1748d7f6,1800,383.991516113281,383.991516113281,,305,1496,112,0,0,0,0,0,0,0,0,,,True,0,2.0,4.0,8191.0,4.0,9.0,55.0,0.0,0.0,0.0,0.0,0.0,0.0,0.0,0.0,0.0,0.0,0.0,0.0,,,,,,,,,,,,,,,,,,,,
godot-controls-final,008-player-Rust-flat-s02,29,player,flat,player-Rust-flat,2,1800,544d94210574dd98,b95444c0acd99ed462ed16e788ecf33edefcec5bc20914611aee2b74bcfaf6d7,1800,383.991577148438,383.991577148438,,305,1496,112,0,0,0,0,0,0,0,0,,,True,0,2.0,5.0,7093.0,3.0,8.0,50.0,0.0,0.0,0.0,0.0,0.0,0.0,0.0,0.0,0.0,0.0,0.0,0.0,,,,,,,,,,,,,,,,,,,,
godot-controls-final,008-player-Rust-flat-s03,29,player,flat,player-Rust-flat,3,1800,5a5caefa4bcaedfd,112aaf5f2472869077265ae4141b9f2c3aa67631dc87babc9c20dc860f4ba556,1800,383.991455078125,383.991455078125,,305,1496,112,0,0,0,0,0,0,0,0,,,True,0,2.0,5.0,6151.0,3.0,8.0,35.0,0.0,0.0,0.0,0.0,0.0,0.0,0.0,0.0,0.0,0.0,0.0,0.0,,,,,,,,,,,,,,,,,,,,
godot-controls-final,008-player-Rust-flat-s04,29,player,flat,player-Rust-flat,4,1800,ea59a37575eeb027,796fd7f68bae63b2ca48a14292255c896a4c93b69fe19f06a3138d83f1f26edf,1800,383.991516113281,383.991516113281,,305,1496,112,0,0,0,0,0,0,0,0,,,True,0,2.0,5.0,5580.0,3.0,7.0,26.0,0.0,0.0,0.0,0.0,0.0,0.0,0.0,0.0,0.0,0.0,0.0,0.0,,,,,,,,,,,,,,,,,,,,
godot-controls-final,009-barrel-Sand-flat-s00,2,barrel,flat,barrel-Sand-flat,0,1800,78695c06d5b4e852,ffd748f79ea93675643e6ecf22ab2f5a6e2cba882305fba329edde987a52e569,1800,384.002147190076,384.001439800166,,155,0,112,21820,294,153,133524,0,0,0,0,,,False,0,30.0,1334.0,9113.0,215.0,370.0,707.0,1844.72155761719,4141.14306640625,-596.65234375,-1.21599876880646,3943.09936523438,-57.1519927978516,5.83999729156494,3181.68872070313,1204.31945800781,516.325073242188,5007.7548828125,215.162826538086,True,,,,,,,,,,,,,,,,,,,
godot-controls-final,009-barrel-Sand-flat-s01,2,barrel,flat,barrel-Sand-flat,1,1800,ddc238f44b291e21,7762441850f8fa07d004969ca29e147f46e550effc3a35ab2a6ef1dca8bea8ec,1800,384.001748570653,384.001748046487,,156,0,112,19185,1735,135,125252,0,0,0,0,,,False,0,595.0,1039.0,8188.0,182.0,371.0,638.0,-1475.13012695313,4144.06005859375,-590.760375976563,-2.73599863052368,3940.66748046875,-57.4559936523438,-0.199999898672104,16381.3876953125,1190.51953125,-225.304916381836,5137.8505859375,211.156463623047,True,,,,,,,,,,,,,,,,,,,
godot-controls-final,009-barrel-Sand-flat-s02,2,barrel,flat,barrel-Sand-flat,2,1800,f3449b68b8e32b20,f45cce19fbe64225c810be8079bbec0c9b626ffbf1ec7a9d88f8551841cb817c,1800,384.001934072835,384.001932523249,,158,0,112,19106,1733,127,138522,0,0,0,0,,,False,0,536.0,931.0,8066.0,198.0,366.0,695.0,-1476.00854492188,4145.634765625,-583.44970703125,-2.73599863052368,3935.8037109375,-57.4559936523438,-0.159999877214432,3235.4970703125,1192.07946777344,-686.598693847656,5079.0341796875,202.061462402344,True,,,,,,,,,,,,,,,,,,,
godot-controls-final,009-barrel-Sand-flat-s03,2,barrel,flat,barrel-Sand-flat,3,1800,b5560fe35370359e,8f472af456e0320d0dea28e5ab54bb671dfc8afc04ee9216990b982e8a4c4c78,1800,384.001743594097,384.001739157996,,154,0,112,17227,1736,128,136697,0,0,0,0,,,False,0,538.0,912.0,7612.0,187.0,345.0,673.0,-1165.68798828125,4153.50146484375,-587.071044921875,-3.34399890899658,3945.53125,-57.4559936523438,-0.159999877214432,17638.51953125,1178.51953125,-182.854904174805,5144.24853515625,209.705459594727,True,,,,,,,,,,,,,,,,,,,
godot-controls-final,009-barrel-Sand-flat-s04,2,barrel,flat,barrel-Sand-flat,4,1800,3313023ffb05c61a,6a2714897cad07e5d5cd8915c1f9eac4155a769d88a11dfc0881c421e26f8a5d,1800,384.001748592451,384.001743145531,,156,0,112,19220,1735,133,125283,0,0,0,0,,,False,0,602.0,985.0,7578.0,183.0,359.0,546.0,-1467.21044921875,4135.8603515625,-598.965454101563,-2.12799978256226,3940.9716796875,-57.1519927978516,1.41561031341553e-07,16382.0283203125,1191.15954589844,-234.711685180664,5138.5224609375,211.828033447266,True,,,,,,,,,,,,,,,,,,,
godot-controls-final,010-barrel-Dust-flat-s00,14,barrel,flat,barrel-Dust-flat,0,1800,287981c1b42f9c5e,a3f53183a8bbc8086023b9e1ec1aa2a566633020bf92124415363fcbb6758d41,1800,384.001938406287,384.001022649008,,153,0,112,17537,122,134,125220,0,0,0,0,,,False,0,23.0,1024.0,6954.0,180.0,311.0,740.0,801.993713378906,4151.93701171875,-591.305297851563,-5.10719919204712,1033.19055175781,-14.9226016998291,-0.0499999783933163,1315.91796875,1067.4375,581.718078613281,4974.4755859375,217.196182250977,True,,,,,,,,,,,,,,,,,,,
godot-controls-final,010-barrel-Dust-flat-s01,14,barrel,flat,barrel-Dust-flat,1,1800,6c9a75b1d98cfab9,3eecc3292d433bd2d21babdaceafb0ee67dfd47298223844fdd292c2469f6ff2,1800,384.001865802456,384.001865487597,,165,0,112,19654,1729,133,130484,0,0,0,0,,,False,0,774.0,1217.0,7646.0,214.0,378.0,633.0,2355.39208984375,4099.24462890625,-609.721801757813,-1.59600007534027,1027.36560058594,-16.4388008117676,65.4161148071289,14309.5126953125,1090.60095214844,481.522338867188,5070.5126953125,189.525238037109,True,,,,,,,,,,,,,,,,,,,
godot-controls-final,010-barrel-Dust-flat-s02,14,barrel,flat,barrel-Dust-flat,2,1800,548ecd333a00f829,f137d9f60b6ca8c1efa6f34b6636b68c7c5d1c8032b4ac972ac316d1fb88f927,1800,384.002334610456,384.001866288589,,170,0,112,14703,1722,173,118908,0,0,0,0,,,False,0,762.0,1753.0,10393.0,185.0,351.0,599.0,-410.073272705078,3884.7841796875,-587.157287597656,-1.1172000169754,1023.77453613281,-16.5984020233154,10.0649948120117,4513.029296875,1077.97290039063,-375.289306640625,5029.01806640625,171.627166748047,True,,,,,,,,,,,,,,,,,,,
godot-controls-final,010-barrel-Dust-flat-s03,14,barrel,flat,barrel-Dust-flat,3,1800,e68cec4ddc126611,6cf42956f93decc4f39c6dfa683307a63dc3481eb103bd01740859da449a66cc,1800,384.001753254856,384.001738565662,,151,0,112,17567,1742,120,136659,0,0,0,0,,,False,0,651.0,1117.0,8022.0,196.0,381.0,615.0,-1197.61706542969,4166.20361328125,-583.01123046875,-1.75560009479523,1037.89965820313,-14.8428020477295,-0.0499999783933163,15163.8203125,1105.84387207031,-260.412292480469,5177.70947265625,237.64453125,True,,,,,,,,,,,,,,,,,,,
godot-controls-final,010-barrel-Dust-flat-s04,14,barrel,flat,barrel-Dust-flat,4,1800,399562e1deb98f8a,db09c94cc8dd2679bc68d1ad869ad79dca9c4917bc55fdfbbfab251b23b55b43,1800,384.001876127008,384.001869169912,,154,0,112,26607,1735,123,131855,0,0,0,0,,,False,0,742.0,1283.0,9092.0,200.0,399.0,659.0,-2668.93359375,4141.31884765625,-599.340454101563,-1.67580008506775,1035.984375,-14.8428020477295,-66.0111312866211,14562.8681640625,1057.32495117188,-586.471374511719,5122.15771484375,217.927322387695,True,,,,,,,,,,,,,,,,,,,
godot-controls-final,011-barrel-Salt-flat-s00,23,barrel,flat,barrel-Salt-flat,0,1800,39356ec10ff9ea48,abddc11c88af9555ef0f87104a2205a70b907598cc2498df63c8dcf70421a2f8,1800,384.002147190076,384.001439800166,,155,0,112,21820,294,153,133524,0,0,0,0,,,False,0,26.0,1692.0,9667.0,186.0,347.0,826.0,1844.72155761719,4141.14306640625,-596.65234375,-1.21599876880646,3943.09936523438,-57.1519927978516,5.83999729156494,3181.68872070313,1204.31945800781,516.325073242188,5007.7548828125,215.162826538086,True,,,,,,,,,,,,,,,,,,,
godot-controls-final,011-barrel-Salt-flat-s01,23,barrel,flat,barrel-Salt-flat,1,1800,93f11f81606886c1,f2baa26a183ff403eadf2ac6293328dae20a89553f4fecf8b10be5ed247d21e7,1800,384.001748570653,384.001748046487,,156,0,112,19185,1735,135,125252,0,0,0,0,,,False,0,843.0,1403.0,10191.0,185.0,359.0,615.0,-1475.13012695313,4144.06005859375,-590.760375976563,-2.73599863052368,3940.66748046875,-57.4559936523438,-0.199999898672104,16381.3876953125,1190.51953125,-225.304916381836,5137.8505859375,211.156463623047,True,,,,,,,,,,,,,,,,,,,
godot-controls-final,011-barrel-Salt-flat-s02,23,barrel,flat,barrel-Salt-flat,2,1800,19821aefb1e06fd8,e5fc2b5284d1d5515332c42d7ad78a9ff9ad8135ed57f945b622931cc72a42c8,1800,384.001934072835,384.001932523249,,158,0,112,19106,1733,127,138522,0,0,0,0,,,False,0,740.0,1331.0,11119.0,198.0,386.0,598.0,-1476.00854492188,4145.634765625,-583.44970703125,-2.73599863052368,3935.8037109375,-57.4559936523438,-0.159999877214432,3235.4970703125,1192.07946777344,-686.598693847656,5079.0341796875,202.061462402344,True,,,,,,,,,,,,,,,,,,,
godot-controls-final,011-barrel-Salt-flat-s03,23,barrel,flat,barrel-Salt-flat,3,1800,b364c4adb40b9496,c11ea271c10ca8bd4426abcf609dfc9bc505e881059905a4b26131b3661eaade,1800,384.001743594097,384.001739157996,,154,0,112,17227,1736,128,136697,0,0,0,0,,,False,0,917.0,1404.0,10137.0,243.0,410.0,886.0,-1165.68798828125,4153.50146484375,-587.071044921875,-3.34399890899658,3945.53125,-57.4559936523438,-0.159999877214432,17638.51953125,1178.51953125,-182.854904174805,5144.24853515625,209.705459594727,True,,,,,,,,,,,,,,,,,,,
godot-controls-final,011-barrel-Salt-flat-s04,23,barrel,flat,barrel-Salt-flat,4,1800,14a24a619c1c02b4,e6f9a62204d193d0f22ec24260af7dc83bde546ccf9f5aefb813c53149618a42,1800,384.001748592451,384.001743145531,,156,0,112,19220,1735,133,125283,0,0,0,0,,,False,0,1078.0,1757.0,11404.0,251.0,440.0,1403.0,-1467.21044921875,4135.8603515625,-598.965454101563,-2.12799978256226,3940.9716796875,-57.1519927978516,1.41561031341553e-07,16382.0283203125,1191.15954589844,-234.711685180664,5138.5224609375,211.828033447266,True,,,,,,,,,,,,,,,,,,,
godot-controls-final,012-barrel-Water-flat-s00,3,barrel,flat,barrel-Water-flat,0,1800,2ae5399035861a36,b3aef9c2d1c2b9cf740ba4c191f6a501d9ff698d6d9336537d19373ee8a36c35,1800,384.001970647864,384.00147994701,,344,0,112,17552,33,148,106997,0,0,0,-16065,,,False,0,72.0,6299.0,17553.0,164.0,372.0,605.0,982.290405273438,3531.8857421875,-661.274719238281,-33.6300163269043,2151.19775390625,-51.2999992370605,0.274999976158142,293.475006103516,253.475006103516,454.319458007813,3851.69140625,-325.979888916016,True,,,,,,,,,,,,,,,,,,,
godot-controls-final,012-barrel-Water-flat-s01,3,barrel,flat,barrel-Water-flat,1,1800,b64cfb7ba9635a55,cfd7166ccdd9d18f2d0103a50ad4ff7c185c8c39db82901c7618d1f8630ec857,1800,384.001889402342,384.001016569145,,381,0,112,19705,1419,693,103688,0,0,0,-151332,,,False,0,12890.0,23639.0,28579.0,235.0,383.0,683.0,568.564208984375,3048.77783203125,-781.7509765625,0.379999756813049,2081.08471679688,-51.8700141906738,32.2498092651367,2041.85620117188,273.274993896484,193.893508911133,3697.30151367188,-405.400451660156,True,,,,,,,,,,,,,,,,,,,
godot-controls-final,012-barrel-Water-flat-s02,3,barrel,flat,barrel-Water-flat,2,1800,44d7b83b3be530e4,33c64bcc6fea21b9d243dd5898f66b2d8e0aa27b59f77daefe134a3c28e9c63d,1800,384.002021389535,384.00029361532,,355,0,112,21671,1445,1803,101745,0,0,0,-426760,,,False,0,20765.0,25721.0,34426.0,235.0,375.0,1064.0,450.0537109375,3196.27075195313,-703.999206542969,0.379999935626984,2114.90405273438,-50.7300071716309,22.2499809265137,2023.1298828125,256.299987792969,121.406356811523,3739.47485351563,-360.988800048828,True,,,,,,,,,,,,,,,,,,,
godot-controls-final,012-barrel-Water-flat-s03,3,barrel,flat,barrel-Water-flat,3,1800,de7e5e402bde43d3,c272a48c1a299f8e3718de63c959b2f32d832b4713c9e153281f351df9deadf2,1800,384.614624023438,384.000224751791,,352,0,112,18296,1447,181,102586,0,0,0,-22695,,,False,0,5948.0,11564.0,27299.0,245.0,410.0,1483.0,1156.91809082031,3205.14135742188,-701.104064941406,-0.190000116825104,2143.40893554688,-54.1500091552734,23.5499229431152,2079.7841796875,259.200012207031,453.021697998047,3894.04248046875,-349.792755126953,True,,,,,,,,,,,,,,,,,,,
godot-controls-final,012-barrel-Water-flat-s04,3,barrel,flat,barrel-Water-flat,4,1800,7c1ba0f4ecd91c11,35d03bd01e43a8828bf6a22c43c884f19ae848b41b9753c84e11bfe261cb30a3,1800,384.659362792969,384.001739902387,,311,0,112,14535,1489,156,97158,0,0,0,-17340,,,False,0,3128.0,7198.0,22648.0,251.0,463.0,1916.0,0.218817174434662,3648.234375,-640.744384765625,-2.38418579101563e-07,2210.67016601563,-52.6300048828125,0.175000011920929,2158.52490234375,297.274993896484,-86.4099197387695,4202.53466796875,-263.587860107422,True,,,,,,,,,,,,,,,,,,,
godot-controls-final,013-barrel-Oil-flat-s00,16,barrel,flat,barrel-Oil-flat,0,1800,c7bf8d17a0dd44f2,bccca72ecdc1d94e3cee571b2bdf26531e939975b6e7edc53321bf4ea98ff744,1800,384.002187401291,384.00025002394,,148,0,112,20451,1691,929,103936,0,0,0,0,,,False,0,6486.0,15926.0,29345.0,249.0,393.0,590.0,805.011474609375,3739.51049804688,-572.775573730469,7.14399766921997,1965.31982421875,-29.1839962005615,311.159820556641,12227.7998046875,1141.09973144531,263.449798583984,5115.97900390625,245.315719604492,True,,,,,,,,,,,,,,,,,,,
godot-controls-final,013-barrel-Oil-flat-s01,16,barrel,flat,barrel-Oil-flat,1,1800,1b5db1afc0bfaa75,ae3996fc5214227b3d03f4c624c3c3c55df29f576df6e88556c26d4c5245959a,1800,384.001833557196,384.001733440791,,148,0,112,18938,1743,119,138138,0,0,0,0,,,False,0,2329.0,4529.0,16272.0,260.0,382.0,767.0,-1489.005859375,4178.95751953125,-578.902770996094,1.21599984169006,1980.06127929688,-28.7279949188232,-12.2400016784668,16197.6005859375,1131.1796875,-268.537261962891,5184.826171875,237.917419433594,True,,,,,,,,,,,,,,,,,,,
godot-controls-final,013-barrel-Oil-flat-s02,16,barrel,flat,barrel-Oil-flat,2,1800,49a694a94027d6ab,f52f3b5fe2b9821dd6039e62dbe27f22a3d800a474e4f0f2cb7bb2a2b3a30f63,1800,384.002001514072,384.001785077116,,152,0,112,17248,1737,129,124755,0,0,0,0,,,False,0,2069.0,4506.0,16038.0,241.0,386.0,528.0,1752.87561035156,3863.0234375,-586.738647460938,1.51999962329865,1975.50158691406,-28.2719955444336,31.3199901580811,11898.296875,1102.57995605469,455.745910644531,5131.99267578125,219.679229736328,True,,,,,,,,,,,,,,,,,,,
godot-controls-final,013-barrel-Oil-flat-s03,16,barrel,flat,barrel-Oil-flat,3,1800,59ba7a3d4231d0b0,481da204b9b09fb2ff551de78837af40c98e3b7f5777ca2c78b78aa55cddb7b1,1800,384.001776088308,384.001680937572,,147,0,112,14077,1746,132,124786,0,0,0,0,,,False,0,1740.0,4543.0,15256.0,242.0,404.0,859.0,596.734252929688,3893.90869140625,-569.144836425781,-0.303999841213226,1981.73327636719,-28.2719993591309,-9.98002433776855,14759.3994140625,1138.37976074219,92.985725402832,5207.044921875,250.608032226563,True,,,,,,,,,,,,,,,,,,,
godot-controls-final,013-barrel-Oil-flat-s04,16,barrel,flat,barrel-Oil-flat,4,1800,2f0c4bdee5fbe6e2,7c7d97f018c32a6c7e481f8db45228b02ff0bdcbc793485ef7b60ebe5762c4a7,1800,384.001935474765,384.001819887614,,143,0,112,25558,1752,125,131312,0,0,0,0,,,False,0,3811.0,4645.0,14058.0,301.0,445.0,933.0,2673.09204101563,4181.9677734375,-590.350646972656,1.82399952411652,1986.29309082031,-28.5759963989258,105.020065307617,15562.2861328125,1179.71960449219,436.776947021484,5223.81884765625,273.578857421875,True,,,,,,,,,,,,,,,,,,,
godot-controls-final,014-barrel-Mercury-flat-s00,33,barrel,flat,barrel-Mercury-flat,0,1800,db6b9ea16c2c6c53,737f5d86cd0d05a26834f0dbeb02ad0a148119533e75a1d299f5958631b01d01,1800,384.002028515656,384.001584464954,,149,0,112,22180,825,322,113081,0,0,0,0,,,False,0,1905.0,8954.0,11770.0,252.0,414.0,1768.0,191.487152099609,4008.14599609375,-590.346862792969,7.29599857330322,3951.916015625,-57.1519889831543,336.639953613281,6890.935546875,1203.35949707031,-279.330993652344,5103.25732421875,230.327331542969,True,,,,,,,,,,,,,,,,,,,
godot-controls-final,014-barrel-Mercury-flat-s01,33,barrel,flat,barrel-Mercury-flat,1,1800,26d733c1946806b,89f573a5fc0ba4a44066d27ec5e8e3f3a5d28b3c7f1fc2924cf32229aed67c2a,1800,384.001706106176,384.001681146076,,148,0,112,21471,1744,126,138096,0,0,0,0,,,False,0,1148.0,2898.0,7920.0,243.0,432.0,794.0,1492.2392578125,4183.2880859375,-574.555908203125,0.608000159263611,3959.5146484375,-58.0639953613281,-0.759998321533203,17936.033203125,1217.75939941406,90.6439819335938,5194.119140625,239.142242431641,True,,,,,,,,,,,,,,,,,,,
godot-controls-final,014-barrel-Mercury-flat-s02,33,barrel,flat,barrel-Mercury-flat,2,1800,e9e8d15e35238c02,79e8583efbafe94db044b434fffcf53ce9d29228535b9321a8edec74ee76a090,1800,384.001922687737,384.001918729855,,149,0,112,17760,1742,134,126559,0,0,0,0,,,False,0,915.0,3200.0,8954.0,199.0,428.0,3395.0,-1175.302734375,4188.15234375,-566.821105957031,-2.12799978256226,3956.47485351563,-58.6719970703125,-1.48000001907349,8062.578125,1202.4794921875,-449.821685791016,5167.1884765625,238.856185913086,True,,,,,,,,,,,,,,,,,,,
godot-controls-final,014-barrel-Mercury-flat-s03,33,barrel,flat,barrel-Mercury-flat,3,1800,46d4307afa6212f6,13a2443cf5092d091cb6fff5b16f284e07844554988da91a9920cf085070e3e6,1800,384.00176778796,384.00175206722,,148,0,112,27277,1743,126,131479,0,0,0,0,,,False,0,1037.0,2920.0,15734.0,218.0,394.0,7007.0,2683.7353515625,4174.265625,-583.606628417969,1.21599984169006,3959.21069335938,-58.3679962158203,129.960540771484,17195.09375,1203.95947265625,241.981658935547,5183.07666015625,233.012557983398,True,,,,,,,,,,,,,,,,,,,
godot-controls-final,014-barrel-Mercury-flat-s04,33,barrel,flat,barrel-Mercury-flat,4,1800,3dee57d9ab72ae0a,7d2f75fc950a6cf2df34cc60a0fbc2ff201d9b8f4fb76822474566801f404722,1800,384.001770421855,384.001738391439,,145,0,112,27457,1749,129,131393,0,0,0,0,,,False,0,1848.0,2891.0,7653.0,206.0,360.0,648.0,2677.73706054688,4185.0146484375,-581.496826171875,8.94069671630859e-08,3967.72241210938,-57.1519889831543,133.760589599609,17264.970703125,1244.79931640625,239.65461730957,5218.1943359375,259.125061035156,True,,,,,,,,,,,,,,,,,,,
godot-controls-final,015-barrel-Empty-hard-s00,0,barrel,hard,barrel-Empty-hard,0,1800,53353741b3e548d2,970a563b886032ed4703b0beef425f64ec241810ab7f4d48998f58bc50db680b,1800,0.00045776381119822,0.00045776381119822,0.0,-1,1736,0,0,0,0,0,0,0,0,0,,,True,0,16.0,25.0,994.0,57.0,94.0,178.0,0.0,0.0,,0.0,0.0,,0.0,0.0,,0.0,0.0,,True,,,,,,,,,,,,,,,,,,,
godot-controls-final,015-barrel-Empty-hard-s01,0,barrel,hard,barrel-Empty-hard,1,1800,72def609f0b18bcf,ebe0ad11e7cf5fdc836befca2244fd2839612fccaf248d304c67c92b14098cf0,1800,0.00045776381119822,0.00045776381119822,0.0,-1,1736,0,0,0,0,0,0,0,0,0,,,True,0,28.0,46.0,548.0,61.0,105.0,205.0,0.0,0.0,,0.0,0.0,,0.0,0.0,,0.0,0.0,,True,,,,,,,,,,,,,,,,,,,
godot-controls-final,015-barrel-Empty-hard-s02,0,barrel,hard,barrel-Empty-hard,2,1800,44b1fc2b4f43e6fc,80e19c8de005222eb11d4d7d9f217583e9f33fc23b90ad264613ef4fa583713e,1800,0.00045776381119822,0.00045776381119822,0.0,-1,1736,0,0,0,0,0,0,0,0,0,,,True,0,16.0,28.0,1095.0,59.0,102.0,355.0,0.0,0.0,,0.0,0.0,,0.0,0.0,,0.0,0.0,,True,,,,,,,,,,,,,,,,,,,
godot-controls-final,015-barrel-Empty-hard-s03,0,barrel,hard,barrel-Empty-hard,3,1800,7c082d743a63c427,181e7041a7330e4ad8d177386dfe3202b209067da8b7b2c17d3b747ea1d7afe6,1800,0.00045776381119822,0.00045776381119822,0.0,-1,1736,0,0,0,0,0,0,0,0,0,,,True,0,28.0,45.0,873.0,60.0,100.0,234.0,0.0,0.0,,0.0,0.0,,0.0,0.0,,0.0,0.0,,True,,,,,,,,,,,,,,,,,,,
godot-controls-final,015-barrel-Empty-hard-s04,0,barrel,hard,barrel-Empty-hard,4,1800,8aa9297698281a50,effc1a0d6270390f958d8a0e89bc9288c6b166f1f58eb70ff48d9c795a715892,1800,0.00045776381119822,0.00045776381119822,0.0,-1,1736,0,0,0,0,0,0,0,0,0,,,True,0,28.0,48.0,885.0,66.0,111.0,570.0,0.0,0.0,,0.0,0.0,,0.0,0.0,,0.0,0.0,,True,,,,,,,,,,,,,,,,,,,
godot-controls-final,016-freefall-s00,0,barrel,flat,freefall,0,1800,f5c1679bbafb243a,d7ae605039d55b3dfe43db6fc14a377acb540d56c525f8b995d4ec77523735e0,1800,384.369995117188,384.000976564728,,201,1567,0,0,0,0,0,0,0,0,0,,,True,0,16.0,31.0,1724.0,66.0,113.0,226.0,0.0,0.0,0.0,0.0,0.0,0.0,0.0,0.0,0.0,0.0,0.0,0.0,,,,,,,,,,,,,,,,,,,,
godot-controls-final,016-freefall-s01,0,barrel,flat,freefall,1,1800,b8c5e7e7156b782f,92162a683474761025a34199e77b2430ea1f2309fd4095457cd11f34aeb42a1b,1800,384.369995117188,384.000976564728,,201,1567,0,0,0,0,0,0,0,0,0,,,True,0,28.0,46.0,646.0,62.0,111.0,201.0,0.0,0.0,0.0,0.0,0.0,0.0,0.0,0.0,0.0,0.0,0.0,0.0,,,,,,,,,,,,,,,,,,,,
godot-controls-final,016-freefall-s02,0,barrel,flat,freefall,2,1800,88c4258e2c667f4,43f7229ea78d573cdabf74a5879eb51577806b5bca20cacadaf3bf7bcb45758f,1800,384.369995117188,384.000976564728,,201,1567,0,0,0,0,0,0,0,0,0,,,True,0,16.0,28.0,1389.0,60.0,103.0,193.0,0.0,0.0,0.0,0.0,0.0,0.0,0.0,0.0,0.0,0.0,0.0,0.0,,,,,,,,,,,,,,,,,,,,
godot-controls-final,016-freefall-s03,0,barrel,flat,freefall,3,1800,b2a1f64d9d74a207,ba3b00e9c71f079b3e1dceaad28a365a14ce7f26d48bc3eb6b6857f0e4108a37,1800,384.369995117188,384.000976564728,,201,1567,0,0,0,0,0,0,0,0,0,,,True,0,28.0,45.0,900.0,62.0,104.0,245.0,0.0,0.0,0.0,0.0,0.0,0.0,0.0,0.0,0.0,0.0,0.0,0.0,,,,,,,,,,,,,,,,,,,,
godot-controls-final,016-freefall-s04,0,barrel,flat,freefall,4,1800,6c6b413256e9642,a949ed23f19dfece23206ffffc0e3f7dd20674028b65b4bb7e979143fbbf19b7,1800,384.369995117188,384.000976564728,,201,1567,0,0,0,0,0,0,0,0,0,,,True,0,28.0,46.0,531.0,64.0,110.0,205.0,0.0,0.0,0.0,0.0,0.0,0.0,0.0,0.0,0.0,0.0,0.0,0.0,,,,,,,,,,,,,,,,,,,,
godot-controls-final,017-barrel-Sand-mixed-s00,2,barrel,mixed,barrel-Sand-mixed,0,1800,d5dabca6761c0be,0d81feb6768b3e40cc506f62fd5de1aa45879689a078860c0129cfa68ec5e644,1800,386.67333984375,384.001973838852,,144,0,112,18330,126,133,139653,0,0,0,0,,,False,0,20.0,3397.0,9060.0,186.0,346.0,759.0,-1177.83520507813,4154.0283203125,-618.300476074219,-0.714400291442871,4001.43041992188,-25.8742027282715,0.0450000241398811,1507.94763183594,1186.587890625,-787.894775390625,5166.83984375,262.621490478516,,,,,,,,,,,,,,,,,,,,
godot-controls-final,017-barrel-Sand-mixed-s01,2,barrel,mixed,barrel-Sand-mixed,1,1800,7a673abf558e3474,0e997c2f31178f1ccc3a4721a1c19d4f84c0655ddfae1c0edba290c8ecb58888,1800,384.001802664267,384.001798176421,,144,0,112,24769,1750,122,133076,0,0,0,0,,,False,0,696.0,3166.0,11169.0,213.0,376.0,654.0,-2388.17602539063,4170.98779296875,-598.414855957031,-1.97980010509491,4005.28735351563,-22.0172023773193,-66.5711441040039,17419.759765625,1191.10852050781,-324.46240234375,5220.35791015625,262.872161865234,,,,,,,,,,,,,,,,,,,,
godot-controls-final,017-barrel-Sand-mixed-s02,2,barrel,mixed,barrel-Sand-mixed,2,1800,8e10c22783307807,bce4b95a4c0356fa0e7ac92e9a2dbf60106f93a9353a4ab5af840c465bebf7d1,1800,384.001988344119,384.001934369599,,144,0,112,17423,1751,126,130032,0,0,0,0,,,False,0,553.0,3659.0,10020.0,189.0,391.0,974.0,1495.63977050781,3568.60009765625,-604.7109375,-1.06780016422272,4007.08081054688,-20.2236022949219,1.92050170898438,3677.509765625,1202.56396484375,376.795562744141,5180.86962890625,268.354095458984,,,,,,,,,,,,,,,,,,,,
godot-controls-final,017-barrel-Sand-mixed-s03,2,barrel,mixed,barrel-Sand-mixed,3,1800,855a1a9c39ba0929,aaffdfd9201248257a10e147feb2c382e22834a6aed78461bfd2c3003d741662,1800,384.00180415709,384.001788846298,,143,0,112,19200,1751,123,131351,0,0,0,0,,,False,0,566.0,3480.0,9693.0,195.0,362.0,615.0,-2378.21069335938,3878.46313476563,-595.461303710938,-1.75560009479523,4006.3740234375,-23.3624019622803,-66.3711395263672,17230.458984375,1190.92541503906,-337.088073730469,5224.70751953125,265.287567138672,,,,,,,,,,,,,,,,,,,,
godot-controls-final,017-barrel-Sand-mixed-s04,2,barrel,mixed,barrel-Sand-mixed,4,1800,e6aab2b1b7bebbbd,76939996831859344b7a48ab1f058e2b6572e00ebc5427d7c4a5c722c123cdf3,1800,384.001689570162,384.001679685627,,143,0,112,21564,1752,127,124717,0,0,0,0,,,False,0,652.0,2757.0,8694.0,204.0,376.0,624.0,1501.1533203125,4166.11669921875,-606.135437011719,-1.67580008506775,4000.54516601563,-29.1916027069092,-0.209999978542328,16512.939453125,1201.94738769531,99.0097427368164,5241.2802734375,271.16162109375,,,,,,,,,,,,,,,,,,,,
godot-controls-final,018-barrel-Sand-flat-s00,2,barrel,flat,barrel-Sand-flat,0,1800,692000d2ef1f2eda,5fb8e9f62c6f114c27d001f4bee431652ad994e62c5e75f3877a34bc7f48eb0d,1800,384.001648856442,384.001648856442,,145,0,112,0,120,140,123090,0,0,0,0,,,False,0,22.0,813.0,6692.0,184.0,332.0,633.0,0.0,0.0,0.0,0.0,3970.76220703125,-54.1119995117188,0.0,1440.07958984375,1148.23974609375,0.0,4299.470703125,256.416015625,,0.0,,,,,,,,,,,,,,,,,,
godot-controls-final,018-barrel-Sand-flat-s01,2,barrel,flat,barrel-Sand-flat,1,1800,36cbef4adc5c3e1d,0c7a75fda1075c6d16b18c7baabfbfc5d53d4c30afe2237060aa467e27a7e319,1800,384.001680035064,384.001677928538,,149,0,112,2,1739,140,133236,0,0,0,0,,,False,0,660.0,1006.0,5414.0,217.0,371.0,773.0,0.0,0.0,0.0,-3.03999996185303,3957.38671875,-57.7599983215332,65.6411209106445,17338.005859375,1158.35974121094,11.654088973999,5203.69775390625,250.700576782227,,0.0,,,,,,,,,,,,,,,,,,
godot-controls-final,018-barrel-Sand-flat-s02,2,barrel,flat,barrel-Sand-flat,2,1800,8d528bf60240e06e,56c2607d0ab3d63c04847bc57215b8d54924b349b9b0f7d34fa8ab34108c5c6d,1800,384.001680088837,384.001672310006,,149,0,112,1,1738,139,131590,0,0,0,0,,,False,0,660.0,1053.0,7168.0,205.0,353.0,1161.0,0.0,0.0,0.0,3.03999876976013,3957.69067382813,-57.455997467041,-65.6811218261719,17126.81640625,1145.35974121094,-11.8242626190186,5200.69775390625,247.700439453125,,0.0,,,,,,,,,,,,,,,,,,
godot-controls-final,018-barrel-Sand-flat-s03,2,barrel,flat,barrel-Sand-flat,3,1800,6fb4240886a0608d,550c1ef4537c5f3190b0649aa0c38721a977d9afd819a3b739a4cc562ae78d7a,1800,384.001680082638,384.001670388324,,143,0,112,1,1750,128,131406,0,0,0,0,,,False,0,564.0,967.0,9824.0,204.0,372.0,1272.0,0.0,0.0,0.0,3.34399890899658,3976.841796875,-52.8959999084473,-65.8411254882813,17257.171875,1217.63940429688,-11.6626291275024,5241.4873046875,270.489959716797,,0.0,,,,,,,,,,,,,,,,,,
godot-controls-final,018-barrel-Sand-flat-s04,2,barrel,flat,barrel-Sand-flat,4,1800,f7f5076a77ba1904,f665e938f6fa9ab56ed0c6d91a47fb1b0a9dada1bbe1b0b78977dfe0199c4a2d,1800,384.001680143718,384.001667246752,,147,0,112,2,1739,122,143148,0,0,0,0,,,False,0,605.0,1045.0,8087.0,204.0,398.0,760.0,0.0,0.0,0.0,-2.12800002098084,3967.1142578125,-52.8959999084473,65.9611282348633,18513.353515625,1124.23986816406,11.0388174057007,5208.45703125,249.457168579102,,0.0,,,,,,,,,,,,,,,,,,
godot-controls-final,019-barrel-Sand-flat-s00,2,barrel,flat,barrel-Sand-flat,0,1800,dda02c999bf3c0f0,f1fc9fa09ee0940e286d858f706ee8cef6744221eaf376874b0c3a98a0b584cd,1800,384.001813656333,384.00179995235,,154,0,112,7710,120,126,138297,0,0,0,0,,,False,0,23.0,850.0,6607.0,218.0,380.0,896.0,747.195556640625,2085.681640625,-284.613006591797,-0.911999225616455,3946.74731445313,-56.2399940490723,0.120000094175339,1489.83947753906,1165.99963378906,410.879058837891,5065.29443359375,211.707824707031,,0.09,,,,,,,,,,,,,,,,,,
godot-controls-final,019-barrel-Sand-flat-s01,2,barrel,flat,barrel-Sand-flat,1,1800,dea0f2c825433245,11b1270d215a7368b7526a661f448eaf6b2379a3c9a3dd250a387394745fb414,1800,384.001740573011,384.001729181157,,155,0,112,5651,1734,131,128415,0,0,0,0,,,False,0,648.0,999.0,6272.0,208.0,371.0,597.0,898.325439453125,1935.36486816406,-285.387390136719,-0.911999225616455,3944.3154296875,-56.2399940490723,66.041130065918,16705.0703125,1175.95947265625,149.990524291992,5148.42138671875,215.769775390625,,0.09,,,,,,,,,,,,,,,,,,
godot-controls-final,019-barrel-Sand-flat-s02,2,barrel,flat,barrel-Sand-flat,2,1800,5f8cc8c22d06fa3b,407bf5348e0bcc48094eb99c062d22e0eb7c2929ae3ae6ee8d7f2152a97eab33,1800,384.001868866257,384.001852074064,,156,0,112,8307,1730,125,138391,0,0,0,0,,,False,0,549.0,957.0,6591.0,205.0,371.0,614.0,-741.96533203125,2079.5380859375,-287.880004882813,-0.911999225616455,3941.88354492188,-56.2399940490723,0.200000077486038,3185.09741210938,1139.759765625,-502.201263427734,5103.8857421875,197.86637878418,,0.09,,,,,,,,,,,,,,,,,,
godot-controls-final,019-barrel-Sand-flat-s03,2,barrel,flat,barrel-Sand-flat,3,1800,8236052a35e5be0e,8f3f188005dcdfc4fd871bacb2cfb91497b974ea9c4308c99f465793d10d1eb9,1800,384.001694194719,384.001692914013,,152,0,112,7530,1737,134,123393,0,0,0,0,,,False,0,552.0,967.0,8517.0,187.0,345.0,833.0,-588.174072265625,2080.40942382813,-292.757598876953,-1.51999914646149,3951.61108398438,-56.2399940490723,0.0800000950694084,16208.4208984375,1178.47961425781,-143.430053710938,5158.72705078125,216.651916503906,,0.09,,,,,,,,,,,,,,,,,,
godot-controls-final,019-barrel-Sand-flat-s04,2,barrel,flat,barrel-Sand-flat,4,1800,7c824acd4734c07b,42f9eada3796b37ca8830ebeb1085a32c3356a470207d88e41897fdf17c0f019,1800,384.001746913633,384.001730391971,,155,0,112,7196,1736,139,125136,0,0,0,0,,,False,0,686.0,1005.0,10646.0,207.0,349.0,600.0,-887.302673339844,1933.71569824219,-287.036956787109,-2.12799978256226,3943.40356445313,-57.1519966125488,-0.0799998566508293,16256.55078125,1188.15966796875,-196.784683227539,5151.48583984375,220.443481445313,,0.09,,,,,,,,,,,,,,,,,,
godot-controls-final,020-barrel-Sand-flat-s00,2,barrel,flat,barrel-Sand-flat,0,1800,675421aec2f4b002,09e12c0ecb2939cf9ea46a060256bacc056f68ec5114e622ffa7059ce4f9e9d8,1800,386.327819824219,384.001918543147,,155,0,112,39372,708,221,117356,0,0,0,0,,,False,0,42.0,3236.0,10153.0,161.0,271.0,453.0,-1232.00244140625,7718.62158203125,-1162.29406738281,1.52000045776367,3944.01391601563,-59.5839920043945,1.63999998569489,6467.53076171875,1199.5595703125,-621.330261230469,5093.12060546875,218.044052124023,,0.36,,,,,,,,,,,,,,,,,,
godot-controls-final,020-barrel-Sand-flat-s01,2,barrel,flat,barrel-Sand-flat,1,1800,ac67004ecfb056c1,6788c3449041a2b82202c1610de138db0390f056794b9cd8d1f091dd37f9e0e9,1800,384.001863490071,384.001860286155,,155,0,112,45039,1736,139,125239,0,0,0,0,,,False,0,566.0,944.0,6797.0,173.0,301.0,568.0,-3519.30810546875,7731.517578125,-1151.54528808594,-0.911999225616455,3942.1875,-58.3679962158203,0.0800000727176666,16269.4306640625,1201.03955078125,-443.553527832031,5138.4140625,221.930267333984,,0.36,,,,,,,,,,,,,,,,,,
godot-controls-final,020-barrel-Sand-flat-s02,2,barrel,flat,barrel-Sand-flat,2,1800,b1c2ca63f91fff7d,477bf86f7cf8aa1719b86931078deaf668d2461521eb522712eebc8c3ce65b75,1800,384.002230466797,384.001968795263,,159,0,112,40135,1731,408,93564,0,0,0,0,,,False,0,713.0,5597.0,10041.0,177.0,314.0,564.0,-329.336456298828,6952.9775390625,-1157.98168945313,1.82399928569794,3928.81274414063,-57.1519927978516,-42.7199249267578,8106.86181640625,1188.99963378906,-405.007537841797,5075.65234375,204.228805541992,,0.36,,,,,,,,,,,,,,,,,,
godot-controls-final,020-barrel-Sand-flat-s03,2,barrel,flat,barrel-Sand-flat,3,1800,656b16f54c0c7806,cb526861fa7ff15d0d0f501814c49c9c0f7412a9d1c96af2ece54d5d0bfd500f,1800,384.001804099919,384.001801779192,,154,0,112,41851,1737,139,125206,0,0,0,0,,,False,0,677.0,1042.0,7372.0,233.0,387.0,542.0,-2318.5634765625,7703.0,-1185.41381835938,-1.51999914646149,3944.61938476563,-58.3679962158203,9.68575477600098e-08,16409.908203125,1200.5595703125,-325.257629394531,5148.1220703125,220.011184692383,,0.36,,,,,,,,,,,,,,,,,,
godot-controls-final,020-barrel-Sand-flat-s04,2,barrel,flat,barrel-Sand-flat,4,1800,10e57d78d64955ea,b80a5c0998780e76ae1394f15455fdd8ad74496ec447241e36a4ad7758c20b7f,1800,384.001684823402,384.00167238318,,157,0,112,40540,1731,128,138534,0,0,0,0,,,False,0,702.0,1001.0,7461.0,228.0,374.0,634.0,3006.35131835938,8250.9423828125,-1212.94396972656,-2.12799978256226,3937.62768554688,-58.0639953613281,-0.199999839067459,17792.1640625,1164.95959472656,46.0918312072754,5125.951171875,197.254684448242,,0.36,,,,,,,,,,,,,,,,,,
godot-controls-final,021-barrel-Sand-flat-s00,2,barrel,flat,barrel-Sand-flat,0,1800,df997c07976ab18,253256304a8a8bcdde09adec74f737eb5e33f70d47b0cae5071addf74aee284f,1800,384.002489688584,384.001447177545,,150,0,112,5080,1435,345,129059,0,0,0,0,,,False,0,1003.0,5705.0,10725.0,235.0,393.0,674.0,-318.733337402344,4168.36376953125,-583.662780761719,0.0,0.0,0.0,-4.47999286651611,13975.02734375,1187.39953613281,-116.665733337402,5093.716796875,227.133026123047,,,0.0,,,,,,,,,,,,,,,,,
godot-controls-final,021-barrel-Sand-flat-s01,2,barrel,flat,barrel-Sand-flat,1,1800,df032aea181d569,b5d1b9f05764507757fdb368f3454b44b4b7ddc5e1587ec103b4621ec732a29c,1800,384.00181254846,384.001810234245,,159,0,112,6285,1730,123,133693,0,0,0,0,,,False,0,709.0,1007.0,7444.0,230.0,380.0,911.0,1765.74768066406,4145.33154296875,-580.864074707031,0.0,0.0,0.0,-0.719999969005585,17206.48828125,1190.63952636719,395.828674316406,5107.669921875,200.139511108398,,,0.0,,,,,,,,,,,,,,,,,
godot-controls-final,021-barrel-Sand-flat-s02,2,barrel,flat,barrel-Sand-flat,2,1800,ed57e37494cd7ed0,3800bffa45eade13c5a3f4797c220132f86ae9cf55c30a701f0d6033ebd6f204,1800,384.001875084424,384.001755646315,,161,0,112,1815,1730,148,121360,0,0,0,0,,,False,0,625.0,1150.0,7761.0,202.0,348.0,583.0,-968.173767089844,3998.5859375,-584.357849121094,0.0,0.0,0.0,-3.83999824523926,3839.97729492188,1219.83935546875,-725.919128417969,5056.27685546875,203.145050048828,,,0.0,,,,,,,,,,,,,,,,,
godot-controls-final,021-barrel-Sand-flat-s03,2,barrel,flat,barrel-Sand-flat,3,1800,f8f24c5bd2d11ed,180196f9899f54b60364b86a2ecb795541d2e91abf448fabd21833b353211dfa,1800,384.001763300955,384.001743201815,,150,0,112,1879,1739,132,136685,0,0,0,0,,,False,0,561.0,906.0,6817.0,210.0,349.0,696.0,-1191.12353515625,4170.9013671875,-581.193176269531,0.0,0.0,0.0,0.799999952316284,17672.48046875,1172.47961425781,-276.991760253906,5161.98583984375,219.740081787109,,,0.0,,,,,,,,,,,,,,,,,
godot-controls-final,021-barrel-Sand-flat-s04,2,barrel,flat,barrel-Sand-flat,4,1800,13fda07fc760341,ed4dcdd5edeb06941f2ba69f2b5986c2c42ee1073d587c62a5d71f7c42f5c90b,1800,384.001778596436,384.001752912676,,145,0,112,1873,1749,124,149728,0,0,0,0,,,False,0,641.0,1092.0,7548.0,224.0,403.0,990.0,-1200.98132324219,4199.29736328125,-567.196411132813,0.0,0.0,0.0,-0.839999973773956,19379.681640625,1240.67919921875,-257.634521484375,5220.19140625,261.898254394531,,,0.0,,,,,,,,,,,,,,,,,
godot-controls-final,022-barrel-Sand-flat-s00,2,barrel,flat,barrel-Sand-flat,0,1800,5f46f6d772620463,90906fea542e0b508846607d2de489e17e5baa5f90161126127b11c14d893186,1800,384.002253920592,384.001365428973,,153,0,112,19537,1460,366,126219,0,0,0,0,,,False,0,983.0,6075.0,10590.0,217.0,361.0,661.0,-56.8815231323242,3869.1005859375,-577.804321289063,0.911999523639679,1969.87841796875,-27.6639976501465,-6.83998870849609,13958.306640625,1197.6796875,-53.1062774658203,5115.3447265625,222.449172973633,,,0.095,,,,,,,,,,,,,,,,,
godot-controls-final,022-barrel-Sand-flat-s01,2,barrel,flat,barrel-Sand-flat,1,1800,26a169ae0c978035,920e24cfc78e1a8866233f4c9108815332c8567131adb5599e0b896a5f4fd665,1800,384.001934219735,384.001799936737,,158,0,112,25287,1734,133,130270,0,0,0,0,,,False,0,619.0,975.0,5076.0,202.0,336.0,528.0,-2352.03540039063,4151.28564453125,-577.851379394531,-2.27999973297119,1966.68591308594,-29.9439964294434,-65.9611282348633,16896.54296875,1199.31945800781,-409.906555175781,5111.6142578125,202.145248413086,,,0.095,,,,,,,,,,,,,,,,,
godot-controls-final,022-barrel-Sand-flat-s02,2,barrel,flat,barrel-Sand-flat,2,1800,2817f13fb0896b6,77ebb769783a1c5ab21c6f09f8fd583ad38cf0dbada39c12ed8a8dbb34ec0d3e,1800,384.001931107902,384.001916648479,,161,0,112,18234,1728,136,125458,0,0,0,0,,,False,0,622.0,1027.0,7666.0,218.0,366.0,635.0,1490.33996582031,4150.8359375,-569.60791015625,-2.27999973297119,1963.0380859375,-29.9439964294434,-0.199999898672104,3167.37719726563,1171.71960449219,659.719543457031,5057.546875,185.907363891602,,,0.095,,,,,,,,,,,,,,,,,
godot-controls-final,022-barrel-Sand-flat-s03,2,barrel,flat,barrel-Sand-flat,3,1800,3614191aa63f85ee,b0ff150f79c215559dbb983281d8e4549ef192bfd73c95eee2df259b8b9bdc21,1800,384.001747592727,384.001733855622,,153,0,112,17568,1735,134,123528,0,0,0,0,,,False,0,538.0,1013.0,10094.0,184.0,368.0,993.0,-1191.25427246094,4170.77783203125,-570.664123535156,-2.43199968338013,1974.28564453125,-28.4239978790283,-0.479999929666519,16181.66015625,1160.83972167969,-222.142303466797,5146.01953125,209.856781005859,,,0.095,,,,,,,,,,,,,,,,,
godot-controls-final,022-barrel-Sand-flat-s04,2,barrel,flat,barrel-Sand-flat,4,1800,adfb74877396c9fd,35ca8363452788438e6c55ff427112101d2035928cf226f840a3d7d535792788,1800,384.001810601553,384.001802354594,,156,0,112,25180,1732,128,131908,0,0,0,0,,,False,0,632.0,1027.0,7037.0,214.0,386.0,6313.0,2679.45434570313,4146.00927734375,-588.838317871094,-2.43199968338013,1971.85375976563,-27.2079982757568,65.2411117553711,17074.73828125,1161.03967285156,393.216247558594,5115.87353515625,199.371154785156,,,0.095,,,,,,,,,,,,,,,,,
godot-controls-final,023-barrel-Sand-flat-s00,2,barrel,flat,barrel-Sand-flat,0,1800,ec230f068f837a98,d1c9b776cf0efb792c7955bbb05aa3d40c5e32a6dd9d8d5a36de0cce8757a77d,1800,384.00174473366,384.001743580433,,153,0,112,28300,122,131,131712,0,0,0,0,,,False,0,22.0,839.0,7523.0,187.0,319.0,1314.0,2704.732421875,4162.92626953125,-580.328918457031,2.43199992179871,7895.318359375,-115.519981384277,1.47999978065491,1499.44128417969,1189.67956542969,-190.785400390625,5093.021484375,217.163162231445,,,0.38,,,,,,,,,,,,,,,,,
godot-controls-final,023-barrel-Sand-flat-s01,2,barrel,flat,barrel-Sand-flat,1,1800,f62ca621194c23f5,ba7c3ef48c7fa6497594e8ce51f5a75a70d6f0b41545120d79d83395700b032f,1800,384.001680940679,384.001676122104,,154,0,112,24219,1738,134,126775,0,0,0,0,,,False,0,583.0,981.0,7811.0,188.0,345.0,754.0,2692.95922851563,3873.23706054688,-570.909240722656,2.43199992179871,7890.45458984375,-115.519981384277,66.2011337280273,16553.931640625,1212.99938964844,-23.3664684295654,5163.62548828125,225.638931274414,,,0.38,,,,,,,,,,,,,,,,,
godot-controls-final,023-barrel-Sand-flat-s02,2,barrel,flat,barrel-Sand-flat,2,1800,5b59d0795b910014,2c85e23846655b6182d0fed4849786d14f6add8aec788001dcdb99400300ae77,1800,384.002003982142,384.001984937038,,159,0,112,19308,1732,137,125408,0,0,0,0,,,False,0,528.0,892.0,6371.0,191.0,330.0,648.0,-1455.19030761719,4115.513671875,-610.738159179688,2.43199992179871,7865.52783203125,-116.127983093262,0.160000056028366,3186.09692382813,1188.51953125,-777.591613769531,5058.240234375,197.315551757813,,,0.38,,,,,,,,,,,,,,,,,
godot-controls-final,023-barrel-Sand-flat-s03,2,barrel,flat,barrel-Sand-flat,3,1800,3278facafc70cb22,d2f5d48589893f68655fca9893dbfd5133748605ed764ccd67f24b9c7dd16107,1800,384.001749256493,384.001667644516,,154,0,112,21374,1737,130,133464,0,0,0,0,,,False,0,545.0,966.0,6247.0,196.0,351.0,774.0,2389.6962890625,4151.798828125,-588.563354492188,2.43199992179871,7890.45458984375,-115.519981384277,66.041130065918,17333.884765625,1203.23950195313,-46.9345626831055,5157.95166015625,220.012939453125,,,0.38,,,,,,,,,,,,,,,,,
godot-controls-final,023-barrel-Sand-flat-s04,2,barrel,flat,barrel-Sand-flat,4,1800,8a2f33ab44a2bbff,219685d057d72c9cf0319b1d21bb8c8313b05c4c0ce001e37c8ddc6afa522009,1800,384.001682472969,384.001667248156,,157,0,112,22683,1735,136,131844,0,0,0,0,,,False,0,604.0,968.0,8316.0,194.0,333.0,606.0,2391.95263671875,3856.966796875,-579.079650878906,3.64799952507019,7874.6474609375,-116.735984802246,66.0811309814453,17104.45703125,1200.43957519531,-34.3423156738281,5138.26708984375,209.325424194336,,,0.38,,,,,,,,,,,,,,,,,
godot-controls-final,024-barrel-Sand-flat-s00,2,barrel,flat,barrel-Sand-flat,0,1800,e66c043dfbabe22,a1e5dc2f97944bd80ec09b6338548199bf32c34e76173e8ec126c38da609e06c,1800,12.5496826171875,1.400390625,-0.150222778320313,-1,0,62,1036,37,246,3521,0,0,0,0,,,True,0,594.0,961.0,7361.0,88.0,168.0,421.0,18.1799983978271,-322.632232666016,,3.34399676322937,-2626.857421875,,0.0,0.0,,-0.317738384008408,-2754.73999023438,,,,,0.0,,,,,,,,,,,,,,,,
godot-controls-final,024-barrel-Sand-flat-s01,2,barrel,flat,barrel-Sand-flat,1,1800,c2fe4461bae8c418,5a005a0cc04d9344bde504f2b0c964acbcfbf902d8ec50aca258c2a1c2be21da,1800,12.5560455322266,1.58201599121094,0.303558349609375,-1,0,64,1273,44,178,3913,0,0,0,0,,,True,0,512.0,832.0,6419.0,85.0,167.0,339.0,4.24799919128418,-365.794830322266,,17.9359893798828,-2632.92553710938,,0.0,0.0,,-3.12399005889893,-2751.25,,,,,0.0,,,,,,,,,,,,,,,,
godot-controls-final,024-barrel-Sand-flat-s02,2,barrel,flat,barrel-Sand-flat,2,1800,c4673cd168826096,8ce8d6165a23b0f2ba37ec261e865203e2bdaade3e029f53ffe7f9b10bd1b9d4,1800,12.5560455322266,1.24378967285156,0.053009033203125,-1,0,64,1383,46,275,4272,0,0,0,0,,,True,0,4.0,730.0,5354.0,79.0,148.0,415.0,17.3880023956299,-367.306396484375,,11.855993270874,-2649.93701171875,,0.0,0.0,,-0.783001780509949,-2758.12817382813,,,,,0.0,,,,,,,,,,,,,,,,
godot-controls-final,024-barrel-Sand-flat-s03,2,barrel,flat,barrel-Sand-flat,3,1800,f1101e454bcdf1bd,a4ae85ed5cf6d5fe10ed9a8dbef049b923cfc4906ceb1dff59663141d36cce92,1800,12.5489807128906,1.35639953613281,-0.329147338867188,-1,0,63,706,19,162,3719,0,0,0,0,,,True,0,569.0,937.0,7313.0,85.0,173.0,333.0,3.13199615478516,-355.170532226563,,11.5519962310791,-2541.404296875,,0.0,0.0,,2.45885157585144,-2753.28002929688,,,,,0.0,,,,,,,,,,,,,,,,
godot-controls-final,024-barrel-Sand-flat-s04,2,barrel,flat,barrel-Sand-flat,4,1800,f4f5c5651ed9d17d,88d9e49b10ea7f4ee205008ff782f4b5410680124077c54fa714a8c56f5bba3a,1800,12.5472564697266,1.81932067871094,0.56488037109375,-1,0,64,1251,43,199,3583,0,0,0,0,,,True,0,503.0,839.0,7050.0,83.0,167.0,315.0,18.5400009155273,-299.880218505859,,13.680004119873,-2682.1943359375,,0.0,0.0,,-0.0129158794879913,-2758.14819335938,,,,,0.0,,,,,,,,,,,,,,,,
godot-controls-final,025-barrel-Sand-flat-s00,2,barrel,flat,barrel-Sand-flat,0,1800,bfa2e12682c59ac5,30a2462fcfccab7bff04c96964aa3b5c2833cd4aee3ae004415a31ac216db99e,1800,384.00216340917,384.001923052771,,164,0,112,21050,1721,127,140211,0,0,0,0,,,False,0,313.0,837.0,8214.0,193.0,337.0,542.0,1185.87048339844,4102.4287109375,-609.164184570313,-3.34399962425232,3913.0048828125,-65.6639862060547,448.938232421875,1249.84631347656,636.839538574219,639.720275878906,5059.6650390625,195.540802001953,,,,0.0125,,,,,,,,,,,,,,,,
godot-controls-final,025-barrel-Sand-flat-s01,2,barrel,flat,barrel-Sand-flat,1,1800,2a434390c11156e1,22fdfcc1479ac1dee185ba7e7f297752d28f9838c54a9040929fb38ec135c6ec,1800,384.001801559574,384.001795106458,,167,0,112,17342,1718,139,127180,0,0,0,0,,,False,0,587.0,960.0,5705.0,193.0,343.0,526.0,-1172.86108398438,4114.201171875,-588.94140625,-2.43199968338013,3906.92529296875,-64.4479904174805,0.0200000591576099,8262.26953125,619.699645996094,-318.903198242188,5066.27685546875,177.091247558594,,,,0.0125,,,,,,,,,,,,,,,,
godot-controls-final,025-barrel-Sand-flat-s02,2,barrel,flat,barrel-Sand-flat,2,1800,b0c457ebe6ecc38e,19f11b1f0dcb5fd20783e5f23bb9e9938aa2616c8e1b3a5ce4a6001c2659a48f,1800,384.002176365846,384.001975279492,,169,0,112,21335,1716,140,122355,0,0,0,0,,,False,0,522.0,941.0,6555.0,184.0,334.0,604.0,2133.4755859375,3805.77514648438,-598.180908203125,-1.51999962329865,3901.1494140625,-65.359992980957,-0.880000114440918,1816.72888183594,625.079650878906,654.689025878906,5015.5224609375,177.186141967773,,,,0.0125,,,,,,,,,,,,,,,,
godot-controls-final,025-barrel-Sand-flat-s03,2,barrel,flat,barrel-Sand-flat,3,1800,a8c4cb56250d43d3,189387283b27472575165fe370f4cdd9cfea30ac17ccf84a7142b2b13551e675,1800,386.27490234375,384.001794873287,,164,0,112,17342,1720,139,120440,0,0,0,0,,,False,0,561.0,968.0,7611.0,199.0,377.0,737.0,-870.104797363281,3811.1689453125,-605.477172851563,-3.03999948501587,3912.70092773438,-65.9679870605469,-0.119999952614307,7817.15966796875,621.559631347656,-279.865264892578,5083.31689453125,183.19580078125,,,,0.0125,,,,,,,,,,,,,,,,
godot-controls-final,025-barrel-Sand-flat-s04,2,barrel,flat,barrel-Sand-flat,4,1800,36cf86f346da6209,a11e891b093efbb31d994e3d92c4b0c3fa5f4bff89e5b88000e834cc488ce6a2,1800,384.001807785985,384.001794331531,,159,0,112,18845,1731,135,125208,0,0,0,0,,,False,0,617.0,1037.0,8065.0,204.0,389.0,1069.0,-1478.05737304688,4121.40771484375,-604.779907226563,-1.8239997625351,3926.68432617188,-64.1439971923828,0.0200000591576099,8246.234375,664.659423828125,-367.414642333984,5140.51513671875,231.133850097656,,,,0.0125,,,,,,,,,,,,,,,,
godot-controls-final,026-barrel-Sand-flat-s00,2,barrel,flat,barrel-Sand-flat,0,1800,fafca98e65bae978,3622c655f29f36b14ec34c69024d39c767ccb2e762ab8af02762d25f79629557,1800,384.001777059033,384.001683097558,,148,0,112,17134,123,135,125042,0,0,0,0,,,False,0,24.0,802.0,6156.0,208.0,351.0,1104.0,-1162.28491210938,3881.7568359375,-578.868286132813,-3.95199966430664,3968.33032226563,-49.2479972839355,-0.639999747276306,2910.87866210938,2319.51928710938,-815.984130859375,5117.982421875,230.826843261719,,,,0.05,,,,,,,,,,,,,,,,
godot-controls-final,026-barrel-Sand-flat-s01,2,barrel,flat,barrel-Sand-flat,1,1800,ed454c2414783ba9,db19f56378c065537c5b8a936bd0730c4598dc065373645b7f2fc9fc456d3df1,1800,384.001740805723,384.001731275815,,152,0,112,28262,1738,137,126973,0,0,0,0,,,False,0,588.0,987.0,6928.0,192.0,351.0,1510.0,2984.8203125,4147.04541015625,-597.26171875,-3.3439998626709,3954.95483398438,-52.8959999084473,131.282241821289,33005.21875,2286.07934570313,150.732467651367,5154.9052734375,213.342910766602,,,,0.05,,,,,,,,,,,,,,,,
godot-controls-final,026-barrel-Sand-flat-s02,2,barrel,flat,barrel-Sand-flat,2,1800,b5dd658206710986,ae75f5e7bd9445f0691bfc7f2a665a9da0d087341f4617b916b0be71e6754e66,1800,384.00192326404,384.001918796379,,154,0,112,23320,1738,139,126992,0,0,0,0,,,False,0,620.0,1117.0,6449.0,223.0,399.0,843.0,679.703125,3854.1533203125,-590.415832519531,-2.43199992179871,3952.52294921875,-50.4640007019043,0.240000948309898,7194.6005859375,2329.83911132813,26.4397201538086,5107.01220703125,218.354446411133,,,,0.05,,,,,,,,,,,,,,,,
godot-controls-final,026-barrel-Sand-flat-s03,2,barrel,flat,barrel-Sand-flat,3,1800,83f4b1691de646f9,8b4d286d60203a6f2e3feb03423ea2aaeeca00efaac526d5d73ee41fa937dea6,1800,384.001682233147,384.001679428473,,148,0,112,21853,1742,128,136644,0,0,0,0,,,False,0,538.0,899.0,7731.0,193.0,350.0,607.0,1205.42993164063,4195.97314453125,-559.795104980469,-3.95199966430664,3965.8984375,-51.6799964904785,-0.799999713897705,35344.87890625,2304.87939453125,35.3869323730469,5183.19140625,227.251068115234,,,,0.05,,,,,,,,,,,,,,,,
godot-controls-final,026-barrel-Sand-flat-s04,2,barrel,flat,barrel-Sand-flat,4,1800,2c599a7ec83b1f4b,3f41919dbfa62c57a1492a2038facf0d687c466ab454029a4123e26383af91e5,1800,384.001682410164,384.001674999545,,151,0,112,21670,1739,134,126838,0,0,0,0,,,False,0,592.0,974.0,7889.0,187.0,346.0,582.0,1198.38220214844,4173.06689453125,-576.082824707031,-3.95199966430664,3961.03466796875,-49.2479972839355,-0.959999740123749,33170.671875,2300.87939453125,36.9440803527832,5170.0849609375,223.146087646484,,,,0.05,,,,,,,,,,,,,,,,
godot-controls-final,027-barrel-Sand-flat-s00,2,barrel,flat,barrel-Sand-flat,0,1800,a1acb9255147b2c5,126756a29ad37ba0f03a4919a6a7a89b9f4e7611571c5c29c035bfbea1c00521,1800,384.001256981134,384.001254585366,,170,0,112,49133,136,132,139148,0,0,0,0,,,False,0,21.0,809.0,6265.0,189.0,320.0,553.0,-1447.9345703125,4105.296875,-589.242980957031,-4.86399936676025,3912.09301757813,-51.9839973449707,-0.479999870061874,1618.19885253906,1294.35900878906,-638.829467773438,2475.39379882813,115.080154418945,,,,,1.5,,,,,,,,,,,,,,,
godot-controls-final,027-barrel-Sand-flat-s01,2,barrel,flat,barrel-Sand-flat,1,1800,101f7ab98ef613b5,6dab4b04884a16e75964e5b2cb63bf41116a0969529103383f4b1af3eeb3159d,1800,384.001022748437,384.00099679304,,176,0,112,45066,1727,131,131209,0,0,0,0,,,False,0,587.0,973.0,6612.0,193.0,347.0,858.0,1180.42126464844,4091.94555664063,-585.093811035156,-4.55999946594238,3896.28564453125,-53.1999931335449,-0.319999933242798,16727.673828125,1267.59924316406,-49.2380561828613,2535.35815429688,99.7530975341797,,,,,1.5,,,,,,,,,,,,,,,
godot-controls-final,027-barrel-Sand-flat-s02,2,barrel,flat,barrel-Sand-flat,2,1800,ce3e84432137cd4,bf33e089001f300f8a56cfcf3777bc0acdd6bd82ae52fcb7c60091e4676b0990,1800,384.001080692316,384.001073929103,,178,0,112,44674,1727,139,118233,0,0,0,0,,,False,0,524.0,984.0,7719.0,183.0,324.0,556.0,1059.59191894531,4232.091796875,-568.673095703125,-4.55999946594238,3891.421875,-53.1999931335449,-0.279999911785126,3228.138671875,1279.39916992188,-194.548080444336,2524.5703125,99.5651245117188,,,,,1.5,,,,,,,,,,,,,,,
godot-controls-final,027-barrel-Sand-flat-s03,2,barrel,flat,barrel-Sand-flat,3,1800,690c6c62f0fda4a2,ae4c5141750d0e07c3eae502f2ba1d359da50084a20eddad07e4ddeecf55d90b,1800,384.001016494768,384.000995974614,,169,0,112,46089,1736,148,112917,0,0,0,0,,,False,0,568.0,943.0,7733.0,193.0,343.0,649.0,2940.44458007813,3826.21997070313,-577.463256835938,-5.16799926757813,3914.52490234375,-51.9839973449707,130.122207641602,14807.80078125,1302.9990234375,27.2426433563232,2565.53540039063,119.192344665527,,,,,1.5,,,,,,,,,,,,,,,
godot-controls-final,027-barrel-Sand-flat-s04,2,barrel,flat,barrel-Sand-flat,4,1800,d78fa4667ed40b16,ea1b6c04ea8afe7e086250ef401b76c1fb660f01084683f8e0e22f93b5f59e19,1800,384.003321405777,384.001018146137,,171,0,112,47269,1731,141,126152,0,0,0,0,,,False,0,720.0,1097.0,7828.0,235.0,389.0,958.0,-1430.72900390625,4116.3505859375,-574.967224121094,-4.25599956512451,3909.35717773438,-51.9839973449707,-65.3611145019531,16280.4033203125,1292.83898925781,-111.580718994141,2555.00537109375,113.605476379395,,,,,1.5,,,,,,,,,,,,,,,
godot-controls-final,028-barrel-Sand-flat-s00,2,barrel,flat,barrel-Sand-flat,0,1800,6ed9e040c903993b,c5e90b96d3ccdeb19f265a64fa6e1d567b38ed90007fa50e0422a0ee6e3d1dc8,1800,384.00283633397,384.000269462609,,143,0,112,1155,1324,589,123309,0,0,0,0,,,False,0,910.0,6286.0,10426.0,204.0,347.0,1108.0,-886.882568359375,3982.70751953125,-611.980651855469,21.2800045013428,3928.814453125,-82.9919738769531,-59.680606842041,12553.19921875,1085.11999511719,-452.183776855469,9963.6416015625,376.689758300781,,,,,6,,,,,,,,,,,,,,,
godot-controls-final,028-barrel-Sand-flat-s01,2,barrel,flat,barrel-Sand-flat,1,1800,a61cd4874532b785,590304329da25c07c26d65ef3d5fe5a45055749f4f65b0218dfc5709c60696bd,1800,384.002656092941,384.002649265348,,154,0,112,888,1720,138,149051,0,0,0,0,,,False,0,598.0,965.0,6951.0,211.0,360.0,1208.0,1189.55981445313,4094.37548828125,-646.223815917969,1.21600008010864,3912.70092773438,-90.287971496582,-0.399999856948853,19142.380859375,1102.03979492188,437.208587646484,10197.138671875,330.783538818359,,,,,6,,,,,,,,,,,,,,,
godot-controls-final,028-barrel-Sand-flat-s02,2,barrel,flat,barrel-Sand-flat,2,1800,854f26079677b534,a244c19811b7c1162104a8ae7b0853eed12862d8138dc357d3a64b0bfd4ab645,1800,384.002861089435,384.001055605911,,149,0,112,1037,1701,1633,93788,0,0,0,0,,,False,0,4300.0,7150.0,14548.0,196.0,325.0,862.0,187.673858642578,3544.18798828125,-633.426696777344,-6.68799877166748,3894.17138671875,-84.5119705200195,62.7200202941895,11918.9716796875,1084.9599609375,134.190048217773,10070.08984375,348.086120605469,,,,,6,,,,,,,,,,,,,,,
godot-controls-final,028-barrel-Sand-flat-s03,2,barrel,flat,barrel-Sand-flat,3,1800,dbe90cbaef5f6150,fb308d7ff82b57426184e0ebc7e9f96dfd8df4b287c4746841b462461f23fcae,1800,387.572875976563,384.002646187299,,144,0,112,1148,1727,291,140794,0,0,0,0,,,False,0,697.0,4273.0,8543.0,198.0,354.0,662.0,-715.393432617188,4096.5732421875,-672.761535644531,-0.304001748561859,3935.8046875,-83.599967956543,41.1602592468262,18303.978515625,1097.7998046875,-249.540008544922,10273.8271484375,368.828125,,,,,6,,,,,,,,,,,,,,,
godot-controls-final,028-barrel-Sand-flat-s04,2,barrel,flat,barrel-Sand-flat,4,1800,a8a1516ee462d037,cfcfcb7986a6fa210dc6c9ec05e39549d65f2ba72b16dc81aa1652c182722b13,1800,384.002701467243,384.000964785091,,140,0,112,3187,1733,2942,61467,0,0,0,0,,,False,0,5972.0,7858.0,10664.0,195.0,304.0,836.0,-11.2576522827148,4138.31005859375,-639.417846679688,27.0559825897217,3868.33251953125,-89.0719680786133,20.8000068664551,9280.251953125,1098.23999023438,10.8047380447388,9985.1240234375,399.453887939453,,,,,6,,,,,,,,,,,,,,,
godot-controls-final,029-barrel-Sand-flat-s00,2,barrel,flat,barrel-Sand-flat,0,1800,78695c06d5b4e852,384742d9a54c40d37914937ebd692588d4c759a7569c9f86fe84b17c2baaed43,1800,384.002147190076,384.001439800166,,155,0,112,21820,294,153,133524,0,0,0,0,,,False,0,29.0,1375.0,7865.0,217.0,389.0,794.0,1844.72155761719,4141.14306640625,-596.65234375,-1.21599876880646,3943.09936523438,-57.1519927978516,5.83999729156494,3181.68872070313,1204.31945800781,516.325073242188,5007.7548828125,215.162826538086,,,,,,3.2,,,,,,,,,,,,,,
godot-controls-final,029-barrel-Sand-flat-s01,2,barrel,flat,barrel-Sand-flat,1,1800,ddc238f44b291e21,b3cd6f807009732d9f08bd8f5b2524a82e8eefcb48a85f159eba6f128ad043e8,1800,384.001748570653,384.001748046487,,156,0,112,19185,1735,135,125252,0,0,0,0,,,False,0,719.0,1105.0,6024.0,242.0,401.0,1007.0,-1475.13012695313,4144.06005859375,-590.760375976563,-2.73599863052368,3940.66748046875,-57.4559936523438,-0.199999898672104,16381.3876953125,1190.51953125,-225.304916381836,5137.8505859375,211.156463623047,,,,,,3.2,,,,,,,,,,,,,,
godot-controls-final,029-barrel-Sand-flat-s02,2,barrel,flat,barrel-Sand-flat,2,1800,f3449b68b8e32b20,6682a55bccab73f98c1a11757b1aa08b93cec0b45d8043d87357f956d8f5f049,1800,384.001934072835,384.001932523249,,158,0,112,19106,1733,127,138522,0,0,0,0,,,False,0,627.0,1034.0,7996.0,243.0,401.0,1109.0,-1476.00854492188,4145.634765625,-583.44970703125,-2.73599863052368,3935.8037109375,-57.4559936523438,-0.159999877214432,3235.4970703125,1192.07946777344,-686.598693847656,5079.0341796875,202.061462402344,,,,,,3.2,,,,,,,,,,,,,,
godot-controls-final,029-barrel-Sand-flat-s03,2,barrel,flat,barrel-Sand-flat,3,1800,b5560fe35370359e,5e1c06dac1b94069e31a4b260b1b289d52ba32699bfb0909f2394c1e285f618e,1800,384.001743594097,384.001739157996,,154,0,112,17227,1736,128,136697,0,0,0,0,,,False,0,731.0,1002.0,6887.0,261.0,410.0,1190.0,-1165.68798828125,4153.50146484375,-587.071044921875,-3.34399890899658,3945.53125,-57.4559936523438,-0.159999877214432,17638.51953125,1178.51953125,-182.854904174805,5144.24853515625,209.705459594727,,,,,,3.2,,,,,,,,,,,,,,
godot-controls-final,029-barrel-Sand-flat-s04,2,barrel,flat,barrel-Sand-flat,4,1800,3313023ffb05c61a,5fb9b68d358c6fc920462c0fd9cfcf185a17aff289feddc1ce607ff0ebe24aac,1800,384.001748592451,384.001743145531,,156,0,112,19220,1735,133,125283,0,0,0,0,,,False,0,750.0,1080.0,7875.0,244.0,384.0,967.0,-1467.21044921875,4135.8603515625,-598.965454101563,-2.12799978256226,3940.9716796875,-57.1519927978516,1.41561031341553e-07,16382.0283203125,1191.15954589844,-234.711685180664,5138.5224609375,211.828033447266,,,,,,3.2,,,,,,,,,,,,,,
godot-controls-final,030-barrel-Sand-flat-s00,2,barrel,flat,barrel-Sand-flat,0,1800,54a7b94a8054fc3a,773f6c8d27e06efc648c7242dc34c49249aa760d494f4deefb4d80582c3968bf,1800,384.002663681156,384.002660840606,,135,0,112,22170,109,129,125278,0,0,0,0,,,False,0,30.0,1020.0,8595.0,243.0,412.0,956.0,1187.12854003906,4199.70654296875,-595.605285644531,4.55999898910522,3976.53784179688,-72.6559753417969,1.24000000953674,1327.43969726563,1027.92016601563,262.5576171875,5137.82568359375,201.902160644531,,,,,,,0.5,,,,,,,,,,,,,
godot-controls-final,030-barrel-Sand-flat-s01,2,barrel,flat,barrel-Sand-flat,1,1800,9e9e25a6f87c7e15,2f968311f4817c1223abeb1af884073354624dd447d3f51acbfacc29751a6fab,1800,384.002514994093,384.002485818708,,140,0,112,21979,1737,136,148869,0,0,0,0,,,False,0,840.0,1601.0,7248.0,284.0,474.0,1963.0,1198.09204101563,4170.77490234375,-610.118225097656,4.25599908828735,3964.07446289063,-72.9599761962891,0.599999964237213,19224.228515625,1030.44006347656,56.3925132751465,5167.7294921875,188.033584594727,,,,,,,0.5,,,,,,,,,,,,,
godot-controls-final,030-barrel-Sand-flat-s02,2,barrel,flat,barrel-Sand-flat,2,1800,bd888c4826b47de5,8bb41adcd9d9ecfdeb3841b1a7abfa19281187cc67c884098e7cea5ccc548d9f,1800,384.003353505842,384.002723583499,,242,0,112,14303,1649,313,110046,0,0,0,0,,,False,0,669.0,4016.0,11177.0,186.0,361.0,654.0,315.998260498047,2764.08203125,-709.066162109375,17.327995300293,3611.75512695313,-174.800094604492,-32.840015411377,7119.42578125,1083.20007324219,30.9259929656982,4770.17626953125,112.104759216309,,,,,,,0.5,,,,,,,,,,,,,
godot-controls-final,030-barrel-Sand-flat-s03,2,barrel,flat,barrel-Sand-flat,3,1800,b3cf7d7cd85f3aae,1b0bcff3a5aff70f72e1f6a5bd7506cb8ac1caef10d9c8c9ca538a5f3683b342,1800,384.002603607114,384.00259226006,,135,0,112,19418,1741,113,157001,0,0,0,0,,,False,0,559.0,938.0,7420.0,223.0,387.0,975.0,-1497.61572265625,4197.65380859375,-597.658264160156,4.8639988899231,3977.44995117188,-71.7439804077148,0.879999995231628,20270.8359375,1023.52014160156,-195.956314086914,5188.96630859375,197.772048950195,,,,,,,0.5,,,,,,,,,,,,,
godot-controls-final,030-barrel-Sand-flat-s04,2,barrel,flat,barrel-Sand-flat,4,1800,5842c73e26adbf6b,857fd799f868def53526af99e5ece12f32be56bb8c6867041952a3db130d509a,1800,9.73606872558594,1.789306640625,1.00300598144531,-1,0,40,473,11,95,1225,0,0,0,0,,,True,0,522.0,842.0,7255.0,96.0,183.0,360.0,1.1879997253418,-143.063507080078,,6.99199867248535,-1374.37512207031,,-0.880000114440918,50.4400939941406,,-0.423093140125275,-1377.22534179688,,,,,,,,0.5,,,,,,,,,,,,,
godot-controls-final,031-barrel-Sand-flat-s00,2,barrel,flat,barrel-Sand-flat,0,1800,1cde5def1a2e63b8,b34770e4435f631a199a47689486f1dd1d47ed30ce737284b7719e2eb96380eb,1800,384.001073750129,384.001072389146,,173,0,112,21203,131,127,139185,0,0,0,0,,,False,0,25.0,902.0,9949.0,229.0,380.0,1573.0,1473.82507324219,4099.224609375,-586.637084960938,-6.38399934768677,3901.1494140625,-55.6319923400879,-0.479999929666519,1639.43884277344,1315.59899902344,384.363555908203,5019.0263671875,219.000122070313,,,,,,,2,,,,,,,,,,,,,
godot-controls-final,031-barrel-Sand-flat-s01,2,barrel,flat,barrel-Sand-flat,1,1800,ec98eb9f0b6c3631,717774362ab43b35449095a8c7212b101bdfbd981774b59b5f7821d865337d18,1800,384.001011031816,384.001009127057,,180,0,112,21080,1719,129,124777,0,0,0,0,,,False,0,601.0,1006.0,6559.0,202.0,361.0,642.0,1179.14221191406,4073.37133789063,-592.269104003906,-6.0799994468689,3881.6943359375,-58.0639877319336,-0.39999994635582,16086.138671875,1311.55895996094,62.4528694152832,5047.68505859375,188.1611328125,,,,,,,2,,,,,,,,,,,,,
godot-controls-final,031-barrel-Sand-flat-s02,2,barrel,flat,barrel-Sand-flat,2,1800,654d178255b991aa,4d195059035ec1e90c675139fa8a9c1f82f3e75603837eed99adb1a0161ee022,1800,384.00102479693,384.001002827357,,181,0,112,20943,1715,131,124833,0,0,0,0,,,False,0,598.0,1114.0,5848.0,219.0,383.0,598.0,1181.41381835938,4068.45190429688,-594.176696777344,-6.0799994468689,3878.65454101563,-58.671989440918,-0.359999865293503,3241.0576171875,1270.71911621094,186.726440429688,5027.46337890625,174.361602783203,,,,,,,2,,,,,,,,,,,,,
godot-controls-final,031-barrel-Sand-flat-s03,2,barrel,flat,barrel-Sand-flat,3,1800,c2c71aea0e24bad2,3d720fd414087524b8cdda42db385ed1ae5c2d26378bce357a184190f82a77d0,1800,384.001029940106,384.001016818396,,172,0,112,17230,1727,135,124440,0,0,0,0,,,False,0,539.0,908.0,7059.0,190.0,335.0,506.0,-1164.2509765625,4118.3212890625,-568.396545410156,-6.38399934768677,3901.45336914063,-57.7599906921387,-0.519999921321869,16162.5,1314.958984375,-199.514129638672,5098.29931640625,218.266662597656,,,,,,,2,,,,,,,,,,,,,
godot-controls-final,031-barrel-Sand-flat-s04,2,barrel,flat,barrel-Sand-flat,4,1800,c3b609ea2ad69a45,35cef21b546cf2fd47da80f27b41f36895469210419efa4ccf126e5f2a909804,1800,384.001020335624,384.001010215557,,172,0,112,18415,1727,134,126069,0,0,0,0,,,False,0,616.0,1005.0,9538.0,208.0,351.0,696.0,-1458.7626953125,4108.37939453125,-580.360046386719,-6.0799994468689,3903.88525390625,-55.3279914855957,-0.519999921321869,16357.306640625,1314.27893066406,-231.927383422852,5104.56103515625,225.813247680664,,,,,,,2,,,,,,,,,,,,,
godot-controls-final,032-barrel-Sand-flat-s00,2,barrel,flat,barrel-Sand-flat,0,1800,c97a2f9b65b4b3d4,1320232e918ddb1e05c3c34efca01ce47df0ddb0035fef8e6762b8372569fd81,1800,384.002120873901,384.00171397002,,149,0,112,27069,936,224,128412,0,0,0,0,,,False,0,782.0,4320.0,9591.0,218.0,365.0,621.0,2138.82421875,4169.29931640625,-585.735534667969,0.912000298500061,3950.69946289063,-61.1039962768555,62.4806480407715,9195.59375,1161.39965820313,387.275085449219,5077.11474609375,213.389236450195,,,,,,,,0.5,,,,,,,,,,,,
godot-controls-final,032-barrel-Sand-flat-s01,2,barrel,flat,barrel-Sand-flat,1,1800,6b796a06d4084a01,014493c39ad347a5031ca04b508af114900aa3274dc8664850a67a0040e8d684,1800,384.001743500619,384.001738963954,,151,0,112,17242,1738,131,136543,0,0,0,0,,,False,0,707.0,1075.0,7752.0,252.0,400.0,610.0,-1168.44165039063,4180.9423828125,-568.270202636719,-2.43199968338013,3949.17919921875,-61.1039962768555,-0.0799998790025711,17653.439453125,1163.43957519531,-183.397872924805,5153.71337890625,210.175979614258,,,,,,,,0.5,,,,,,,,,,,,
godot-controls-final,032-barrel-Sand-flat-s02,2,barrel,flat,barrel-Sand-flat,2,1800,988f995346da9b1e,b7f766255f297c4e4b896b206b1173abce185eb18a5bffb95b98eb23c3561d2d,1800,384.001928951342,384.001914464725,,154,0,112,23435,1735,135,131738,0,0,0,0,,,False,0,570.0,916.0,7757.0,218.0,367.0,593.0,2388.73266601563,3873.1484375,-569.248840332031,-2.43199968338013,3939.45166015625,-63.5359954833984,2.03999948501587,3188.30029296875,1163.47973632813,629.646057128906,5099.40966796875,201.759857177734,,,,,,,,0.5,,,,,,,,,,,,
godot-controls-final,032-barrel-Sand-flat-s03,2,barrel,flat,barrel-Sand-flat,3,1800,652d55c6279612ed,27201636fcb511b0471cb29f312c0b989802ef5096077837381cd6748c4c3761,1800,386.657165527344,384.001749379502,,150,0,112,17704,1741,138,139756,0,0,0,0,,,False,0,549.0,1013.0,6788.0,205.0,374.0,612.0,-1169.29504394531,4175.7822265625,-577.748779296875,-3.34399938583374,3949.17919921875,-63.5359954833984,-0.239999860525131,18077.275390625,1187.27941894531,-177.461059570313,5168.44677734375,221.672866821289,,,,,,,,0.5,,,,,,,,,,,,
godot-controls-final,032-barrel-Sand-flat-s04,2,barrel,flat,barrel-Sand-flat,4,1800,e2fcb45e497396b0,c63dbf4aef3a64dccba4dd82e8ac427996c0dd953fb7b694da2a658237c7e25f,1800,384.001791249601,384.0017515021,,154,0,112,30090,1734,141,128440,0,0,0,0,,,False,0,605.0,1027.0,8025.0,199.0,388.0,676.0,3263.35791015625,4163.12255859375,-577.477233886719,-0.303999811410904,3941.88354492188,-61.1039962768555,131.922256469727,16753.609375,1149.03967285156,289.077087402344,5126.3740234375,197.217529296875,,,,,,,,0.5,,,,,,,,,,,,
godot-controls-final,033-barrel-Sand-flat-s00,2,barrel,flat,barrel-Sand-flat,0,1800,e93fdc7ee2ad1ee8,55162c9bcb2340f97e51b96aa60f717576ad4e36be39412f5d586831012255a4,1800,384.001816134371,384.001667665111,,162,0,112,26234,243,166,130253,0,0,0,0,,,False,0,24.0,1154.0,11963.0,185.0,335.0,582.0,2391.32348632813,4107.06494140625,-610.727722167969,-1.82399964332581,3917.86889648438,-64.447998046875,9.83999347686768,2665.798828125,1258.55920410156,703.053649902344,4969.92041015625,225.658508300781,,,,,,,,2,,,,,,,,,,,,
godot-controls-final,033-barrel-Sand-flat-s01,2,barrel,flat,barrel-Sand-flat,1,1800,1debb4e9838b0e55,239a3b765757949672850b915d842b1511fa7efa936600c1643d9b8b0b64d47c,1800,384.001802016939,384.001791899871,,165,0,112,23889,1730,144,118945,0,0,0,0,,,False,0,612.0,1024.0,6459.0,200.0,381.0,873.0,2971.13232421875,3818.72265625,-595.815612792969,0.912000298500061,3912.39697265625,-63.8399887084961,66.0011291503906,15514.7412109375,1257.67919921875,290.601806640625,5114.0908203125,217.628128051758,,,,,,,,2,,,,,,,,,,,,
godot-controls-final,033-barrel-Sand-flat-s02,2,barrel,flat,barrel-Sand-flat,2,1800,f1efc6e8d3a48053,152f01b9db470556ba8436196ed64efe7cbb6aa43fb1b3f8aeb9d34ce29714cb,1800,384.001801295941,384.001790389855,,169,0,112,21314,1725,131,138728,0,0,0,0,,,False,0,540.0,965.0,7377.0,210.0,381.0,617.0,1464.82775878906,4113.9189453125,-583.467407226563,-0.607999563217163,3902.66943359375,-63.8399887084961,0.160000115633011,3282.33715820313,1249.47912597656,304.805389404297,5087.46630859375,203.752502441406,,,,,,,,2,,,,,,,,,,,,
godot-controls-final,033-barrel-Sand-flat-s03,2,barrel,flat,barrel-Sand-flat,3,1800,16e88882b8925d77,eaae0599096dad507140ae6f360d0110ffbde3710e4004865f940554c2d691bb,1800,386.06396484375,384.001793540323,,165,0,112,24171,1730,141,123835,0,0,0,0,,,False,0,560.0,1011.0,10105.0,202.0,380.0,1144.0,2649.22802734375,3822.08862304688,-594.582458496094,-1.21599972248077,3909.96508789063,-66.2719879150391,65.4011154174805,16098.3955078125,1256.95910644531,241.473663330078,5115.00390625,216.426895141602,,,,,,,,2,,,,,,,,,,,,
godot-controls-final,033-barrel-Sand-flat-s04,2,barrel,flat,barrel-Sand-flat,4,1800,2a3ff7c414940aff,a38c16fb125a420abb490833589e0ad87ff266ae0acc28a32fabd744c82616a5,1800,384.001745646958,384.001740765634,,167,0,112,22213,1727,140,123863,0,0,0,0,,,False,0,626.0,1092.0,7252.0,192.0,364.0,628.0,2056.20288085938,3810.92626953125,-598.185119628906,-0.303999692201614,3907.533203125,-63.8399887084961,65.5611190795898,16073.3154296875,1245.55920410156,180.946899414063,5108.4052734375,212.89469909668,,,,,,,,2,,,,,,,,,,,,
godot-controls-final,034-barrel-Sand-flat-s00,2,barrel,flat,barrel-Sand-flat,0,1800,98fcffe7752dc15a,35d17d1d1171b209be041b434b3cd8c346e302a47338f685205242bed1c907c4,1800,384.002147197516,384.001916244972,,155,0,112,21760,199,154,132019,0,0,0,0,,,False,0,29.0,1052.0,8689.0,213.0,370.0,746.0,1849.91784667969,4141.173828125,-596.65234375,-2.12799906730652,3943.09936523438,-57.1519927978516,0.12000048905611,2247.72192382813,1204.31945800781,558.082824707031,5017.6279296875,215.162826538086,,,,,,,,,0.4,,,,,,,,,,,
godot-controls-final,034-barrel-Sand-flat-s01,2,barrel,flat,barrel-Sand-flat,1,1800,ddc238f44b291e21,6322d454103c98fa9bfcba477094bc87058fc3c93ddf1b3d216df1967b511232,1800,384.001748569336,384.001747931786,,156,0,112,19179,1735,135,125252,0,0,0,0,,,False,0,631.0,1067.0,7327.0,208.0,378.0,678.0,-1475.13012695313,4144.06005859375,-590.760375976563,-2.73599863052368,3940.66748046875,-57.4559936523438,-0.199999898672104,16381.3876953125,1190.51953125,-225.304916381836,5137.8505859375,211.156463623047,,,,,,,,,0.4,,,,,,,,,,,
godot-controls-final,034-barrel-Sand-flat-s02,2,barrel,flat,barrel-Sand-flat,2,1800,f3449b68b8e32b20,b0eee53ec10fda4c06f0a98a3ff6510201207308dad776c5fa38d9f4b6c8d142,1800,384.001934087356,384.001922206708,,158,0,112,19104,1733,127,138522,0,0,0,0,,,False,0,523.0,931.0,6696.0,194.0,359.0,1661.0,-1476.00854492188,4145.634765625,-583.44970703125,-2.73599863052368,3935.8037109375,-57.4559936523438,-0.159999877214432,3235.4970703125,1192.07946777344,-686.598693847656,5079.0341796875,202.061462402344,,,,,,,,,0.4,,,,,,,,,,,
godot-controls-final,034-barrel-Sand-flat-s03,2,barrel,flat,barrel-Sand-flat,3,1800,b5560fe35370359e,fd202d1906f881388f0d4e90ff0fc4f614e3f6fcbf1c515305c4da5e058c10dc,1800,384.001743590888,384.001739166268,,154,0,112,17226,1736,128,136697,0,0,0,0,,,False,0,578.0,1029.0,6659.0,221.0,387.0,591.0,-1165.68811035156,4153.50146484375,-587.071044921875,-3.34399890899658,3945.53125,-57.4559936523438,-0.159999877214432,17638.51953125,1178.51953125,-182.854904174805,5144.24853515625,209.705459594727,,,,,,,,,0.4,,,,,,,,,,,
godot-controls-final,034-barrel-Sand-flat-s04,2,barrel,flat,barrel-Sand-flat,4,1800,3313023ffb05c61a,fbc3bedf8becf33ecf779e9aff1bcf21cac2989ddd5f03c58a2bfd254b716cee,1800,384.001748589089,384.00173630049,,156,0,112,19211,1735,133,125283,0,0,0,0,,,False,0,604.0,1003.0,6282.0,193.0,361.0,1071.0,-1467.21166992188,4135.85986328125,-598.965454101563,-2.12799978256226,3940.9716796875,-57.1519927978516,1.41561031341553e-07,16382.0283203125,1191.15954589844,-234.711807250977,5138.5224609375,211.828033447266,,,,,,,,,0.4,,,,,,,,,,,
godot-controls-final,035-barrel-Sand-flat-s00,2,barrel,flat,barrel-Sand-flat,0,1800,78695c06d5b4e852,cdc079bdcfbed86f9425f39dae6f7a2e05656a1b8a33730ea668c51f32fd4880,1800,384.002147190076,384.001439800166,,155,0,112,21820,294,153,133524,0,0,0,0,,,False,0,26.0,1291.0,10744.0,193.0,363.0,1120.0,1844.72155761719,4141.14306640625,-596.65234375,-1.21599876880646,3943.09936523438,-57.1519927978516,5.83999729156494,3181.68872070313,1204.31945800781,516.325073242188,5007.7548828125,215.162826538086,,,,,,,,,1,,,,,,,,,,,
godot-controls-final,035-barrel-Sand-flat-s01,2,barrel,flat,barrel-Sand-flat,1,1800,ddc238f44b291e21,94dd8d424cf4172221a49558671e79f9f538f3721064d12f58c9159bee2c2769,1800,384.001748570653,384.001748046487,,156,0,112,19185,1735,135,125252,0,0,0,0,,,False,0,612.0,1035.0,8254.0,205.0,362.0,591.0,-1475.13012695313,4144.06005859375,-590.760375976563,-2.73599863052368,3940.66748046875,-57.4559936523438,-0.199999898672104,16381.3876953125,1190.51953125,-225.304916381836,5137.8505859375,211.156463623047,,,,,,,,,1,,,,,,,,,,,
godot-controls-final,035-barrel-Sand-flat-s02,2,barrel,flat,barrel-Sand-flat,2,1800,f3449b68b8e32b20,b8dd6251eb2d168cb4a8d42812cc19d422cec5538aae71faaa9b6cb41b3b9271,1800,384.001934072835,384.001932523249,,158,0,112,19106,1733,127,138522,0,0,0,0,,,False,0,526.0,934.0,6626.0,199.0,364.0,1434.0,-1476.00854492188,4145.634765625,-583.44970703125,-2.73599863052368,3935.8037109375,-57.4559936523438,-0.159999877214432,3235.4970703125,1192.07946777344,-686.598693847656,5079.0341796875,202.061462402344,,,,,,,,,1,,,,,,,,,,,
godot-controls-final,035-barrel-Sand-flat-s03,2,barrel,flat,barrel-Sand-flat,3,1800,b5560fe35370359e,eea25fe1125ea80e980d9fed93505003ee5f2f5ec31125d6dc8d5a4e545abae3,1800,384.001743594097,384.001739157996,,154,0,112,17227,1736,128,136697,0,0,0,0,,,False,0,628.0,986.0,8423.0,228.0,396.0,759.0,-1165.68798828125,4153.50146484375,-587.071044921875,-3.34399890899658,3945.53125,-57.4559936523438,-0.159999877214432,17638.51953125,1178.51953125,-182.854904174805,5144.24853515625,209.705459594727,,,,,,,,,1,,,,,,,,,,,
godot-controls-final,035-barrel-Sand-flat-s04,2,barrel,flat,barrel-Sand-flat,4,1800,3313023ffb05c61a,8fc14fc06366c516719e16e537f91a0fe2bb4bf22cd1521df50b1c45f3a43b7d,1800,384.001748592451,384.001743145531,,156,0,112,19220,1735,133,125283,0,0,0,0,,,False,0,643.0,1013.0,5033.0,214.0,371.0,610.0,-1467.21044921875,4135.8603515625,-598.965454101563,-2.12799978256226,3940.9716796875,-57.1519927978516,1.41561031341553e-07,16382.0283203125,1191.15954589844,-234.711685180664,5138.5224609375,211.828033447266,,,,,,,,,1,,,,,,,,,,,
godot-controls-final,036-barrel-Sand-flat-s00,2,barrel,flat,barrel-Sand-flat,0,1800,e03a05bc809bb255,7521099048bfe39cc5062f087c5ece7e634b786d606eb4f146e278144a321cd5,1800,384.00134573086,384.001313218292,,160,0,112,18990,126,135,125454,1,0,0,0,,,False,0,23.0,834.0,7263.0,192.0,357.0,587.0,-1462.60888671875,4131.5478515625,-581.413330078125,-5.16799926757813,3930.33203125,-58.0639991760254,-0.639999866485596,1535.27893066406,1230.35925292969,-731.253112792969,4038.9228515625,171.53369140625,,,,,,,,,,1,,,,,,,,,,
godot-controls-final,036-barrel-Sand-flat-s01,2,barrel,flat,barrel-Sand-flat,1,1800,27f25b410b178301,d736c38ca819f046164b446a0aedcb92244cb649d340fcf53d29d8ad46133624,1800,384.001137855981,384.001125046831,,165,0,112,21152,1732,126,138701,1,0,0,0,,,False,0,624.0,1014.0,5931.0,222.0,390.0,892.0,1494.37670898438,4126.60791015625,-570.479431152344,-4.55999946594238,3914.82885742188,-61.4079971313477,-0.359999895095825,17805.64453125,1259.39916992188,75.1299743652344,4089.77026367188,166.416793823242,,,,,,,,,,1,,,,,,,,,,
godot-controls-final,036-barrel-Sand-flat-s02,2,barrel,flat,barrel-Sand-flat,2,1800,fb392f658b1efb78,bbda8424b9fb65575012e930eb7716c2c05bfec139c18aca75b859569d6d9f31,1800,384.001316243027,384.001311479368,,169,0,112,21133,1726,130,133987,1,0,0,0,,,False,0,540.0,1093.0,6338.0,207.0,406.0,694.0,2360.92041015625,4095.16186523438,-593.651611328125,-4.25599956512451,3904.79736328125,-61.7119941711426,1.59999966621399,3261.30029296875,1235.91931152344,464.929901123047,4037.95727539063,152.747741699219,,,,,,,,,,1,,,,,,,,,,
godot-controls-final,036-barrel-Sand-flat-s03,2,barrel,flat,barrel-Sand-flat,3,1800,6f8c6d7575a0d042,73713b965415a14b970e90c76abc7aca61da8ba84f09f5379a7aa376c22f2965,1800,384.001190466169,384.001174828506,,162,0,112,17081,1732,132,127229,1,0,0,0,,,False,0,600.0,953.0,6735.0,216.0,377.0,781.0,-1176.06567382813,4134.05859375,-574.838684082031,-5.16799926757813,3926.076171875,-57.455997467041,-0.639999866485596,16576.81640625,1244.87927246094,-162.520370483398,4099.40234375,171.193283081055,,,,,,,,,,1,,,,,,,,,,
godot-controls-final,036-barrel-Sand-flat-s04,2,barrel,flat,barrel-Sand-flat,4,1800,56f80570fe24036,57b32296a81428415f25237420bd6ea7df0d62e5d703d0a453065f71c94e7494,1800,384.001222241442,384.001197584851,,162,0,112,21132,1731,135,120696,1,0,0,0,,,False,0,597.0,1003.0,7790.0,183.0,351.0,865.0,-1761.25122070313,4136.3837890625,-567.339294433594,-4.86399936676025,3923.64428710938,-57.455997467041,-0.559999942779541,15777.8193359375,1231.67932128906,-223.95556640625,4094.57934570313,169.166152954102,,,,,,,,,,1,,,,,,,,,,
godot-controls-final,037-barrel-Sand-flat-s00,2,barrel,flat,barrel-Sand-flat,0,1800,20a6d8b92b0f5458,3099199391e2e3ea3a2678e750e186b9c97267fa952048898efcab29cc72b9d6,1800,384.001199936958,384.001190467899,,165,0,112,16964,129,121,137062,2,0,0,0,,,False,0,23.0,868.0,7553.0,218.0,376.0,733.0,-1157.14782714844,4132.40234375,-554.624328613281,-5.47199964523315,3913.61279296875,-57.7599906921387,-0.559999942779541,1605.03918457031,1251.43920898438,-516.5947265625,3374.2646484375,146.136001586914,,,,,,,,,,2,,,,,,,,,,
godot-controls-final,037-barrel-Sand-flat-s01,2,barrel,flat,barrel-Sand-flat,1,1800,4d39fcf1efaf5889,a5cdab0b9fdee8a2e2efe2e1e9d39933f1b2b1aabf2e270246f27ae9d519dccd,1800,384.001075876189,384.001056473942,,173,0,112,28174,1722,130,130812,2,0,0,0,,,False,0,704.0,1247.0,7119.0,236.0,397.0,802.0,2925.59790039063,4101.5908203125,-559.556457519531,-4.86399984359741,3895.677734375,-58.671989440918,130.042205810547,16884.06640625,1262.59912109375,172.601028442383,3376.7421875,127.54167175293,,,,,,,,,,2,,,,,,,,,,
godot-controls-final,037-barrel-Sand-flat-s02,2,barrel,flat,barrel-Sand-flat,2,1800,2c6ac97818933aae,37c3186095053caf51580054961f95ab853fc0e89ed524f37c3f33e81039f8df,1800,384.001405036637,384.001255940275,,177,0,112,30180,1719,148,116814,2,0,0,0,,,False,0,554.0,1127.0,7178.0,188.0,357.0,1893.0,3716.52197265625,3860.29614257813,-561.537536621094,-4.25599956512451,3886.25415039063,-58.0639877319336,25.9600257873535,4058.82495117188,1275.59912109375,629.927978515625,3303.45874023438,123.902565002441,,,,,,,,,,2,,,,,,,,,,
godot-controls-final,037-barrel-Sand-flat-s03,2,barrel,flat,barrel-Sand-flat,3,1800,a6e1463f734177f8,2d6e87d1dc0fd868ae3cad54cda989fdcbde7cba197048cb73411d89d72026f9,1800,385.975341796875,384.001359740466,,166,0,112,17518,1729,134,115793,2,0,0,0,,,False,0,578.0,1048.0,7163.0,208.0,381.0,2049.0,584.01416015625,3818.36376953125,-573.5185546875,-5.16799974441528,3911.18090820313,-57.7599906921387,-0.599999904632568,15180.150390625,1263.39916992188,7.74678993225098,3411.92211914063,143.984985351563,,,,,,,,,,2,,,,,,,,,,
godot-controls-final,037-barrel-Sand-flat-s04,2,barrel,flat,barrel-Sand-flat,4,1800,1c014005ce00e50,b29cb080a3844610f8884816f3b3d25859c8031f4ef3c6b4fb43779f4965ab21,1800,384.001788630702,384.001074768276,,167,0,112,31445,1726,129,127380,2,0,0,0,,,False,0,630.0,1186.0,7108.0,194.0,384.0,785.0,3517.0732421875,4107.064453125,-569.511108398438,-3.95199966430664,3911.18090820313,-57.7599906921387,260.844451904297,16656.513671875,1237.95922851563,227.924911499023,3394.73461914063,137.213973999023,,,,,,,,,,2,,,,,,,,,,
godot-controls-final,038-barrel-Sand-flat-s00,2,barrel,flat,barrel-Sand-flat,0,1800,7460fc35913b1882,c14dad7057b0f1b73a62ded6dffb3cd7a0083b2fc4bc0bab54a406fc5cabf33a,1800,384.001020751328,384.00099782059,,172,0,112,17047,134,145,116022,4,0,0,0,,,False,0,23.0,797.0,8712.0,181.0,324.0,615.0,591.469116210938,3817.6611328125,-540.957214355469,0.0,3892.94189453125,-58.9759941101074,-0.0799999982118607,1611.91955566406,1294.31896972656,23.6004047393799,2538.7744140625,111.556274414063,,,,,,,,,,4,,,,,,,,,,
godot-controls-final,038-barrel-Sand-flat-s01,2,barrel,flat,barrel-Sand-flat,1,1800,bee439da05981e5,0414f5b887b70c439745fc5ad52c33c30ac0bd75547b97e67b156a98215d3efc,1800,384.001094843329,384.001063855531,,182,0,112,27372,1715,135,119850,4,0,0,0,,,False,0,623.0,1126.0,7488.0,210.0,388.0,771.0,3187.12133789063,4041.31762695313,-577.705749511719,0.0,3864.97509765625,-62.6239852905273,64.2810897827148,15388.625,1283.11901855469,142.834777832031,2503.94116210938,84.6891250610352,,,,,,,,,,4,,,,,,,,,,
godot-controls-final,038-barrel-Sand-flat-s02,2,barrel,flat,barrel-Sand-flat,2,1800,38717d1e17d4f014,78aaa8a3ad09b9d21ada79f89f9d906216a2a630ec8aa72734516e2163027390,1800,384.001317303951,384.001186776043,,180,0,112,26457,1719,128,132651,4,0,0,0,,,False,0,520.0,920.0,6402.0,192.0,340.0,568.0,-2635.86303710938,4080.64404296875,-542.819396972656,0.0,3869.53491210938,-62.9279861450195,-2.43999886512756,3327.46069335938,1295.958984375,-524.531921386719,2466.72021484375,96.7186889648438,,,,,,,,,,4,,,,,,,,,,
godot-controls-final,038-barrel-Sand-flat-s03,2,barrel,flat,barrel-Sand-flat,3,1800,ca651e1ffca74ff9,7f062ad7d634be9d62aa9005dd25e921ef3437b2da42e2b3f0ebf0f5f176ef5b,1800,385.86474609375,384.001060018662,,173,0,112,23014,1729,132,119348,4,0,0,0,,,False,0,541.0,946.0,5066.0,182.0,309.0,598.0,-2919.14990234375,3800.92309570313,-556.209228515625,-0.303999990224838,3890.2060546875,-56.8479957580566,-65.0811080932617,15542.7001953125,1350.638671875,-206.237457275391,2550.8271484375,119.481468200684,,,,,,,,,,4,,,,,,,,,,
godot-controls-final,038-barrel-Sand-flat-s04,2,barrel,flat,barrel-Sand-flat,4,1800,792236e37a01f3b9,c9cf66d8b508ceaa8fc34b3984dc4538bedd4825ae03c1d39f2a89c85cb51565,1800,384.001016552036,384.001009855013,,170,0,112,20640,1730,132,119231,4,0,0,0,,,False,0,591.0,965.0,7037.0,180.0,314.0,728.0,1740.07507324219,3817.53686523438,-546.685791015625,0.0,3899.93359375,-56.8479957580566,65.0411071777344,15547.9794921875,1323.67883300781,75.5278625488281,2564.12329101563,120.469512939453,,,,,,,,,,4,,,,,,,,,,
godot-controls-final,039-barrel-Sand-flat-s00,2,barrel,flat,barrel-Sand-flat,0,1800,c66d60d6d32b0990,d45562e05e8b61e240d56055a9b9cbfbb9744500a55327132ddfc28363705023,1800,384.001198012742,384.001189975712,,181,0,112,28223,137,136,127577,8,0,0,0,,,False,0,21.0,806.0,7662.0,176.0,307.0,579.0,-2926.36450195313,4076.58374023438,-508.847198486328,0.0,3858.28759765625,-59.5839920043945,-1.5999995470047,1682.31689453125,1271.55908203125,-493.680633544922,1610.87768554688,69.7458419799805,,,,,,,,,,8,,,,,,,,,,
godot-controls-final,039-barrel-Sand-flat-s01,2,barrel,flat,barrel-Sand-flat,1,1800,4f57b5f51a88d86d,72d4472f14d03ef871de7c6d3cdb5104e2dba3db4134a748ffff6d3423c3faa8,1800,384.001059608895,384.001003372273,,187,0,112,20812,1710,133,124687,8,0,0,0,,,False,0,581.0,974.0,7412.0,184.0,311.0,534.0,1129.37585449219,4019.30419921875,-550.191711425781,0.0,3845.21606445313,-60.4959945678711,-0.119999997317791,15986.7373046875,1260.63916015625,17.0260677337646,1667.23889160156,56.4096298217773,,,,,,,,,,8,,,,,,,,,,
godot-controls-final,039-barrel-Sand-flat-s02,2,barrel,flat,barrel-Sand-flat,2,1800,ca09c81f9eb04642,347942520378ea12e2e9342d47c41ebcc40350806eef66cbaf4713fd8a021441,1800,384.001191033086,384.001183778258,,188,0,112,30535,1708,135,119880,8,0,0,0,,,False,0,517.0,916.0,5067.0,177.0,306.0,555.0,-3201.61987304688,4026.85229492188,-538.429504394531,0.0,3843.08813476563,-60.1919937133789,-2.1999990940094,3295.49658203125,1288.07897949219,-403.795471191406,1617.79919433594,61.2167320251465,,,,,,,,,,8,,,,,,,,,,
godot-controls-final,039-barrel-Sand-flat-s03,2,barrel,flat,barrel-Sand-flat,3,1800,dc59f71187b1a3e1,02166508a88991f64e372cf533424631445fe7f6446f33c375a9034774f096cd,1800,384.001021240117,384.001013576827,,182,0,112,23945,1716,131,124425,8,0,0,0,,,False,0,606.0,1047.0,6173.0,213.0,356.0,671.0,-2309.3095703125,4041.8173828125,-547.377197265625,0.0,3859.50341796875,-58.367992401123,-64.6410980224609,16018.6748046875,1300.27893066406,-107.620788574219,1683.76806640625,69.6972351074219,,,,,,,,,,8,,,,,,,,,,
godot-controls-final,039-barrel-Sand-flat-s04,2,barrel,flat,barrel-Sand-flat,4,1800,2e52ed1585788a85,1cd347a8d0bd66f66b17513bba1ca5e8f3b666c49327756cb16a5eecf8c498ab,1800,384.001235345092,384.000996640044,,177,0,112,20944,1726,123,137132,8,0,0,0,,,False,0,596.0,1012.0,7499.0,197.0,343.0,721.0,1143.73071289063,4070.8310546875,-525.621398925781,0.0,3871.66284179688,-58.367992401123,-0.159999996423721,17607.3984375,1367.47863769531,16.3420963287354,1703.5146484375,82.5939483642578,,,,,,,,,,8,,,,,,,,,,
godot-controls-final,040-barrel-Sand-flat-s00,2,barrel,flat,barrel-Sand-flat,0,1800,2ea9a4705ce923d4,06a41ec14a3d1940141f7bfe5da83b02641d5ff62ae9d358638b47219ec38630,1800,384.369995117188,384.000976564728,,201,1567,112,30012,148,138,122001,9,1790,0,0,,,False,0,20.0,784.0,5046.0,134.0,242.0,415.0,-0.108000040054321,5180.47509765625,-494.784484863281,0.0,3810.2578125,-58.9759979248047,0.0399999991059303,1803.91979980469,1409.59851074219,0.0,0.0,0.0,,,,,,,,,,9,,,,,,,,,,
godot-controls-final,040-barrel-Sand-flat-s01,2,barrel,flat,barrel-Sand-flat,1,1800,514104f274f14835,18f7e8359615a05aab6574486103bff7c23a8c21057e25c4efb1920709c68c91,1800,384.369995117188,384.000976564728,,201,1567,112,30009,1703,130,122020,9,1790,0,0,,,False,0,556.0,835.0,5067.0,139.0,235.0,443.0,0.0,5178.81884765625,-496.440490722656,0.0,3812.08178710938,-57.1519966125488,0.0,15434.8818359375,1357.27868652344,0.0,0.0,0.0,,,,,,,,,,9,,,,,,,,,,
godot-controls-final,040-barrel-Sand-flat-s02,2,barrel,flat,barrel-Sand-flat,2,1800,2a8eedc5a8abc46c,e8d6fa61f08d15cfd75db2d6735b3be33d75284077f85bbdb89bf1ad6f98e056,1800,384.369995117188,384.000976564728,,201,1567,112,30009,1701,130,122020,9,1790,0,0,,,False,0,514.0,873.0,5017.0,158.0,270.0,556.0,0.0,5178.81884765625,-496.440490722656,0.0,3812.08178710938,-57.1519966125488,-0.0399999991059303,3342.38110351563,1330.35888671875,0.0,0.0,0.0,,,,,,,,,,9,,,,,,,,,,
godot-controls-final,040-barrel-Sand-flat-s03,2,barrel,flat,barrel-Sand-flat,3,1800,8b31837120a1b309,d129f355f63c3c8f9ee1920cc63c7846d973571b248e98725ce8cb21eacc1436,1800,384.369995117188,384.000976564728,,201,1567,112,30009,1705,130,122020,9,1790,0,0,,,False,0,532.0,877.0,6465.0,156.0,265.0,622.0,0.0,5178.81884765625,-496.440490722656,0.0,3812.08178710938,-57.1519966125488,-0.0399999991059303,15502.51953125,1398.03857421875,0.0,0.0,0.0,,,,,,,,,,9,,,,,,,,,,
godot-controls-final,040-barrel-Sand-flat-s04,2,barrel,flat,barrel-Sand-flat,4,1800,59e2a851f8ba07d1,09c0601c56ca5d99e28287ffd15285525411fb20e89953b30fd8f8a1a4a78492,1800,384.369995117188,384.000976564728,,201,1567,112,30009,1747,130,122020,9,1790,0,0,,,False,0,586.0,965.0,6827.0,159.0,274.0,511.0,0.0,5178.81884765625,-496.440490722656,0.0,3812.08178710938,-57.1519966125488,-0.0399999991059303,16066.9814453125,1962.51611328125,0.0,0.0,0.0,,,,,,,,,,9,,,,,,,,,,
godot-controls-final,041-barrel-Sand-flat-s00,2,barrel,flat,barrel-Sand-flat,0,1800,78695c06d5b4e852,a1033d9318873ca7ce0f36a978d3adf21d62045eef51822465408b8dbeb04c96,1800,384.002147190076,384.001439800166,,155,0,112,21820,294,153,133524,0,0,1800,0,,,False,0,23.0,1172.0,9204.0,178.0,311.0,642.0,1844.72155761719,4141.14306640625,-596.65234375,-1.21599876880646,3943.09936523438,-57.1519927978516,5.83999729156494,3181.68872070313,1204.31945800781,516.325073242188,5007.7548828125,215.162826538086,,,,,,,,,,,True,,,,,,,,,
godot-controls-final,041-barrel-Sand-flat-s01,2,barrel,flat,barrel-Sand-flat,1,1800,ddc238f44b291e21,6c289e1f3c6a45312533158bd7519235838de709a9e0e475154e28f4d11b4e42,1800,384.001748570653,384.001748046487,,156,0,112,19185,1735,135,125252,0,0,1800,0,,,False,0,617.0,1011.0,6093.0,183.0,346.0,598.0,-1475.13012695313,4144.06005859375,-590.760375976563,-2.73599863052368,3940.66748046875,-57.4559936523438,-0.199999898672104,16381.3876953125,1190.51953125,-225.304916381836,5137.8505859375,211.156463623047,,,,,,,,,,,True,,,,,,,,,
godot-controls-final,041-barrel-Sand-flat-s02,2,barrel,flat,barrel-Sand-flat,2,1800,f3449b68b8e32b20,bfb3ead8094711f1515f153659b1b7ec6c1e8319d4fa9d32b5da4de45a663f0e,1800,384.001934072835,384.001932523249,,158,0,112,19106,1733,127,138522,0,0,1800,0,,,False,0,520.0,919.0,9736.0,186.0,338.0,667.0,-1476.00854492188,4145.634765625,-583.44970703125,-2.73599863052368,3935.8037109375,-57.4559936523438,-0.159999877214432,3235.4970703125,1192.07946777344,-686.598693847656,5079.0341796875,202.061462402344,,,,,,,,,,,True,,,,,,,,,
godot-controls-final,041-barrel-Sand-flat-s03,2,barrel,flat,barrel-Sand-flat,3,1800,b5560fe35370359e,5779492011bab18e02c9271f6f8da83bf58bede39e803a96fe8b65d771021446,1800,384.001743594097,384.001739157996,,154,0,112,17227,1736,128,136697,0,0,1800,0,,,False,0,533.0,869.0,7844.0,182.0,333.0,495.0,-1165.68798828125,4153.50146484375,-587.071044921875,-3.34399890899658,3945.53125,-57.4559936523438,-0.159999877214432,17638.51953125,1178.51953125,-182.854904174805,5144.24853515625,209.705459594727,,,,,,,,,,,True,,,,,,,,,
godot-controls-final,041-barrel-Sand-flat-s04,2,barrel,flat,barrel-Sand-flat,4,1800,3313023ffb05c61a,486d55e7413b4efc58ef4b00d7af8978c89529f07b4b91ed5d8f31cc8b1f4b4c,1800,384.001748592451,384.001743145531,,156,0,112,19220,1735,133,125283,0,0,1800,0,,,False,0,589.0,958.0,6495.0,174.0,334.0,569.0,-1467.21044921875,4135.8603515625,-598.965454101563,-2.12799978256226,3940.9716796875,-57.1519927978516,1.41561031341553e-07,16382.0283203125,1191.15954589844,-234.711685180664,5138.5224609375,211.828033447266,,,,,,,,,,,True,,,,,,,,,
godot-controls-final,042-barrel-Sand-flat-s00,2,barrel,flat,barrel-Sand-flat,0,1800,78695c06d5b4e852,b7d0a0279a7e69b5c1a53d2ecc0e5395ecd0d16f7aabd57ee910b8c5418aba07,1800,384.002147190076,384.001439800166,,155,0,112,0,0,153,133524,0,0,0,0,,,False,disabled,21.0,1023.0,7095.0,171.0,299.0,650.0,0.0,0.0,0.0,0.0,0.0,0.0,0.0,0.0,0.0,516.325073242188,5007.7548828125,215.162826538086,,,,,,,,,,,,False,,,,,,,,
godot-controls-final,042-barrel-Sand-flat-s01,2,barrel,flat,barrel-Sand-flat,1,1800,ddc238f44b291e21,9c9ddfec95b87e7f663437c2dd3cecdc2d95ea4a63ba3136d8efb2948eef74d9,1800,384.001748570653,384.001748046487,,156,0,112,0,0,135,125252,0,0,0,0,,,False,disabled,534.0,883.0,6376.0,170.0,309.0,521.0,0.0,0.0,0.0,0.0,0.0,0.0,0.0,0.0,0.0,-225.304916381836,5137.8505859375,211.156463623047,,,,,,,,,,,,False,,,,,,,,
godot-controls-final,042-barrel-Sand-flat-s02,2,barrel,flat,barrel-Sand-flat,2,1800,f3449b68b8e32b20,37fc2ceb3dfcdf194377cedf0bfa8582e3ff488641b74f6cb93aaaef421c1c6d,1800,384.001934072835,384.001932523249,,158,0,112,0,0,127,138522,0,0,0,0,,,False,disabled,476.0,832.0,6346.0,181.0,336.0,521.0,0.0,0.0,0.0,0.0,0.0,0.0,0.0,0.0,0.0,-686.598693847656,5079.0341796875,202.061462402344,,,,,,,,,,,,False,,,,,,,,
godot-controls-final,042-barrel-Sand-flat-s03,2,barrel,flat,barrel-Sand-flat,3,1800,b5560fe35370359e,9580e23c780a8b544ebad689332e94d7c89afeb6c63cbbc1e69fa434fd149cf2,1800,384.001743594097,384.001739157996,,154,0,112,0,0,128,136697,0,0,0,0,,,False,disabled,492.0,820.0,6678.0,183.0,329.0,580.0,0.0,0.0,0.0,0.0,0.0,0.0,0.0,0.0,0.0,-182.854904174805,5144.24853515625,209.705459594727,,,,,,,,,,,,False,,,,,,,,
godot-controls-final,042-barrel-Sand-flat-s04,2,barrel,flat,barrel-Sand-flat,4,1800,3313023ffb05c61a,564a11957d74219b09556dd3f914e49f15b485c47ea83182acc404c97117a74b,1800,384.001748592451,384.001743145531,,156,0,112,0,0,133,125283,0,0,0,0,,,False,disabled,544.0,899.0,6835.0,176.0,316.0,645.0,0.0,0.0,0.0,0.0,0.0,0.0,0.0,0.0,0.0,-234.711685180664,5138.5224609375,211.828033447266,,,,,,,,,,,,False,,,,,,,,
godot-controls-final,043-barrel-Sand-flat-s00,2,barrel,flat,barrel-Sand-flat,0,1800,78695c06d5b4e852,0fd43bc698a44bcf45be0adc7c7679034d0eaa80057d37b71a4c1270ab0e807c,1800,384.002147190076,384.001439800166,,155,0,112,21820,294,153,133524,0,0,0,0,,,False,0,22.0,1201.0,3138.0,177.0,323.0,701.0,1844.72155761719,4141.14306640625,-596.65234375,-1.21599876880646,3943.09936523438,-57.1519927978516,5.83999729156494,3181.68872070313,1204.31945800781,516.325073242188,5007.7548828125,215.162826538086,,,,,,,,,,,,,4,,,,,,,
godot-controls-final,043-barrel-Sand-flat-s01,2,barrel,flat,barrel-Sand-flat,1,1800,ddc238f44b291e21,b87cb79e815f89dbd2b5093dd136a6430bd0d6e858fcf462ac8c706f2d32fa88,1800,384.001748570653,384.001748046487,,156,0,112,19185,1735,135,125252,0,0,0,0,,,False,0,580.0,976.0,2730.0,185.0,327.0,578.0,-1475.13012695313,4144.06005859375,-590.760375976563,-2.73599863052368,3940.66748046875,-57.4559936523438,-0.199999898672104,16381.3876953125,1190.51953125,-225.304916381836,5137.8505859375,211.156463623047,,,,,,,,,,,,,4,,,,,,,
godot-controls-final,043-barrel-Sand-flat-s02,2,barrel,flat,barrel-Sand-flat,2,1800,f3449b68b8e32b20,de139c01e60f2c954229a0535d6d8f95da491c61b59128a2ce638ea5adde6043,1800,384.001934072835,384.001932523249,,158,0,112,19106,1733,127,138522,0,0,0,0,,,False,0,517.0,886.0,3381.0,189.0,341.0,622.0,-1476.00854492188,4145.634765625,-583.44970703125,-2.73599863052368,3935.8037109375,-57.4559936523438,-0.159999877214432,3235.4970703125,1192.07946777344,-686.598693847656,5079.0341796875,202.061462402344,,,,,,,,,,,,,4,,,,,,,
godot-controls-final,043-barrel-Sand-flat-s03,2,barrel,flat,barrel-Sand-flat,3,1800,b5560fe35370359e,3bd4de1e8b900ae821a3c79c170b327440900f1dfaad78789ca83b9773ac7df4,1800,384.001743594097,384.001739157996,,154,0,112,17227,1736,128,136697,0,0,0,0,,,False,0,533.0,884.0,3405.0,185.0,332.0,659.0,-1165.68798828125,4153.50146484375,-587.071044921875,-3.34399890899658,3945.53125,-57.4559936523438,-0.159999877214432,17638.51953125,1178.51953125,-182.854904174805,5144.24853515625,209.705459594727,,,,,,,,,,,,,4,,,,,,,
godot-controls-final,043-barrel-Sand-flat-s04,2,barrel,flat,barrel-Sand-flat,4,1800,3313023ffb05c61a,4875efa5060d10af7ce67a77fa6fbffa6216f0e661cce7f98ac21a060b6e50a0,1800,384.001748592451,384.001743145531,,156,0,112,19220,1735,133,125283,0,0,0,0,,,False,0,587.0,961.0,2860.0,174.0,329.0,611.0,-1467.21044921875,4135.8603515625,-598.965454101563,-2.12799978256226,3940.9716796875,-57.1519927978516,1.41561031341553e-07,16382.0283203125,1191.15954589844,-234.711685180664,5138.5224609375,211.828033447266,,,,,,,,,,,,,4,,,,,,,
godot-controls-final,044-barrel-Sand-flat-s00,2,barrel,flat,barrel-Sand-flat,0,1800,13e7a641b3efd6f3,dd21c7658493a921713181b749a345c4631c78826ce019eb3f5f1bfcfd8a6b12,1800,384.001743106308,384.001736200843,,154,0,112,17691,1739,132,130059,0,0,0,0,,,False,0,583.0,998.0,6619.0,177.0,340.0,589.0,-882.105712890625,3865.80395507813,-578.372924804688,-2.73599863052368,3945.53125,-57.4559936523438,-0.159999877214432,16872.267578125,1202.75952148438,-165.304702758789,5156.92138671875,221.634399414063,,,,,,,,,,,,,,True,,,,,,
godot-controls-final,044-barrel-Sand-flat-s01,2,barrel,flat,barrel-Sand-flat,1,1800,d966844ae5565ac6,09ce3f1d138a2362699205b09e8bad64dd31edad7b5ea98ce209f508e369cdff,1800,384.001748570653,384.001748046487,,156,0,112,19185,1735,135,125252,0,0,0,0,,,False,0,662.0,1091.0,7151.0,173.0,331.0,684.0,-1475.13012695313,4144.06005859375,-590.760375976563,-2.73599863052368,3940.66748046875,-57.4559936523438,-0.199999898672104,16381.3876953125,1190.51953125,-225.304916381836,5137.8505859375,211.156463623047,,,,,,,,,,,,,,True,,,,,,
godot-controls-final,044-barrel-Sand-flat-s02,2,barrel,flat,barrel-Sand-flat,2,1800,ddc3e6f4ddab2ce3,f4577e85be1fef3565470865078df5cfdc22be051bb85604fd805fb86d54880d,1800,384.001745654154,384.001745202569,,158,0,112,21576,1733,130,133575,0,0,0,0,,,False,0,763.0,1216.0,6662.0,181.0,338.0,639.0,2356.5595703125,4145.10205078125,-583.958923339844,-2.73599863052368,3935.8037109375,-57.4559936523438,65.5611190795898,17282.83984375,1191.39953613281,198.753295898438,5127.60302734375,205.673294067383,,,,,,,,,,,,,,True,,,,,,
godot-controls-final,044-barrel-Sand-flat-s03,2,barrel,flat,barrel-Sand-flat,3,1800,6888b5489330f4e5,c1520017e26b8c0d1b5dd3bb752b038b5cf9b4de3c05ae198e9cb9b98659918b,1800,384.001745632086,384.001740637713,,152,0,112,21697,1740,130,133320,0,0,0,0,,,False,0,670.0,1137.0,5695.0,180.0,342.0,661.0,2388.61547851563,4163.685546875,-582.655517578125,-2.73599863052368,3950.39501953125,-57.4559936523438,65.8011245727539,17355.087890625,1204.83947753906,198.458724975586,5168.88232421875,228.966644287109,,,,,,,,,,,,,,True,,,,,,
godot-controls-final,044-barrel-Sand-flat-s04,2,barrel,flat,barrel-Sand-flat,4,1800,f275da0c84f865d6,1109f2e8a06b55a7de9d62ea3f05010e6bcf89971c4be7ceb5fb693b9317d981,1800,386.408325195313,384.001742349356,,156,0,112,21636,1734,124,140067,0,0,0,0,,,False,0,791.0,1315.0,6564.0,193.0,353.0,664.0,1180.47424316406,4150.85400390625,-588.95068359375,-1.8239997625351,3938.53979492188,-59.5839920043945,1.41561031341553e-07,18006.39453125,1176.87963867188,49.9553604125977,5144.076171875,212.389953613281,,,,,,,,,,,,,,True,,,,,,
godot-controls-final,045-barrel-Sand-flat-s00,2,barrel,flat,barrel-Sand-flat,0,180,1834772314,d6d9f588eb0bf20f3e8118a7c9125825ce66f87ef0005b3fb305622dec29b462,180,384.001702171697,384.001682862387,,144,0,112,0,0,135,16232,0,0,0,0,,,False,-1,12232.0,41366.0,712933.0,17237.0,26843.0,29617.0,0.0,0.0,0.0,0.0,0.0,0.0,0.0,0.0,0.0,-4.53382539749146,379.238616943359,271.268005371094,,,,,,,,,,,,,,,True,,,,,
godot-controls-final,046-player-Sand-flat-s00,2,player,flat,player-Sand-flat,0,180,2578247895,7e141a1f8740a59e0e03e9ff1ea6119b4332c8962c96b1f724fbc9f12ff85e7e,180,0.0,0.0,,-1,148,0,0,0,0,0,0,0,0,0,,,True,-1,2890.0,5315.0,741792.0,18.0,358.0,429.0,0.0,0.0,,0.0,0.0,,0.0,0.0,,0.0,0.0,,,,,,,,,,,,,,,,True,,,,,
godot-controls-final,047-barrel-Dust-flat-s00,14,barrel,flat,barrel-Dust-flat,0,180,2287899463,713b795acdba98817d78e5c0cca3783e409736d37bdf5495ca5c69360b3503a7,180,314.479248046875,314.479248046875,,-1,0,112,0,0,0,17992,0,0,0,0,,,True,-1,2848.0,3738.0,5414.0,2750.0,3854.0,4158.0,0.0,0.0,,0.0,0.0,,0.0,0.0,,0.0,0.0,,,,,,,,,,,,,,,,True,,,,,
godot-controls-final,048-player-Dust-flat-s00,14,player,flat,player-Dust-flat,0,180,2287899463,742388b50b172b1751dbb25f4f56f748d7869bc4730ec6409d0ece28ec9cc8de,180,204.518768310547,204.518768310547,,-1,0,112,0,0,0,0,0,0,0,0,,,True,-1,2793.0,3755.0,5051.0,364.0,552.0,816.0,0.0,0.0,,0.0,0.0,,0.0,0.0,,0.0,0.0,,,,,,,,,,,,,,,,True,,,,,
godot-controls-final,049-barrel-Mercury-flat-s00,33,barrel,flat,barrel-Mercury-flat,0,180,1684276471,87f810565fe2508b0ed99d85e9ddd0337d3d2583e40a3fb9d308343553590177,180,314.479248046875,314.479248046875,,-1,0,112,0,0,0,17992,0,0,0,0,,,True,-1,2774.0,3734.0,5241.0,2644.0,3904.0,4967.0,0.0,0.0,,0.0,0.0,,0.0,0.0,,0.0,0.0,,,,,,,,,,,,,,,,True,,,,,
godot-controls-final,050-player-Mercury-flat-s00,33,player,flat,player-Mercury-flat,0,180,1684276471,8f7b37508a83eb4e2af91901f9866cbfb7df419ce9380518ae9c2f5c00a38fe3,180,204.518768310547,204.518768310547,,-1,0,112,0,0,0,0,0,0,0,0,,,True,-1,3325.0,4459.0,6337.0,433.0,624.0,854.0,0.0,0.0,,0.0,0.0,,0.0,0.0,,0.0,0.0,,,,,,,,,,,,,,,,True,,,,,
godot-expanded,000-player-Sand-flat-s00,2,player,flat,player-Sand-flat,0,1800,9dc42c2c03b84cab,860c48a736b0450818ec41d4cf7f8648a52f6e8e53a11ddaf6bfb35bb2000ab0,1800,0.0,0.0,0.0,-1,1768,0,0,0,0,0,0,0,0,0,,,True,0,2.0,4.0,7486.0,3.0,7.0,39.0,0.0,0.0,,0.0,0.0,,0.0,0.0,,0.0,0.0,,,,,,,,,,,,,,,,,,,,,
godot-expanded,000-player-Sand-flat-s01,2,player,flat,player-Sand-flat,1,1800,70ad4066ff9c7238,5bd240b91569884b73ef5fe11ab4035b902c639295dfecbeb7007f4d0f0c7b5a,1800,0.0,0.0,0.0,-1,1768,0,0,0,0,0,0,0,0,0,,,True,0,2.0,3.0,8349.0,3.0,5.0,206.0,0.0,0.0,,0.0,0.0,,0.0,0.0,,0.0,0.0,,,,,,,,,,,,,,,,,,,,,
godot-expanded,000-player-Sand-flat-s02,2,player,flat,player-Sand-flat,2,1800,c7962228033a3c68,cf21556f62aeea4647879b3ab530e0bafdf920c1a1617245b344aa9ed3bdd92a,1800,0.0,0.0,0.0,-1,1768,0,0,0,0,0,0,0,0,0,,,True,0,2.0,4.0,5223.0,3.0,5.0,47.0,0.0,0.0,,0.0,0.0,,0.0,0.0,,0.0,0.0,,,,,,,,,,,,,,,,,,,,,
godot-expanded,000-player-Sand-flat-s03,2,player,flat,player-Sand-flat,3,1800,e7c272f02ccbb9f9,4bbdefc7c3b328f6cb73d098902d564190a6d8601cbf397b636785465e1a97fd,1800,0.0,0.0,0.0,-1,1768,0,0,0,0,0,0,0,0,0,,,True,0,2.0,4.0,7095.0,3.0,5.0,153.0,0.0,0.0,,0.0,0.0,,0.0,0.0,,0.0,0.0,,,,,,,,,,,,,,,,,,,,,
godot-expanded,000-player-Sand-flat-s04,2,player,flat,player-Sand-flat,4,1800,1a8e32f5fffdfb67,cebcb4c253acc0a6a2dfb5f1cccfc13a4351928a3f6c22444e3d1364cddb7d16,1800,0.0,0.0,0.0,-1,1768,0,0,0,0,0,0,0,0,0,,,True,0,2.0,3.0,7318.0,3.0,5.0,51.0,0.0,0.0,,0.0,0.0,,0.0,0.0,,0.0,0.0,,,,,,,,,,,,,,,,,,,,,
godot-expanded,001-player-Stone-flat-s00,13,player,flat,player-Stone-flat,0,1800,14d7bd3bf66a9cab,107002f7b93f8e6aefd789a3eafb00b5f0b5eb328439cd8cfd50826993accf14,1800,383.991394042969,383.991394042969,,305,1496,112,0,0,0,0,0,0,0,0,,,True,0,2.0,4.0,4514.0,3.0,6.0,148.0,0.0,0.0,0.0,0.0,0.0,0.0,0.0,0.0,0.0,0.0,0.0,0.0,,,,,,,,,,,,,,,,,,,,
godot-expanded,001-player-Stone-flat-s01,13,player,flat,player-Stone-flat,1,1800,4676d4da2c09e9fc,20d497efcec0a35f3d39e707a018c71fb2a3f684b646420ef0ad247a92deb285,1800,383.991516113281,383.991516113281,,305,1496,112,0,0,0,0,0,0,0,0,,,True,0,2.0,4.0,5248.0,3.0,7.0,188.0,0.0,0.0,0.0,0.0,0.0,0.0,0.0,0.0,0.0,0.0,0.0,0.0,,,,,,,,,,,,,,,,,,,,
godot-expanded,001-player-Stone-flat-s02,13,player,flat,player-Stone-flat,2,1800,ea6e8742b3ab12d8,7d304936557b7afa35326dc08701e068b96f80c2bf8544f02406bf11cdf5c8e7,1800,383.991577148438,383.991577148438,,305,1496,112,0,0,0,0,0,0,0,0,,,True,0,2.0,4.0,5261.0,3.0,8.0,45.0,0.0,0.0,0.0,0.0,0.0,0.0,0.0,0.0,0.0,0.0,0.0,0.0,,,,,,,,,,,,,,,,,,,,
godot-expanded,001-player-Stone-flat-s03,13,player,flat,player-Stone-flat,3,1800,5ea70b21531bfbd,9e52ce3b0de6de67be94c0b1def938244ace1a8ba8cec3ac52b33f251536dd6c,1800,383.991455078125,383.991455078125,,305,1496,112,0,0,0,0,0,0,0,0,,,True,0,2.0,4.0,5917.0,3.0,9.0,79.0,0.0,0.0,0.0,0.0,0.0,0.0,0.0,0.0,0.0,0.0,0.0,0.0,,,,,,,,,,,,,,,,,,,,
godot-expanded,001-player-Stone-flat-s04,13,player,flat,player-Stone-flat,4,1800,1e7efff34d6b927,3076235250a274789f4043ca6e01d35c7dc06fe1ce980361f6c80897581c0bb3,1800,383.991516113281,383.991516113281,,305,1496,112,0,0,0,0,0,0,0,0,,,True,0,2.0,3.0,4293.0,3.0,6.0,152.0,0.0,0.0,0.0,0.0,0.0,0.0,0.0,0.0,0.0,0.0,0.0,0.0,,,,,,,,,,,,,,,,,,,,
godot-expanded,002-player-Dust-flat-s00,14,player,flat,player-Dust-flat,0,1800,cc50207b0faa2cab,605cb8649d10ee376e4b55b92cd4a5abc77ca704ae1d5e479c227f046eed4932,1800,383.991394042969,383.991394042969,,305,1496,112,0,0,0,0,0,0,0,0,,,True,0,3.0,5.0,9899.0,4.0,9.0,39.0,0.0,0.0,0.0,0.0,0.0,0.0,0.0,0.0,0.0,0.0,0.0,0.0,,,,,,,,,,,,,,,,,,,,
godot-expanded,002-player-Dust-flat-s01,14,player,flat,player-Dust-flat,1,1800,7448c0da160d5048,abbb2ac4d7bc5e5bd2c33e1f1112f7ce02417720c707872d1dfcf8d6231eea6f,1800,383.991516113281,383.991516113281,,305,1496,112,0,0,0,0,0,0,0,0,,,True,0,2.0,4.0,10009.0,4.0,8.0,25.0,0.0,0.0,0.0,0.0,0.0,0.0,0.0,0.0,0.0,0.0,0.0,0.0,,,,,,,,,,,,,,,,,,,,
godot-expanded,002-player-Dust-flat-s02,14,player,flat,player-Dust-flat,2,1800,2601ec7976c793e8,3125039603df82e21bd299fc7965a1ea639646a7527fc3e07c006ca2bb6d5b72,1800,383.991577148438,383.991577148438,,305,1496,112,0,0,0,0,0,0,0,0,,,True,0,3.0,5.0,7524.0,4.0,10.0,136.0,0.0,0.0,0.0,0.0,0.0,0.0,0.0,0.0,0.0,0.0,0.0,0.0,,,,,,,,,,,,,,,,,,,,
godot-expanded,002-player-Dust-flat-s03,14,player,flat,player-Dust-flat,3,1800,b0b7499a91976e11,cf482a564964062c4111e457d0cc0ab606727798ba968336f46265c6c90c0acf,1800,383.991455078125,383.991455078125,,305,1496,112,0,0,0,0,0,0,0,0,,,True,0,3.0,4.0,8532.0,4.0,9.0,180.0,0.0,0.0,0.0,0.0,0.0,0.0,0.0,0.0,0.0,0.0,0.0,0.0,,,,,,,,,,,,,,,,,,,,
godot-expanded,002-player-Dust-flat-s04,14,player,flat,player-Dust-flat,4,1800,66267be096b74667,331f03931a8b800e95fb18d62f65ce6ccfa036aea5397b0641db7e1014311e44,1800,383.991516113281,383.991516113281,,305,1496,112,0,0,0,0,0,0,0,0,,,True,0,3.0,10.0,10091.0,4.0,9.0,70.0,0.0,0.0,0.0,0.0,0.0,0.0,0.0,0.0,0.0,0.0,0.0,0.0,,,,,,,,,,,,,,,,,,,,
godot-expanded,003-player-Seed-flat-s00,19,player,flat,player-Seed-flat,0,1800,d8e5fbc38ed31cab,dd7092d11078874128fee8a173b09a0f9727ff5c69b1b4151d50a7fe42a496f8,1800,383.991394042969,383.991394042969,,305,1496,112,0,0,0,0,0,0,0,0,,,True,0,3.0,5.0,13373.0,4.0,9.0,58.0,0.0,0.0,0.0,0.0,0.0,0.0,0.0,0.0,0.0,0.0,0.0,0.0,,,,,,,,,,,,,,,,,,,,
godot-expanded,003-player-Seed-flat-s01,19,player,flat,player-Seed-flat,1,1800,b82eb4b700b1ef54,1c03ad8b676222f9bed7b4100d6771c01943b4cb7f6d36622ac893913512cd24,1800,383.991516113281,383.991516113281,,305,1496,112,0,0,0,0,0,0,0,0,,,True,0,3.0,4.0,13537.0,4.0,9.0,49.0,0.0,0.0,0.0,0.0,0.0,0.0,0.0,0.0,0.0,0.0,0.0,0.0,,,,,,,,,,,,,,,,,,,,
godot-expanded,003-player-Seed-flat-s02,19,player,flat,player-Seed-flat,2,1800,f799909878270398,096312f253e1f76d5aba574820895004f87db329ddda9c7dbb943e273fd7f802,1800,383.991577148438,383.991577148438,,305,1496,112,0,0,0,0,0,0,0,0,,,True,0,2.0,4.0,12606.0,4.0,7.0,27.0,0.0,0.0,0.0,0.0,0.0,0.0,0.0,0.0,0.0,0.0,0.0,0.0,,,,,,,,,,,,,,,,,,,,
godot-expanded,003-player-Seed-flat-s03,19,player,flat,player-Seed-flat,3,1800,f33c6be2a3674131,fbfc13f6bb7e28186d795edc2b87702e3ee96b9477f82c052c61403e6d91453d,1800,383.991455078125,383.991455078125,,305,1496,112,0,0,0,0,0,0,0,0,,,True,0,2.0,4.0,10649.0,3.0,7.0,25.0,0.0,0.0,0.0,0.0,0.0,0.0,0.0,0.0,0.0,0.0,0.0,0.0,,,,,,,,,,,,,,,,,,,,
godot-expanded,003-player-Seed-flat-s04,19,player,flat,player-Seed-flat,4,1800,fcb991ca1c2e8027,6c5c4222133c341ccc355d58805e1c891c1937a2c0dc8cea6a5376734338c9f2,1800,383.991516113281,383.991516113281,,305,1496,112,0,0,0,0,0,0,0,0,,,True,0,2.0,4.0,12830.0,4.0,8.0,30.0,0.0,0.0,0.0,0.0,0.0,0.0,0.0,0.0,0.0,0.0,0.0,0.0,,,,,,,,,,,,,,,,,,,,
godot-expanded,004-player-Salt-flat-s00,23,player,flat,player-Salt-flat,0,1800,a79e718e744d5cab,1de0d3d294df77ac4e284be7b3c6be9a51034120d37e1a3d70eb01baa049e2fc,1800,383.991394042969,383.991394042969,,305,1496,112,0,0,0,0,0,0,0,0,,,True,0,3.0,4.0,13783.0,4.0,7.0,27.0,0.0,0.0,0.0,0.0,0.0,0.0,0.0,0.0,0.0,0.0,0.0,0.0,,,,,,,,,,,,,,,,,,,,
godot-expanded,004-player-Salt-flat-s01,23,player,flat,player-Salt-flat,1,1800,afb4bfdccf1a2aac,9661e82cf1135a9ac8d241c7e66a83c7d62b793a166a40c24e79776839afa684,1800,383.991516113281,383.991516113281,,305,1496,112,0,0,0,0,0,0,0,0,,,True,0,3.0,4.0,12301.0,4.0,9.0,215.0,0.0,0.0,0.0,0.0,0.0,0.0,0.0,0.0,0.0,0.0,0.0,0.0,,,,,,,,,,,,,,,,,,,,
godot-expanded,004-player-Salt-flat-s02,23,player,flat,player-Salt-flat,2,1800,af30ee636eeac6b8,ee0f119de22d3e5dd1b872af314b58d70f902548d29da4b26da5ae17073f0ac9,1800,383.991577148438,383.991577148438,,305,1496,112,0,0,0,0,0,0,0,0,,,True,0,2.0,5.0,10346.0,4.0,8.0,66.0,0.0,0.0,0.0,0.0,0.0,0.0,0.0,0.0,0.0,0.0,0.0,0.0,,,,,,,,,,,,,,,,,,,,
godot-expanded,004-player-Salt-flat-s03,23,player,flat,player-Salt-flat,3,1800,440434a5a142f6a9,a2a0765b72ad6c6a9612c8abe498b1e51dce807640a9cea032919f569ff5a716,1800,383.991455078125,383.991455078125,,305,1496,112,0,0,0,0,0,0,0,0,,,True,0,3.0,9.0,11348.0,4.0,10.0,270.0,0.0,0.0,0.0,0.0,0.0,0.0,0.0,0.0,0.0,0.0,0.0,0.0,,,,,,,,,,,,,,,,,,,,
godot-expanded,004-player-Salt-flat-s04,23,player,flat,player-Salt-flat,4,1800,3bfed16318e58ea7,956919ad26a5b40c13f8d8a78b1c91992f85c5b13ab9efc6af7a82c539e23ace,1800,383.991516113281,383.991516113281,,305,1496,112,0,0,0,0,0,0,0,0,,,True,0,2.0,5.0,10510.0,4.0,11.0,84.0,0.0,0.0,0.0,0.0,0.0,0.0,0.0,0.0,0.0,0.0,0.0,0.0,,,,,,,,,,,,,,,,,,,,
godot-expanded,005-player-Sodium-flat-s00,25,player,flat,player-Sodium-flat,0,1800,4254e362c26e9cab,bd44095c12ef23381a75a39b6c9e50ec64c4fa82404105098b5d2beeea50e60d,1800,383.991394042969,383.991394042969,,305,1496,112,0,0,0,0,0,0,0,0,,,True,0,2.0,4.0,11190.0,3.0,6.0,46.0,0.0,0.0,0.0,0.0,0.0,0.0,0.0,0.0,0.0,0.0,0.0,0.0,,,,,,,,,,,,,,,,,,,,
godot-expanded,005-player-Sodium-flat-s01,25,player,flat,player-Sodium-flat,1,1800,d08f76d17f931644,a4eb3d788fbd85a7e59a71534870ed92ab680220a27c074a91e1d0c3198e91c4,1800,383.991516113281,383.991516113281,,305,1496,112,0,0,0,0,0,0,0,0,,,True,0,2.0,5.0,7787.0,3.0,9.0,33.0,0.0,0.0,0.0,0.0,0.0,0.0,0.0,0.0,0.0,0.0,0.0,0.0,,,,,,,,,,,,,,,,,,,,
godot-expanded,005-player-Sodium-flat-s02,25,player,flat,player-Sodium-flat,2,1800,8f1300be6331f2d8,fdbfe3f6fc1b03a2767cb1ba9df9d3b4ebcda047fc326e865a7ae13c76780bb8,1800,383.991577148438,383.991577148438,,305,1496,112,0,0,0,0,0,0,0,0,,,True,0,3.0,5.0,12259.0,4.0,9.0,74.0,0.0,0.0,0.0,0.0,0.0,0.0,0.0,0.0,0.0,0.0,0.0,0.0,,,,,,,,,,,,,,,,,,,,
godot-expanded,005-player-Sodium-flat-s03,25,player,flat,player-Sodium-flat,3,1800,aaba1fdf86de4f9d,c763df5b02071378cc5dfe9f1dfe1529a0d85de363f19eea5c7e8a5638a526cb,1800,383.991455078125,383.991455078125,,305,1496,112,0,0,0,0,0,0,0,0,,,True,0,3.0,4.0,10872.0,4.0,6.0,70.0,0.0,0.0,0.0,0.0,0.0,0.0,0.0,0.0,0.0,0.0,0.0,0.0,,,,,,,,,,,,,,,,,,,,
godot-expanded,005-player-Sodium-flat-s04,25,player,flat,player-Sodium-flat,4,1800,61c6f97ef5a6e467,e22eaa52cbea78410c989164edfdde616f63f4ac84564811b76c3c5d34f66396,1800,383.991516113281,383.991516113281,,305,1496,112,0,0,0,0,0,0,0,0,,,True,0,3.0,6.0,8227.0,4.0,7.0,137.0,0.0,0.0,0.0,0.0,0.0,0.0,0.0,0.0,0.0,0.0,0.0,0.0,,,,,,,,,,,,,,,,,,,,
godot-expanded,006-player-Gunpowder-flat-s00,26,player,flat,player-Gunpowder-flat,0,1800,9e275b07c1db8cab,ceebc7fcee6c2eca20f673073adbde17b2d56a75ea4f43b6a6770b332d0a2944,1800,383.991394042969,383.991394042969,,305,1496,112,0,0,0,0,0,0,0,0,,,True,0,3.0,5.0,15055.0,4.0,9.0,38.0,0.0,0.0,0.0,0.0,0.0,0.0,0.0,0.0,0.0,0.0,0.0,0.0,,,,,,,,,,,,,,,,,,,,
godot-expanded,006-player-Gunpowder-flat-s01,26,player,flat,player-Gunpowder-flat,1,1800,d87559b3950d1328,a5906759ef7a1e0e62dfc0b08edd34525ba9330e3aeea6a12659284fd0945357,1800,383.991516113281,383.991516113281,,305,1496,112,0,0,0,0,0,0,0,0,,,True,0,3.0,4.0,15505.0,4.0,9.0,30.0,0.0,0.0,0.0,0.0,0.0,0.0,0.0,0.0,0.0,0.0,0.0,0.0,,,,,,,,,,,,,,,,,,,,
godot-expanded,006-player-Gunpowder-flat-s02,26,player,flat,player-Gunpowder-flat,2,1800,78c714368567d3e8,a070a1820b82424f8f0a81880413d5ffddfd7dd7ab1b2b2cd26641972e2f4a86,1800,383.991577148438,383.991577148438,,305,1496,112,0,0,0,0,0,0,0,0,,,True,0,2.0,4.0,15606.0,3.0,8.0,423.0,0.0,0.0,0.0,0.0,0.0,0.0,0.0,0.0,0.0,0.0,0.0,0.0,,,,,,,,,,,,,,,,,,,,
godot-expanded,006-player-Gunpowder-flat-s03,26,player,flat,player-Gunpowder-flat,3,1800,313af83b443cfb49,5fb40fdb688d2b786cfee71ed937297fdede4d4506b688df523b01d225015b8a,1800,383.991455078125,383.991455078125,,305,1496,112,0,0,0,0,0,0,0,0,,,True,0,2.0,5.0,12320.0,4.0,10.0,159.0,0.0,0.0,0.0,0.0,0.0,0.0,0.0,0.0,0.0,0.0,0.0,0.0,,,,,,,,,,,,,,,,,,,,
godot-expanded,006-player-Gunpowder-flat-s04,26,player,flat,player-Gunpowder-flat,4,1800,d324ade545168b67,2663a5c48554b762c02e8d58fe48e2a4e3172bb4f1f286840ef1ee2995cdb0b7,1800,383.991516113281,383.991516113281,,305,1496,112,0,0,0,0,0,0,0,0,,,True,0,3.0,4.0,15588.0,4.0,7.0,281.0,0.0,0.0,0.0,0.0,0.0,0.0,0.0,0.0,0.0,0.0,0.0,0.0,,,,,,,,,,,,,,,,,,,,
godot-expanded,007-player-Coal-flat-s00,27,player,flat,player-Coal-flat,0,1800,bdd5cd29815b6cab,43365373fb64ed829963fb339a7cb92e739ca94b462e148bd5590f66106fd515,1800,383.991394042969,383.991394042969,,305,1496,112,0,0,0,0,0,0,0,0,,,True,0,2.0,4.0,11026.0,4.0,8.0,30.0,0.0,0.0,0.0,0.0,0.0,0.0,0.0,0.0,0.0,0.0,0.0,0.0,,,,,,,,,,,,,,,,,,,,
godot-expanded,007-player-Coal-flat-s01,27,player,flat,player-Coal-flat,1,1800,9c74889c71fba7f4,e81006c8659994b637155dd8e5ba49d9cf97c594012e6ff9cf544ba376b5b3b5,1800,383.991516113281,383.991516113281,,305,1496,112,0,0,0,0,0,0,0,0,,,True,0,2.0,4.0,9386.0,3.0,6.0,134.0,0.0,0.0,0.0,0.0,0.0,0.0,0.0,0.0,0.0,0.0,0.0,0.0,,,,,,,,,,,,,,,,,,,,
godot-expanded,007-player-Coal-flat-s02,27,player,flat,player-Coal-flat,2,1800,630da3ddb3530f98,70fe4cc56dfdfe4b32f9c5f246e962abdcd5f1fcbae20b513b86229e10250963,1800,383.991577148438,383.991577148438,,305,1496,112,0,0,0,0,0,0,0,0,,,True,0,2.0,5.0,13118.0,4.0,9.0,65.0,0.0,0.0,0.0,0.0,0.0,0.0,0.0,0.0,0.0,0.0,0.0,0.0,,,,,,,,,,,,,,,,,,,,
godot-expanded,007-player-Coal-flat-s03,27,player,flat,player-Coal-flat,3,1800,96e3b19346689401,0ed1a34ae2e9bad9e3645b400fc6838d48925f7421520c7de1db7960ab941961,1800,383.991455078125,383.991455078125,,305,1496,112,0,0,0,0,0,0,0,0,,,True,0,2.0,4.0,13305.0,3.0,8.0,34.0,0.0,0.0,0.0,0.0,0.0,0.0,0.0,0.0,0.0,0.0,0.0,0.0,,,,,,,,,,,,,,,,,,,,
godot-expanded,007-player-Coal-flat-s04,27,player,flat,player-Coal-flat,4,1800,39eb1291f0bd9267,12dafb3acd93e4b8c330ccd47c70419ab2a86459878ce651b25bed608c491b2f,1800,383.991516113281,383.991516113281,,305,1496,112,0,0,0,0,0,0,0,0,,,True,0,2.0,4.0,14548.0,3.0,8.0,34.0,0.0,0.0,0.0,0.0,0.0,0.0,0.0,0.0,0.0,0.0,0.0,0.0,,,,,,,,,,,,,,,,,,,,
godot-expanded,008-player-Rust-flat-s00,29,player,flat,player-Rust-flat,0,1800,db58ca0ca9dd5cab,34799b62d5cff999ab7722b779f749a204853dde77661df2452bf2a5de5163ff,1800,383.991394042969,383.991394042969,,305,1496,112,0,0,0,0,0,0,0,0,,,True,0,2.0,4.0,7425.0,3.0,9.0,218.0,0.0,0.0,0.0,0.0,0.0,0.0,0.0,0.0,0.0,0.0,0.0,0.0,,,,,,,,,,,,,,,,,,,,
godot-expanded,008-player-Rust-flat-s01,29,player,flat,player-Rust-flat,1,1800,ab29e62f2ef2bdbc,059a24c4fb46d30bd732e2ffc0ed5ca3f4d0c21d69d8a24191b67c1d7a71313d,1800,383.991516113281,383.991516113281,,305,1496,112,0,0,0,0,0,0,0,0,,,True,0,2.0,3.0,6147.0,3.0,7.0,19.0,0.0,0.0,0.0,0.0,0.0,0.0,0.0,0.0,0.0,0.0,0.0,0.0,,,,,,,,,,,,,,,,,,,,
godot-expanded,008-player-Rust-flat-s02,29,player,flat,player-Rust-flat,2,1800,544d94210574dd98,df584b3331be070fc6c68221c55bfa12514e91c96f10788aa0f0364e5175b4b7,1800,383.991577148438,383.991577148438,,305,1496,112,0,0,0,0,0,0,0,0,,,True,0,2.0,3.0,4986.0,3.0,8.0,40.0,0.0,0.0,0.0,0.0,0.0,0.0,0.0,0.0,0.0,0.0,0.0,0.0,,,,,,,,,,,,,,,,,,,,
godot-expanded,008-player-Rust-flat-s03,29,player,flat,player-Rust-flat,3,1800,5a5caefa4bcaedfd,ff7527cc27f1c0210af5c4a972ec7c410b047c8585f3e9ab03530c418da83ffb,1800,383.991455078125,383.991455078125,,305,1496,112,0,0,0,0,0,0,0,0,,,True,0,2.0,4.0,6228.0,3.0,6.0,33.0,0.0,0.0,0.0,0.0,0.0,0.0,0.0,0.0,0.0,0.0,0.0,0.0,,,,,,,,,,,,,,,,,,,,
godot-expanded,008-player-Rust-flat-s04,29,player,flat,player-Rust-flat,4,1800,ea59a37575eeb027,acea74a5cc5d3a59c4e380c2db5dbfed2e98994080277bdb1b4028fe624ebf7e,1800,383.991516113281,383.991516113281,,305,1496,112,0,0,0,0,0,0,0,0,,,True,0,2.0,4.0,5604.0,3.0,6.0,49.0,0.0,0.0,0.0,0.0,0.0,0.0,0.0,0.0,0.0,0.0,0.0,0.0,,,,,,,,,,,,,,,,,,,,
godot-expanded,009-barrel-Sand-flat-s00,2,barrel,flat,barrel-Sand-flat,0,1800,78695c06d5b4e852,aa106046a359c6c7c7a2436a4a4e0710258ff95bea6d0d9df24c5b33e9bf3543,1800,384.002147190076,384.001439800166,,155,0,112,21820,294,153,133524,0,0,0,0,,,False,0,31.0,1137.0,7289.0,223.0,357.0,2373.0,1844.72155761719,4141.14306640625,-596.65234375,-1.21599876880646,3943.09936523438,-57.1519927978516,5.83999729156494,3181.68872070313,1204.31945800781,516.325073242188,5007.7548828125,215.162826538086,True,,,,,,,,,,,,,,,,,,,
godot-expanded,009-barrel-Sand-flat-s01,2,barrel,flat,barrel-Sand-flat,1,1800,ddc238f44b291e21,0fcd9e045c6e44c7cccf8f447930b4202ea1c468acba51d3223b526ad1910d8d,1800,384.001748570653,384.001748046487,,156,0,112,19185,1735,135,125252,0,0,0,0,,,False,0,561.0,971.0,5374.0,173.0,330.0,537.0,-1475.13012695313,4144.06005859375,-590.760375976563,-2.73599863052368,3940.66748046875,-57.4559936523438,-0.199999898672104,16381.3876953125,1190.51953125,-225.304916381836,5137.8505859375,211.156463623047,True,,,,,,,,,,,,,,,,,,,
godot-expanded,009-barrel-Sand-flat-s02,2,barrel,flat,barrel-Sand-flat,2,1800,f3449b68b8e32b20,a5b0e738083dfafca0097e7a88cd4607556a7bd9f35c38b6254e18f6706f6a8e,1800,384.001934072835,384.001932523249,,158,0,112,19106,1733,127,138522,0,0,0,0,,,False,0,499.0,880.0,6250.0,181.0,323.0,551.0,-1476.00854492188,4145.634765625,-583.44970703125,-2.73599863052368,3935.8037109375,-57.4559936523438,-0.159999877214432,3235.4970703125,1192.07946777344,-686.598693847656,5079.0341796875,202.061462402344,True,,,,,,,,,,,,,,,,,,,
godot-expanded,009-barrel-Sand-flat-s03,2,barrel,flat,barrel-Sand-flat,3,1800,b5560fe35370359e,c1ac52ffa7c12929b5ea75c237615c0ece3321ccdcf2269abc10685e8950488b,1800,384.001743594097,384.001739157996,,154,0,112,17227,1736,128,136697,0,0,0,0,,,False,0,515.0,859.0,4991.0,173.0,317.0,929.0,-1165.68798828125,4153.50146484375,-587.071044921875,-3.34399890899658,3945.53125,-57.4559936523438,-0.159999877214432,17638.51953125,1178.51953125,-182.854904174805,5144.24853515625,209.705459594727,True,,,,,,,,,,,,,,,,,,,
godot-expanded,009-barrel-Sand-flat-s04,2,barrel,flat,barrel-Sand-flat,4,1800,3313023ffb05c61a,8b57b90ffb0e7fd5cc444bd5ab0a6608bbbcda633bc83396731243753bcd5c77,1800,384.001748592451,384.001743145531,,156,0,112,19220,1735,133,125283,0,0,0,0,,,False,0,569.0,947.0,5153.0,179.0,339.0,1783.0,-1467.21044921875,4135.8603515625,-598.965454101563,-2.12799978256226,3940.9716796875,-57.1519927978516,1.41561031341553e-07,16382.0283203125,1191.15954589844,-234.711685180664,5138.5224609375,211.828033447266,True,,,,,,,,,,,,,,,,,,,
godot-expanded,010-barrel-Dust-flat-s00,14,barrel,flat,barrel-Dust-flat,0,1800,287981c1b42f9c5e,4e49734352ae967970731ed58bc35bf8e7844f207c44109f0940c5c56031e56b,1800,384.001938406287,384.001022649008,,153,0,112,17537,122,134,125220,0,0,0,0,,,False,0,21.0,947.0,6140.0,154.0,305.0,724.0,801.993713378906,4151.93701171875,-591.305297851563,-5.10719919204712,1033.19055175781,-14.9226016998291,-0.0499999783933163,1315.91796875,1067.4375,581.718078613281,4974.4755859375,217.196182250977,True,,,,,,,,,,,,,,,,,,,
godot-expanded,010-barrel-Dust-flat-s01,14,barrel,flat,barrel-Dust-flat,1,1800,6c9a75b1d98cfab9,852206efea1eddc78e6806a1d12d5e3cffa29f944357e6df5001a963296f9447,1800,384.001865802456,384.001865487597,,165,0,112,19654,1729,133,130484,0,0,0,0,,,False,0,690.0,1213.0,6016.0,194.0,377.0,1247.0,2355.39208984375,4099.24462890625,-609.721801757813,-1.59600007534027,1027.36560058594,-16.4388008117676,65.4161148071289,14309.5126953125,1090.60095214844,481.522338867188,5070.5126953125,189.525238037109,True,,,,,,,,,,,,,,,,,,,
godot-expanded,010-barrel-Dust-flat-s02,14,barrel,flat,barrel-Dust-flat,2,1800,548ecd333a00f829,d5e06f5b4dfb3c09ca5c9668018890e41ca329f917109ad08ab1d08d515b1b7f,1800,384.002334610456,384.001866288589,,170,0,112,14703,1722,173,118908,0,0,0,0,,,False,0,768.0,1664.0,8335.0,218.0,401.0,691.0,-410.073272705078,3884.7841796875,-587.157287597656,-1.1172000169754,1023.77453613281,-16.5984020233154,10.0649948120117,4513.029296875,1077.97290039063,-375.289306640625,5029.01806640625,171.627166748047,True,,,,,,,,,,,,,,,,,,,
godot-expanded,010-barrel-Dust-flat-s03,14,barrel,flat,barrel-Dust-flat,3,1800,e68cec4ddc126611,075fcc26aba4ece6624941b6c3858a6d4afe89f1d44f8adf7074baa7eb443786,1800,384.001753254856,384.001738565662,,151,0,112,17567,1742,120,136659,0,0,0,0,,,False,0,657.0,1160.0,10096.0,217.0,405.0,728.0,-1197.61706542969,4166.20361328125,-583.01123046875,-1.75560009479523,1037.89965820313,-14.8428020477295,-0.0499999783933163,15163.8203125,1105.84387207031,-260.412292480469,5177.70947265625,237.64453125,True,,,,,,,,,,,,,,,,,,,
godot-expanded,010-barrel-Dust-flat-s04,14,barrel,flat,barrel-Dust-flat,4,1800,399562e1deb98f8a,eac3ee38eef7ef28ea696a75c0b5779fc73719cb9941d06326e7dba94ff6ff00,1800,384.001876127008,384.001869169912,,154,0,112,26607,1735,123,131855,0,0,0,0,,,False,0,724.0,1249.0,10716.0,214.0,401.0,746.0,-2668.93359375,4141.31884765625,-599.340454101563,-1.67580008506775,1035.984375,-14.8428020477295,-66.0111312866211,14562.8681640625,1057.32495117188,-586.471374511719,5122.15771484375,217.927322387695,True,,,,,,,,,,,,,,,,,,,
godot-expanded,011-barrel-Salt-flat-s00,23,barrel,flat,barrel-Salt-flat,0,1800,39356ec10ff9ea48,63b52742365f5f2ae1672c8a7f98fe8fb69a68e684833171e3162ef0d626effd,1800,384.002147190076,384.001439800166,,155,0,112,21820,294,153,133524,0,0,0,0,,,False,0,26.0,1612.0,11996.0,191.0,349.0,757.0,1844.72155761719,4141.14306640625,-596.65234375,-1.21599876880646,3943.09936523438,-57.1519927978516,5.83999729156494,3181.68872070313,1204.31945800781,516.325073242188,5007.7548828125,215.162826538086,True,,,,,,,,,,,,,,,,,,,
godot-expanded,011-barrel-Salt-flat-s01,23,barrel,flat,barrel-Salt-flat,1,1800,93f11f81606886c1,eea9a6a5df1b69648a94c346d486c05995d2b0c6850de169b5a7acc60c0db5bb,1800,384.001748570653,384.001748046487,,156,0,112,19185,1735,135,125252,0,0,0,0,,,False,0,865.0,1484.0,11156.0,228.0,421.0,1595.0,-1475.13012695313,4144.06005859375,-590.760375976563,-2.73599863052368,3940.66748046875,-57.4559936523438,-0.199999898672104,16381.3876953125,1190.51953125,-225.304916381836,5137.8505859375,211.156463623047,True,,,,,,,,,,,,,,,,,,,
godot-expanded,011-barrel-Salt-flat-s02,23,barrel,flat,barrel-Salt-flat,2,1800,19821aefb1e06fd8,0dc229fd524cb692c646d56b0322f3f29da16d00ff097d4ee24a11275e500807,1800,384.001934072835,384.001932523249,,158,0,112,19106,1733,127,138522,0,0,0,0,,,False,0,762.0,1306.0,10195.0,227.0,413.0,980.0,-1476.00854492188,4145.634765625,-583.44970703125,-2.73599863052368,3935.8037109375,-57.4559936523438,-0.159999877214432,3235.4970703125,1192.07946777344,-686.598693847656,5079.0341796875,202.061462402344,True,,,,,,,,,,,,,,,,,,,
godot-expanded,011-barrel-Salt-flat-s03,23,barrel,flat,barrel-Salt-flat,3,1800,b364c4adb40b9496,b57746739814ddbb6085de50e6250005183345136fe741019347f2da14a8efa8,1800,384.001743594097,384.001739157996,,154,0,112,17227,1736,128,136697,0,0,0,0,,,False,0,769.0,1265.0,10100.0,221.0,388.0,670.0,-1165.68798828125,4153.50146484375,-587.071044921875,-3.34399890899658,3945.53125,-57.4559936523438,-0.159999877214432,17638.51953125,1178.51953125,-182.854904174805,5144.24853515625,209.705459594727,True,,,,,,,,,,,,,,,,,,,
godot-expanded,011-barrel-Salt-flat-s04,23,barrel,flat,barrel-Salt-flat,4,1800,14a24a619c1c02b4,81d62a4d8816852a7ed017490e51f12b2fe2a743ad370bf4c1a6a160ae0f5c5e,1800,384.001748592451,384.001743145531,,156,0,112,19220,1735,133,125283,0,0,0,0,,,False,0,1034.0,1478.0,10940.0,257.0,422.0,1616.0,-1467.21044921875,4135.8603515625,-598.965454101563,-2.12799978256226,3940.9716796875,-57.1519927978516,1.41561031341553e-07,16382.0283203125,1191.15954589844,-234.711685180664,5138.5224609375,211.828033447266,True,,,,,,,,,,,,,,,,,,,
godot-expanded,012-barrel-Water-flat-s00,3,barrel,flat,barrel-Water-flat,0,1800,2ae5399035861a36,ac85ce18485f307ce471fd4787b920b7e295ca1cafb20d77871e97530ae949bd,1800,384.001970647864,384.00147994701,,344,0,112,17552,33,148,106997,0,0,0,-16065,,,False,0,69.0,6410.0,24656.0,167.0,449.0,970.0,982.290405273438,3531.8857421875,-661.274719238281,-33.6300163269043,2151.19775390625,-51.2999992370605,0.274999976158142,293.475006103516,253.475006103516,454.319458007813,3851.69140625,-325.979888916016,True,,,,,,,,,,,,,,,,,,,
godot-expanded,012-barrel-Water-flat-s01,3,barrel,flat,barrel-Water-flat,1,1800,b64cfb7ba9635a55,41beda9054a5342bcb283640c75b8fd29cdca8a4fd76dcc28f8fd1394d1ef788,1800,384.001889402342,384.001016569145,,381,0,112,19705,1419,693,103688,0,0,0,-151332,,,False,0,11071.0,19521.0,32551.0,239.0,396.0,685.0,568.564208984375,3048.77783203125,-781.7509765625,0.379999756813049,2081.08471679688,-51.8700141906738,32.2498092651367,2041.85620117188,273.274993896484,193.893508911133,3697.30151367188,-405.400451660156,True,,,,,,,,,,,,,,,,,,,
godot-expanded,012-barrel-Water-flat-s02,3,barrel,flat,barrel-Water-flat,2,1800,44d7b83b3be530e4,6248e1fda56f8bd1a0ee01f2be4168c3cd5ff6e6fbf208fc9ed2526e2600a684,1800,384.002021389535,384.00029361532,,355,0,112,21671,1445,1803,101745,0,0,0,-426760,,,False,0,17239.0,27635.0,587059.0,269.0,389.0,45736.0,450.0537109375,3196.27075195313,-703.999206542969,0.379999935626984,2114.90405273438,-50.7300071716309,22.2499809265137,2023.1298828125,256.299987792969,121.406356811523,3739.47485351563,-360.988800048828,True,,,,,,,,,,,,,,,,,,,
godot-expanded,012-barrel-Water-flat-s03,3,barrel,flat,barrel-Water-flat,3,1800,de7e5e402bde43d3,05ed5f44b5bdac9d18481693aaff1d3b6b121eff24efe99914c8b4f57422c89f,1800,384.614624023438,384.000224751791,,352,0,112,18296,1447,181,102586,0,0,0,-22695,,,False,0,6999.0,13268.0,28712.0,287.0,467.0,4450.0,1156.91809082031,3205.14135742188,-701.104064941406,-0.190000116825104,2143.40893554688,-54.1500091552734,23.5499229431152,2079.7841796875,259.200012207031,453.021697998047,3894.04248046875,-349.792755126953,True,,,,,,,,,,,,,,,,,,,
godot-expanded,012-barrel-Water-flat-s04,3,barrel,flat,barrel-Water-flat,4,1800,7c1ba0f4ecd91c11,201c0a04c7df85c1cb4d99550ce306dbe23e6ca763d4f267fb50b18df036024d,1800,384.659362792969,384.001739902387,,311,0,112,14535,1489,156,97158,0,0,0,-17340,,,False,0,3330.0,8407.0,105462.0,297.0,497.0,8932.0,0.218817174434662,3648.234375,-640.744384765625,-2.38418579101563e-07,2210.67016601563,-52.6300048828125,0.175000011920929,2158.52490234375,297.274993896484,-86.4099197387695,4202.53466796875,-263.587860107422,True,,,,,,,,,,,,,,,,,,,
godot-expanded,013-barrel-Oil-flat-s00,16,barrel,flat,barrel-Oil-flat,0,1800,c7bf8d17a0dd44f2,faf7e5fef47d241d61a38ca4b3035970ea2041fe5371314b17d16c73b661781e,1800,384.002187401291,384.00025002394,,148,0,112,20451,1691,929,103936,0,0,0,0,,,False,0,6303.0,15972.0,20979.0,269.0,447.0,761.0,805.011474609375,3739.51049804688,-572.775573730469,7.14399766921997,1965.31982421875,-29.1839962005615,311.159820556641,12227.7998046875,1141.09973144531,263.449798583984,5115.97900390625,245.315719604492,True,,,,,,,,,,,,,,,,,,,
godot-expanded,013-barrel-Oil-flat-s01,16,barrel,flat,barrel-Oil-flat,1,1800,1b5db1afc0bfaa75,57711f1c363de1c93af91fcc5765042b80ee949be93e9fa8b87c1dfa77b0abca,1800,384.001833557196,384.001733440791,,148,0,112,18938,1743,119,138138,0,0,0,0,,,False,0,2325.0,3982.0,13878.0,237.0,420.0,2039.0,-1489.005859375,4178.95751953125,-578.902770996094,1.21599984169006,1980.06127929688,-28.7279949188232,-12.2400016784668,16197.6005859375,1131.1796875,-268.537261962891,5184.826171875,237.917419433594,True,,,,,,,,,,,,,,,,,,,
godot-expanded,013-barrel-Oil-flat-s02,16,barrel,flat,barrel-Oil-flat,2,1800,49a694a94027d6ab,4075af0d7904a6d40d76beb4bd16bbaa3ef73fb3eb2fb2a8312415a780b189aa,1800,384.002001514072,384.001785077116,,152,0,112,17248,1737,129,124755,0,0,0,0,,,False,0,1608.0,3749.0,11645.0,210.0,405.0,1862.0,1752.87561035156,3863.0234375,-586.738647460938,1.51999962329865,1975.50158691406,-28.2719955444336,31.3199901580811,11898.296875,1102.57995605469,455.745910644531,5131.99267578125,219.679229736328,True,,,,,,,,,,,,,,,,,,,
godot-expanded,013-barrel-Oil-flat-s03,16,barrel,flat,barrel-Oil-flat,3,1800,59ba7a3d4231d0b0,fdbdd7f181f398d4f4d490abfee410d410a8b883d1d4a71cfb4cfb415fda084a,1800,384.001776088308,384.001680937572,,147,0,112,14077,1746,132,124786,0,0,0,0,,,False,0,1591.0,3784.0,13882.0,232.0,389.0,1275.0,596.734252929688,3893.90869140625,-569.144836425781,-0.303999841213226,1981.73327636719,-28.2719993591309,-9.98002433776855,14759.3994140625,1138.37976074219,92.985725402832,5207.044921875,250.608032226563,True,,,,,,,,,,,,,,,,,,,
godot-expanded,013-barrel-Oil-flat-s04,16,barrel,flat,barrel-Oil-flat,4,1800,2f0c4bdee5fbe6e2,4e168f6dfc7fd2894ee4d734518ca7151d895e9bfa95417d6b5da1c81572caa4,1800,384.001935474765,384.001819887614,,143,0,112,25558,1752,125,131312,0,0,0,0,,,False,0,3095.0,4608.0,15469.0,276.0,456.0,1571.0,2673.09204101563,4181.9677734375,-590.350646972656,1.82399952411652,1986.29309082031,-28.5759963989258,105.020065307617,15562.2861328125,1179.71960449219,436.776947021484,5223.81884765625,273.578857421875,True,,,,,,,,,,,,,,,,,,,
godot-expanded,014-barrel-Mercury-flat-s00,33,barrel,flat,barrel-Mercury-flat,0,1800,db6b9ea16c2c6c53,acaf74d1bf391be5cb643d4c34b6ec76b5fb5336031965b686d6785762fe981f,1800,384.002028515656,384.001584464954,,149,0,112,22180,825,322,113081,0,0,0,0,,,False,0,1510.0,6574.0,9057.0,197.0,336.0,1584.0,191.487152099609,4008.14599609375,-590.346862792969,7.29599857330322,3951.916015625,-57.1519889831543,336.639953613281,6890.935546875,1203.35949707031,-279.330993652344,5103.25732421875,230.327331542969,True,,,,,,,,,,,,,,,,,,,
godot-expanded,014-barrel-Mercury-flat-s01,33,barrel,flat,barrel-Mercury-flat,1,1800,26d733c1946806b,0f3075cabd5d9d65fb7226cc2a7fcda609d0f36e97fc5a8ea5e119f7bf0284e9,1800,384.001706106176,384.001681146076,,148,0,112,21471,1744,126,138096,0,0,0,0,,,False,0,845.0,2159.0,8744.0,199.0,342.0,1245.0,1492.2392578125,4183.2880859375,-574.555908203125,0.608000159263611,3959.5146484375,-58.0639953613281,-0.759998321533203,17936.033203125,1217.75939941406,90.6439819335938,5194.119140625,239.142242431641,True,,,,,,,,,,,,,,,,,,,
godot-expanded,014-barrel-Mercury-flat-s02,33,barrel,flat,barrel-Mercury-flat,2,1800,e9e8d15e35238c02,98be869506607a69d25123c49f9a288de90f2543207c07ab1581ec5a0869880b,1800,384.001922687737,384.001918729855,,149,0,112,17760,1742,134,126559,0,0,0,0,,,False,0,789.0,2117.0,7843.0,187.0,320.0,701.0,-1175.302734375,4188.15234375,-566.821105957031,-2.12799978256226,3956.47485351563,-58.6719970703125,-1.48000001907349,8062.578125,1202.4794921875,-449.821685791016,5167.1884765625,238.856185913086,True,,,,,,,,,,,,,,,,,,,
godot-expanded,014-barrel-Mercury-flat-s03,33,barrel,flat,barrel-Mercury-flat,3,1800,46d4307afa6212f6,6bc3d143c225ad20f33fbaec7a82fd00f197e828443361c60df8c404baf8b0af,1800,384.00176778796,384.00175206722,,148,0,112,27277,1743,126,131479,0,0,0,0,,,False,0,754.0,2171.0,7138.0,192.0,319.0,481.0,2683.7353515625,4174.265625,-583.606628417969,1.21599984169006,3959.21069335938,-58.3679962158203,129.960540771484,17195.09375,1203.95947265625,241.981658935547,5183.07666015625,233.012557983398,True,,,,,,,,,,,,,,,,,,,
godot-expanded,014-barrel-Mercury-flat-s04,33,barrel,flat,barrel-Mercury-flat,4,1800,3dee57d9ab72ae0a,997efb5f7fa716f7d2a97cb233c4ce91abf05c47f18f6935cd8deef7ac4e1642,1800,384.001770421855,384.001738391439,,145,0,112,27457,1749,129,131393,0,0,0,0,,,False,0,1779.0,2326.0,7304.0,203.0,330.0,584.0,2677.73706054688,4185.0146484375,-581.496826171875,8.94069671630859e-08,3967.72241210938,-57.1519889831543,133.760589599609,17264.970703125,1244.79931640625,239.65461730957,5218.1943359375,259.125061035156,True,,,,,,,,,,,,,,,,,,,
godot-expanded,015-barrel-Empty-hard-s00,0,barrel,hard,barrel-Empty-hard,0,1800,53353741b3e548d2,5a153d4bee7ad2f51b181463c3a451980709cf959e08a9898bc02e96a2ccfb18,1800,0.00045776381119822,0.00045776381119822,0.0,-1,1736,0,0,0,0,0,0,0,0,0,,,True,0,16.0,26.0,607.0,58.0,99.0,219.0,0.0,0.0,,0.0,0.0,,0.0,0.0,,0.0,0.0,,True,,,,,,,,,,,,,,,,,,,
godot-expanded,015-barrel-Empty-hard-s01,0,barrel,hard,barrel-Empty-hard,1,1800,72def609f0b18bcf,a9ac7858a4ff4784567d5d10defb7e0f74b0b1e503c8335811fe4c1245f0eb98,1800,0.00045776381119822,0.00045776381119822,0.0,-1,1736,0,0,0,0,0,0,0,0,0,,,True,0,28.0,36.0,486.0,57.0,92.0,198.0,0.0,0.0,,0.0,0.0,,0.0,0.0,,0.0,0.0,,True,,,,,,,,,,,,,,,,,,,
godot-expanded,015-barrel-Empty-hard-s02,0,barrel,hard,barrel-Empty-hard,2,1800,44b1fc2b4f43e6fc,4517838e3bef8c5a3848293309e2ca4f830bfb28da3b4b8c6f71ae9647819547,1800,0.00045776381119822,0.00045776381119822,0.0,-1,1736,0,0,0,0,0,0,0,0,0,,,True,0,16.0,28.0,611.0,61.0,101.0,229.0,0.0,0.0,,0.0,0.0,,0.0,0.0,,0.0,0.0,,True,,,,,,,,,,,,,,,,,,,
godot-expanded,015-barrel-Empty-hard-s03,0,barrel,hard,barrel-Empty-hard,3,1800,7c082d743a63c427,9159516c46a2c6a9eca0f4e84385c198f3ae38c77f45ce1984c962c28fd9df6b,1800,0.00045776381119822,0.00045776381119822,0.0,-1,1736,0,0,0,0,0,0,0,0,0,,,True,0,28.0,41.0,560.0,57.0,97.0,222.0,0.0,0.0,,0.0,0.0,,0.0,0.0,,0.0,0.0,,True,,,,,,,,,,,,,,,,,,,
godot-expanded,015-barrel-Empty-hard-s04,0,barrel,hard,barrel-Empty-hard,4,1800,8aa9297698281a50,3ab2c0e4b75a1ebdc0bdf3c1e30e362864ad91b81c5253c4eac60f604a5d3f49,1800,0.00045776381119822,0.00045776381119822,0.0,-1,1736,0,0,0,0,0,0,0,0,0,,,True,0,28.0,44.0,724.0,61.0,108.0,307.0,0.0,0.0,,0.0,0.0,,0.0,0.0,,0.0,0.0,,True,,,,,,,,,,,,,,,,,,,
godot-expanded,016-freefall-s00,0,barrel,flat,freefall,0,1800,f5c1679bbafb243a,8c4bcd70e1a7db33975dfb0dfe4ee4532a04ce353779dd93a29f6652c100cbf8,1800,384.369995117188,384.000976564728,,201,1567,0,0,0,0,0,0,0,0,0,,,True,0,16.0,29.0,743.0,62.0,102.0,239.0,0.0,0.0,0.0,0.0,0.0,0.0,0.0,0.0,0.0,0.0,0.0,0.0,,,,,,,,,,,,,,,,,,,,
godot-expanded,016-freefall-s01,0,barrel,flat,freefall,1,1800,b8c5e7e7156b782f,762bad70f8f8c91d8e0c7cfc248cdfa1da09298091c0456c09ef58512ea0d969,1800,384.369995117188,384.000976564728,,201,1567,0,0,0,0,0,0,0,0,0,,,True,0,28.0,47.0,602.0,60.0,110.0,202.0,0.0,0.0,0.0,0.0,0.0,0.0,0.0,0.0,0.0,0.0,0.0,0.0,,,,,,,,,,,,,,,,,,,,
godot-expanded,016-freefall-s02,0,barrel,flat,freefall,2,1800,88c4258e2c667f4,9ce196c01544cee7d8346586a473cc02d9f07cfcba1f8f04b884108b880f35bc,1800,384.369995117188,384.000976564728,,201,1567,0,0,0,0,0,0,0,0,0,,,True,0,16.0,27.0,1295.0,56.0,105.0,265.0,0.0,0.0,0.0,0.0,0.0,0.0,0.0,0.0,0.0,0.0,0.0,0.0,,,,,,,,,,,,,,,,,,,,
godot-expanded,016-freefall-s03,0,barrel,flat,freefall,3,1800,b2a1f64d9d74a207,547dd70e678f36e56508caa29acfffe0d7975c703a6139b1c649cf067d3592cf,1800,384.369995117188,384.000976564728,,201,1567,0,0,0,0,0,0,0,0,0,,,True,0,28.0,38.0,592.0,57.0,102.0,192.0,0.0,0.0,0.0,0.0,0.0,0.0,0.0,0.0,0.0,0.0,0.0,0.0,,,,,,,,,,,,,,,,,,,,
godot-expanded,016-freefall-s04,0,barrel,flat,freefall,4,1800,6c6b413256e9642,5d00afa332cc1956bcb2b1a53c44c1fc886e3f72b560bce25598a136e1085bc8,1800,384.369995117188,384.000976564728,,201,1567,0,0,0,0,0,0,0,0,0,,,True,0,28.0,43.0,835.0,60.0,105.0,220.0,0.0,0.0,0.0,0.0,0.0,0.0,0.0,0.0,0.0,0.0,0.0,0.0,,,,,,,,,,,,,,,,,,,,
godot-expanded,017-barrel-Sand-mixed-s00,2,barrel,mixed,barrel-Sand-mixed,0,1800,d5dabca6761c0be,14a6de7610e757f4acf2cbfee9b8261eb4ea294c886e98d5ec26f1cd7ada0697,1800,386.67333984375,384.001973838852,,144,0,112,18330,126,133,139653,0,0,0,0,,,False,0,21.0,2695.0,6403.0,185.0,295.0,609.0,-1177.83520507813,4154.0283203125,-618.300476074219,-0.714400291442871,4001.43041992188,-25.8742027282715,0.0450000241398811,1507.94763183594,1186.587890625,-787.894775390625,5166.83984375,262.621490478516,,,,,,,,,,,,,,,,,,,,
godot-expanded,017-barrel-Sand-mixed-s01,2,barrel,mixed,barrel-Sand-mixed,1,1800,7a673abf558e3474,54f2ed1b341c8eb99bb0010d1ab35e03fe9ad12d939ba4f175cfdff6f93c7826,1800,384.001802664267,384.001798176421,,144,0,112,24769,1750,122,133076,0,0,0,0,,,False,0,564.0,2578.0,7336.0,187.0,321.0,679.0,-2388.17602539063,4170.98779296875,-598.414855957031,-1.97980010509491,4005.28735351563,-22.0172023773193,-66.5711441040039,17419.759765625,1191.10852050781,-324.46240234375,5220.35791015625,262.872161865234,,,,,,,,,,,,,,,,,,,,
godot-expanded,017-barrel-Sand-mixed-s02,2,barrel,mixed,barrel-Sand-mixed,2,1800,8e10c22783307807,cb86f1583cc2f9e527c31ee4688deffc5f39c4d257abdc7cbba17ed5e52c5fb3,1800,384.001988344119,384.001934369599,,144,0,112,17423,1751,126,130032,0,0,0,0,,,False,0,503.0,2844.0,6662.0,185.0,315.0,596.0,1495.63977050781,3568.60009765625,-604.7109375,-1.06780016422272,4007.08081054688,-20.2236022949219,1.92050170898438,3677.509765625,1202.56396484375,376.795562744141,5180.86962890625,268.354095458984,,,,,,,,,,,,,,,,,,,,
godot-expanded,017-barrel-Sand-mixed-s03,2,barrel,mixed,barrel-Sand-mixed,3,1800,855a1a9c39ba0929,a58662d6fbb8f30ed98f08a34cabcece8fe3e672723007a8435788bb5b825c16,1800,384.00180415709,384.001788846298,,143,0,112,19200,1751,123,131351,0,0,0,0,,,False,0,518.0,2711.0,6168.0,183.0,320.0,770.0,-2378.21069335938,3878.46313476563,-595.461303710938,-1.75560009479523,4006.3740234375,-23.3624019622803,-66.3711395263672,17230.458984375,1190.92541503906,-337.088073730469,5224.70751953125,265.287567138672,,,,,,,,,,,,,,,,,,,,
godot-expanded,017-barrel-Sand-mixed-s04,2,barrel,mixed,barrel-Sand-mixed,4,1800,e6aab2b1b7bebbbd,037514c963f4ebd667fa798c842244627c753eaf06f7c61700fb0cb78809ec7c,1800,384.001689570162,384.001679685627,,143,0,112,21564,1752,127,124717,0,0,0,0,,,False,0,577.0,2583.0,6244.0,180.0,314.0,533.0,1501.1533203125,4166.11669921875,-606.135437011719,-1.67580008506775,4000.54516601563,-29.1916027069092,-0.209999978542328,16512.939453125,1201.94738769531,99.0097427368164,5241.2802734375,271.16162109375,,,,,,,,,,,,,,,,,,,,
godot-expanded,018-player-Sand-walk-s00,2,player,walk,player-Sand-walk,0,1800,9dc42c2c03b84cab,99aaa5814425f00847f08150a72226ba5610bc92f555ca26d40bcf0dfc2192b6,1800,0.0,0.0,0.0,-1,1768,0,0,0,0,0,0,0,0,0,,,True,0,2.0,4.0,9637.0,4.0,8.0,54.0,0.0,0.0,,0.0,0.0,,0.0,0.0,,0.0,0.0,,,,,,,,,,,,,,,,,,,,,
godot-expanded,018-player-Sand-walk-s01,2,player,walk,player-Sand-walk,1,1800,70ad4066ff9c7238,6f8e0291faa271805fa60631496ef701a95bbb9107073a9468e9ad12ef784433,1800,0.0,0.0,0.0,-1,1768,0,0,0,0,0,0,0,0,0,,,True,0,2.0,3.0,5644.0,4.0,7.0,34.0,0.0,0.0,,0.0,0.0,,0.0,0.0,,0.0,0.0,,,,,,,,,,,,,,,,,,,,,
godot-expanded,018-player-Sand-walk-s02,2,player,walk,player-Sand-walk,2,1800,c7962228033a3c68,2bf157c8a1c3960e4762f656f692aa5eebae0351dbf60357f0833f22e97bf0aa,1800,0.0,0.0,0.0,-1,1768,0,0,0,0,0,0,0,0,0,,,True,0,2.0,4.0,6507.0,4.0,8.0,35.0,0.0,0.0,,0.0,0.0,,0.0,0.0,,0.0,0.0,,,,,,,,,,,,,,,,,,,,,
godot-expanded,018-player-Sand-walk-s03,2,player,walk,player-Sand-walk,3,1800,e7c272f02ccbb9f9,ba5bd5b626d2163a0fe4a8afb406e52c52b86a511e35745ec86b72a10226aab0,1800,0.0,0.0,0.0,-1,1768,0,0,0,0,0,0,0,0,0,,,True,0,2.0,3.0,5737.0,4.0,7.0,35.0,0.0,0.0,,0.0,0.0,,0.0,0.0,,0.0,0.0,,,,,,,,,,,,,,,,,,,,,
godot-expanded,018-player-Sand-walk-s04,2,player,walk,player-Sand-walk,4,1800,1a8e32f5fffdfb67,68e8414137b23fa24cf692f3b2a839a3b8f161e0bf547df877b55e298770bf40,1800,0.0,0.0,0.0,-1,1768,0,0,0,0,0,0,0,0,0,,,True,0,2.0,4.0,5236.0,4.0,7.0,32.0,0.0,0.0,,0.0,0.0,,0.0,0.0,,0.0,0.0,,,,,,,,,,,,,,,,,,,,,
godot-expanded,019-player-Sand-slope-s00,2,player,slope,player-Sand-slope,0,1800,7251e51391afa5f2,dfeb7ce6a6f3b9fb6f813ddbeae68c9a8b5e344511dfc51adf3be2c416311c3a,1800,20.9855499267578,20.9855499267578,0.0,-1,1728,0,0,0,0,0,0,0,0,0,,,True,0,2.0,4.0,5163.0,4.0,7.0,31.0,0.0,0.0,,0.0,0.0,,0.0,0.0,,0.0,0.0,,,,,,,,,,,,,,,,,,,,,
godot-expanded,019-player-Sand-slope-s01,2,player,slope,player-Sand-slope,1,1800,77f71f8ecc525202,59f19c91b7da05e9a594fff1cb55be72d3131dc4e8f7dd2efb80c4448f7d2cdc,1800,20.9855499267578,20.9855499267578,0.0,-1,1728,0,0,0,0,0,0,0,0,0,,,True,0,2.0,4.0,5014.0,4.0,7.0,40.0,0.0,0.0,,0.0,0.0,,0.0,0.0,,0.0,0.0,,,,,,,,,,,,,,,,,,,,,
godot-expanded,019-player-Sand-slope-s02,2,player,slope,player-Sand-slope,2,1800,4b77bef99195b654,8f075f505f3dce1056cb1a29f471629a968c5323b027d1d8aed39b2c09ec70d6,1800,20.9855499267578,20.9855499267578,0.0,-1,1728,0,0,0,0,0,0,0,0,0,,,True,0,2.0,3.0,5968.0,3.0,7.0,56.0,0.0,0.0,,0.0,0.0,,0.0,0.0,,0.0,0.0,,,,,,,,,,,,,,,,,,,,,
godot-expanded,019-player-Sand-slope-s03,2,player,slope,player-Sand-slope,3,1800,c3baa00495c69b42,3dff9e4ab04761fb4be0bfbe21321b88305a3d6820b9349a1cf0a6f4d5eda300,1800,20.9855499267578,20.9855499267578,0.0,-1,1728,0,0,0,0,0,0,0,0,0,,,True,0,2.0,4.0,5381.0,3.0,7.0,84.0,0.0,0.0,,0.0,0.0,,0.0,0.0,,0.0,0.0,,,,,,,,,,,,,,,,,,,,,
godot-expanded,019-player-Sand-slope-s04,2,player,slope,player-Sand-slope,4,1800,dbc70e37356924fc,1a9df942ad49c3d39ebce90300b1880915b3ad90472713a0c1d0d91923be7c83,1800,20.9855499267578,20.9855499267578,0.0,-1,1728,0,0,0,0,0,0,0,0,0,,,True,0,2.0,3.0,5714.0,3.0,6.0,35.0,0.0,0.0,,0.0,0.0,,0.0,0.0,,0.0,0.0,,,,,,,,,,,,,,,,,,,,,
godot-expanded,020-player-Sand-side-s00,2,player,side,player-Sand-side,0,1800,8aef235799430ee4,bcd2d5d9df5e44079a97d42ee2c975f5c88a60a947669434a98f33f447af55aa,1800,0.0,0.0,0.0,-1,1800,47,0,0,0,0,0,0,0,0,,,True,0,2.0,3.0,5179.0,3.0,4.0,29.0,0.0,0.0,,0.0,0.0,,0.0,0.0,,0.0,0.0,,,,,,,,,,,,,,,,,,,,,
godot-expanded,020-player-Sand-side-s01,2,player,side,player-Sand-side,1,1800,f32656d9c1152201,1e75b83c2755e411fa382c28a65ccad43d5db1d406632a6bb89a3094fbb3d45c,1800,0.0,0.0,0.0,-1,1800,47,0,0,0,0,0,0,0,0,,,True,0,2.0,2.0,5040.0,3.0,4.0,21.0,0.0,0.0,,0.0,0.0,,0.0,0.0,,0.0,0.0,,,,,,,,,,,,,,,,,,,,,
godot-expanded,020-player-Sand-side-s02,2,player,side,player-Sand-side,2,1800,e447ad339f4a9faa,e79336dcb9e2f28ac26487208fb4ac23275b0fee723d263064cfc7e852739871,1800,0.0,0.0,0.0,-1,1800,53,0,0,0,0,0,0,0,0,,,True,0,2.0,3.0,5064.0,3.0,4.0,17.0,0.0,0.0,,0.0,0.0,,0.0,0.0,,0.0,0.0,,,,,,,,,,,,,,,,,,,,,
godot-expanded,020-player-Sand-side-s03,2,player,side,player-Sand-side,3,1800,4e3719e3f0fe6aef,3e01641e1483ee657ab51497c1c04dc5753a64aa6d372f781a8fa597682c0344,1800,0.0,0.0,0.0,-1,1800,46,0,0,0,0,0,0,0,0,,,True,0,2.0,2.0,5053.0,3.0,4.0,17.0,0.0,0.0,,0.0,0.0,,0.0,0.0,,0.0,0.0,,,,,,,,,,,,,,,,,,,,,
godot-expanded,020-player-Sand-side-s04,2,player,side,player-Sand-side,4,1800,745d9d577f775bfb,d9ca8a655d434b83aeb56822a905f173e062a6599dad59939b096579dde72c5a,1800,0.0,0.0,0.0,-1,1800,51,0,0,0,0,0,0,0,0,,,True,0,2.0,3.0,5052.0,3.0,4.0,15.0,0.0,0.0,,0.0,0.0,,0.0,0.0,,0.0,0.0,,,,,,,,,,,,,,,,,,,,,
godot-expanded,021-player-Sand-film-s00,2,player,film,player-Sand-film,0,1800,93295966924517cb,2289d344be6b94b102fa07b30407102e4c7be580fee5db419a29fa0918b481c8,1800,382.989013671875,382.989013671875,0.0,-1,1420,0,0,0,0,0,0,0,0,0,,,True,0,2.0,101.0,478.0,3.0,6.0,30.0,0.0,0.0,,0.0,0.0,,0.0,0.0,,0.0,0.0,,,,,,,,,,,,,,,,,,,,,
godot-expanded,021-player-Sand-film-s01,2,player,film,player-Sand-film,1,1800,187fdf4e967f4f64,bd67d9277d7d84e956170241d72ebd83beb3c614e56ecda1428905953ca0e70c,1800,382.988891601563,382.988891601563,0.0,-1,1420,0,0,0,0,0,0,0,0,0,,,True,0,2.0,89.0,445.0,3.0,6.0,20.0,0.0,0.0,,0.0,0.0,,0.0,0.0,,0.0,0.0,,,,,,,,,,,,,,,,,,,,,
godot-expanded,021-player-Sand-film-s02,2,player,film,player-Sand-film,2,1800,11cadbebeca00e98,e148547cb9a4a6e29fd13918ed38bb8f347665b70a391961b5ad10e285b96fc4,1800,382.988830566406,382.988830566406,0.0,-1,1420,0,0,0,0,0,0,0,0,0,,,True,0,2.0,89.0,587.0,3.0,6.0,20.0,0.0,0.0,,0.0,0.0,,0.0,0.0,,0.0,0.0,,,,,,,,,,,,,,,,,,,,,
godot-expanded,021-player-Sand-film-s03,2,player,film,player-Sand-film,3,1800,610b3031a9950c70,4be21ea68fb3e4642be5c0ec90c6ed6b7e084ca95e7ae6145924cb4af97e15c5,1800,382.989013671875,382.989013671875,0.0,-1,1420,0,0,0,0,0,0,0,0,0,,,True,0,2.0,101.0,695.0,3.0,7.0,22.0,0.0,0.0,,0.0,0.0,,0.0,0.0,,0.0,0.0,,,,,,,,,,,,,,,,,,,,,
godot-expanded,021-player-Sand-film-s04,2,player,film,player-Sand-film,4,1800,428a504f71bf9b14,7ed2bab783a8fdd34972ca725d56e178df61df22c53c74fdd5a422685c7ba2cf,1800,382.988891601563,382.988891601563,0.0,-1,1420,0,0,0,0,0,0,0,0,0,,,True,0,2.0,91.0,557.0,3.0,6.0,64.0,0.0,0.0,,0.0,0.0,,0.0,0.0,,0.0,0.0,,,,,,,,,,,,,,,,,,,,,
godot-expanded,022-player-Sand-enclosed-s00,2,player,enclosed,player-Sand-enclosed,0,1800,9dc42c2c03b84cab,e2789d7e44d658454b4cc220b66f477760201c78d363dfed8570f781e61c41cf,1800,26.0,26.0,0.0,-1,1800,112,0,0,0,0,0,0,0,0,,,True,0,2.0,3.0,9053.0,3.0,4.0,26.0,0.0,0.0,,0.0,0.0,,0.0,0.0,,0.0,0.0,,,,,,,,,,,,,,,,,,,,,
godot-expanded,022-player-Sand-enclosed-s01,2,player,enclosed,player-Sand-enclosed,1,1800,70ad4066ff9c7238,28a4ca4bca0d6753e527c0ac75dc2f0c8fac04d4bd18177256d4903d8bbc20db,1800,26.0,26.0,0.0,-1,1800,112,0,0,0,0,0,0,0,0,,,True,0,2.0,3.0,5276.0,3.0,5.0,43.0,0.0,0.0,,0.0,0.0,,0.0,0.0,,0.0,0.0,,,,,,,,,,,,,,,,,,,,,
godot-expanded,022-player-Sand-enclosed-s02,2,player,enclosed,player-Sand-enclosed,2,1800,c7962228033a3c68,420657f3895a1b8ddd5eac9e007ae4ecb3ac3beb9a42b3db6622ed0d8a690636,1800,26.0,26.0,0.0,-1,1800,112,0,0,0,0,0,0,0,0,,,True,0,2.0,4.0,5599.0,3.0,5.0,27.0,0.0,0.0,,0.0,0.0,,0.0,0.0,,0.0,0.0,,,,,,,,,,,,,,,,,,,,,
godot-expanded,022-player-Sand-enclosed-s03,2,player,enclosed,player-Sand-enclosed,3,1800,e7c272f02ccbb9f9,b5924dfa8c776106c817277ac6c0f037f8a001d83d862908af452c530f270cd7,1800,26.0,26.0,0.0,-1,1800,112,0,0,0,0,0,0,0,0,,,True,0,2.0,3.0,5045.0,3.0,4.0,28.0,0.0,0.0,,0.0,0.0,,0.0,0.0,,0.0,0.0,,,,,,,,,,,,,,,,,,,,,
godot-expanded,022-player-Sand-enclosed-s04,2,player,enclosed,player-Sand-enclosed,4,1800,1a8e32f5fffdfb67,dd61a6599013064500b58dee0613b7d9ab3491c3623a2b8d4493191b92f19bc8,1800,26.0,26.0,0.0,-1,1800,112,0,0,0,0,0,0,0,0,,,True,0,2.0,3.0,5403.0,3.0,4.0,18.0,0.0,0.0,,0.0,0.0,,0.0,0.0,,0.0,0.0,,,,,,,,,,,,,,,,,,,,,
godot-expanded,023-player-Sand-falling-s00,2,player,falling,player-Sand-falling,0,1800,38e687a4c1c7f05e,3d5842976414827c0249cd697cfae0b5a046561570ca20175514eb77f4c089c0,1800,375.986511230469,375.986511230469,0.0,-1,1382,0,0,0,0,0,0,0,0,0,,,True,0,2.0,205.0,578.0,3.0,7.0,18.0,0.0,0.0,,0.0,0.0,,0.0,0.0,,0.0,0.0,,,,,,,,,,,,,,,,,,,,,
godot-expanded,023-player-Sand-falling-s01,2,player,falling,player-Sand-falling,1,1800,36055d74fc83de1b,7fb7fd4d0d0448000592016c93e4b2e367aedf13ab8486d26bc9f8cfcf2403a5,1800,375.997741699219,375.997741699219,0.0,-1,1387,0,0,0,0,0,0,0,0,0,,,True,0,2.0,218.0,578.0,3.0,8.0,25.0,0.0,0.0,,0.0,0.0,,0.0,0.0,,0.0,0.0,,,,,,,,,,,,,,,,,,,,,
godot-expanded,023-player-Sand-falling-s02,2,player,falling,player-Sand-falling,2,1800,e42f3866c1e28fed,76cb42aef71f8c3de5e14aca87629c88258d01b6461ba3419eea4a12589bbdfe,1800,375.976745605469,375.976745605469,0.0,-1,1386,0,0,0,0,0,0,0,0,0,,,True,0,2.0,214.0,669.0,3.0,7.0,95.0,0.0,0.0,,0.0,0.0,,0.0,0.0,,0.0,0.0,,,,,,,,,,,,,,,,,,,,,
godot-expanded,023-player-Sand-falling-s03,2,player,falling,player-Sand-falling,3,1800,69a8d376697515bd,f99ca446c4977fe6dac7c146f629c1da6d356bbba186aeff3ee420d004ccf524,1800,375.990966796875,375.990966796875,0.0,-1,1382,0,0,0,0,0,0,0,0,0,,,True,0,2.0,217.0,695.0,3.0,8.0,34.0,0.0,0.0,,0.0,0.0,,0.0,0.0,,0.0,0.0,,,,,,,,,,,,,,,,,,,,,
godot-expanded,023-player-Sand-falling-s04,2,player,falling,player-Sand-falling,4,1800,b1aac9021c5aba8b,79cef76ee69f221b54d8cf4b6eb583469f9b6bfbd96f225584a683126b707b58,1800,375.997741699219,375.997741699219,0.0,-1,1387,0,0,0,0,0,0,0,0,0,,,True,0,2.0,207.0,645.0,3.0,7.0,35.0,0.0,0.0,,0.0,0.0,,0.0,0.0,,0.0,0.0,,,,,,,,,,,,,,,,,,,,,
godot-expanded,024-player-Stone-walk-s00,13,player,walk,player-Stone-walk,0,1800,14d7bd3bf66a9cab,b8f07919446455057ef9361333b3fc84abf3c4c8c869f04287fdb8d140903039,1800,383.991394042969,383.991394042969,,305,1496,112,0,0,0,0,0,0,0,0,,,True,0,2.0,3.0,3495.0,4.0,9.0,34.0,0.0,0.0,0.0,0.0,0.0,0.0,0.0,0.0,0.0,0.0,0.0,0.0,,,,,,,,,,,,,,,,,,,,
godot-expanded,024-player-Stone-walk-s01,13,player,walk,player-Stone-walk,1,1800,4676d4da2c09e9fc,f6846feabcd8d51c1f06e00d6a502ba5c16732933aa3b672cdcb5ae4bb543add,1800,383.991516113281,383.991516113281,,305,1496,112,0,0,0,0,0,0,0,0,,,True,0,2.0,4.0,3447.0,4.0,9.0,35.0,0.0,0.0,0.0,0.0,0.0,0.0,0.0,0.0,0.0,0.0,0.0,0.0,,,,,,,,,,,,,,,,,,,,
godot-expanded,024-player-Stone-walk-s02,13,player,walk,player-Stone-walk,2,1800,ea6e8742b3ab12d8,abddc6d9d61c6d4d0ef3a5b2f65efd5f1020b818bd00d534dc51f98e11b78ba4,1800,383.991577148438,383.991577148438,,305,1496,112,0,0,0,0,0,0,0,0,,,True,0,2.0,3.0,4105.0,4.0,10.0,37.0,0.0,0.0,0.0,0.0,0.0,0.0,0.0,0.0,0.0,0.0,0.0,0.0,,,,,,,,,,,,,,,,,,,,
godot-expanded,024-player-Stone-walk-s03,13,player,walk,player-Stone-walk,3,1800,5ea70b21531bfbd,04a7b92744422ad7500e9223a60424c9714adb0daf38f3bfc84a63e0b9380cce,1800,383.991455078125,383.991455078125,,305,1496,112,0,0,0,0,0,0,0,0,,,True,0,2.0,4.0,4495.0,4.0,8.0,33.0,0.0,0.0,0.0,0.0,0.0,0.0,0.0,0.0,0.0,0.0,0.0,0.0,,,,,,,,,,,,,,,,,,,,
godot-expanded,024-player-Stone-walk-s04,13,player,walk,player-Stone-walk,4,1800,1e7efff34d6b927,7474ae85391134fb6f4e8f8f238f288da520f0c08e0fc33d3dbb8d95c7274152,1800,383.991516113281,383.991516113281,,305,1496,112,0,0,0,0,0,0,0,0,,,True,0,2.0,3.0,4431.0,4.0,7.0,22.0,0.0,0.0,0.0,0.0,0.0,0.0,0.0,0.0,0.0,0.0,0.0,0.0,,,,,,,,,,,,,,,,,,,,
godot-expanded,025-player-Stone-slope-s00,13,player,slope,player-Stone-slope,0,1800,5f75298747388082,8be6eaf2e8f8b8c3f14ed4834676755e32740b46194e0041bb7e05a3d4869782,1800,383.991394042969,383.991394042969,,305,1496,112,0,0,0,0,0,0,0,0,,,True,0,2.0,4.0,3457.0,4.0,9.0,44.0,0.0,0.0,0.0,0.0,0.0,0.0,0.0,0.0,0.0,0.0,0.0,0.0,,,,,,,,,,,,,,,,,,,,
godot-expanded,025-player-Stone-slope-s01,13,player,slope,player-Stone-slope,1,1800,bb8d6b400a5d2d1e,4d2dcb26b0c0c457bd294dd8360671b397fba6342eac1835474d632d2a28284c,1800,383.991516113281,383.991516113281,,305,1496,112,0,0,0,0,0,0,0,0,,,True,0,2.0,3.0,4435.0,4.0,10.0,132.0,0.0,0.0,0.0,0.0,0.0,0.0,0.0,0.0,0.0,0.0,0.0,0.0,,,,,,,,,,,,,,,,,,,,
godot-expanded,025-player-Stone-slope-s02,13,player,slope,player-Stone-slope,2,1800,640ec06a1620a154,dc788defcb5755159ca67b75afed2c969b1517526c1d9bc235f41cfc3d9b3a13,1800,383.991577148438,383.991577148438,,305,1496,112,0,0,0,0,0,0,0,0,,,True,0,2.0,3.0,3685.0,4.0,7.0,121.0,0.0,0.0,0.0,0.0,0.0,0.0,0.0,0.0,0.0,0.0,0.0,0.0,,,,,,,,,,,,,,,,,,,,
godot-expanded,025-player-Stone-slope-s03,13,player,slope,player-Stone-slope,3,1800,7dfb2e57c8a4c616,c8ab0b2117f1724113a2a6a45cb357a5a90053520453a9cbc47dd385024182df,1800,383.991455078125,383.991455078125,,305,1496,112,0,0,0,0,0,0,0,0,,,True,0,2.0,4.0,3867.0,4.0,8.0,42.0,0.0,0.0,0.0,0.0,0.0,0.0,0.0,0.0,0.0,0.0,0.0,0.0,,,,,,,,,,,,,,,,,,,,
godot-expanded,025-player-Stone-slope-s04,13,player,slope,player-Stone-slope,4,1800,4b727bcc9e9460fc,e11b43d307f8b4483bf2cb2b1c549dcbf7de366279fd7b05c10f90dd2bc15902,1800,383.991516113281,383.991516113281,,305,1496,112,0,0,0,0,0,0,0,0,,,True,0,2.0,4.0,5954.0,4.0,11.0,35.0,0.0,0.0,0.0,0.0,0.0,0.0,0.0,0.0,0.0,0.0,0.0,0.0,,,,,,,,,,,,,,,,,,,,
godot-expanded,026-player-Stone-side-s00,13,player,side,player-Stone-side,0,1800,ada7bac228f0ab2b,f5e32b0ab75b8ae6965add12ef8fc33e4c9a733ef8d7b5f2a27820c8a8c1bf15,1800,383.990295410156,383.990295410156,,295,1503,112,0,0,0,0,0,0,0,0,,,True,0,2.0,4.0,4694.0,4.0,8.0,27.0,0.0,0.0,0.0,0.0,0.0,0.0,0.0,0.0,0.0,0.0,0.0,0.0,,,,,,,,,,,,,,,,,,,,
godot-expanded,026-player-Stone-side-s01,13,player,side,player-Stone-side,1,1800,44c9d3115a4555e7,6bd3135d33f048a3d00a1f413a4f7ad592ee1514c16a7cd4cee85cca62f8e9f1,1800,383.990356445313,383.990356445313,,295,1503,112,0,0,0,0,0,0,0,0,,,True,0,2.0,4.0,3599.0,4.0,10.0,126.0,0.0,0.0,0.0,0.0,0.0,0.0,0.0,0.0,0.0,0.0,0.0,0.0,,,,,,,,,,,,,,,,,,,,
godot-expanded,026-player-Stone-side-s02,13,player,side,player-Stone-side,2,1800,df4841fbb9d77ac5,bdf7ddea38c9b7213751ab4702d4245183ae696461ff70a792b12eaaac521cc2,1800,383.990417480469,383.990417480469,,295,1503,112,0,0,0,0,0,0,0,0,,,True,0,2.0,4.0,4643.0,5.0,8.0,31.0,0.0,0.0,0.0,0.0,0.0,0.0,0.0,0.0,0.0,0.0,0.0,0.0,,,,,,,,,,,,,,,,,,,,
godot-expanded,026-player-Stone-side-s03,13,player,side,player-Stone-side,3,1800,fbe1192e01834fac,51f28d1433e6804ad94bce3b4aeadb0211333d88dd16513a669cd9067a5544c3,1800,383.990295410156,383.990295410156,,295,1503,112,0,0,0,0,0,0,0,0,,,True,0,2.0,3.0,4436.0,4.0,10.0,33.0,0.0,0.0,0.0,0.0,0.0,0.0,0.0,0.0,0.0,0.0,0.0,0.0,,,,,,,,,,,,,,,,,,,,
godot-expanded,026-player-Stone-side-s04,13,player,side,player-Stone-side,4,1800,b7e08e43d327ba5d,a9c2c15213bc9e99c3a298eb637a0c1c3dd7124b8d57fb4f4675638d7ab898bb,1800,383.990356445313,383.990356445313,,295,1503,112,0,0,0,0,0,0,0,0,,,True,0,2.0,3.0,4854.0,4.0,9.0,36.0,0.0,0.0,0.0,0.0,0.0,0.0,0.0,0.0,0.0,0.0,0.0,0.0,,,,,,,,,,,,,,,,,,,,
godot-expanded,027-player-Stone-film-s00,13,player,film,player-Stone-film,0,1800,702f80f072c854eb,1aecbce75148948b17a0af2aa1bef6c2ba4f96fd094c68faeef017fff78cda00,1800,383.991394042969,383.991394042969,,305,1496,8,0,0,0,0,0,0,0,0,,,True,0,2.0,112.0,710.0,3.0,8.0,47.0,0.0,0.0,0.0,0.0,0.0,0.0,0.0,0.0,0.0,0.0,0.0,0.0,,,,,,,,,,,,,,,,,,,,
godot-expanded,027-player-Stone-film-s01,13,player,film,player-Stone-film,1,1800,b59a1426fb5d15bc,ff0334907d91e71aea2f3620969f63fc38b238da101a9f1a92b6166bb751a28b,1800,383.991516113281,383.991516113281,,305,1496,8,0,0,0,0,0,0,0,0,,,True,0,2.0,123.0,600.0,3.0,7.0,30.0,0.0,0.0,0.0,0.0,0.0,0.0,0.0,0.0,0.0,0.0,0.0,0.0,,,,,,,,,,,,,,,,,,,,
godot-expanded,027-player-Stone-film-s02,13,player,film,player-Stone-film,2,1800,71fd614d06083dfc,d7072b70d9ea0000ec3524f139a99cc44467f6aa3e8def68de24bdeb6d189801,1800,383.991577148438,383.991577148438,,305,1496,8,0,0,0,0,0,0,0,0,,,True,0,2.0,96.0,480.0,3.0,7.0,58.0,0.0,0.0,0.0,0.0,0.0,0.0,0.0,0.0,0.0,0.0,0.0,0.0,,,,,,,,,,,,,,,,,,,,
godot-expanded,027-player-Stone-film-s03,13,player,film,player-Stone-film,3,1800,de230dea930d19d4,e65573e9d92562940549baec4e790cc9dc8d63c942e71ce391cc69ab1b7dd1ef,1800,383.991455078125,383.991455078125,,305,1496,8,0,0,0,0,0,0,0,0,,,True,0,2.0,114.0,456.0,3.0,7.0,19.0,0.0,0.0,0.0,0.0,0.0,0.0,0.0,0.0,0.0,0.0,0.0,0.0,,,,,,,,,,,,,,,,,,,,
godot-expanded,027-player-Stone-film-s04,13,player,film,player-Stone-film,4,1800,c638cbc1bf3fc694,aae10faec4cc8d1d5c5724e00d81c1aa02f4d8986a61c75d12d96ac004c0ef44,1800,383.991516113281,383.991516113281,,305,1496,8,0,0,0,0,0,0,0,0,,,True,0,2.0,93.0,697.0,3.0,6.0,32.0,0.0,0.0,0.0,0.0,0.0,0.0,0.0,0.0,0.0,0.0,0.0,0.0,,,,,,,,,,,,,,,,,,,,
godot-expanded,028-player-Stone-enclosed-s00,13,player,enclosed,player-Stone-enclosed,0,1800,14d7bd3bf66a9cab,92c62a9a1b4d4408675260dbb3457110e1a986405e9f6b4e26d4c6d986296e30,1800,383.985900878906,383.985900878906,,277,1524,112,0,0,0,0,0,0,0,0,,,True,0,2.0,4.0,3870.0,3.0,7.0,41.0,0.0,0.0,0.0,0.0,0.0,0.0,0.0,0.0,0.0,0.0,0.0,0.0,,,,,,,,,,,,,,,,,,,,
godot-expanded,028-player-Stone-enclosed-s01,13,player,enclosed,player-Stone-enclosed,1,1800,4676d4da2c09e9fc,734f26c8f40d4c8ff121f42870ea1c8791127065d8563798186b986739bf8eac,1800,383.985900878906,383.985900878906,,277,1524,112,0,0,0,0,0,0,0,0,,,True,0,2.0,4.0,3465.0,3.0,8.0,72.0,0.0,0.0,0.0,0.0,0.0,0.0,0.0,0.0,0.0,0.0,0.0,0.0,,,,,,,,,,,,,,,,,,,,
godot-expanded,028-player-Stone-enclosed-s02,13,player,enclosed,player-Stone-enclosed,2,1800,ea6e8742b3ab12d8,3c870f97f89b07f59c214411f8177ac3efb5de203906b66aa88a13ce85d8fd63,1800,383.986083984375,383.986083984375,,277,1524,112,0,0,0,0,0,0,0,0,,,True,0,2.0,4.0,4020.0,3.0,6.0,22.0,0.0,0.0,0.0,0.0,0.0,0.0,0.0,0.0,0.0,0.0,0.0,0.0,,,,,,,,,,,,,,,,,,,,
godot-expanded,028-player-Stone-enclosed-s03,13,player,enclosed,player-Stone-enclosed,3,1800,5ea70b21531bfbd,b84af224356cc4c377208c0579b4d508756e114a2cbf7f11275ce06833bd07bd,1800,383.985900878906,383.985900878906,,277,1524,112,0,0,0,0,0,0,0,0,,,True,0,2.0,4.0,4404.0,3.0,7.0,27.0,0.0,0.0,0.0,0.0,0.0,0.0,0.0,0.0,0.0,0.0,0.0,0.0,,,,,,,,,,,,,,,,,,,,
godot-expanded,028-player-Stone-enclosed-s04,13,player,enclosed,player-Stone-enclosed,4,1800,1e7efff34d6b927,1235f2ece408a23440be8efeca849916e8d736dd75bd1dc5bb873509c685ef8e,1800,383.985961914063,383.985961914063,,277,1524,112,0,0,0,0,0,0,0,0,,,True,0,2.0,4.0,3813.0,3.0,6.0,26.0,0.0,0.0,0.0,0.0,0.0,0.0,0.0,0.0,0.0,0.0,0.0,0.0,,,,,,,,,,,,,,,,,,,,
godot-expanded,029-player-Stone-falling-s00,13,player,falling,player-Stone-falling,0,1800,6c80a62e7d9d7776,66dd84d2fc70268b3f139f4a7f6c0827511dbeda69924d2941a0517a9b638aca,1800,383.991394042969,383.991394042969,,305,1496,64,0,0,0,0,0,0,0,0,,,True,0,3.0,461.0,702.0,3.0,9.0,27.0,0.0,0.0,0.0,0.0,0.0,0.0,0.0,0.0,0.0,0.0,0.0,0.0,,,,,,,,,,,,,,,,,,,,
godot-expanded,029-player-Stone-falling-s01,13,player,falling,player-Stone-falling,1,1800,ab14b6faf97d38c5,33779e243ca6753e4e1bb2d0fa0f0034845fdcfcce3c017b7a308c8b2c9af031,1800,383.991516113281,383.991516113281,,305,1496,62,0,0,0,0,0,0,0,0,,,True,0,3.0,654.0,1342.0,4.0,13.0,68.0,0.0,0.0,0.0,0.0,0.0,0.0,0.0,0.0,0.0,0.0,0.0,0.0,,,,,,,,,,,,,,,,,,,,
godot-expanded,029-player-Stone-falling-s02,13,player,falling,player-Stone-falling,2,1800,9e8c55dd84bd5f67,b8014b616e25a9b30344673069b7e1ae3b03d0508ffc8a0d2a94e6c509920486,1800,383.991577148438,383.991577148438,,305,1496,64,0,0,0,0,0,0,0,0,,,True,0,3.0,492.0,1194.0,3.0,10.0,35.0,0.0,0.0,0.0,0.0,0.0,0.0,0.0,0.0,0.0,0.0,0.0,0.0,,,,,,,,,,,,,,,,,,,,
godot-expanded,029-player-Stone-falling-s03,13,player,falling,player-Stone-falling,3,1800,9a3367fc294a465,1a3597b1f6bd1210645afef68d8f50f87ac8eab9b3885e601e210a5c57157fbc,1800,383.991455078125,383.991455078125,,305,1496,64,0,0,0,0,0,0,0,0,,,True,0,3.0,445.0,809.0,3.0,8.0,23.0,0.0,0.0,0.0,0.0,0.0,0.0,0.0,0.0,0.0,0.0,0.0,0.0,,,,,,,,,,,,,,,,,,,,
godot-expanded,029-player-Stone-falling-s04,13,player,falling,player-Stone-falling,4,1800,19b52265dbe55c2,b311744e20160594126654fffbeba7dae28debd525c29522ef1f50c59ad7de33,1800,383.991516113281,383.991516113281,,305,1496,62,0,0,0,0,0,0,0,0,,,True,0,2.0,441.0,904.0,3.0,8.0,26.0,0.0,0.0,0.0,0.0,0.0,0.0,0.0,0.0,0.0,0.0,0.0,0.0,,,,,,,,,,,,,,,,,,,,
godot-expanded,030-player-Dust-walk-s00,14,player,walk,player-Dust-walk,0,1800,cc50207b0faa2cab,4e99f6b223bcea4d182a4e182dd84f6edf0fc80020968c1469b5671e424fd2c9,1800,383.991394042969,383.991394042969,,305,1496,112,0,0,0,0,0,0,0,0,,,True,0,2.0,4.0,6924.0,4.0,11.0,83.0,0.0,0.0,0.0,0.0,0.0,0.0,0.0,0.0,0.0,0.0,0.0,0.0,,,,,,,,,,,,,,,,,,,,
godot-expanded,030-player-Dust-walk-s01,14,player,walk,player-Dust-walk,1,1800,7448c0da160d5048,331f7e7e2c74ec245d8d4d185b81c593482acceba8ed3f253b269ecaa0a74a00,1800,383.991516113281,383.991516113281,,305,1496,112,0,0,0,0,0,0,0,0,,,True,0,2.0,4.0,6760.0,4.0,8.0,25.0,0.0,0.0,0.0,0.0,0.0,0.0,0.0,0.0,0.0,0.0,0.0,0.0,,,,,,,,,,,,,,,,,,,,
godot-expanded,030-player-Dust-walk-s02,14,player,walk,player-Dust-walk,2,1800,2601ec7976c793e8,b28b3c93282ed17d68325696f842a65d32fec6ae0da9d90bfda1d59a5a98ce84,1800,383.991577148438,383.991577148438,,305,1496,112,0,0,0,0,0,0,0,0,,,True,0,2.0,3.0,6528.0,4.0,9.0,36.0,0.0,0.0,0.0,0.0,0.0,0.0,0.0,0.0,0.0,0.0,0.0,0.0,,,,,,,,,,,,,,,,,,,,
godot-expanded,030-player-Dust-walk-s03,14,player,walk,player-Dust-walk,3,1800,b0b7499a91976e11,920077b07a00bdaa2b279c3612e677be944b11a84e8d4dc06b27268246d16a91,1800,383.991455078125,383.991455078125,,305,1496,112,0,0,0,0,0,0,0,0,,,True,0,2.0,3.0,7725.0,4.0,7.0,32.0,0.0,0.0,0.0,0.0,0.0,0.0,0.0,0.0,0.0,0.0,0.0,0.0,,,,,,,,,,,,,,,,,,,,
godot-expanded,030-player-Dust-walk-s04,14,player,walk,player-Dust-walk,4,1800,66267be096b74667,eb6ee917a109cade68c7eef7629e3a5444327a97d47f60cf0249e30eb5852d89,1800,383.991516113281,383.991516113281,,305,1496,112,0,0,0,0,0,0,0,0,,,True,0,2.0,3.0,7977.0,4.0,7.0,31.0,0.0,0.0,0.0,0.0,0.0,0.0,0.0,0.0,0.0,0.0,0.0,0.0,,,,,,,,,,,,,,,,,,,,
godot-expanded,031-player-Dust-slope-s00,14,player,slope,player-Dust-slope,0,1800,cc5d2e8e393486b2,0f57adaec1b4b3aa05a6dced86fdcfa618b084e37dd00991afdc685ea780080d,1800,383.991394042969,383.991394042969,,305,1496,112,0,0,0,0,0,0,0,0,,,True,0,2.0,4.0,7347.0,5.0,9.0,26.0,0.0,0.0,0.0,0.0,0.0,0.0,0.0,0.0,0.0,0.0,0.0,0.0,,,,,,,,,,,,,,,,,,,,
godot-expanded,031-player-Dust-slope-s01,14,player,slope,player-Dust-slope,1,1800,49f70524d9741ac2,45464e7f529b1c2756d31f8a87d750d5fb01be613e1ac049352608682234d646,1800,383.991516113281,383.991516113281,,305,1496,112,0,0,0,0,0,0,0,0,,,True,0,2.0,3.0,6863.0,4.0,7.0,33.0,0.0,0.0,0.0,0.0,0.0,0.0,0.0,0.0,0.0,0.0,0.0,0.0,,,,,,,,,,,,,,,,,,,,
godot-expanded,031-player-Dust-slope-s02,14,player,slope,player-Dust-slope,2,1800,52968b9880bc2dc4,91a9229ebfa24b2e21fb5ba85d1d57c07aba29bf2bbf8170a7c66faa8bf91519,1800,383.991577148438,383.991577148438,,305,1496,112,0,0,0,0,0,0,0,0,,,True,0,2.0,4.0,6405.0,4.0,7.0,128.0,0.0,0.0,0.0,0.0,0.0,0.0,0.0,0.0,0.0,0.0,0.0,0.0,,,,,,,,,,,,,,,,,,,,
godot-expanded,031-player-Dust-slope-s03,14,player,slope,player-Dust-slope,3,1800,4101bfdf50943e82,a2508dc5aae3d548595f3c76469444735b53d440082a450f71ad7cbfaa5d07f1,1800,383.991455078125,383.991455078125,,305,1496,112,0,0,0,0,0,0,0,0,,,True,0,2.0,3.0,7450.0,4.0,7.0,139.0,0.0,0.0,0.0,0.0,0.0,0.0,0.0,0.0,0.0,0.0,0.0,0.0,,,,,,,,,,,,,,,,,,,,
godot-expanded,031-player-Dust-slope-s04,14,player,slope,player-Dust-slope,4,1800,b056b71919afb95c,27b15df8ce553ff4bc5ebe9c4e89a6b6be0adbdfc286fc5d62d5fc22d5114ffd,1800,383.991516113281,383.991516113281,,305,1496,112,0,0,0,0,0,0,0,0,,,True,0,2.0,3.0,6256.0,4.0,9.0,21.0,0.0,0.0,0.0,0.0,0.0,0.0,0.0,0.0,0.0,0.0,0.0,0.0,,,,,,,,,,,,,,,,,,,,
godot-expanded,032-player-Dust-side-s00,14,player,side,player-Dust-side,0,1800,952c8561c50964b4,844da914380b9d9291a45c4e47ae329a6d9aa054c5996a61684427e1784a44d7,1800,383.990295410156,383.990295410156,,295,1503,112,0,0,0,0,0,0,0,0,,,True,0,2.0,4.0,7710.0,4.0,8.0,29.0,0.0,0.0,0.0,0.0,0.0,0.0,0.0,0.0,0.0,0.0,0.0,0.0,,,,,,,,,,,,,,,,,,,,
godot-expanded,032-player-Dust-side-s01,14,player,side,player-Dust-side,1,1800,4a1ebc29f16a8389,2164cfbc0a4bf2de690f5377a60965c556d9dbcd84ec5f6c1236ab99108d1310,1800,383.990356445313,383.990356445313,,295,1503,112,0,0,0,0,0,0,0,0,,,True,0,2.0,4.0,6998.0,4.0,9.0,24.0,0.0,0.0,0.0,0.0,0.0,0.0,0.0,0.0,0.0,0.0,0.0,0.0,,,,,,,,,,,,,,,,,,,,
godot-expanded,032-player-Dust-side-s02,14,player,side,player-Dust-side,2,1800,39d1797e5d845b9a,4cffe025cfe4b12ee9171a5283fcbddc13af197195e40c48fd7670effe4ab864,1800,383.990417480469,383.990417480469,,295,1503,112,0,0,0,0,0,0,0,0,,,True,0,2.0,4.0,6233.0,4.0,8.0,27.0,0.0,0.0,0.0,0.0,0.0,0.0,0.0,0.0,0.0,0.0,0.0,0.0,,,,,,,,,,,,,,,,,,,,
godot-expanded,032-player-Dust-side-s03,14,player,side,player-Dust-side,3,1800,10d70863f9a88037,c1914a76fec39f2e51392afa0bd19842bf510d8fac358037a2d83e73d18cb9cd,1800,383.990295410156,383.990295410156,,295,1503,112,0,0,0,0,0,0,0,0,,,True,0,2.0,4.0,7609.0,4.0,8.0,25.0,0.0,0.0,0.0,0.0,0.0,0.0,0.0,0.0,0.0,0.0,0.0,0.0,,,,,,,,,,,,,,,,,,,,
godot-expanded,032-player-Dust-side-s04,14,player,side,player-Dust-side,4,1800,412551c6245bee03,f3720b07c9271c1dd9ceb19d48e0d1765aead9c2fbc40808d56a6a9dd41facae,1800,383.990356445313,383.990356445313,,295,1503,112,0,0,0,0,0,0,0,0,,,True,0,2.0,6.0,7278.0,5.0,10.0,108.0,0.0,0.0,0.0,0.0,0.0,0.0,0.0,0.0,0.0,0.0,0.0,0.0,,,,,,,,,,,,,,,,,,,,
godot-expanded,033-player-Dust-film-s00,14,player,film,player-Dust-film,0,1800,aa147b8352e112cb,542767c09d94c5636c40c3a76eb23585673d99c29ba107f86f9ca68ab4288cc0,1800,383.991394042969,383.991394042969,,305,1496,8,0,0,0,0,0,0,0,0,,,True,0,2.0,129.0,1032.0,3.0,9.0,45.0,0.0,0.0,0.0,0.0,0.0,0.0,0.0,0.0,0.0,0.0,0.0,0.0,,,,,,,,,,,,,,,,,,,,
godot-expanded,033-player-Dust-film-s01,14,player,film,player-Dust-film,1,1800,7c28950f4c4b9b24,2af28f89b90890453d39370e84a6663e7c327792eaffb4e9a1692350445fed64,1800,383.991516113281,383.991516113281,,305,1496,8,0,0,0,0,0,0,0,0,,,True,0,2.0,110.0,644.0,3.0,8.0,54.0,0.0,0.0,0.0,0.0,0.0,0.0,0.0,0.0,0.0,0.0,0.0,0.0,,,,,,,,,,,,,,,,,,,,
godot-expanded,033-player-Dust-film-s02,14,player,film,player-Dust-film,2,1800,dedb8275768acb78,7f7deb631aac5a496ec3f8b69d00da1a974deff733d7082970e1171d03d2f19f,1800,383.991577148438,383.991577148438,,305,1496,8,0,0,0,0,0,0,0,0,,,True,0,3.0,126.0,841.0,4.0,9.0,41.0,0.0,0.0,0.0,0.0,0.0,0.0,0.0,0.0,0.0,0.0,0.0,0.0,,,,,,,,,,,,,,,,,,,,
godot-expanded,033-player-Dust-film-s03,14,player,film,player-Dust-film,3,1800,9d8ef69a5b7fb190,788f4c9dc4044b301851c2e49b045ec5ef9a749a26116101503d8db3cc474c8e,1800,383.991455078125,383.991455078125,,305,1496,8,0,0,0,0,0,0,0,0,,,True,0,2.0,148.0,747.0,3.0,9.0,43.0,0.0,0.0,0.0,0.0,0.0,0.0,0.0,0.0,0.0,0.0,0.0,0.0,,,,,,,,,,,,,,,,,,,,
godot-expanded,033-player-Dust-film-s04,14,player,film,player-Dust-film,4,1800,4977a38448d19ea4,2a8649ed8246fd7266f7dd16b7f27a4e0e76fbf4750e1dab77b44e17f96d37d2,1800,383.991516113281,383.991516113281,,305,1496,8,0,0,0,0,0,0,0,0,,,True,0,2.0,143.0,862.0,3.0,10.0,40.0,0.0,0.0,0.0,0.0,0.0,0.0,0.0,0.0,0.0,0.0,0.0,0.0,,,,,,,,,,,,,,,,,,,,
godot-expanded,034-player-Dust-enclosed-s00,14,player,enclosed,player-Dust-enclosed,0,1800,cc50207b0faa2cab,96fe30d8e3f17a79ab84a5b0f8717802c5f45da2afd0dbe2a24f696e0b69e2f5,1800,383.985900878906,383.985900878906,,277,1524,112,0,0,0,0,0,0,0,0,,,True,0,2.0,5.0,7765.0,4.0,8.0,84.0,0.0,0.0,0.0,0.0,0.0,0.0,0.0,0.0,0.0,0.0,0.0,0.0,,,,,,,,,,,,,,,,,,,,
godot-expanded,034-player-Dust-enclosed-s01,14,player,enclosed,player-Dust-enclosed,1,1800,7448c0da160d5048,6df80f435008745dcc28bb3fa7d6a1d24bbf29e8f1c4c640e4af897b2e32cb1d,1800,383.985900878906,383.985900878906,,277,1524,112,0,0,0,0,0,0,0,0,,,True,0,2.0,4.0,9127.0,3.0,8.0,31.0,0.0,0.0,0.0,0.0,0.0,0.0,0.0,0.0,0.0,0.0,0.0,0.0,,,,,,,,,,,,,,,,,,,,
godot-expanded,034-player-Dust-enclosed-s02,14,player,enclosed,player-Dust-enclosed,2,1800,2601ec7976c793e8,fc0aedd7e3900c2511794492b55f72dd01eb1c65be4adc90d33e0db2c34e9ae2,1800,383.986083984375,383.986083984375,,277,1524,112,0,0,0,0,0,0,0,0,,,True,0,2.0,4.0,9725.0,3.0,8.0,181.0,0.0,0.0,0.0,0.0,0.0,0.0,0.0,0.0,0.0,0.0,0.0,0.0,,,,,,,,,,,,,,,,,,,,
godot-expanded,034-player-Dust-enclosed-s03,14,player,enclosed,player-Dust-enclosed,3,1800,b0b7499a91976e11,780da767ea835fcbfb48cf1d450ec60c8e30466acf489667599bd6c91d5cd75b,1800,383.985900878906,383.985900878906,,277,1524,112,0,0,0,0,0,0,0,0,,,True,0,2.0,3.0,9345.0,3.0,6.0,27.0,0.0,0.0,0.0,0.0,0.0,0.0,0.0,0.0,0.0,0.0,0.0,0.0,,,,,,,,,,,,,,,,,,,,
godot-expanded,034-player-Dust-enclosed-s04,14,player,enclosed,player-Dust-enclosed,4,1800,66267be096b74667,0066d040d27ee939923e4eeff21c703c1dd7f69ecc7b52b956433754d0a832b2,1800,383.985961914063,383.985961914063,,277,1524,112,0,0,0,0,0,0,0,0,,,True,0,2.0,4.0,8074.0,3.0,7.0,125.0,0.0,0.0,0.0,0.0,0.0,0.0,0.0,0.0,0.0,0.0,0.0,0.0,,,,,,,,,,,,,,,,,,,,
godot-expanded,035-player-Dust-falling-s00,14,player,falling,player-Dust-falling,0,1800,35e36112fc326abe,a85ef2983edbf1d2649e58bf1360ccd745084ebe59e138b364bc833365e9e059,1800,383.991394042969,383.991394042969,,305,1496,64,0,0,0,0,0,0,0,0,,,True,0,2.0,235.0,743.0,3.0,7.0,52.0,0.0,0.0,0.0,0.0,0.0,0.0,0.0,0.0,0.0,0.0,0.0,0.0,,,,,,,,,,,,,,,,,,,,
godot-expanded,035-player-Dust-falling-s01,14,player,falling,player-Dust-falling,1,1800,a633f40ca9ccecdb,62b649c47da986400b276f1d59888abdd10dfe7436a1d337e7ba0a4f6fdc8d45,1800,383.991516113281,383.991516113281,,305,1496,64,0,0,0,0,0,0,0,0,,,True,0,2.0,244.0,776.0,3.0,10.0,23.0,0.0,0.0,0.0,0.0,0.0,0.0,0.0,0.0,0.0,0.0,0.0,0.0,,,,,,,,,,,,,,,,,,,,
godot-expanded,035-player-Dust-falling-s02,14,player,falling,player-Dust-falling,2,1800,cfecda9929f368a5,0f22cf3c74a0d6f603fb8a4b3a6ef4e13d2f441bcd6123edd048c2fa54ca6df6,1800,383.991577148438,383.991577148438,,305,1496,64,0,0,0,0,0,0,0,0,,,True,0,2.0,277.0,1295.0,3.0,10.0,23.0,0.0,0.0,0.0,0.0,0.0,0.0,0.0,0.0,0.0,0.0,0.0,0.0,,,,,,,,,,,,,,,,,,,,
godot-expanded,035-player-Dust-falling-s03,14,player,falling,player-Dust-falling,3,1800,2a7c63566616b8bd,ed75527626c8cbf0f522bfcea54472f67effd8d251dd5004146a98c25da96cfc,1800,383.991455078125,383.991455078125,,305,1496,64,0,0,0,0,0,0,0,0,,,True,0,2.0,320.0,993.0,3.0,11.0,39.0,0.0,0.0,0.0,0.0,0.0,0.0,0.0,0.0,0.0,0.0,0.0,0.0,,,,,,,,,,,,,,,,,,,,
godot-expanded,035-player-Dust-falling-s04,14,player,falling,player-Dust-falling,4,1800,79209f358ddc347b,4c6ac392f9e81f2a7c5614ac779d876f41a27c7c7d8fa953865a9865101d60b7,1800,383.991516113281,383.991516113281,,305,1496,64,0,0,0,0,0,0,0,0,,,True,0,2.0,319.0,842.0,3.0,11.0,28.0,0.0,0.0,0.0,0.0,0.0,0.0,0.0,0.0,0.0,0.0,0.0,0.0,,,,,,,,,,,,,,,,,,,,
godot-expanded,036-player-Seed-walk-s00,19,player,walk,player-Seed-walk,0,1800,d8e5fbc38ed31cab,9eb2f4d1e01f5ebd9d21ea8c9f4e974621a65ab4a6f19126dda8b2d18b8ff2c0,1800,383.991394042969,383.991394042969,,305,1496,112,0,0,0,0,0,0,0,0,,,True,0,2.0,3.0,9693.0,4.0,8.0,48.0,0.0,0.0,0.0,0.0,0.0,0.0,0.0,0.0,0.0,0.0,0.0,0.0,,,,,,,,,,,,,,,,,,,,
godot-expanded,036-player-Seed-walk-s01,19,player,walk,player-Seed-walk,1,1800,b82eb4b700b1ef54,3cff6dd370eec663bda453ea6ca814133d3a1bb5d616eaeac29db3ac85d15e3d,1800,383.991516113281,383.991516113281,,305,1496,112,0,0,0,0,0,0,0,0,,,True,0,2.0,4.0,10833.0,4.0,11.0,60.0,0.0,0.0,0.0,0.0,0.0,0.0,0.0,0.0,0.0,0.0,0.0,0.0,,,,,,,,,,,,,,,,,,,,
godot-expanded,036-player-Seed-walk-s02,19,player,walk,player-Seed-walk,2,1800,f799909878270398,842a28ec1ae904c0bb6135e98f9d3ff58e150c6112abfc42c8ec2664f13a0a06,1800,383.991577148438,383.991577148438,,305,1496,112,0,0,0,0,0,0,0,0,,,True,0,2.0,4.0,8422.0,5.0,11.0,47.0,0.0,0.0,0.0,0.0,0.0,0.0,0.0,0.0,0.0,0.0,0.0,0.0,,,,,,,,,,,,,,,,,,,,
godot-expanded,036-player-Seed-walk-s03,19,player,walk,player-Seed-walk,3,1800,f33c6be2a3674131,06a9a0c6ba46ae74a49d3a1b06e439b3e0daef53cdb7b39a9baa567e1a38920b,1800,383.991455078125,383.991455078125,,305,1496,112,0,0,0,0,0,0,0,0,,,True,0,2.0,4.0,8631.0,4.0,10.0,44.0,0.0,0.0,0.0,0.0,0.0,0.0,0.0,0.0,0.0,0.0,0.0,0.0,,,,,,,,,,,,,,,,,,,,
godot-expanded,036-player-Seed-walk-s04,19,player,walk,player-Seed-walk,4,1800,fcb991ca1c2e8027,06453ff2cff6679d446d50fc6697334a122b73691bf57565575c4c2e56ff06cb,1800,383.991516113281,383.991516113281,,305,1496,112,0,0,0,0,0,0,0,0,,,True,0,2.0,4.0,10581.0,5.0,10.0,50.0,0.0,0.0,0.0,0.0,0.0,0.0,0.0,0.0,0.0,0.0,0.0,0.0,,,,,,,,,,,,,,,,,,,,
godot-expanded,037-player-Seed-slope-s00,19,player,slope,player-Seed-slope,0,1800,d16857bfefd25622,c23fc9f2dae99efc9b1fcf5b7fdb5701b8c8a90d609aed07e2572e5cb0586c87,1800,383.991394042969,383.991394042969,,305,1496,112,0,0,0,0,0,0,0,0,,,True,0,2.0,4.0,9736.0,4.0,11.0,39.0,0.0,0.0,0.0,0.0,0.0,0.0,0.0,0.0,0.0,0.0,0.0,0.0,,,,,,,,,,,,,,,,,,,,
godot-expanded,037-player-Seed-slope-s01,19,player,slope,player-Seed-slope,1,1800,cc4c34b6425c9482,da2132d4adf7c7e2dc5d60edf385c5fdd777f1de9a28ab799800be67c59536de,1800,383.991516113281,383.991516113281,,305,1496,112,0,0,0,0,0,0,0,0,,,True,0,2.0,4.0,9921.0,4.0,10.0,27.0,0.0,0.0,0.0,0.0,0.0,0.0,0.0,0.0,0.0,0.0,0.0,0.0,,,,,,,,,,,,,,,,,,,,
godot-expanded,037-player-Seed-slope-s02,19,player,slope,player-Seed-slope,2,1800,351c624758d0134c,31b9879bfd48740e61971fc6953e8b72bf7797ca412f74bb75772a2f1ad602f2,1800,383.991577148438,383.991577148438,,305,1496,112,0,0,0,0,0,0,0,0,,,True,0,2.0,5.0,13177.0,5.0,14.0,32.0,0.0,0.0,0.0,0.0,0.0,0.0,0.0,0.0,0.0,0.0,0.0,0.0,,,,,,,,,,,,,,,,,,,,
godot-expanded,037-player-Seed-slope-s03,19,player,slope,player-Seed-slope,3,1800,17db5746510297ea,0b3e120e148591b2cb2d6a197606dc41c9879e6ab803755f27f5bc1be2f2c375,1800,383.991455078125,383.991455078125,,305,1496,112,0,0,0,0,0,0,0,0,,,True,0,2.0,4.0,8972.0,5.0,11.0,76.0,0.0,0.0,0.0,0.0,0.0,0.0,0.0,0.0,0.0,0.0,0.0,0.0,,,,,,,,,,,,,,,,,,,,
godot-expanded,037-player-Seed-slope-s04,19,player,slope,player-Seed-slope,4,1800,fe3872dd403290c,45357d31a63e58a89499dbd5f760578e32f4c1b77e71ea667f11a7cd3f3ec6db,1800,383.991516113281,383.991516113281,,305,1496,112,0,0,0,0,0,0,0,0,,,True,0,3.0,4.0,12522.0,6.0,11.0,37.0,0.0,0.0,0.0,0.0,0.0,0.0,0.0,0.0,0.0,0.0,0.0,0.0,,,,,,,,,,,,,,,,,,,,
godot-expanded,038-player-Seed-side-s00,19,player,side,player-Seed-side,0,1800,9a6e02ee146e4fc4,50f13ba8c0ad2f9de5c079910945704b787f3e1019b624316897dbd3b26cca1f,1800,383.990295410156,383.990295410156,,295,1503,112,0,0,0,0,0,0,0,0,,,True,0,2.0,5.0,12193.0,5.0,11.0,35.0,0.0,0.0,0.0,0.0,0.0,0.0,0.0,0.0,0.0,0.0,0.0,0.0,,,,,,,,,,,,,,,,,,,,
godot-expanded,038-player-Seed-side-s01,19,player,side,player-Seed-side,1,1800,af087f21992bcf05,5b47b7fe60d11be5edc662e5de9f4a854bfcbd9932584427fa0871f5111413ae,1800,383.990356445313,383.990356445313,,295,1503,112,0,0,0,0,0,0,0,0,,,True,0,2.0,5.0,13417.0,4.0,11.0,42.0,0.0,0.0,0.0,0.0,0.0,0.0,0.0,0.0,0.0,0.0,0.0,0.0,,,,,,,,,,,,,,,,,,,,
godot-expanded,038-player-Seed-side-s02,19,player,side,player-Seed-side,2,1800,92190fb385e79150,48bad45b7a441b34d8dbe30e63a41d3cf9ee1b468ee7645f3ce56613f2ac8943,1800,383.990417480469,383.990417480469,,295,1503,112,0,0,0,0,0,0,0,0,,,True,0,2.0,5.0,9679.0,4.0,9.0,38.0,0.0,0.0,0.0,0.0,0.0,0.0,0.0,0.0,0.0,0.0,0.0,0.0,,,,,,,,,,,,,,,,,,,,
godot-expanded,038-player-Seed-side-s03,19,player,side,player-Seed-side,3,1800,239661827e2ac96b,30628574315e41e66f0dfd0b0cde4893cd1295b4397d0cccbda3b3b55ad1ac02,1800,383.990295410156,383.990295410156,,295,1503,112,0,0,0,0,0,0,0,0,,,True,0,2.0,5.0,10376.0,4.0,11.0,56.0,0.0,0.0,0.0,0.0,0.0,0.0,0.0,0.0,0.0,0.0,0.0,0.0,,,,,,,,,,,,,,,,,,,,
godot-expanded,038-player-Seed-side-s04,19,player,side,player-Seed-side,4,1800,b3711948f4b684a3,9b3d066a143de94f685afbc0342c1fe429d91ae347e56228dd9484fe9821254f,1800,383.990356445313,383.990356445313,,295,1503,112,0,0,0,0,0,0,0,0,,,True,0,2.0,5.0,12128.0,4.0,10.0,128.0,0.0,0.0,0.0,0.0,0.0,0.0,0.0,0.0,0.0,0.0,0.0,0.0,,,,,,,,,,,,,,,,,,,,
godot-expanded,039-player-Seed-film-s00,19,player,film,player-Seed-film,0,1800,8972a6f9918880eb,39d3d32bad051f54aab4d9925a954242f59d6cf8732132c3c7defe182f4892b3,1800,383.991394042969,383.991394042969,,305,1496,8,0,0,0,0,0,0,0,0,,,True,0,2.0,139.0,634.0,3.0,10.0,26.0,0.0,0.0,0.0,0.0,0.0,0.0,0.0,0.0,0.0,0.0,0.0,0.0,,,,,,,,,,,,,,,,,,,,
godot-expanded,039-player-Seed-film-s01,19,player,film,player-Seed-film,1,1800,a3d9d5a731898a04,c9bb9229cc39fcb1e35517557be57980175f42992bb85a950bc7f0d48d261d5b,1800,383.991516113281,383.991516113281,,305,1496,8,0,0,0,0,0,0,0,0,,,True,0,2.0,132.0,1112.0,3.0,9.0,173.0,0.0,0.0,0.0,0.0,0.0,0.0,0.0,0.0,0.0,0.0,0.0,0.0,,,,,,,,,,,,,,,,,,,,
godot-expanded,039-player-Seed-film-s02,19,player,film,player-Seed-film,2,1800,da63c102aa2af528,dde4f06a93419b6123a664dd7cd59e378616a5a9d25fce3bc4363cfabffd958b,1800,383.991577148438,383.991577148438,,305,1496,8,0,0,0,0,0,0,0,0,,,True,0,2.0,110.0,660.0,3.0,7.0,106.0,0.0,0.0,0.0,0.0,0.0,0.0,0.0,0.0,0.0,0.0,0.0,0.0,,,,,,,,,,,,,,,,,,,,
godot-expanded,039-player-Seed-film-s03,19,player,film,player-Seed-film,3,1800,39cf80c2f324f8ec,694228d5db7cee0b1b0a64c8ed2a61bce18c205064c8c067a879646a14e0e8e0,1800,383.991455078125,383.991455078125,,305,1496,8,0,0,0,0,0,0,0,0,,,True,0,2.0,130.0,645.0,3.0,8.0,24.0,0.0,0.0,0.0,0.0,0.0,0.0,0.0,0.0,0.0,0.0,0.0,0.0,,,,,,,,,,,,,,,,,,,,
godot-expanded,039-player-Seed-film-s04,19,player,film,player-Seed-film,4,1800,fd729a681b4c022c,29c4ad15c1d697f1986e6292fd007d6dc7fd2b6b42fb974ba80facc85994b496,1800,383.991516113281,383.991516113281,,305,1496,8,0,0,0,0,0,0,0,0,,,True,0,2.0,117.0,874.0,3.0,7.0,36.0,0.0,0.0,0.0,0.0,0.0,0.0,0.0,0.0,0.0,0.0,0.0,0.0,,,,,,,,,,,,,,,,,,,,
godot-expanded,040-player-Seed-enclosed-s00,19,player,enclosed,player-Seed-enclosed,0,1800,d8e5fbc38ed31cab,7926d413d1ba8c1035aeff2387c985749b6369acd45ba9a10d628578b50d8fa1,1800,383.985900878906,383.985900878906,,277,1524,112,0,0,0,0,0,0,0,0,,,True,0,2.0,3.0,7631.0,3.0,6.0,25.0,0.0,0.0,0.0,0.0,0.0,0.0,0.0,0.0,0.0,0.0,0.0,0.0,,,,,,,,,,,,,,,,,,,,
godot-expanded,040-player-Seed-enclosed-s01,19,player,enclosed,player-Seed-enclosed,1,1800,b82eb4b700b1ef54,07571873b4cbe1b373498a868d6035401efba2e35b8d4783983b0b312123c215,1800,383.985900878906,383.985900878906,,277,1524,112,0,0,0,0,0,0,0,0,,,True,0,2.0,2.0,7680.0,3.0,6.0,20.0,0.0,0.0,0.0,0.0,0.0,0.0,0.0,0.0,0.0,0.0,0.0,0.0,,,,,,,,,,,,,,,,,,,,
godot-expanded,040-player-Seed-enclosed-s02,19,player,enclosed,player-Seed-enclosed,2,1800,f799909878270398,19e9be8ae66c1fa54363bf07c579ed3f057707418c76c2b669d111cbc53f1289,1800,383.986083984375,383.986083984375,,277,1524,112,0,0,0,0,0,0,0,0,,,True,0,2.0,3.0,12401.0,3.0,7.0,20.0,0.0,0.0,0.0,0.0,0.0,0.0,0.0,0.0,0.0,0.0,0.0,0.0,,,,,,,,,,,,,,,,,,,,
godot-expanded,040-player-Seed-enclosed-s03,19,player,enclosed,player-Seed-enclosed,3,1800,f33c6be2a3674131,59cde8370c8b47066bf2028617f100eca8390ab78f52e72939131783f4cc3204,1800,383.985900878906,383.985900878906,,277,1524,112,0,0,0,0,0,0,0,0,,,True,0,2.0,3.0,9459.0,3.0,6.0,18.0,0.0,0.0,0.0,0.0,0.0,0.0,0.0,0.0,0.0,0.0,0.0,0.0,,,,,,,,,,,,,,,,,,,,
godot-expanded,040-player-Seed-enclosed-s04,19,player,enclosed,player-Seed-enclosed,4,1800,fcb991ca1c2e8027,1d3da8b8b460325290d63d9d7a6112d885a79baa544b4902a897ffd6770673a6,1800,383.985961914063,383.985961914063,,277,1524,112,0,0,0,0,0,0,0,0,,,True,0,2.0,3.0,7512.0,3.0,6.0,22.0,0.0,0.0,0.0,0.0,0.0,0.0,0.0,0.0,0.0,0.0,0.0,0.0,,,,,,,,,,,,,,,,,,,,
godot-expanded,041-player-Seed-falling-s00,19,player,falling,player-Seed-falling,0,1800,dbcc6e67180c4526,509343e076956eb385cebc9cc14010c4cd766c5a396beb5f4a71cbe9b61ceddf,1800,383.991394042969,383.991394042969,,305,1496,64,0,0,0,0,0,0,0,0,,,True,0,2.0,262.0,598.0,3.0,6.0,31.0,0.0,0.0,0.0,0.0,0.0,0.0,0.0,0.0,0.0,0.0,0.0,0.0,,,,,,,,,,,,,,,,,,,,
godot-expanded,041-player-Seed-falling-s01,19,player,falling,player-Seed-falling,1,1800,83c058f8664153a5,a72e307d4195e2d6ce14407583c135b17fac043b256afb181c91099a46681816,1800,383.991516113281,383.991516113281,,305,1496,64,0,0,0,0,0,0,0,0,,,True,0,2.0,255.0,1140.0,3.0,6.0,40.0,0.0,0.0,0.0,0.0,0.0,0.0,0.0,0.0,0.0,0.0,0.0,0.0,,,,,,,,,,,,,,,,,,,,
godot-expanded,041-player-Seed-falling-s02,19,player,falling,player-Seed-falling,2,1800,90e11b830e42179b,aa43fec1f90aa5a708ebb21d11a7c3a86f14c9648f236ff7982ce3fb9db1d157,1800,383.991577148438,383.991577148438,,305,1496,64,0,0,0,0,0,0,0,0,,,True,0,2.0,253.0,710.0,3.0,6.0,20.0,0.0,0.0,0.0,0.0,0.0,0.0,0.0,0.0,0.0,0.0,0.0,0.0,,,,,,,,,,,,,,,,,,,,
godot-expanded,041-player-Seed-falling-s03,19,player,falling,player-Seed-falling,3,1800,17189f2a0983ae05,d7e4c44dbc107e9c7ade5a498b63c5eeafd30cbcbb8ae89b3326bcb7ceb89f65,1800,383.991455078125,383.991455078125,,305,1496,64,0,0,0,0,0,0,0,0,,,True,0,2.0,314.0,816.0,3.0,9.0,36.0,0.0,0.0,0.0,0.0,0.0,0.0,0.0,0.0,0.0,0.0,0.0,0.0,,,,,,,,,,,,,,,,,,,,
godot-expanded,041-player-Seed-falling-s04,19,player,falling,player-Seed-falling,4,1800,96b7ed9c448ea501,f72377b72f1453e53ffea146157f25daa0dba1dc9c7274e22e09bc17e2dad9c7,1800,383.991516113281,383.991516113281,,305,1496,64,0,0,0,0,0,0,0,0,,,True,0,3.0,383.0,1030.0,3.0,9.0,23.0,0.0,0.0,0.0,0.0,0.0,0.0,0.0,0.0,0.0,0.0,0.0,0.0,,,,,,,,,,,,,,,,,,,,
godot-expanded,042-player-Salt-walk-s00,23,player,walk,player-Salt-walk,0,1800,a79e718e744d5cab,f27be93ed4fec45a600d51b5b1049212f9033ec73eb715f8b3f9984a0cbdcda4,1800,383.991394042969,383.991394042969,,305,1496,112,0,0,0,0,0,0,0,0,,,True,0,3.0,4.0,12021.0,6.0,10.0,53.0,0.0,0.0,0.0,0.0,0.0,0.0,0.0,0.0,0.0,0.0,0.0,0.0,,,,,,,,,,,,,,,,,,,,
godot-expanded,042-player-Salt-walk-s01,23,player,walk,player-Salt-walk,1,1800,afb4bfdccf1a2aac,26a066e3ff638ddd5435d6ed4080b09887b429f81e0e675feebd79407df4b175,1800,383.991516113281,383.991516113281,,305,1496,112,0,0,0,0,0,0,0,0,,,True,0,3.0,4.0,9277.0,6.0,10.0,200.0,0.0,0.0,0.0,0.0,0.0,0.0,0.0,0.0,0.0,0.0,0.0,0.0,,,,,,,,,,,,,,,,,,,,
godot-expanded,042-player-Salt-walk-s02,23,player,walk,player-Salt-walk,2,1800,af30ee636eeac6b8,80b0636f7a5896116da6d3ee90dba9404f0be27ebff77359b6460d027880c0ce,1800,383.991577148438,383.991577148438,,305,1496,112,0,0,0,0,0,0,0,0,,,True,0,2.0,4.0,11902.0,4.0,10.0,112.0,0.0,0.0,0.0,0.0,0.0,0.0,0.0,0.0,0.0,0.0,0.0,0.0,,,,,,,,,,,,,,,,,,,,
godot-expanded,042-player-Salt-walk-s03,23,player,walk,player-Salt-walk,3,1800,440434a5a142f6a9,6fe6dfb51c6c5d97e8053e3ebf638cdc254ba7e3d4b2dcb483642fc440b2beb7,1800,383.991455078125,383.991455078125,,305,1496,112,0,0,0,0,0,0,0,0,,,True,0,2.0,4.0,11895.0,5.0,11.0,92.0,0.0,0.0,0.0,0.0,0.0,0.0,0.0,0.0,0.0,0.0,0.0,0.0,,,,,,,,,,,,,,,,,,,,
godot-expanded,042-player-Salt-walk-s04,23,player,walk,player-Salt-walk,4,1800,3bfed16318e58ea7,536f1007d8e49e3fb03fcdd99e83f4eafd7056f8c58d547dd23742faaa0f8d2c,1800,383.991516113281,383.991516113281,,305,1496,112,0,0,0,0,0,0,0,0,,,True,0,2.0,4.0,9217.0,4.0,10.0,23.0,0.0,0.0,0.0,0.0,0.0,0.0,0.0,0.0,0.0,0.0,0.0,0.0,,,,,,,,,,,,,,,,,,,,
godot-expanded,043-player-Salt-slope-s00,23,player,slope,player-Salt-slope,0,1800,8cd31fddbc703a22,4a43dc24fd44d203be82296fd80d3388ea653d41eb6db09dc9c2e953679de29c,1800,383.991394042969,383.991394042969,,305,1496,112,0,0,0,0,0,0,0,0,,,True,0,2.0,4.0,10492.0,5.0,10.0,36.0,0.0,0.0,0.0,0.0,0.0,0.0,0.0,0.0,0.0,0.0,0.0,0.0,,,,,,,,,,,,,,,,,,,,
godot-expanded,043-player-Salt-slope-s01,23,player,slope,player-Salt-slope,1,1800,1dff4598116a93e2,2784da919f09e74e429f58832f42f2c746d4442f72b09e3881308cfd4060ab91,1800,383.991516113281,383.991516113281,,305,1496,112,0,0,0,0,0,0,0,0,,,True,0,3.0,4.0,11496.0,6.0,10.0,25.0,0.0,0.0,0.0,0.0,0.0,0.0,0.0,0.0,0.0,0.0,0.0,0.0,,,,,,,,,,,,,,,,,,,,
godot-expanded,043-player-Salt-slope-s02,23,player,slope,player-Salt-slope,2,1800,c319b8eeb9a8252c,1343a5bc2841a0e3f050a1d01ef0d07abb9d49542283268261e22946894497e2,1800,383.991577148438,383.991577148438,,305,1496,112,0,0,0,0,0,0,0,0,,,True,0,3.0,4.0,11388.0,6.0,11.0,34.0,0.0,0.0,0.0,0.0,0.0,0.0,0.0,0.0,0.0,0.0,0.0,0.0,,,,,,,,,,,,,,,,,,,,
godot-expanded,043-player-Salt-slope-s03,23,player,slope,player-Salt-slope,3,1800,326c1c69da679e7a,25b253170f58694e89a66a485d4660faa156f136fe15d1f4f840ceed5627c941,1800,383.991455078125,383.991455078125,,305,1496,112,0,0,0,0,0,0,0,0,,,True,0,2.0,4.0,9889.0,4.0,9.0,29.0,0.0,0.0,0.0,0.0,0.0,0.0,0.0,0.0,0.0,0.0,0.0,0.0,,,,,,,,,,,,,,,,,,,,
godot-expanded,043-player-Salt-slope-s04,23,player,slope,player-Salt-slope,4,1800,4331340d90ccabdc,2cb0f072c2f18cec4da0fca590da902d26db1a8cfeddb876a0a994d41db2c745,1800,383.991516113281,383.991516113281,,305,1496,112,0,0,0,0,0,0,0,0,,,True,0,3.0,4.0,10308.0,6.0,10.0,70.0,0.0,0.0,0.0,0.0,0.0,0.0,0.0,0.0,0.0,0.0,0.0,0.0,,,,,,,,,,,,,,,,,,,,
godot-expanded,044-player-Salt-side-s00,23,player,side,player-Salt-side,0,1800,86d996c3d113cf44,af05ad5bf6a72e8615f7cfbac94100bf0784353e6c1a2a1339f03ad88d0620e3,1800,383.990295410156,383.990295410156,,295,1503,112,0,0,0,0,0,0,0,0,,,True,0,3.0,4.0,9321.0,6.0,10.0,37.0,0.0,0.0,0.0,0.0,0.0,0.0,0.0,0.0,0.0,0.0,0.0,0.0,,,,,,,,,,,,,,,,,,,,
godot-expanded,044-player-Salt-side-s01,23,player,side,player-Salt-side,1,1800,27e39adafc6e2685,3bfaba14d3ee6b9496f7bfd57c1d9d4399ff09e232aab1d338b5a158910da58a,1800,383.990356445313,383.990356445313,,295,1503,112,0,0,0,0,0,0,0,0,,,True,0,3.0,4.0,12164.0,6.0,10.0,29.0,0.0,0.0,0.0,0.0,0.0,0.0,0.0,0.0,0.0,0.0,0.0,0.0,,,,,,,,,,,,,,,,,,,,
godot-expanded,044-player-Salt-side-s02,23,player,side,player-Salt-side,2,1800,8ba3663e8d93c108,59124321cebedb9be5a435e647a53595bf1e8f00f01c17558d7cd7ea9add27c9,1800,383.990417480469,383.990417480469,,295,1503,112,0,0,0,0,0,0,0,0,,,True,0,2.0,4.0,12320.0,4.0,11.0,114.0,0.0,0.0,0.0,0.0,0.0,0.0,0.0,0.0,0.0,0.0,0.0,0.0,,,,,,,,,,,,,,,,,,,,
godot-expanded,044-player-Salt-side-s03,23,player,side,player-Salt-side,3,1800,95e36f48a7255d1b,8e3e47c6bfd8f64297bf797c73185238f3c6fc4d907dc5cf836bdce1d2008084,1800,383.990295410156,383.990295410156,,295,1503,112,0,0,0,0,0,0,0,0,,,True,0,2.0,5.0,11858.0,5.0,10.0,39.0,0.0,0.0,0.0,0.0,0.0,0.0,0.0,0.0,0.0,0.0,0.0,0.0,,,,,,,,,,,,,,,,,,,,
godot-expanded,044-player-Salt-side-s04,23,player,side,player-Salt-side,4,1800,492db32f61ef2843,e6a63d03e6b7f68949579f2ac7144b2a3103324b4b03321508b6f44a3a46f460,1800,383.990356445313,383.990356445313,,295,1503,112,0,0,0,0,0,0,0,0,,,True,0,3.0,4.0,12297.0,6.0,10.0,29.0,0.0,0.0,0.0,0.0,0.0,0.0,0.0,0.0,0.0,0.0,0.0,0.0,,,,,,,,,,,,,,,,,,,,
godot-expanded,045-player-Salt-film-s00,23,player,film,player-Salt-film,0,1800,3a95b83f0eba366b,ce8ea4bb015ea5ed2163e9a813a569aedfa52c864715e1ba0807e480c9acfb48,1800,383.991394042969,383.991394042969,,305,1496,8,0,0,0,0,0,0,0,0,,,True,0,3.0,162.0,795.0,4.0,9.0,25.0,0.0,0.0,0.0,0.0,0.0,0.0,0.0,0.0,0.0,0.0,0.0,0.0,,,,,,,,,,,,,,,,,,,,
godot-expanded,045-player-Salt-film-s01,23,player,film,player-Salt-film,1,1800,8bc2bc13a2b6e824,185f00223a3618719a2ecbed01987c8d7eaa424be4a42c9395dbcc5faa6e5c40,1800,383.991516113281,383.991516113281,,305,1496,8,0,0,0,0,0,0,0,0,,,True,0,3.0,116.0,816.0,4.0,7.0,24.0,0.0,0.0,0.0,0.0,0.0,0.0,0.0,0.0,0.0,0.0,0.0,0.0,,,,,,,,,,,,,,,,,,,,
godot-expanded,045-player-Salt-film-s02,23,player,film,player-Salt-film,2,1800,66cbb8624b798938,68341509122f81d22d5122bcd317d88fdffc6b330477d08b6068e512983ee27d,1800,383.991577148438,383.991577148438,,305,1496,8,0,0,0,0,0,0,0,0,,,True,0,3.0,111.0,660.0,4.0,7.0,20.0,0.0,0.0,0.0,0.0,0.0,0.0,0.0,0.0,0.0,0.0,0.0,0.0,,,,,,,,,,,,,,,,,,,,
godot-expanded,045-player-Salt-film-s03,23,player,film,player-Salt-film,3,1800,234b863c9f60f554,7404d79e5453aa9bfa81d644276cc704aec7830f2495eb6621fc504d70fde0b1,1800,383.991455078125,383.991455078125,,305,1496,8,0,0,0,0,0,0,0,0,,,True,0,3.0,125.0,702.0,4.0,8.0,20.0,0.0,0.0,0.0,0.0,0.0,0.0,0.0,0.0,0.0,0.0,0.0,0.0,,,,,,,,,,,,,,,,,,,,
godot-expanded,045-player-Salt-film-s04,23,player,film,player-Salt-film,4,1800,c8c490ab0b541dc4,99f0be7656332396a15dfc64977c4f726715b18b538f1c45983fca6a9a700204,1800,383.991516113281,383.991516113281,,305,1496,8,0,0,0,0,0,0,0,0,,,True,0,3.0,99.0,635.0,3.0,8.0,48.0,0.0,0.0,0.0,0.0,0.0,0.0,0.0,0.0,0.0,0.0,0.0,0.0,,,,,,,,,,,,,,,,,,,,
godot-expanded,046-player-Salt-enclosed-s00,23,player,enclosed,player-Salt-enclosed,0,1800,a79e718e744d5cab,f31d5cddfe2d4d74757e5b203754526d1febee6ba3123b8128c75e7d702279f0,1800,383.985900878906,383.985900878906,,277,1524,112,0,0,0,0,0,0,0,0,,,True,0,2.0,4.0,11780.0,3.0,8.0,20.0,0.0,0.0,0.0,0.0,0.0,0.0,0.0,0.0,0.0,0.0,0.0,0.0,,,,,,,,,,,,,,,,,,,,
godot-expanded,046-player-Salt-enclosed-s01,23,player,enclosed,player-Salt-enclosed,1,1800,afb4bfdccf1a2aac,eec91fb7ce95a1042d94dbf3412d50f1127b80eb537ffc032f11fef77fdff164,1800,383.985900878906,383.985900878906,,277,1524,112,0,0,0,0,0,0,0,0,,,True,0,2.0,4.0,11819.0,3.0,8.0,29.0,0.0,0.0,0.0,0.0,0.0,0.0,0.0,0.0,0.0,0.0,0.0,0.0,,,,,,,,,,,,,,,,,,,,
godot-expanded,046-player-Salt-enclosed-s02,23,player,enclosed,player-Salt-enclosed,2,1800,af30ee636eeac6b8,8f1a83d1921cb55aa3a90ae97dde41bae6f5a5021d55f07017d268652ffdf330,1800,383.986083984375,383.986083984375,,277,1524,112,0,0,0,0,0,0,0,0,,,True,0,3.0,4.0,10284.0,4.0,8.0,19.0,0.0,0.0,0.0,0.0,0.0,0.0,0.0,0.0,0.0,0.0,0.0,0.0,,,,,,,,,,,,,,,,,,,,
godot-expanded,046-player-Salt-enclosed-s03,23,player,enclosed,player-Salt-enclosed,3,1800,440434a5a142f6a9,7d980974e8d6e3bc07c74c0b3c32b2e2ae8c84f0e45f69fe9a67de8ad07855d5,1800,383.985900878906,383.985900878906,,277,1524,112,0,0,0,0,0,0,0,0,,,True,0,3.0,4.0,12039.0,4.0,8.0,25.0,0.0,0.0,0.0,0.0,0.0,0.0,0.0,0.0,0.0,0.0,0.0,0.0,,,,,,,,,,,,,,,,,,,,
godot-expanded,046-player-Salt-enclosed-s04,23,player,enclosed,player-Salt-enclosed,4,1800,3bfed16318e58ea7,5e56032469167d2d1315fe2e7a8a940369bffcc94f5b06833ec181279c6dff55,1800,383.985961914063,383.985961914063,,277,1524,112,0,0,0,0,0,0,0,0,,,True,0,3.0,4.0,12048.0,4.0,7.0,28.0,0.0,0.0,0.0,0.0,0.0,0.0,0.0,0.0,0.0,0.0,0.0,0.0,,,,,,,,,,,,,,,,,,,,
godot-expanded,047-player-Salt-falling-s00,23,player,falling,player-Salt-falling,0,1800,efa05cbadc27f286,c2a10131bcee118e444d2d39ccdc15da60681f69f6df17f544fc5c4bc7be39cf,1800,383.991394042969,383.991394042969,,305,1496,64,0,0,0,0,0,0,0,0,,,True,0,3.0,270.0,1000.0,4.0,8.0,21.0,0.0,0.0,0.0,0.0,0.0,0.0,0.0,0.0,0.0,0.0,0.0,0.0,,,,,,,,,,,,,,,,,,,,
godot-expanded,047-player-Salt-falling-s01,23,player,falling,player-Salt-falling,1,1800,3441019b7902e675,e32dd663d1a78b90b4066fb33541cc2681c78f5da074438115c18da930b6764e,1800,383.991516113281,383.991516113281,,305,1496,64,0,0,0,0,0,0,0,0,,,True,0,3.0,357.0,1052.0,3.0,9.0,40.0,0.0,0.0,0.0,0.0,0.0,0.0,0.0,0.0,0.0,0.0,0.0,0.0,,,,,,,,,,,,,,,,,,,,
godot-expanded,047-player-Salt-falling-s02,23,player,falling,player-Salt-falling,2,1800,953972b6be526a63,af57142debc2f63089906beb3892dacf6e36e12d5367f1b118e7427c1bab0d38,1800,383.991577148438,383.991577148438,,305,1496,64,0,0,0,0,0,0,0,0,,,True,0,3.0,351.0,952.0,4.0,8.0,22.0,0.0,0.0,0.0,0.0,0.0,0.0,0.0,0.0,0.0,0.0,0.0,0.0,,,,,,,,,,,,,,,,,,,,
godot-expanded,047-player-Salt-falling-s03,23,player,falling,player-Salt-falling,3,1800,21036ec83cdae35,5c46684ca5e1ada42a8760d1c2ba491ec2d3cfad205d5669ad656e1fa1b4af7f,1800,383.991455078125,383.991455078125,,305,1496,64,0,0,0,0,0,0,0,0,,,True,0,3.0,357.0,1023.0,4.0,9.0,42.0,0.0,0.0,0.0,0.0,0.0,0.0,0.0,0.0,0.0,0.0,0.0,0.0,,,,,,,,,,,,,,,,,,,,
godot-expanded,047-player-Salt-falling-s04,23,player,falling,player-Salt-falling,4,1800,3f619052df3cd241,17fa2c4d62fef83208bad69a4763cbe925414daf8c1bb6c31588095c81afff82,1800,383.991516113281,383.991516113281,,305,1496,64,0,0,0,0,0,0,0,0,,,True,0,3.0,257.0,1714.0,4.0,7.0,18.0,0.0,0.0,0.0,0.0,0.0,0.0,0.0,0.0,0.0,0.0,0.0,0.0,,,,,,,,,,,,,,,,,,,,
godot-expanded,048-player-Sodium-walk-s00,25,player,walk,player-Sodium-walk,0,1800,4254e362c26e9cab,b9ac4cfecc8082650de8d34f7885758a8a832941c4c088b895cb3e27e918c48b,1800,383.991394042969,383.991394042969,,305,1496,112,0,0,0,0,0,0,0,0,,,True,0,2.0,4.0,9499.0,5.0,10.0,40.0,0.0,0.0,0.0,0.0,0.0,0.0,0.0,0.0,0.0,0.0,0.0,0.0,,,,,,,,,,,,,,,,,,,,
godot-expanded,048-player-Sodium-walk-s01,25,player,walk,player-Sodium-walk,1,1800,d08f76d17f931644,f465825b9da815916f012ba5f370bc438bec504368ae2ad2c5c2373bed3c3ec5,1800,383.991516113281,383.991516113281,,305,1496,112,0,0,0,0,0,0,0,0,,,True,0,3.0,4.0,10042.0,5.0,10.0,31.0,0.0,0.0,0.0,0.0,0.0,0.0,0.0,0.0,0.0,0.0,0.0,0.0,,,,,,,,,,,,,,,,,,,,
godot-expanded,048-player-Sodium-walk-s02,25,player,walk,player-Sodium-walk,2,1800,8f1300be6331f2d8,e47fc8ad8a77acb86db95d180f2e0a49c3083f76f53e53eb8b8747eb3e7a34b2,1800,383.991577148438,383.991577148438,,305,1496,112,0,0,0,0,0,0,0,0,,,True,0,3.0,4.0,8125.0,5.0,7.0,36.0,0.0,0.0,0.0,0.0,0.0,0.0,0.0,0.0,0.0,0.0,0.0,0.0,,,,,,,,,,,,,,,,,,,,
godot-expanded,048-player-Sodium-walk-s03,25,player,walk,player-Sodium-walk,3,1800,aaba1fdf86de4f9d,ac510ae0c69853964d3785746a8bfe4977f1f12cbc90e28d21f25cd2b043e2a1,1800,383.991455078125,383.991455078125,,305,1496,112,0,0,0,0,0,0,0,0,,,True,0,3.0,4.0,11624.0,6.0,10.0,23.0,0.0,0.0,0.0,0.0,0.0,0.0,0.0,0.0,0.0,0.0,0.0,0.0,,,,,,,,,,,,,,,,,,,,
godot-expanded,048-player-Sodium-walk-s04,25,player,walk,player-Sodium-walk,4,1800,61c6f97ef5a6e467,ec5b9e5be1a215d24101c22c8b024d50b02745694be24bc730d12979dfcacec6,1800,383.991516113281,383.991516113281,,305,1496,112,0,0,0,0,0,0,0,0,,,True,0,3.0,4.0,10548.0,5.0,10.0,39.0,0.0,0.0,0.0,0.0,0.0,0.0,0.0,0.0,0.0,0.0,0.0,0.0,,,,,,,,,,,,,,,,,,,,
godot-expanded,049-player-Sodium-slope-s00,25,player,slope,player-Sodium-slope,0,1800,e3e9fdf1ba31d3a2,b7787be318ce88fae9867b6a089a92edb1f8c795439c931f373cede4038299c1,1800,383.991394042969,383.991394042969,,305,1496,112,0,0,0,0,0,0,0,0,,,True,0,3.0,4.0,9617.0,6.0,10.0,51.0,0.0,0.0,0.0,0.0,0.0,0.0,0.0,0.0,0.0,0.0,0.0,0.0,,,,,,,,,,,,,,,,,,,,
godot-expanded,049-player-Sodium-slope-s01,25,player,slope,player-Sodium-slope,1,1800,5598d5379f026a36,c66fdabe1fb44bbab916da1bbb784f95ec76763833ca73da6dd0478534d9eb7f,1800,383.991516113281,383.991516113281,,305,1496,112,0,0,0,0,0,0,0,0,,,True,0,2.0,4.0,8192.0,5.0,7.0,81.0,0.0,0.0,0.0,0.0,0.0,0.0,0.0,0.0,0.0,0.0,0.0,0.0,,,,,,,,,,,,,,,,,,,,
godot-expanded,049-player-Sodium-slope-s02,25,player,slope,player-Sodium-slope,2,1800,414390e7db583134,85823ef6a85ca9f2565f7afd9fe269ac9d3efccac11195b7b980847c33f8012a,1800,383.991577148438,383.991577148438,,305,1496,112,0,0,0,0,0,0,0,0,,,True,0,2.0,4.0,10625.0,5.0,9.0,33.0,0.0,0.0,0.0,0.0,0.0,0.0,0.0,0.0,0.0,0.0,0.0,0.0,,,,,,,,,,,,,,,,,,,,
godot-expanded,049-player-Sodium-slope-s03,25,player,slope,player-Sodium-slope,3,1800,dd3cdc8f497a7ebe,7d422d0325d214dcac88a3137aa919d245f16fc34ec122cf156aa500f14fe76a,1800,383.991455078125,383.991455078125,,305,1496,112,0,0,0,0,0,0,0,0,,,True,0,3.0,4.0,7660.0,6.0,7.0,22.0,0.0,0.0,0.0,0.0,0.0,0.0,0.0,0.0,0.0,0.0,0.0,0.0,,,,,,,,,,,,,,,,,,,,
godot-expanded,049-player-Sodium-slope-s04,25,player,slope,player-Sodium-slope,4,1800,8d75a2336b2c0dec,e3d65f2c659d66ead001e1f8038ca71a771ffbe8fa37414d4861d3d52b3a41f5,1800,383.991516113281,383.991516113281,,305,1496,112,0,0,0,0,0,0,0,0,,,True,0,2.0,3.0,6834.0,4.0,7.0,36.0,0.0,0.0,0.0,0.0,0.0,0.0,0.0,0.0,0.0,0.0,0.0,0.0,,,,,,,,,,,,,,,,,,,,
godot-expanded,050-player-Sodium-side-s00,25,player,side,player-Sodium-side,0,1800,eca27e37b5debd88,bf832a30d060a67559d61ad865d6dba281e6ffe9e20f08de4657fd952259246b,1800,383.990295410156,383.990295410156,,295,1503,112,0,0,0,0,0,0,0,0,,,True,0,2.0,4.0,12237.0,5.0,10.0,59.0,0.0,0.0,0.0,0.0,0.0,0.0,0.0,0.0,0.0,0.0,0.0,0.0,,,,,,,,,,,,,,,,,,,,
godot-expanded,050-player-Sodium-side-s01,25,player,side,player-Sodium-side,1,1800,50368831d5f53855,a3fe82837cdf6d9623a39c26ece0e63d6aea3bc3dda5ed8626d0b1215f1ccf6d,1800,383.990356445313,383.990356445313,,295,1503,112,0,0,0,0,0,0,0,0,,,True,0,3.0,4.0,11580.0,6.0,11.0,53.0,0.0,0.0,0.0,0.0,0.0,0.0,0.0,0.0,0.0,0.0,0.0,0.0,,,,,,,,,,,,,,,,,,,,
godot-expanded,050-player-Sodium-side-s02,25,player,side,player-Sodium-side,2,1800,64e083e9661f5850,81ecf643338855bcd10f0bb1896d3151c2d4310f61f7448a41cf3fa7ef1d3e53,1800,383.990417480469,383.990417480469,,295,1503,112,0,0,0,0,0,0,0,0,,,True,0,2.0,4.0,12356.0,5.0,10.0,30.0,0.0,0.0,0.0,0.0,0.0,0.0,0.0,0.0,0.0,0.0,0.0,0.0,,,,,,,,,,,,,,,,,,,,
godot-expanded,050-player-Sodium-side-s03,25,player,side,player-Sodium-side,3,1800,a2c7b2e366abcdb3,daeaee3e0a63f9570d762c810d65d0261198aef5e6cb2f817470e6e036de0ddc,1800,383.990295410156,383.990295410156,,295,1503,112,0,0,0,0,0,0,0,0,,,True,0,2.0,4.0,8283.0,4.0,10.0,140.0,0.0,0.0,0.0,0.0,0.0,0.0,0.0,0.0,0.0,0.0,0.0,0.0,,,,,,,,,,,,,,,,,,,,
godot-expanded,050-player-Sodium-side-s04,25,player,side,player-Sodium-side,4,1800,1c949eb8a85079af,eecb8b74b09e8a836548ba3833f0ebefefd593fa61a23264ec869621de7dac14,1800,383.990356445313,383.990356445313,,295,1503,112,0,0,0,0,0,0,0,0,,,True,0,3.0,4.0,12145.0,5.0,11.0,58.0,0.0,0.0,0.0,0.0,0.0,0.0,0.0,0.0,0.0,0.0,0.0,0.0,,,,,,,,,,,,,,,,,,,,
godot-expanded,051-player-Sodium-film-s00,25,player,film,player-Sodium-film,0,1800,1acca335c8e97aeb,3b6e6c0bbbf48de2170475c75f43a631d3518a619be6d566ed1092bd54828384,1800,383.991394042969,383.991394042969,,305,1496,8,0,0,0,0,0,0,0,0,,,True,0,3.0,152.0,971.0,4.0,9.0,95.0,0.0,0.0,0.0,0.0,0.0,0.0,0.0,0.0,0.0,0.0,0.0,0.0,,,,,,,,,,,,,,,,,,,,
godot-expanded,051-player-Sodium-film-s01,25,player,film,player-Sodium-film,1,1800,54a874cfe7f725ec,4571bbd2c5ecc63c58321e1886fa533efadc65bdc13fc4c03c1b09e7f1740893,1800,383.991516113281,383.991516113281,,305,1496,8,0,0,0,0,0,0,0,0,,,True,0,3.0,155.0,702.0,4.0,9.0,44.0,0.0,0.0,0.0,0.0,0.0,0.0,0.0,0.0,0.0,0.0,0.0,0.0,,,,,,,,,,,,,,,,,,,,
godot-expanded,051-player-Sodium-film-s02,25,player,film,player-Sodium-film,2,1800,4628234878796644,a420d7a942a02a126c519ebc8c7150c2dea3133d2fd3b76bc923cba9ce050431,1800,383.991577148438,383.991577148438,,305,1496,8,0,0,0,0,0,0,0,0,,,True,0,3.0,151.0,855.0,4.0,9.0,67.0,0.0,0.0,0.0,0.0,0.0,0.0,0.0,0.0,0.0,0.0,0.0,0.0,,,,,,,,,,,,,,,,,,,,
godot-expanded,051-player-Sodium-film-s03,25,player,film,player-Sodium-film,3,1800,51bb2d1e0cd7c3fc,77e57a74d86753b70c2d37867b81ca591ec3c0887a66e2b50fc0200b45a50387,1800,383.991455078125,383.991455078125,,305,1496,8,0,0,0,0,0,0,0,0,,,True,0,3.0,154.0,606.0,4.0,9.0,26.0,0.0,0.0,0.0,0.0,0.0,0.0,0.0,0.0,0.0,0.0,0.0,0.0,,,,,,,,,,,,,,,,,,,,
godot-expanded,051-player-Sodium-film-s04,25,player,film,player-Sodium-film,4,1800,6ca9f47168d5a7bc,f943a9f9012164c0450742052bd702610c45acfe3ffc45b10a5b4078b1bff38c,1800,383.991516113281,383.991516113281,,305,1496,8,0,0,0,0,0,0,0,0,,,True,0,3.0,155.0,710.0,4.0,9.0,36.0,0.0,0.0,0.0,0.0,0.0,0.0,0.0,0.0,0.0,0.0,0.0,0.0,,,,,,,,,,,,,,,,,,,,
godot-expanded,052-player-Sodium-enclosed-s00,25,player,enclosed,player-Sodium-enclosed,0,1800,4254e362c26e9cab,23c3c329bc17146a112c76486e5ee4a8d5dea85b4639868d37276c531b0e274b,1800,383.985900878906,383.985900878906,,277,1524,112,0,0,0,0,0,0,0,0,,,True,0,2.0,3.0,9135.0,3.0,7.0,39.0,0.0,0.0,0.0,0.0,0.0,0.0,0.0,0.0,0.0,0.0,0.0,0.0,,,,,,,,,,,,,,,,,,,,
godot-expanded,052-player-Sodium-enclosed-s01,25,player,enclosed,player-Sodium-enclosed,1,1800,d08f76d17f931644,e959ad83416d7e57dc7eb8a201da86be377a3ff62d1b7fe53f1e413a736ae21a,1800,383.985900878906,383.985900878906,,277,1524,112,0,0,0,0,0,0,0,0,,,True,0,2.0,3.0,11780.0,3.0,8.0,52.0,0.0,0.0,0.0,0.0,0.0,0.0,0.0,0.0,0.0,0.0,0.0,0.0,,,,,,,,,,,,,,,,,,,,
godot-expanded,052-player-Sodium-enclosed-s02,25,player,enclosed,player-Sodium-enclosed,2,1800,8f1300be6331f2d8,e52f269b7e955714f2a91eb056552312c5b49cd4842dfe703d59cbcf16a36895,1800,383.986083984375,383.986083984375,,277,1524,112,0,0,0,0,0,0,0,0,,,True,0,3.0,3.0,11565.0,4.0,8.0,32.0,0.0,0.0,0.0,0.0,0.0,0.0,0.0,0.0,0.0,0.0,0.0,0.0,,,,,,,,,,,,,,,,,,,,
godot-expanded,052-player-Sodium-enclosed-s03,25,player,enclosed,player-Sodium-enclosed,3,1800,aaba1fdf86de4f9d,6faa972dcecd10c998b0766cc78104a68bf575fc382471cc82d689ce134f198d,1800,383.985900878906,383.985900878906,,277,1524,112,0,0,0,0,0,0,0,0,,,True,0,2.0,3.0,8722.0,3.0,8.0,33.0,0.0,0.0,0.0,0.0,0.0,0.0,0.0,0.0,0.0,0.0,0.0,0.0,,,,,,,,,,,,,,,,,,,,
godot-expanded,052-player-Sodium-enclosed-s04,25,player,enclosed,player-Sodium-enclosed,4,1800,61c6f97ef5a6e467,9c8da2facd34d1daf5d9587a31885142c36bdc896a2cd4eb3aad5c288c06bd22,1800,383.985961914063,383.985961914063,,277,1524,112,0,0,0,0,0,0,0,0,,,True,0,3.0,4.0,10348.0,4.0,9.0,37.0,0.0,0.0,0.0,0.0,0.0,0.0,0.0,0.0,0.0,0.0,0.0,0.0,,,,,,,,,,,,,,,,,,,,
godot-expanded,053-player-Sodium-falling-s00,25,player,falling,player-Sodium-falling,0,1800,55411ffdc5d45236,c9354d79300342662b94e18d04a3eb43f7c5d9bc1ce362fa2d022e824ddbdd99,1800,383.991394042969,383.991394042969,,305,1496,64,0,0,0,0,0,0,0,0,,,True,0,3.0,329.0,1161.0,4.0,9.0,55.0,0.0,0.0,0.0,0.0,0.0,0.0,0.0,0.0,0.0,0.0,0.0,0.0,,,,,,,,,,,,,,,,,,,,
godot-expanded,053-player-Sodium-falling-s01,25,player,falling,player-Sodium-falling,1,1800,40d5c02b7574b2dd,8a2827257c8b31ecf696321ff0a0b002406096fba86f8e627a60104fd410e2ef,1800,383.991516113281,383.991516113281,,305,1496,64,0,0,0,0,0,0,0,0,,,True,0,2.0,280.0,893.0,3.0,8.0,25.0,0.0,0.0,0.0,0.0,0.0,0.0,0.0,0.0,0.0,0.0,0.0,0.0,,,,,,,,,,,,,,,,,,,,
godot-expanded,053-player-Sodium-falling-s02,25,player,falling,player-Sodium-falling,2,1800,11db039ba722c603,d29a95fa9a1229b726a4492d9eb2d4a4d13ad538d27aa8921fae9b137499cf5c,1800,383.991577148438,383.991577148438,,305,1496,64,0,0,0,0,0,0,0,0,,,True,0,2.0,356.0,1147.0,3.0,9.0,35.0,0.0,0.0,0.0,0.0,0.0,0.0,0.0,0.0,0.0,0.0,0.0,0.0,,,,,,,,,,,,,,,,,,,,
godot-expanded,053-player-Sodium-falling-s03,25,player,falling,player-Sodium-falling,3,1800,31561eae4acd9ec9,a28317bec797a903be9c6373d6957fae4cfde8099fc2741748e72e135ff9f220,1800,383.991455078125,383.991455078125,,305,1496,64,0,0,0,0,0,0,0,0,,,True,0,3.0,361.0,943.0,4.0,9.0,36.0,0.0,0.0,0.0,0.0,0.0,0.0,0.0,0.0,0.0,0.0,0.0,0.0,,,,,,,,,,,,,,,,,,,,
godot-expanded,053-player-Sodium-falling-s04,25,player,falling,player-Sodium-falling,4,1800,b63ddc6e65ddd529,253a53f44927127a264dd5c28600edac4cb09306c620d1c0b6ef8942b3b062ab,1800,383.991516113281,383.991516113281,,305,1496,64,0,0,0,0,0,0,0,0,,,True,0,3.0,356.0,1039.0,4.0,9.0,29.0,0.0,0.0,0.0,0.0,0.0,0.0,0.0,0.0,0.0,0.0,0.0,0.0,,,,,,,,,,,,,,,,,,,,
godot-expanded,054-player-Gunpowder-walk-s00,26,player,walk,player-Gunpowder-walk,0,1800,9e275b07c1db8cab,aba7b12960311849dd3bd2cf070523ce65ab400b51aa3843e6a5321c3d922682,1800,383.991394042969,383.991394042969,,305,1496,112,0,0,0,0,0,0,0,0,,,True,0,3.0,4.0,15272.0,6.0,10.0,22.0,0.0,0.0,0.0,0.0,0.0,0.0,0.0,0.0,0.0,0.0,0.0,0.0,,,,,,,,,,,,,,,,,,,,
godot-expanded,054-player-Gunpowder-walk-s01,26,player,walk,player-Gunpowder-walk,1,1800,d87559b3950d1328,8be36193ac22c2c78dbee42dffa8a139d6dd3b1c28808b745d84e92c36e24c37,1800,383.991516113281,383.991516113281,,305,1496,112,0,0,0,0,0,0,0,0,,,True,0,3.0,3.0,15232.0,5.0,10.0,21.0,0.0,0.0,0.0,0.0,0.0,0.0,0.0,0.0,0.0,0.0,0.0,0.0,,,,,,,,,,,,,,,,,,,,
godot-expanded,054-player-Gunpowder-walk-s02,26,player,walk,player-Gunpowder-walk,2,1800,78c714368567d3e8,3ac6a5e5bba94ea3c5bfa2cbe90101a5cfe008fc8a12bf9bb8b6729a42faa1b9,1800,383.991577148438,383.991577148438,,305,1496,112,0,0,0,0,0,0,0,0,,,True,0,3.0,4.0,15357.0,6.0,10.0,23.0,0.0,0.0,0.0,0.0,0.0,0.0,0.0,0.0,0.0,0.0,0.0,0.0,,,,,,,,,,,,,,,,,,,,
godot-expanded,054-player-Gunpowder-walk-s03,26,player,walk,player-Gunpowder-walk,3,1800,313af83b443cfb49,89ee26e5672a5ed5417ef3f5c753c48dec5718a2c57cbef343715bc6aa4a3f7e,1800,383.991455078125,383.991455078125,,305,1496,112,0,0,0,0,0,0,0,0,,,True,0,2.0,4.0,10928.0,5.0,9.0,30.0,0.0,0.0,0.0,0.0,0.0,0.0,0.0,0.0,0.0,0.0,0.0,0.0,,,,,,,,,,,,,,,,,,,,
godot-expanded,054-player-Gunpowder-walk-s04,26,player,walk,player-Gunpowder-walk,4,1800,d324ade545168b67,f77b101dff66fe2fc54d4c26b8bb0389e634e03801cececcdc794f196544e6de,1800,383.991516113281,383.991516113281,,305,1496,112,0,0,0,0,0,0,0,0,,,True,0,3.0,4.0,15205.0,6.0,10.0,27.0,0.0,0.0,0.0,0.0,0.0,0.0,0.0,0.0,0.0,0.0,0.0,0.0,,,,,,,,,,,,,,,,,,,,
godot-expanded,055-player-Gunpowder-slope-s00,26,player,slope,player-Gunpowder-slope,0,1800,b305d0fef15156f2,652a6bf1640957f9596da8ac33d3bb888f16ef243982f39e99a13c4e7b323fd0,1800,383.991394042969,383.991394042969,,305,1496,112,0,0,0,0,0,0,0,0,,,True,0,3.0,4.0,11748.0,6.0,10.0,32.0,0.0,0.0,0.0,0.0,0.0,0.0,0.0,0.0,0.0,0.0,0.0,0.0,,,,,,,,,,,,,,,,,,,,
godot-expanded,055-player-Gunpowder-slope-s01,26,player,slope,player-Gunpowder-slope,1,1800,1727c187c17f8dc2,fdda259bda91ae08a711d2cea2a701331ccad6cf506881f18a63a871aef813a6,1800,383.991516113281,383.991516113281,,305,1496,112,0,0,0,0,0,0,0,0,,,True,0,3.0,3.0,14760.0,6.0,10.0,59.0,0.0,0.0,0.0,0.0,0.0,0.0,0.0,0.0,0.0,0.0,0.0,0.0,,,,,,,,,,,,,,,,,,,,
godot-expanded,055-player-Gunpowder-slope-s02,26,player,slope,player-Gunpowder-slope,2,1800,a1da8b97b666e764,d90ce0e264277ae63c6049f37f02fd5078086995db3d1626a17a40a8179542cb,1800,383.991577148438,383.991577148438,,305,1496,112,0,0,0,0,0,0,0,0,,,True,0,3.0,4.0,14787.0,6.0,10.0,51.0,0.0,0.0,0.0,0.0,0.0,0.0,0.0,0.0,0.0,0.0,0.0,0.0,,,,,,,,,,,,,,,,,,,,
godot-expanded,055-player-Gunpowder-slope-s03,26,player,slope,player-Gunpowder-slope,3,1800,f9fe399857ff07d2,49002321908c7b0dadc87954a71eff6539293f277f60a1df563dc707ff4346e4,1800,383.991455078125,383.991455078125,,305,1496,112,0,0,0,0,0,0,0,0,,,True,0,3.0,4.0,14097.0,5.0,10.0,26.0,0.0,0.0,0.0,0.0,0.0,0.0,0.0,0.0,0.0,0.0,0.0,0.0,,,,,,,,,,,,,,,,,,,,
godot-expanded,055-player-Gunpowder-slope-s04,26,player,slope,player-Gunpowder-slope,4,1800,c75e5246a667ea1c,a761fcaff4483908de8e61cfea517683594ba723bb9a22ba265c8bad641a079a,1800,383.991516113281,383.991516113281,,305,1496,112,0,0,0,0,0,0,0,0,,,True,0,2.0,4.0,10605.0,5.0,10.0,23.0,0.0,0.0,0.0,0.0,0.0,0.0,0.0,0.0,0.0,0.0,0.0,0.0,,,,,,,,,,,,,,,,,,,,
godot-expanded,056-player-Gunpowder-side-s00,26,player,side,player-Gunpowder-side,0,1800,ae38449dbe4a7bd4,a6a9d74a09b18500785474a7a776e0600f642d5fc68d48aacf009c8c91e23307,1800,383.990295410156,383.990295410156,,295,1503,112,0,0,0,0,0,0,0,0,,,True,0,3.0,5.0,13900.0,6.0,10.0,28.0,0.0,0.0,0.0,0.0,0.0,0.0,0.0,0.0,0.0,0.0,0.0,0.0,,,,,,,,,,,,,,,,,,,,
godot-expanded,056-player-Gunpowder-side-s01,26,player,side,player-Gunpowder-side,1,1800,ce7b2d19a98edfe1,9c8d13c36f060aa9aab9ece04f88b0096cf85aea2351b9deee36818a91100dd2,1800,383.990356445313,383.990356445313,,295,1503,112,0,0,0,0,0,0,0,0,,,True,0,2.0,5.0,13053.0,5.0,10.0,28.0,0.0,0.0,0.0,0.0,0.0,0.0,0.0,0.0,0.0,0.0,0.0,0.0,,,,,,,,,,,,,,,,,,,,
godot-expanded,056-player-Gunpowder-side-s02,26,player,side,player-Gunpowder-side,2,1800,3e227ca8ca7c28aa,54bdcfedf07a74ec8ae6fd1cedada4fff54d302db732532c0d605a1fa411ca59,1800,383.990417480469,383.990417480469,,295,1503,112,0,0,0,0,0,0,0,0,,,True,0,2.0,4.0,15594.0,4.0,10.0,32.0,0.0,0.0,0.0,0.0,0.0,0.0,0.0,0.0,0.0,0.0,0.0,0.0,,,,,,,,,,,,,,,,,,,,
godot-expanded,056-player-Gunpowder-side-s03,26,player,side,player-Gunpowder-side,3,1800,ed13222e7378303f,b4ab256112441f3849fed566c455ea405ba81b4ed1d089d7bddc2f5d9d3e62af,1800,383.990295410156,383.990295410156,,295,1503,112,0,0,0,0,0,0,0,0,,,True,0,2.0,4.0,14918.0,5.0,10.0,44.0,0.0,0.0,0.0,0.0,0.0,0.0,0.0,0.0,0.0,0.0,0.0,0.0,,,,,,,,,,,,,,,,,,,,
godot-expanded,056-player-Gunpowder-side-s04,26,player,side,player-Gunpowder-side,4,1800,dcd7eface3f28e4b,2ea457340f8c32624280832673bcc4007efe8105f10b725f35214c727b7f2e12,1800,383.990356445313,383.990356445313,,295,1503,112,0,0,0,0,0,0,0,0,,,True,0,3.0,4.0,10415.0,6.0,10.0,24.0,0.0,0.0,0.0,0.0,0.0,0.0,0.0,0.0,0.0,0.0,0.0,0.0,,,,,,,,,,,,,,,,,,,,
godot-expanded,057-player-Gunpowder-film-s00,26,player,film,player-Gunpowder-film,0,1800,88bc62b5b5eb65cb,3bc15e5abb402efda59ffd5b8ca8b05b18c17d567390152e03a8e50eb5f59aca,1800,383.991394042969,383.991394042969,,305,1496,8,0,0,0,0,0,0,0,0,,,True,0,3.0,172.0,770.0,4.0,9.0,29.0,0.0,0.0,0.0,0.0,0.0,0.0,0.0,0.0,0.0,0.0,0.0,0.0,,,,,,,,,,,,,,,,,,,,
godot-expanded,057-player-Gunpowder-film-s01,26,player,film,player-Gunpowder-film,1,1800,7347142fa8a712c4,d255e898e0ffd4239e5d47ad472113c601d063985f7e268cb82f606df233ce75,1800,383.991516113281,383.991516113281,,305,1496,8,0,0,0,0,0,0,0,0,,,True,0,3.0,155.0,765.0,3.0,8.0,30.0,0.0,0.0,0.0,0.0,0.0,0.0,0.0,0.0,0.0,0.0,0.0,0.0,,,,,,,,,,,,,,,,,,,,
godot-expanded,057-player-Gunpowder-film-s02,26,player,film,player-Gunpowder-film,2,1800,2075fe44c1cb4b68,140aea17ab106cfb3180d0745d86e659b26c57ed81bf4dd8bdb7a259f31bdc96,1800,383.991577148438,383.991577148438,,305,1496,8,0,0,0,0,0,0,0,0,,,True,0,3.0,172.0,755.0,3.0,9.0,62.0,0.0,0.0,0.0,0.0,0.0,0.0,0.0,0.0,0.0,0.0,0.0,0.0,,,,,,,,,,,,,,,,,,,,
godot-expanded,057-player-Gunpowder-film-s03,26,player,film,player-Gunpowder-film,3,1800,131112592b4f5930,c01998cb5bbb900c6ff02d4308833ec1af83445096c32b9ebfdeb0d8415bf38e,1800,383.991455078125,383.991455078125,,305,1496,8,0,0,0,0,0,0,0,0,,,True,0,3.0,163.0,844.0,4.0,9.0,31.0,0.0,0.0,0.0,0.0,0.0,0.0,0.0,0.0,0.0,0.0,0.0,0.0,,,,,,,,,,,,,,,,,,,,
godot-expanded,057-player-Gunpowder-film-s04,26,player,film,player-Gunpowder-film,4,1800,d585e2d71c11ceb4,3a7e625bb28e0c08e2563a0e075d3cee206496d4fef81ba0035b870428000c8e,1800,383.991516113281,383.991516113281,,305,1496,8,0,0,0,0,0,0,0,0,,,True,0,3.0,133.0,707.0,4.0,8.0,30.0,0.0,0.0,0.0,0.0,0.0,0.0,0.0,0.0,0.0,0.0,0.0,0.0,,,,,,,,,,,,,,,,,,,,
godot-expanded,058-player-Gunpowder-enclosed-s00,26,player,enclosed,player-Gunpowder-enclosed,0,1800,9e275b07c1db8cab,2c127edd466b9e0ee08b49818d55edbaefd85cc841cbf6e0c10399342d1e7953,1800,383.985900878906,383.985900878906,,277,1524,112,0,0,0,0,0,0,0,0,,,True,0,3.0,4.0,15314.0,4.0,8.0,51.0,0.0,0.0,0.0,0.0,0.0,0.0,0.0,0.0,0.0,0.0,0.0,0.0,,,,,,,,,,,,,,,,,,,,
godot-expanded,058-player-Gunpowder-enclosed-s01,26,player,enclosed,player-Gunpowder-enclosed,1,1800,d87559b3950d1328,96c56bb4c97b4b1ddfbe9c53771028b6957cc7b0c236d906d1c4161a6c74e784,1800,383.985900878906,383.985900878906,,277,1524,112,0,0,0,0,0,0,0,0,,,True,0,3.0,4.0,15778.0,4.0,9.0,23.0,0.0,0.0,0.0,0.0,0.0,0.0,0.0,0.0,0.0,0.0,0.0,0.0,,,,,,,,,,,,,,,,,,,,
godot-expanded,058-player-Gunpowder-enclosed-s02,26,player,enclosed,player-Gunpowder-enclosed,2,1800,78c714368567d3e8,b6ac1612f8e7905055a9907986c088b096c6e7701a8a86e27067dedcd5a97987,1800,383.986083984375,383.986083984375,,277,1524,112,0,0,0,0,0,0,0,0,,,True,0,2.0,4.0,15726.0,3.0,6.0,34.0,0.0,0.0,0.0,0.0,0.0,0.0,0.0,0.0,0.0,0.0,0.0,0.0,,,,,,,,,,,,,,,,,,,,
godot-expanded,058-player-Gunpowder-enclosed-s03,26,player,enclosed,player-Gunpowder-enclosed,3,1800,313af83b443cfb49,37fe6af7563dfc530b0a0dcea9a3b20830d590dc70ff7d1d8effd8dc5a36f731,1800,383.985900878906,383.985900878906,,277,1524,112,0,0,0,0,0,0,0,0,,,True,0,3.0,4.0,15944.0,4.0,8.0,42.0,0.0,0.0,0.0,0.0,0.0,0.0,0.0,0.0,0.0,0.0,0.0,0.0,,,,,,,,,,,,,,,,,,,,
godot-expanded,058-player-Gunpowder-enclosed-s04,26,player,enclosed,player-Gunpowder-enclosed,4,1800,d324ade545168b67,1e312d95b6243619e31737f6ce1c79dd1c205b2b29277ea7b6187ecf94d35216,1800,383.985961914063,383.985961914063,,277,1524,112,0,0,0,0,0,0,0,0,,,True,0,2.0,4.0,15507.0,3.0,7.0,21.0,0.0,0.0,0.0,0.0,0.0,0.0,0.0,0.0,0.0,0.0,0.0,0.0,,,,,,,,,,,,,,,,,,,,
godot-expanded,059-player-Gunpowder-falling-s00,26,player,falling,player-Gunpowder-falling,0,1800,35b8837d81393f9e,6c9e1cedddea14edaf0c0786037e9d390333eaa5537a1b5ae657ddb88636ad97,1800,383.991394042969,383.991394042969,,305,1496,64,0,0,0,0,0,0,0,0,,,True,0,3.0,444.0,1079.0,4.0,9.0,40.0,0.0,0.0,0.0,0.0,0.0,0.0,0.0,0.0,0.0,0.0,0.0,0.0,,,,,,,,,,,,,,,,,,,,
godot-expanded,059-player-Gunpowder-falling-s01,26,player,falling,player-Gunpowder-falling,1,1800,5a546826c742793b,bc06cdeecdec8c2cc7e4cf4db2e928ded671c36680518334fb99afe44841cd92,1800,383.991516113281,383.991516113281,,305,1496,64,0,0,0,0,0,0,0,0,,,True,0,3.0,334.0,963.0,4.0,8.0,44.0,0.0,0.0,0.0,0.0,0.0,0.0,0.0,0.0,0.0,0.0,0.0,0.0,,,,,,,,,,,,,,,,,,,,
godot-expanded,059-player-Gunpowder-falling-s02,26,player,falling,player-Gunpowder-falling,2,1800,4d213d9fa90aafd,9ec4e8fe89c91b8fd7dd881e2f5ef08d6b5a9d6653eab45837f92537dabaa2ec,1800,383.991577148438,383.991577148438,,305,1496,64,0,0,0,0,0,0,0,0,,,True,0,3.0,428.0,1048.0,4.0,9.0,24.0,0.0,0.0,0.0,0.0,0.0,0.0,0.0,0.0,0.0,0.0,0.0,0.0,,,,,,,,,,,,,,,,,,,,
godot-expanded,059-player-Gunpowder-falling-s03,26,player,falling,player-Gunpowder-falling,3,1800,3252bf354e99c9dd,49b9e713035da9c4420484bb95a1067e7977e64c59cdbbf9f4990360e4d454c3,1800,383.991455078125,383.991455078125,,305,1496,64,0,0,0,0,0,0,0,0,,,True,0,3.0,438.0,1072.0,4.0,9.0,24.0,0.0,0.0,0.0,0.0,0.0,0.0,0.0,0.0,0.0,0.0,0.0,0.0,,,,,,,,,,,,,,,,,,,,
godot-expanded,059-player-Gunpowder-falling-s04,26,player,falling,player-Gunpowder-falling,4,1800,bc4eef6689eb9ffb,2bfcc3f5dfc1fa1aa5f2d863a258e7df2efeb2795d3393f7dc48af0623831db4,1800,383.991516113281,383.991516113281,,305,1496,64,0,0,0,0,0,0,0,0,,,True,0,2.0,423.0,1256.0,3.0,9.0,50.0,0.0,0.0,0.0,0.0,0.0,0.0,0.0,0.0,0.0,0.0,0.0,0.0,,,,,,,,,,,,,,,,,,,,
godot-expanded,060-player-Coal-walk-s00,27,player,walk,player-Coal-walk,0,1800,bdd5cd29815b6cab,7495ceedeb91340448afd4ae0d8ca28dc9829fcdeb61a5caff0113359730b882,1800,383.991394042969,383.991394042969,,305,1496,112,0,0,0,0,0,0,0,0,,,True,0,2.0,2.0,7810.0,4.0,8.0,37.0,0.0,0.0,0.0,0.0,0.0,0.0,0.0,0.0,0.0,0.0,0.0,0.0,,,,,,,,,,,,,,,,,,,,
godot-expanded,060-player-Coal-walk-s01,27,player,walk,player-Coal-walk,1,1800,9c74889c71fba7f4,c6e7170b463baa24d6078f99ebbe1dceed37b2f87c85dded3aa2f608fff9d566,1800,383.991516113281,383.991516113281,,305,1496,112,0,0,0,0,0,0,0,0,,,True,0,2.0,3.0,8224.0,4.0,7.0,24.0,0.0,0.0,0.0,0.0,0.0,0.0,0.0,0.0,0.0,0.0,0.0,0.0,,,,,,,,,,,,,,,,,,,,
godot-expanded,060-player-Coal-walk-s02,27,player,walk,player-Coal-walk,2,1800,630da3ddb3530f98,d3534d982822690ae2c89d3043c1b0cd3af66e554c99de20036680bf4aa0104b,1800,383.991577148438,383.991577148438,,305,1496,112,0,0,0,0,0,0,0,0,,,True,0,2.0,3.0,9313.0,4.0,7.0,40.0,0.0,0.0,0.0,0.0,0.0,0.0,0.0,0.0,0.0,0.0,0.0,0.0,,,,,,,,,,,,,,,,,,,,
godot-expanded,060-player-Coal-walk-s03,27,player,walk,player-Coal-walk,3,1800,96e3b19346689401,db7de1f37dbb807f17a39c4e82032073ae369c4b33eccbe5a9438c065ee8aecd,1800,383.991455078125,383.991455078125,,305,1496,112,0,0,0,0,0,0,0,0,,,True,0,2.0,3.0,8590.0,4.0,7.0,27.0,0.0,0.0,0.0,0.0,0.0,0.0,0.0,0.0,0.0,0.0,0.0,0.0,,,,,,,,,,,,,,,,,,,,
godot-expanded,060-player-Coal-walk-s04,27,player,walk,player-Coal-walk,4,1800,39eb1291f0bd9267,07147868ec9c191e9c585e8d13d03134d782729cf8d580eb98a3b40a2cc976c7,1800,383.991516113281,383.991516113281,,305,1496,112,0,0,0,0,0,0,0,0,,,True,0,2.0,3.0,8126.0,4.0,7.0,31.0,0.0,0.0,0.0,0.0,0.0,0.0,0.0,0.0,0.0,0.0,0.0,0.0,,,,,,,,,,,,,,,,,,,,
godot-expanded,061-player-Coal-slope-s00,27,player,slope,player-Coal-slope,0,1800,84c6e8243c9f0f22,fbd2dfe1b0f10e466c2b499fb89d3c081286fc6a27485ee8e5e8b26b797e1be5,1800,383.991394042969,383.991394042969,,305,1496,112,0,0,0,0,0,0,0,0,,,True,0,2.0,3.0,7576.0,4.0,7.0,32.0,0.0,0.0,0.0,0.0,0.0,0.0,0.0,0.0,0.0,0.0,0.0,0.0,,,,,,,,,,,,,,,,,,,,
godot-expanded,061-player-Coal-slope-s01,27,player,slope,player-Coal-slope,1,1800,8769ae5b3a6bd192,795a422a72619baea71b03148174053cd4893e1bfe3ef75043cc8011fe3ef144,1800,383.991516113281,383.991516113281,,305,1496,112,0,0,0,0,0,0,0,0,,,True,0,2.0,3.0,8390.0,4.0,8.0,69.0,0.0,0.0,0.0,0.0,0.0,0.0,0.0,0.0,0.0,0.0,0.0,0.0,,,,,,,,,,,,,,,,,,,,
godot-expanded,061-player-Coal-slope-s02,27,player,slope,player-Coal-slope,2,1800,c498bb207668997c,7ab4ad03c83fb03ad47d95690f42d1e1889fe09e7bcdc2d79f401506cc10ac0e,1800,383.991577148438,383.991577148438,,305,1496,112,0,0,0,0,0,0,0,0,,,True,0,2.0,3.0,13839.0,4.0,7.0,21.0,0.0,0.0,0.0,0.0,0.0,0.0,0.0,0.0,0.0,0.0,0.0,0.0,,,,,,,,,,,,,,,,,,,,
godot-expanded,061-player-Coal-slope-s03,27,player,slope,player-Coal-slope,3,1800,260708ba1b4fde1a,e07773bac1a63e36b07cc53b6e2e6a6115a2ff694a46b5c4fb9b09286766f2e1,1800,383.991455078125,383.991455078125,,305,1496,112,0,0,0,0,0,0,0,0,,,True,0,2.0,3.0,7613.0,5.0,7.0,71.0,0.0,0.0,0.0,0.0,0.0,0.0,0.0,0.0,0.0,0.0,0.0,0.0,,,,,,,,,,,,,,,,,,,,
godot-expanded,061-player-Coal-slope-s04,27,player,slope,player-Coal-slope,4,1800,c6c6b3b7a41c5aac,9374457694b177434111a9b5e90cb58ffd3f41a2d15de1466cf524cdd121f3ca,1800,383.991516113281,383.991516113281,,305,1496,112,0,0,0,0,0,0,0,0,,,True,0,2.0,4.0,9244.0,5.0,11.0,144.0,0.0,0.0,0.0,0.0,0.0,0.0,0.0,0.0,0.0,0.0,0.0,0.0,,,,,,,,,,,,,,,,,,,,
godot-expanded,062-player-Coal-side-s00,27,player,side,player-Coal-side,0,1800,1bdc4e2a734b0634,b154e8d6e189a9268b2220efa59d27259df2b3792eb030a5607bb2a65c2f5023,1800,383.990295410156,383.990295410156,,295,1503,112,0,0,0,0,0,0,0,0,,,True,0,2.0,5.0,12551.0,4.0,11.0,45.0,0.0,0.0,0.0,0.0,0.0,0.0,0.0,0.0,0.0,0.0,0.0,0.0,,,,,,,,,,,,,,,,,,,,
godot-expanded,062-player-Coal-side-s01,27,player,side,player-Coal-side,1,1800,11f22942d8386605,e81cb816b3c0d08313937edd65c4ab40dc08ca055ae609037b767c9f67dffd0a,1800,383.990356445313,383.990356445313,,295,1503,112,0,0,0,0,0,0,0,0,,,True,0,3.0,5.0,12329.0,6.0,8.0,31.0,0.0,0.0,0.0,0.0,0.0,0.0,0.0,0.0,0.0,0.0,0.0,0.0,,,,,,,,,,,,,,,,,,,,
godot-expanded,062-player-Coal-side-s02,27,player,side,player-Coal-side,2,1800,4b8d9526d3696880,066ec0defbd1dd875d488b9a1d8ea97541487567b2d3f4b4df621de1bd0f5ae1,1800,383.990417480469,383.990417480469,,295,1503,112,0,0,0,0,0,0,0,0,,,True,0,2.0,7.0,17912.0,5.0,14.0,32.0,0.0,0.0,0.0,0.0,0.0,0.0,0.0,0.0,0.0,0.0,0.0,0.0,,,,,,,,,,,,,,,,,,,,
godot-expanded,062-player-Coal-side-s03,27,player,side,player-Coal-side,3,1800,14d9fe24510592ab,5d476923651cea7e19e3b7bdcb0b91da1c22edf3eb2d6f0847048c735b560706,1800,383.990295410156,383.990295410156,,295,1503,112,0,0,0,0,0,0,0,0,,,True,0,2.0,6.0,13650.0,5.0,9.0,65.0,0.0,0.0,0.0,0.0,0.0,0.0,0.0,0.0,0.0,0.0,0.0,0.0,,,,,,,,,,,,,,,,,,,,
godot-expanded,062-player-Coal-side-s04,27,player,side,player-Coal-side,4,1800,817c2d6fa6645b3,750832210a1b31c837303259e8f0f5ca97e68ef8759c2ec52ef297ebd1a2c671,1800,383.990356445313,383.990356445313,,295,1503,112,0,0,0,0,0,0,0,0,,,True,0,2.0,5.0,11539.0,4.0,8.0,32.0,0.0,0.0,0.0,0.0,0.0,0.0,0.0,0.0,0.0,0.0,0.0,0.0,,,,,,,,,,,,,,,,,,,,
godot-expanded,063-player-Coal-film-s00,27,player,film,player-Coal-film,0,1800,c6ae1ec0bb316d6b,e384359d9d234251a5099da7f39a6dcd619351e10a045c17435c5f6665fbf1be,1800,383.991394042969,383.991394042969,,305,1496,8,0,0,0,0,0,0,0,0,,,True,0,2.0,99.0,505.0,3.0,6.0,175.0,0.0,0.0,0.0,0.0,0.0,0.0,0.0,0.0,0.0,0.0,0.0,0.0,,,,,,,,,,,,,,,,,,,,
godot-expanded,063-player-Coal-film-s01,27,player,film,player-Coal-film,1,1800,ae67e8c7377dbe74,6a1bab8bf9915ee35eeb64efa1790c2c84874cf8b5f52eec6f384bf43bc575fc,1800,383.991516113281,383.991516113281,,305,1496,8,0,0,0,0,0,0,0,0,,,True,0,2.0,108.0,1095.0,3.0,7.0,29.0,0.0,0.0,0.0,0.0,0.0,0.0,0.0,0.0,0.0,0.0,0.0,0.0,,,,,,,,,,,,,,,,,,,,
godot-expanded,063-player-Coal-film-s02,27,player,film,player-Coal-film,2,1800,ffe4cac4947432e8,d7fb01da7a0c4664e1dc3692b79a990b79f02b82c251de61f3a5398d29855803,1800,383.991577148438,383.991577148438,,305,1496,8,0,0,0,0,0,0,0,0,,,True,0,2.0,99.0,419.0,3.0,6.0,25.0,0.0,0.0,0.0,0.0,0.0,0.0,0.0,0.0,0.0,0.0,0.0,0.0,,,,,,,,,,,,,,,,,,,,
godot-expanded,063-player-Coal-film-s03,27,player,film,player-Coal-film,3,1800,c0f094f8887796dc,ad34fbdf50a73049fd249ff097609a9a5715a3c309708f3b36c7f55ab86cf671,1800,383.991455078125,383.991455078125,,305,1496,8,0,0,0,0,0,0,0,0,,,True,0,2.0,147.0,1430.0,3.0,10.0,55.0,0.0,0.0,0.0,0.0,0.0,0.0,0.0,0.0,0.0,0.0,0.0,0.0,,,,,,,,,,,,,,,,,,,,
godot-expanded,063-player-Coal-film-s04,27,player,film,player-Coal-film,4,1800,28f980f64baa2d9c,6fffd45e7a079f85f75c20f80b08f4e4dc1ea97fe8bb3a23f8f9e1e9e8288eb5,1800,383.991516113281,383.991516113281,,305,1496,8,0,0,0,0,0,0,0,0,,,True,0,2.0,96.0,844.0,3.0,6.0,83.0,0.0,0.0,0.0,0.0,0.0,0.0,0.0,0.0,0.0,0.0,0.0,0.0,,,,,,,,,,,,,,,,,,,,
godot-expanded,064-player-Coal-enclosed-s00,27,player,enclosed,player-Coal-enclosed,0,1800,bdd5cd29815b6cab,eafced54567c52156f1a11e6d9351565acc18d4527ea9ac1201de48d59455529,1800,383.985900878906,383.985900878906,,277,1524,112,0,0,0,0,0,0,0,0,,,True,0,2.0,3.0,8304.0,3.0,6.0,19.0,0.0,0.0,0.0,0.0,0.0,0.0,0.0,0.0,0.0,0.0,0.0,0.0,,,,,,,,,,,,,,,,,,,,
godot-expanded,064-player-Coal-enclosed-s01,27,player,enclosed,player-Coal-enclosed,1,1800,9c74889c71fba7f4,33bbd506bef7f4c574b7bd615b58583b7d5ce195bafc6dd037aa0416e46980a1,1800,383.985900878906,383.985900878906,,277,1524,112,0,0,0,0,0,0,0,0,,,True,0,2.0,4.0,9348.0,3.0,8.0,29.0,0.0,0.0,0.0,0.0,0.0,0.0,0.0,0.0,0.0,0.0,0.0,0.0,,,,,,,,,,,,,,,,,,,,
godot-expanded,064-player-Coal-enclosed-s02,27,player,enclosed,player-Coal-enclosed,2,1800,630da3ddb3530f98,3515b3fbcb35c9580941b8d0f31d10898d3284b3c34e2717a67a55a229d30bbf,1800,383.986083984375,383.986083984375,,277,1524,112,0,0,0,0,0,0,0,0,,,True,0,2.0,5.0,10596.0,4.0,7.0,45.0,0.0,0.0,0.0,0.0,0.0,0.0,0.0,0.0,0.0,0.0,0.0,0.0,,,,,,,,,,,,,,,,,,,,
godot-expanded,064-player-Coal-enclosed-s03,27,player,enclosed,player-Coal-enclosed,3,1800,96e3b19346689401,5dc21a8dd3ce01687a2a599a997118f9020fdc5d98dd8a421a494a71e96feaf7,1800,383.985900878906,383.985900878906,,277,1524,112,0,0,0,0,0,0,0,0,,,True,0,3.0,4.0,13960.0,4.0,9.0,57.0,0.0,0.0,0.0,0.0,0.0,0.0,0.0,0.0,0.0,0.0,0.0,0.0,,,,,,,,,,,,,,,,,,,,
godot-expanded,064-player-Coal-enclosed-s04,27,player,enclosed,player-Coal-enclosed,4,1800,39eb1291f0bd9267,740c3a1941a1d2d2d5a791a690658300a872eae1474418b1ae5995fb1f292ffb,1800,383.985961914063,383.985961914063,,277,1524,112,0,0,0,0,0,0,0,0,,,True,0,3.0,5.0,12857.0,4.0,11.0,400.0,0.0,0.0,0.0,0.0,0.0,0.0,0.0,0.0,0.0,0.0,0.0,0.0,,,,,,,,,,,,,,,,,,,,
godot-expanded,065-player-Coal-falling-s00,27,player,falling,player-Coal-falling,0,1800,8de3785590e9d0d6,3a93450e28fc9fdb6a737d84da8fe5751ddbb005ed1cb01007571c6e9cd06e9a,1800,383.991394042969,383.991394042969,,305,1496,64,0,0,0,0,0,0,0,0,,,True,0,2.0,417.0,1019.0,3.0,10.0,31.0,0.0,0.0,0.0,0.0,0.0,0.0,0.0,0.0,0.0,0.0,0.0,0.0,,,,,,,,,,,,,,,,,,,,
godot-expanded,065-player-Coal-falling-s01,27,player,falling,player-Coal-falling,1,1800,670cbd6bae5add15,5209d70276b01ada010d80c61e4abb97e4041b4cd7ec6e20dd4e2ccc65c984a2,1800,383.991516113281,383.991516113281,,305,1496,64,0,0,0,0,0,0,0,0,,,True,0,3.0,412.0,967.0,4.0,10.0,32.0,0.0,0.0,0.0,0.0,0.0,0.0,0.0,0.0,0.0,0.0,0.0,0.0,,,,,,,,,,,,,,,,,,,,
godot-expanded,065-player-Coal-falling-s02,27,player,falling,player-Coal-falling,2,1800,34acb45f562c9fbb,59eeda2626570b915583d186a526cccb5d8bc918da998a7f14087a40dc8a1367,1800,383.991577148438,383.991577148438,,305,1496,64,0,0,0,0,0,0,0,0,,,True,0,3.0,372.0,1232.0,4.0,9.0,56.0,0.0,0.0,0.0,0.0,0.0,0.0,0.0,0.0,0.0,0.0,0.0,0.0,,,,,,,,,,,,,,,,,,,,
godot-expanded,065-player-Coal-falling-s03,27,player,falling,player-Coal-falling,3,1800,cbef91bd6b2ef855,2d7a75540cfcded67778c4cdba234052f659830a62e30282bca3a37c61548812,1800,383.991455078125,383.991455078125,,305,1496,64,0,0,0,0,0,0,0,0,,,True,0,2.0,388.0,911.0,3.0,9.0,77.0,0.0,0.0,0.0,0.0,0.0,0.0,0.0,0.0,0.0,0.0,0.0,0.0,,,,,,,,,,,,,,,,,,,,
godot-expanded,065-player-Coal-falling-s04,27,player,falling,player-Coal-falling,4,1800,23189aeab0b440d1,311be6bc08a6d5f7609c78c9ee08f404698ab7c0569783e251c55e2c63836d21,1800,383.991516113281,383.991516113281,,305,1496,64,0,0,0,0,0,0,0,0,,,True,0,2.0,375.0,1122.0,3.0,9.0,26.0,0.0,0.0,0.0,0.0,0.0,0.0,0.0,0.0,0.0,0.0,0.0,0.0,,,,,,,,,,,,,,,,,,,,
godot-expanded,066-player-Rust-walk-s00,29,player,walk,player-Rust-walk,0,1800,db58ca0ca9dd5cab,e5762728cd5cd5db879a2ff690ab90ff198fe4702ca682982ea8e9decd14e07b,1800,383.991394042969,383.991394042969,,305,1496,112,0,0,0,0,0,0,0,0,,,True,0,3.0,3.0,8489.0,6.0,9.0,24.0,0.0,0.0,0.0,0.0,0.0,0.0,0.0,0.0,0.0,0.0,0.0,0.0,,,,,,,,,,,,,,,,,,,,
godot-expanded,066-player-Rust-walk-s01,29,player,walk,player-Rust-walk,1,1800,ab29e62f2ef2bdbc,f89ab4ba24cee82e2c693c9a9b7896415e508250c5798c0d4c1ebd51a3c0d669,1800,383.991516113281,383.991516113281,,305,1496,112,0,0,0,0,0,0,0,0,,,True,0,3.0,3.0,7351.0,6.0,10.0,32.0,0.0,0.0,0.0,0.0,0.0,0.0,0.0,0.0,0.0,0.0,0.0,0.0,,,,,,,,,,,,,,,,,,,,
godot-expanded,066-player-Rust-walk-s02,29,player,walk,player-Rust-walk,2,1800,544d94210574dd98,75b6b7f94a1b2782b0bc24f01667f5b2f8e370d34222d191cf59b6db168c1d9a,1800,383.991577148438,383.991577148438,,305,1496,112,0,0,0,0,0,0,0,0,,,True,0,2.0,4.0,5725.0,5.0,11.0,75.0,0.0,0.0,0.0,0.0,0.0,0.0,0.0,0.0,0.0,0.0,0.0,0.0,,,,,,,,,,,,,,,,,,,,
godot-expanded,066-player-Rust-walk-s03,29,player,walk,player-Rust-walk,3,1800,5a5caefa4bcaedfd,7f11781d8dc57d87b0096956e6d065bfcfddaebde6df8809b98d9642a07daf0c,1800,383.991455078125,383.991455078125,,305,1496,112,0,0,0,0,0,0,0,0,,,True,0,3.0,4.0,9032.0,6.0,11.0,129.0,0.0,0.0,0.0,0.0,0.0,0.0,0.0,0.0,0.0,0.0,0.0,0.0,,,,,,,,,,,,,,,,,,,,
godot-expanded,066-player-Rust-walk-s04,29,player,walk,player-Rust-walk,4,1800,ea59a37575eeb027,642b2ed351701d448a57ab14d8ac053ffa2c01267e44a4b0b2be385bfbdc0d7e,1800,383.991516113281,383.991516113281,,305,1496,112,0,0,0,0,0,0,0,0,,,True,0,3.0,5.0,7755.0,5.0,10.0,84.0,0.0,0.0,0.0,0.0,0.0,0.0,0.0,0.0,0.0,0.0,0.0,0.0,,,,,,,,,,,,,,,,,,,,
godot-expanded,067-player-Rust-slope-s00,29,player,slope,player-Rust-slope,0,1800,b6fa39e8ac0601a2,789aa3688419b6d955e2fd15ff27adaae141540268ce505eb89a0d1e3be69078,1800,383.991394042969,383.991394042969,,305,1496,112,0,0,0,0,0,0,0,0,,,True,0,3.0,5.0,9583.0,6.0,12.0,34.0,0.0,0.0,0.0,0.0,0.0,0.0,0.0,0.0,0.0,0.0,0.0,0.0,,,,,,,,,,,,,,,,,,,,
godot-expanded,067-player-Rust-slope-s01,29,player,slope,player-Rust-slope,1,1800,a2021ac04be578de,714e3fd9feba30508f55873514288d643bbfb59bf990859fb86b0d6afa8c9261,1800,383.991516113281,383.991516113281,,305,1496,112,0,0,0,0,0,0,0,0,,,True,0,3.0,5.0,6180.0,6.0,11.0,71.0,0.0,0.0,0.0,0.0,0.0,0.0,0.0,0.0,0.0,0.0,0.0,0.0,,,,,,,,,,,,,,,,,,,,
godot-expanded,067-player-Rust-slope-s02,29,player,slope,player-Rust-slope,2,1800,1bba4fad8e80f714,458a6f3cbc5848fb5effbcecb864fc3052f693d7c0972b41709d2d2fdbf30e3a,1800,383.991577148438,383.991577148438,,305,1496,112,0,0,0,0,0,0,0,0,,,True,0,3.0,3.0,7621.0,6.0,10.0,33.0,0.0,0.0,0.0,0.0,0.0,0.0,0.0,0.0,0.0,0.0,0.0,0.0,,,,,,,,,,,,,,,,,,,,
godot-expanded,067-player-Rust-slope-s03,29,player,slope,player-Rust-slope,3,1800,925f62d5f637e776,c9d768aae0a2ec99ca60852e3680aca2ebd54bb211d17d8af7f92d5333a8c4c4,1800,383.991455078125,383.991455078125,,305,1496,112,0,0,0,0,0,0,0,0,,,True,0,3.0,4.0,7802.0,6.0,11.0,49.0,0.0,0.0,0.0,0.0,0.0,0.0,0.0,0.0,0.0,0.0,0.0,0.0,,,,,,,,,,,,,,,,,,,,
godot-expanded,067-player-Rust-slope-s04,29,player,slope,player-Rust-slope,4,1800,cbffb0375c1360dc,b2239eb95266415ff762ce4ee1e0052954be6e82257c5a9bc6c6091d63df8fee,1800,383.991516113281,383.991516113281,,305,1496,112,0,0,0,0,0,0,0,0,,,True,0,2.0,5.0,7413.0,5.0,13.0,71.0,0.0,0.0,0.0,0.0,0.0,0.0,0.0,0.0,0.0,0.0,0.0,0.0,,,,,,,,,,,,,,,,,,,,
godot-expanded,068-player-Rust-side-s00,29,player,side,player-Rust-side,0,1800,3cc445284372aae0,d0e956220464c554f792b8c5d9dbf91a70cf375df25c515ddc15fbe0c6ad3165,1800,383.990295410156,383.990295410156,,295,1503,112,0,0,0,0,0,0,0,0,,,True,0,2.0,5.0,8515.0,5.0,10.0,151.0,0.0,0.0,0.0,0.0,0.0,0.0,0.0,0.0,0.0,0.0,0.0,0.0,,,,,,,,,,,,,,,,,,,,
godot-expanded,068-player-Rust-side-s01,29,player,side,player-Rust-side,1,1800,81e3edd1dbc84995,5781b1cbd901509f55b43697c2a4b901da0febe88b26c3241b4e6f064109d80f,1800,383.990356445313,383.990356445313,,295,1503,112,0,0,0,0,0,0,0,0,,,True,0,3.0,4.0,8263.0,6.0,10.0,34.0,0.0,0.0,0.0,0.0,0.0,0.0,0.0,0.0,0.0,0.0,0.0,0.0,,,,,,,,,,,,,,,,,,,,
godot-expanded,068-player-Rust-side-s02,29,player,side,player-Rust-side,2,1800,70e3128aacbd23f8,5b33b99fd7bdb5c1122259ff1b82f2ebd4b159b36c6ac3aa21e8be35c083ded4,1800,383.990417480469,383.990417480469,,295,1503,112,0,0,0,0,0,0,0,0,,,True,0,3.0,6.0,5480.0,6.0,11.0,51.0,0.0,0.0,0.0,0.0,0.0,0.0,0.0,0.0,0.0,0.0,0.0,0.0,,,,,,,,,,,,,,,,,,,,
godot-expanded,068-player-Rust-side-s03,29,player,side,player-Rust-side,3,1800,221786791e4c1f83,1933008faece8f8387828610fdf835e1e21d36a79b2e016f6e9e11c7819b7365,1800,383.990295410156,383.990295410156,,295,1503,112,0,0,0,0,0,0,0,0,,,True,0,3.0,5.0,7291.0,6.0,11.0,87.0,0.0,0.0,0.0,0.0,0.0,0.0,0.0,0.0,0.0,0.0,0.0,0.0,,,,,,,,,,,,,,,,,,,,
godot-expanded,068-player-Rust-side-s04,29,player,side,player-Rust-side,4,1800,b7947a3e4bd159a7,044afd76a43153757d466154123449350677e51d8fc282b9e3e3328ac657d265,1800,383.990356445313,383.990356445313,,295,1503,112,0,0,0,0,0,0,0,0,,,True,0,3.0,5.0,8137.0,6.0,11.0,41.0,0.0,0.0,0.0,0.0,0.0,0.0,0.0,0.0,0.0,0.0,0.0,0.0,,,,,,,,,,,,,,,,,,,,
godot-expanded,069-player-Rust-film-s00,29,player,film,player-Rust-film,0,1800,c18eee1d5577fbeb,74a42675e766fa677e03f0b55c964623af349a5ac02523df00d94ef6d24aa76b,1800,383.991394042969,383.991394042969,,305,1496,8,0,0,0,0,0,0,0,0,,,True,0,3.0,138.0,874.0,4.0,9.0,25.0,0.0,0.0,0.0,0.0,0.0,0.0,0.0,0.0,0.0,0.0,0.0,0.0,,,,,,,,,,,,,,,,,,,,
godot-expanded,069-player-Rust-film-s01,29,player,film,player-Rust-film,1,1800,3976daf83971a2dc,c441a9fa2c349e98ec33bb0544f0635b405806eaaf55db2b56e68217b61fd531,1800,383.991516113281,383.991516113281,,305,1496,8,0,0,0,0,0,0,0,0,,,True,0,3.0,137.0,939.0,4.0,9.0,53.0,0.0,0.0,0.0,0.0,0.0,0.0,0.0,0.0,0.0,0.0,0.0,0.0,,,,,,,,,,,,,,,,,,,,
godot-expanded,069-player-Rust-film-s02,29,player,film,player-Rust-film,2,1800,b834f75de556517c,4a444520d4c6685182c67468a7022fa56cf156b5facc23b2d9973c469c307eb3,1800,383.991577148438,383.991577148438,,305,1496,8,0,0,0,0,0,0,0,0,,,True,0,3.0,141.0,1533.0,4.0,10.0,233.0,0.0,0.0,0.0,0.0,0.0,0.0,0.0,0.0,0.0,0.0,0.0,0.0,,,,,,,,,,,,,,,,,,,,
godot-expanded,069-player-Rust-film-s03,29,player,film,player-Rust-film,3,1800,5b22056d140bcf74,ac8e6f0438301100b0c543c20309d7c19bd74f8787ca8199598e4b1df4ddc516,1800,383.991455078125,383.991455078125,,305,1496,8,0,0,0,0,0,0,0,0,,,True,0,3.0,141.0,1132.0,4.0,10.0,81.0,0.0,0.0,0.0,0.0,0.0,0.0,0.0,0.0,0.0,0.0,0.0,0.0,,,,,,,,,,,,,,,,,,,,
godot-expanded,069-player-Rust-film-s04,29,player,film,player-Rust-film,4,1800,f4897587f293b474,299f1dbda8266d1ca09225a0c3ac898c59dde851d68680b949364b8e5ab20226,1800,383.991516113281,383.991516113281,,305,1496,8,0,0,0,0,0,0,0,0,,,True,0,3.0,138.0,1250.0,4.0,9.0,74.0,0.0,0.0,0.0,0.0,0.0,0.0,0.0,0.0,0.0,0.0,0.0,0.0,,,,,,,,,,,,,,,,,,,,
godot-expanded,070-player-Rust-enclosed-s00,29,player,enclosed,player-Rust-enclosed,0,1800,db58ca0ca9dd5cab,ee4857f50813787d76063f3dccaf7e343580638e61f34c2927928821b2428d5d,1800,383.985900878906,383.985900878906,,277,1524,112,0,0,0,0,0,0,0,0,,,True,0,2.0,4.0,7951.0,4.0,8.0,73.0,0.0,0.0,0.0,0.0,0.0,0.0,0.0,0.0,0.0,0.0,0.0,0.0,,,,,,,,,,,,,,,,,,,,
godot-expanded,070-player-Rust-enclosed-s01,29,player,enclosed,player-Rust-enclosed,1,1800,ab29e62f2ef2bdbc,d41b3f8116a4f8bd08501422b5d7a82dad43934014f46456c8b9acb48fdb7482,1800,383.985900878906,383.985900878906,,277,1524,112,0,0,0,0,0,0,0,0,,,True,0,2.0,4.0,8015.0,4.0,8.0,38.0,0.0,0.0,0.0,0.0,0.0,0.0,0.0,0.0,0.0,0.0,0.0,0.0,,,,,,,,,,,,,,,,,,,,
godot-expanded,070-player-Rust-enclosed-s02,29,player,enclosed,player-Rust-enclosed,2,1800,544d94210574dd98,4dbb5622a8102d11d699100695b702d38d4687c878f4bd7337cedcfc7d0ae946,1800,383.986083984375,383.986083984375,,277,1524,112,0,0,0,0,0,0,0,0,,,True,0,2.0,4.0,7189.0,4.0,8.0,49.0,0.0,0.0,0.0,0.0,0.0,0.0,0.0,0.0,0.0,0.0,0.0,0.0,,,,,,,,,,,,,,,,,,,,
godot-expanded,070-player-Rust-enclosed-s03,29,player,enclosed,player-Rust-enclosed,3,1800,5a5caefa4bcaedfd,bd1b79cd94e672b70c3747153d61bb511e78450ebb68388ac64422eda346a9b8,1800,383.985900878906,383.985900878906,,277,1524,112,0,0,0,0,0,0,0,0,,,True,0,3.0,3.0,6954.0,4.0,8.0,35.0,0.0,0.0,0.0,0.0,0.0,0.0,0.0,0.0,0.0,0.0,0.0,0.0,,,,,,,,,,,,,,,,,,,,
godot-expanded,070-player-Rust-enclosed-s04,29,player,enclosed,player-Rust-enclosed,4,1800,ea59a37575eeb027,44bc0f7b1c626cfa0fee0c12efe1d0a3ee1748d32b41123b037655262318180d,1800,383.985961914063,383.985961914063,,277,1524,112,0,0,0,0,0,0,0,0,,,True,0,2.0,4.0,7549.0,4.0,8.0,54.0,0.0,0.0,0.0,0.0,0.0,0.0,0.0,0.0,0.0,0.0,0.0,0.0,,,,,,,,,,,,,,,,,,,,
godot-expanded,071-player-Rust-falling-s00,29,player,falling,player-Rust-falling,0,1800,363a99b9adaa50d6,cf3875ec22d341b9cc85f032ed2f74a2c494a819af70eaa97323d52f17a55d73,1800,383.991394042969,383.991394042969,,305,1496,64,0,0,0,0,0,0,0,0,,,True,0,3.0,299.0,1424.0,4.0,9.0,98.0,0.0,0.0,0.0,0.0,0.0,0.0,0.0,0.0,0.0,0.0,0.0,0.0,,,,,,,,,,,,,,,,,,,,
godot-expanded,071-player-Rust-falling-s01,29,player,falling,player-Rust-falling,1,1800,435e9b51e6bea08d,da4b04ecb09b1ee51af128e40037007933028ecbbd839208a457b6752a26d6fb,1800,383.991516113281,383.991516113281,,305,1496,64,0,0,0,0,0,0,0,0,,,True,0,3.0,276.0,891.0,4.0,9.0,61.0,0.0,0.0,0.0,0.0,0.0,0.0,0.0,0.0,0.0,0.0,0.0,0.0,,,,,,,,,,,,,,,,,,,,
godot-expanded,071-player-Rust-falling-s02,29,player,falling,player-Rust-falling,2,1800,df2b2f8b6125ac3b,25a8ebdefa61e8afeb85f482de8b8c12bc4f1f3cf9a5a513c82dab849bfe0d61,1800,383.991577148438,383.991577148438,,305,1496,64,0,0,0,0,0,0,0,0,,,True,0,3.0,287.0,960.0,4.0,9.0,33.0,0.0,0.0,0.0,0.0,0.0,0.0,0.0,0.0,0.0,0.0,0.0,0.0,,,,,,,,,,,,,,,,,,,,
godot-expanded,071-player-Rust-falling-s03,29,player,falling,player-Rust-falling,3,1800,6f5681dc0a6d6351,d427c11165bc9d8f794b1fc33e9f1e30bab017a9bfeb1b5e8c4001bfd9d96aa1,1800,383.991455078125,383.991455078125,,305,1496,64,0,0,0,0,0,0,0,0,,,True,0,3.0,289.0,893.0,4.0,10.0,85.0,0.0,0.0,0.0,0.0,0.0,0.0,0.0,0.0,0.0,0.0,0.0,0.0,,,,,,,,,,,,,,,,,,,,
godot-expanded,071-player-Rust-falling-s04,29,player,falling,player-Rust-falling,4,1800,4d129f35ca070819,d6a9c24bc12f2a964075bf28b79a3787d14ad8f581d43642971312446e540aeb,1800,383.991516113281,383.991516113281,,305,1496,64,0,0,0,0,0,0,0,0,,,True,0,3.0,248.0,1102.0,4.0,9.0,69.0,0.0,0.0,0.0,0.0,0.0,0.0,0.0,0.0,0.0,0.0,0.0,0.0,,,,,,,,,,,,,,,,,,,,
godot-expanded,072-player-Wall-flat-s00,1,player,flat,player-Wall-flat,0,1800,e653a834ade2cab,60ea7315e84771e2de013ba51c756bc0fc45f8aa04cb42531c5c5d31154de153,1800,0.0,0.0,0.0,-1,1768,0,0,0,0,0,0,0,0,0,,,True,0,2.0,4.0,962.0,3.0,6.0,110.0,0.0,0.0,,0.0,0.0,,0.0,0.0,,0.0,0.0,,,,,,,,,,,,,,,,,,,,,
godot-expanded,072-player-Wall-flat-s01,1,player,flat,player-Wall-flat,1,1800,51780852438e6e04,5f1478d47515fd8027118dcc045a3f629b565e8071b1f37f44911a0d40341ab8,1800,0.0,0.0,0.0,-1,1768,0,0,0,0,0,0,0,0,0,,,True,0,2.0,3.0,903.0,3.0,5.0,23.0,0.0,0.0,,0.0,0.0,,0.0,0.0,,0.0,0.0,,,,,,,,,,,,,,,,,,,,,
godot-expanded,072-player-Wall-flat-s02,1,player,flat,player-Wall-flat,2,1800,3375fac716c0a498,0036a976ce5cd5404d2b1fdf7981f3d611983b896ec8baf18881efd107ed7458,1800,0.0,0.0,0.0,-1,1768,0,0,0,0,0,0,0,0,0,,,True,0,2.0,4.0,781.0,3.0,5.0,23.0,0.0,0.0,,0.0,0.0,,0.0,0.0,,0.0,0.0,,,,,,,,,,,,,,,,,,,,,
godot-expanded,072-player-Wall-flat-s03,1,player,flat,player-Wall-flat,3,1800,1389d0c60d87704d,65ff84c173ff660546a15bad652a1a8d92f5cedf5238e313e03081db38a4f28c,1800,0.0,0.0,0.0,-1,1768,0,0,0,0,0,0,0,0,0,,,True,0,2.0,4.0,825.0,3.0,6.0,105.0,0.0,0.0,,0.0,0.0,,0.0,0.0,,0.0,0.0,,,,,,,,,,,,,,,,,,,,,
godot-expanded,072-player-Wall-flat-s04,1,player,flat,player-Wall-flat,4,1800,2cff71b10fda37a7,5a6146e3b4ef2b3052eecc5736b75817b32c1d570f41e22b524970c2d24a8727,1800,0.0,0.0,0.0,-1,1768,0,0,0,0,0,0,0,0,0,,,True,0,2.0,4.0,916.0,4.0,5.0,22.0,0.0,0.0,,0.0,0.0,,0.0,0.0,,0.0,0.0,,,,,,,,,,,,,,,,,,,,,
godot-expanded,073-player-Water-flat-s00,3,player,flat,player-Water-flat,0,1800,6b8c365d278e6cab,455d81dba3c712848f716e305d9d85b290e2def65282198a5c6a07796717a47d,1800,383.991394042969,383.991394042969,,305,1496,112,0,0,0,0,0,0,0,0,,,True,0,3.0,4.0,25642.0,4.0,8.0,50.0,0.0,0.0,0.0,0.0,0.0,0.0,0.0,0.0,0.0,0.0,0.0,0.0,,,,,,,,,,,,,,,,,,,,
godot-expanded,073-player-Water-flat-s01,3,player,flat,player-Water-flat,1,1800,c3301ada442c8328,353cc2835a0c57d82c20d9f87a4e1b81073305cb06100abdc93e8209e083dffd,1800,383.991516113281,383.991516113281,,305,1496,112,0,0,0,0,0,0,0,0,,,True,0,3.0,4.0,25886.0,4.0,8.0,34.0,0.0,0.0,0.0,0.0,0.0,0.0,0.0,0.0,0.0,0.0,0.0,0.0,,,,,,,,,,,,,,,,,,,,
godot-expanded,073-player-Water-flat-s02,3,player,flat,player-Water-flat,2,1800,90d9f52445092e48,333adef0a0a57cc65c8bd175520a6431af0a73f57b0a72a89b87de1131b8bf90,1800,383.991577148438,383.991577148438,,305,1496,112,0,0,0,0,0,0,0,0,,,True,0,3.0,4.0,25560.0,4.0,7.0,163.0,0.0,0.0,0.0,0.0,0.0,0.0,0.0,0.0,0.0,0.0,0.0,0.0,,,,,,,,,,,,,,,,,,,,
godot-expanded,073-player-Water-flat-s03,3,player,flat,player-Water-flat,3,1800,ebdcd26396a5e00d,65f793f1ebb180e8c7e2ac730331174d8bedbe1558b1a2e3714ded213a774bf2,1800,383.991455078125,383.991455078125,,305,1496,112,0,0,0,0,0,0,0,0,,,True,0,3.0,4.0,24565.0,4.0,8.0,31.0,0.0,0.0,0.0,0.0,0.0,0.0,0.0,0.0,0.0,0.0,0.0,0.0,,,,,,,,,,,,,,,,,,,,
godot-expanded,073-player-Water-flat-s04,3,player,flat,player-Water-flat,4,1800,47868e601dd4267,81a7c9ee532531740f00016cdcf2728630a7d0f88ff108659bf5c51669dce5ec,1800,383.991516113281,383.991516113281,,305,1496,112,0,0,0,0,0,0,0,0,,,True,0,3.0,4.0,23856.0,4.0,8.0,72.0,0.0,0.0,0.0,0.0,0.0,0.0,0.0,0.0,0.0,0.0,0.0,0.0,,,,,,,,,,,,,,,,,,,,
godot-expanded,074-player-Sand-interior-s00,2,player,interior,player-Sand-interior,0,1800,a51c0e7e99fff14d,6e560a1be6938935b36758179701fc0c3e7e200143985d42e4506972dc4f6a81,1800,382.994445800781,382.994445800781,0.0,-1,1385,1,0,0,0,0,0,0,0,0,,,True,0,3.0,82.0,795.0,4.0,8.0,27.0,0.0,0.0,,0.0,0.0,,0.0,0.0,,0.0,0.0,,,,,,,,,,,,,,,,,,,,,
godot-expanded,074-player-Sand-interior-s01,2,player,interior,player-Sand-interior,1,1800,1a9631f47221b6e6,9e6fcfc7d6fec49cded96efcbb6fc0bc8f1a60a75a21d0410a531dfd58119adb,1800,382.994567871094,382.994567871094,0.0,-1,1385,1,0,0,0,0,0,0,0,0,,,True,0,3.0,83.0,1207.0,4.0,11.0,84.0,0.0,0.0,,0.0,0.0,,0.0,0.0,,0.0,0.0,,,,,,,,,,,,,,,,,,,,,
godot-expanded,074-player-Sand-interior-s02,2,player,interior,player-Sand-interior,2,1800,8bc6ceffb987e24,a94c7c4eb101c54023e3cfecf1f0661c41822b5aba270a159bf2c3b94d5b7fa7,1800,382.994567871094,382.994567871094,0.0,-1,1385,1,0,0,0,0,0,0,0,0,,,True,0,3.0,82.0,1052.0,4.0,9.0,27.0,0.0,0.0,,0.0,0.0,,0.0,0.0,,0.0,0.0,,,,,,,,,,,,,,,,,,,,,
godot-expanded,074-player-Sand-interior-s03,2,player,interior,player-Sand-interior,3,1800,1e952b74d646ec96,6e554b5c030b0a5e95b07957dff846948c729a72fda16aa462c0e2a328aaa03d,1800,382.994445800781,382.994445800781,0.0,-1,1385,1,0,0,0,0,0,0,0,0,,,True,0,3.0,81.0,981.0,4.0,9.0,31.0,0.0,0.0,,0.0,0.0,,0.0,0.0,,0.0,0.0,,,,,,,,,,,,,,,,,,,,,
godot-expanded,074-player-Sand-interior-s04,2,player,interior,player-Sand-interior,4,1800,99e3125e0b24c660,18f6d99704cc7657a5281f8b74f753a56095003156b58314fb6963b744920250,1800,382.994567871094,382.994567871094,0.0,-1,1385,1,0,0,0,0,0,0,0,0,,,True,0,3.0,80.0,688.0,4.0,8.0,48.0,0.0,0.0,,0.0,0.0,,0.0,0.0,,0.0,0.0,,,,,,,,,,,,,,,,,,,,,
godot-expanded,075-barrel-Sand-flat-s00,2,barrel,flat,barrel-Sand-flat,0,1800,d784b22df92d53bc,70ca31696665fe3ff84574e60ec1dcbea0593a256ece0783f2a49ac339e9e830,1800,0.048919677734375,0.0,0.0,-1,0,0,0,0,0,0,0,0,0,0,,,True,0,584.0,962.0,8410.0,93.0,203.0,322.0,0.0,0.0,,0.0,-2762.72338867188,,0.0,0.0,,0.0,-2762.72338867188,,,,,,,,,,,,,,,,,0,,,,
godot-expanded,075-barrel-Sand-flat-s01,2,barrel,flat,barrel-Sand-flat,1,1800,64b5028660bfb1f1,c98a597005541758339db025e8f4140d60281a7f878ef14f16260dbc2bbac878,1800,0.048919677734375,0.0,0.0,-1,0,0,0,0,0,0,0,0,0,0,,,True,0,530.0,881.0,8163.0,98.0,201.0,491.0,0.0,0.0,,0.0,-2762.72338867188,,0.0,0.0,,0.0,-2762.72338867188,,,,,,,,,,,,,,,,,0,,,,
godot-expanded,075-barrel-Sand-flat-s02,2,barrel,flat,barrel-Sand-flat,2,1800,2b2f42e8c6f4ad49,816730d42306d3c1fc4c0b4519d42a9884952fb70f09f2e2d2a15ec5ed4c869c,1800,0.048919677734375,0.0,0.0,-1,0,0,0,0,0,0,0,0,0,0,,,True,0,440.0,741.0,5042.0,94.0,193.0,2546.0,0.0,0.0,,0.0,-2762.72338867188,,0.0,0.0,,0.0,-2762.72338867188,,,,,,,,,,,,,,,,,0,,,,
godot-expanded,075-barrel-Sand-flat-s03,2,barrel,flat,barrel-Sand-flat,3,1800,1c7503cde417f378,17fb05071b01842c1d5acc136e56a98e506b3278e363d937cab7460b52ac5a78,1800,0.048919677734375,0.0,0.0,-1,0,0,0,0,0,0,0,0,0,0,,,True,0,648.0,995.0,7119.0,103.0,227.0,663.0,0.0,0.0,,0.0,-2762.72338867188,,0.0,0.0,,0.0,-2762.72338867188,,,,,,,,,,,,,,,,,0,,,,
godot-expanded,075-barrel-Sand-flat-s04,2,barrel,flat,barrel-Sand-flat,4,1800,dd8ac68dd3e24681,421644cbb14f6fafd365919a5c61f4c722493f28a86900e090f1f025284a601b,1800,0.048919677734375,0.0,0.0,-1,0,0,0,0,0,0,0,0,0,0,,,True,0,513.0,830.0,6555.0,97.0,204.0,486.0,0.0,0.0,,0.0,-2762.72338867188,,0.0,0.0,,0.0,-2762.72338867188,,,,,,,,,,,,,,,,,0,,,,
godot-expanded,076-barrel-Sand-flat-s00,2,barrel,flat,barrel-Sand-flat,0,1800,2059cab0e2602811,15cdb592874f63422f0c3b3c065e0b15dae5faa2c4ef88f4313c760a8b99c8e6,1800,386.490417480469,384.001933384413,,173,0,112,17261,114,125,137325,0,0,0,0,,,False,0,21.0,628.0,5881.0,201.0,362.0,713.0,-1167.20874023438,4134.228515625,-553.095825195313,-4.25600004196167,3920.90844726563,-35.871997833252,-0.39999994635582,1406.95971679688,1084.64001464844,-775.925659179688,5024.96337890625,206.627090454102,,,,,,,,,,,,,,,,4,,,,
godot-expanded,076-barrel-Sand-flat-s01,2,barrel,flat,barrel-Sand-flat,1,1800,7eeb0536fec9d0a8,666fb42e4a376e3cb621a6f34304097e99905a9891283bfeb2a427429b2015e2,1800,384.001806643914,384.001797168796,,177,0,112,18689,1709,124,129372,0,0,0,0,,,False,0,601.0,1072.0,9134.0,214.0,397.0,843.0,-2325.86328125,3823.28125,-558.849243164063,-3.9520001411438,3911.18090820313,-35.871997833252,-65.5211181640625,16844.306640625,1133.8798828125,-331.368286132813,5062.822265625,205.172546386719,,,,,,,,,,,,,,,,4,,,,
godot-expanded,076-barrel-Sand-flat-s02,2,barrel,flat,barrel-Sand-flat,2,1800,79f868dfbd985175,a12dbe8b035e5054c4a36932a51b039658454a6d5612e8660441c944ad611f43,1800,384.001930657023,384.001916574854,,181,0,112,26548,1701,125,129564,0,0,0,0,,,False,0,625.0,1359.0,26785.0,253.0,940.0,12081.0,2623.38696289063,4105.873046875,-557.046691894531,-3.9520001411438,3901.45336914063,-35.871997833252,1.5999995470047,3081.62158203125,1082.71997070313,646.275329589844,4986.03857421875,173.306564331055,,,,,,,,,,,,,,,,4,,,,
godot-expanded,076-barrel-Sand-flat-s03,2,barrel,flat,barrel-Sand-flat,3,1800,10e1cdf8b62f30bd,115c2ac31da02f6c01a3582e3e8637d66832d977ff3bfbf22927ea1652f2f3dd,1800,384.001809341228,384.001792316524,,173,0,112,20755,1711,133,124392,0,0,0,0,,,False,0,785.0,1259.0,152939.0,266.0,2074.0,24068.0,-2627.078125,3813.51391601563,-577.40576171875,-3.9520001411438,3920.90844726563,-35.871997833252,-65.4811172485352,16277.5634765625,1113.71984863281,-373.555236816406,5076.37939453125,209.610885620117,,,,,,,,,,,,,,,,4,,,,
godot-expanded,076-barrel-Sand-flat-s04,2,barrel,flat,barrel-Sand-flat,4,1800,c9d7bbeaf8e8aa6c,975ebc34090f2da75866db6fa412378d8265765baf18de6fc068b542578cf13c,1800,384.001802668749,384.001800674412,,173,0,112,24193,1711,129,130877,0,0,0,0,,,False,0,804.0,1067.0,8961.0,259.0,395.0,1652.0,-2346.59545898438,4128.08837890625,-557.811584472656,-3.9520001411438,3923.34033203125,-33.439998626709,-65.5211181640625,17057.703125,1113.27990722656,-324.199249267578,5083.44580078125,212.776550292969,,,,,,,,,,,,,,,,4,,,,
godot-expanded,077-barrel-Sand-flat-s00,2,barrel,flat,barrel-Sand-flat,0,1800,1820c3f2d534a9ba,e96f040321dcdb0e9f36df13ae2c44a1eb9c8525dd0b5363fdfa9d4f9eb85c02,1800,384.0021246355,384.001174773117,,193,0,112,25926,143,130,126810,0,0,0,0,,,False,0,29.0,969.0,8521.0,244.0,383.0,751.0,1768.24951171875,4072.12109375,-556.307373046875,-1.51999998092651,3884.43017578125,-23.4079990386963,4.76837158203125e-07,1661.5634765625,1023.08013916016,501.519317626953,4855.3427734375,200.135391235352,,,,,,,,,,,,,,,,8,,,,
godot-expanded,077-barrel-Sand-flat-s01,2,barrel,flat,barrel-Sand-flat,1,1800,9c118f373e446430,ad6a911c95aca5ecd43256765f9c8e4ab61a7f320e4fd114aaebffa723c92584,1800,384.001685365881,384.001676644735,,195,0,112,21072,1684,116,144558,0,0,0,0,,,False,0,704.0,1015.0,5614.0,264.0,399.0,1251.0,1155.12866210938,4067.90869140625,-554.555786132813,-2.43199992179871,3879.87036132813,-23.4079990386963,-0.399999976158142,18642.5,1051.56005859375,53.2028007507324,5019.4091796875,204.711868286133,,,,,,,,,,,,,,,,8,,,,
godot-expanded,077-barrel-Sand-flat-s02,2,barrel,flat,barrel-Sand-flat,2,1800,bc509a86ee4ef49f,be6258f79f1e9c5be69195843cf8a4ec30ae8ef021d2839cec56871bcbc2b6cb,1800,384.001922420421,384.001916889284,,195,0,112,17441,1681,132,118870,0,0,0,0,,,False,0,637.0,948.0,8504.0,234.0,381.0,643.0,-1158.02709960938,4061.5908203125,-560.946899414063,-2.43199992179871,3879.87036132813,-23.4079990386963,-0.35999995470047,2965.61938476563,1008.72015380859,-583.192138671875,4966.69482421875,186.959350585938,,,,,,,,,,,,,,,,8,,,,
godot-expanded,077-barrel-Sand-flat-s03,2,barrel,flat,barrel-Sand-flat,3,1800,392ba7d1572b25e9,fb16bc4a3522fdfdce3a48b19850ea6361ea647cdfd3c074bc992fee1aaea51d,1800,384.00174111993,384.001729989094,,194,0,112,20971,1685,119,139696,0,0,0,0,,,False,0,643.0,946.0,8807.0,250.0,408.0,729.0,2038.82043457031,4086.23583984375,-539.148010253906,-2.43199992179871,3882.30224609375,-23.4079990386963,-0.399999976158142,18074.130859375,1050.84008789063,147.555908203125,5023.8662109375,208.143905639648,,,,,,,,,,,,,,,,8,,,,
godot-expanded,077-barrel-Sand-flat-s04,2,barrel,flat,barrel-Sand-flat,4,1800,fea9ea0895194073,5ea889c6dd86adbafb7aa5ede2e653eece15ea6f61603e2ec3440f8d000ce215,1800,384.001748557273,384.001746394079,,190,0,112,18807,1692,131,120237,0,0,0,0,,,False,0,784.0,1073.0,8709.0,252.0,404.0,900.0,-1443.52136230469,4099.05322265625,-537.850036621094,-2.43199992179871,3892.02978515625,-23.4079990386963,-0.399999976158142,15966.2177734375,1089.51989746094,-220.530868530273,5056.90869140625,232.099884033203,,,,,,,,,,,,,,,,8,,,,
godot-expanded,078-barrel-Dust-flat-s00,14,barrel,flat,barrel-Dust-flat,0,1800,3297a90fde96e8dc,1572414d55551afdcc1e5bc2586bdc15ae2833e6e8f0d1a35cbdbf7f39b7b750,1800,1.53509521484375,1.1292724609375,0.509201049804688,-1,0,8,10,0,206,9131,0,0,0,0,,,True,0,890.0,1666.0,10520.0,125.0,232.0,2593.0,-0.151199996471405,-1643.56311035156,,-0.797999858856201,-1130.94458007813,,-0.178500100970268,11.0234699249268,,-1.13775408267975,-2762.74658203125,,,,,,,,,,,,,,,,,0,,,,
godot-expanded,078-barrel-Dust-flat-s01,14,barrel,flat,barrel-Dust-flat,1,1800,57e1dd09046190e0,86c3e8d82f1451d9dc19419f1cbacbc39d015f46829c3ff13cc2f32bc6cd024c,1800,1.53509521484375,0.60858154296875,0.0465545654296875,-1,0,8,10,0,221,9120,0,0,0,0,,,True,0,817.0,1422.0,10003.0,113.0,203.0,1121.0,-0.0755999982357025,-1641.58471679688,,-0.718200027942657,-1130.30615234375,,0.0314999148249626,10.8344707489014,,-0.77235221862793,-2760.31787109375,,,,,,,,,,,,,,,,,0,,,,
godot-expanded,078-barrel-Dust-flat-s02,14,barrel,flat,barrel-Dust-flat,2,1800,f1e9a9ee9791be45,43e03955ce299e0c33470301b6b685989680bb184e5afd45aff6a05c910dc397,1800,1.58035278320313,1.24516296386719,0.335861206054688,-1,0,6,24,0,2,9216,0,0,0,0,,,True,0,4.0,24.0,10435.0,88.0,145.0,324.0,0.0,-1658.85961914063,,0.0,-1105.25268554688,,0.0,0.063000001013279,,-0.0241280812770128,-2762.169921875,,,,,,,,,,,,,,,,,0,,,,
godot-expanded,078-barrel-Dust-flat-s03,14,barrel,flat,barrel-Dust-flat,3,1800,bd68fd906b65c541,74a12fbb631b76ee79966f1ffd4b6abd6280b9bc2bf49c8597446716aee7037f,1800,1.53509521484375,0.573684692382813,-0.079620361328125,-1,0,8,10,0,243,9121,0,0,0,0,,,True,0,748.0,1344.0,10411.0,103.0,188.0,426.0,-0.226799994707108,-1641.77404785156,,0.319200128316879,-1131.26416015625,,-5.77419996261597e-08,11.4329681396484,,0.0823466330766678,-2760.82739257813,,,,,,,,,,,,,,,,,0,,,,
godot-expanded,078-barrel-Dust-flat-s04,14,barrel,flat,barrel-Dust-flat,4,1800,145f6fcaee655927,0492ccb0ffc788b0ebe03c2bb7f56524a0729537403f5c387255a0399de4d8eb,1800,1.57490539550781,1.45170593261719,0.991455078125,-1,0,8,10,0,419,9208,0,0,0,0,,,True,0,711.0,1161.0,6574.0,99.0,175.0,267.0,0.0755999982357025,-1657.42321777344,,-0.159600585699081,-1135.41491699219,,-0.157500043511391,34.0424880981445,,-0.25155121088028,-2758.03393554688,,,,,,,,,,,,,,,,,0,,,,
godot-expanded,079-barrel-Dust-flat-s00,14,barrel,flat,barrel-Dust-flat,0,1800,81133df812b2199b,d7f71234f8b724bbe20782013a8d137eb7340955ddade50f9df02309edc7ba18,1800,384.00220109839,384.001983202036,,173,0,112,21219,1289,379,121546,0,0,0,0,,,False,0,1142.0,8520.0,21444.0,239.0,373.0,2934.0,-431.316284179688,4129.43212890625,-556.3740234375,0.718200266361237,1027.44494628906,-8.85780143737793,-8.45849323272705,10359.19921875,979.406921386719,-226.783325195313,5040.9716796875,211.73503112793,,,,,,,,,,,,,,,,4,,,,
godot-expanded,079-barrel-Dust-flat-s01,14,barrel,flat,barrel-Dust-flat,1,1800,62200f7f22824bf4,18d76d5d7b289f7434f14a51845d69bfa51b5a72838d03d95a93e85a0b8140d4,1800,384.001929729482,384.001917148889,,176,0,112,15528,1707,133,121194,0,0,0,0,,,False,0,878.0,1256.0,10487.0,240.0,381.0,4757.0,-2344.01025390625,3539.47583007813,-553.133544921875,-0.797999978065491,1027.60510253906,-9.17700004577637,-65.2366104125977,13336.36328125,985.544860839844,-601.57763671875,5038.0068359375,203.214279174805,,,,,,,,,,,,,,,,4,,,,
godot-expanded,079-barrel-Dust-flat-s02,14,barrel,flat,barrel-Dust-flat,2,1800,31d9555274d1aa34,2c000d3721ebace33afdf58be7d7610c8ceeeb630f736349b17dd3fe0c4e77b2,1800,384.002506224725,384.001869873036,,177,0,112,7853,1705,193,107111,0,0,0,0,,,False,0,864.0,1862.0,10467.0,223.0,359.0,1680.0,-615.396789550781,3352.08666992188,-561.098754882813,-0.877799987792969,1026.00903320313,-9.81540012359619,-5.86949491500854,3672.2099609375,977.289367675781,-493.042083740234,5017.7431640625,192.53645324707,,,,,,,,,,,,,,,,4,,,,
godot-expanded,079-barrel-Dust-flat-s03,14,barrel,flat,barrel-Dust-flat,3,1800,e73c47315adf58d3,45a028d25b4420eb7ab0df285eae75a68db541a25babb619a556787e4298f73a,1800,384.001923694724,384.001917163148,,173,0,112,19606,1710,137,124339,0,0,0,0,,,False,0,810.0,1133.0,9538.0,248.0,359.0,598.0,2633.83203125,3832.22631835938,-560.36962890625,-0.478799998760223,1029.201171875,-9.49620151519775,64.8391036987305,13731.6103515625,967.919860839844,586.311828613281,5051.0400390625,205.818923950195,,,,,,,,,,,,,,,,4,,,,
godot-expanded,079-barrel-Dust-flat-s04,14,barrel,flat,barrel-Dust-flat,4,1800,fe368e2574cd8783,6c219588e01e8bbf46be701a617c526a54aed0061349a5629c37e18f4d14ffd0,1800,384.001805113682,384.001794772571,,168,0,112,18530,1717,125,122497,0,0,0,0,,,False,0,694.0,1097.0,10367.0,174.0,318.0,607.0,-1469.30895996094,4149.3046875,-550.959167480469,0.0,1033.35095214844,-8.53859996795654,-0.109499998390675,13676.6259765625,1004.34899902344,-340.424652099609,5119.13525390625,235.030059814453,,,,,,,,,,,,,,,,4,,,,
godot-expanded,080-barrel-Dust-flat-s00,14,barrel,flat,barrel-Dust-flat,0,1800,77ac55ed0117881c,2d72e64927e4614d1e6efb73334bbef516d1df004a61b8a4ea71374df5bcfb9e,1800,384.001872407644,384.001859652347,,196,0,112,10890,109,123,120533,0,0,0,0,,,False,0,20.0,660.0,6039.0,147.0,251.0,508.0,586.583801269531,3761.78369140625,-569.021911621094,0.558599948883057,1017.86907958984,-6.14460039138794,0.0944999977946281,1157.25415039063,908.773742675781,491.781799316406,4960.36474609375,188.319213867188,,,,,,,,,,,,,,,,8,,,,
godot-expanded,080-barrel-Dust-flat-s01,14,barrel,flat,barrel-Dust-flat,1,1800,152e396db0120098,ee1014b0c157e208392f37574b4bd408dd2bc9c8d4765fe5aa9613675d2d0575,1800,384.001802136737,384.001792663609,,194,0,112,18359,1685,121,133286,0,0,0,0,,,False,0,671.0,874.0,6117.0,159.0,263.0,483.0,-1450.0908203125,4068.68676757813,-556.696105957031,0.0,1019.06610107422,-6.22440004348755,-0.0399999991059303,14820.47265625,936.94580078125,-314.034912109375,5016.73046875,208.669281005859,,,,,,,,,,,,,,,,8,,,,
godot-expanded,080-barrel-Dust-flat-s02,14,barrel,flat,barrel-Dust-flat,2,1800,90e33224c0a42c0e,8b3a75f5bfa1fa4de9ade19a7b60d2c1254b363065a781c5b285d3962e84fc22,1800,384.002291198445,384.001740434802,,195,0,112,13206,1682,196,101239,0,0,0,0,,,False,0,629.0,1650.0,8738.0,168.0,312.0,684.0,-365.366546630859,3642.54907226563,-557.463745117188,0.159600108861923,1018.02862548828,-6.14460039138794,-14.8259887695313,4656.80126953125,912.893737792969,-234.994384765625,4989.23291015625,195.587738037109,,,,,,,,,,,,,,,,8,,,,
godot-expanded,080-barrel-Dust-flat-s03,14,barrel,flat,barrel-Dust-flat,3,1800,b73ee90f08b6dc29,8a7cc49868fff7e6b96494d2b058afb51774875a057bae3e712cf8e0601fa4c7,1800,384.001861928782,384.00184561674,,194,0,112,22979,1684,117,139683,0,0,0,0,,,False,0,627.0,985.0,6787.0,195.0,319.0,1051.0,-2032.82678222656,4084.18212890625,-541.237060546875,0.0,1019.06610107422,-6.22440004348755,-0.0399999991059303,15579.8505859375,925.100769042969,-406.895751953125,5008.9921875,207.940475463867,,,,,,,,,,,,,,,,8,,,,
godot-expanded,080-barrel-Dust-flat-s04,14,barrel,flat,barrel-Dust-flat,4,1800,6b55a7b824dc3163,cad676ac9bfedeaf735e4691456790c1a1f65d526fe8fee644ab03004b94fb59,1800,384.001827966958,384.00181142084,,187,0,112,15312,1694,123,129785,0,0,0,0,,,False,0,688.0,1067.0,6895.0,189.0,313.0,1882.0,-1734.78820800781,3799.89794921875,-554.693420410156,0.0,1022.89666748047,-6.86280012130737,-64.6010971069336,14583.1630859375,961.216857910156,-410.016387939453,5059.490234375,238.067108154297,,,,,,,,,,,,,,,,8,,,,
godot-expanded,081-barrel-Salt-flat-s00,23,barrel,flat,barrel-Salt-flat,0,1800,f60e1256782bc3bc,3a85c34a90e6f8ef7e83a8f06f99540a8cb51cbe4abdca9c2916bf8e3d2be52f,1800,0.048919677734375,0.0,0.0,-1,0,0,0,0,0,0,0,0,0,0,,,True,0,784.0,1054.0,7527.0,84.0,167.0,235.0,0.0,0.0,,0.0,-2762.72338867188,,0.0,0.0,,0.0,-2762.72338867188,,,,,,,,,,,,,,,,,0,,,,
godot-expanded,081-barrel-Salt-flat-s01,23,barrel,flat,barrel-Salt-flat,1,1800,24cece78f28ae8d9,ab36be3248bd13c8b1484e1970f002503d115a05bf9a8efe6c42afe6fa36ca1f,1800,0.048919677734375,0.0,0.0,-1,0,0,0,0,0,0,0,0,0,0,,,True,0,697.0,1011.0,10012.0,85.0,170.0,303.0,0.0,0.0,,0.0,-2762.72338867188,,0.0,0.0,,0.0,-2762.72338867188,,,,,,,,,,,,,,,,,0,,,,
godot-expanded,081-barrel-Salt-flat-s02,23,barrel,flat,barrel-Salt-flat,2,1800,6f1f132ae9332d71,12633feff9440a6bc71df52607a6828c4549b0104cb59afdab784b099a69055a,1800,0.048919677734375,0.0,0.0,-1,0,0,0,0,0,0,0,0,0,0,,,True,0,606.0,807.0,8168.0,79.0,159.0,309.0,0.0,0.0,,0.0,-2762.72338867188,,0.0,0.0,,0.0,-2762.72338867188,,,,,,,,,,,,,,,,,0,,,,
godot-expanded,081-barrel-Salt-flat-s03,23,barrel,flat,barrel-Salt-flat,3,1800,5d90bd037de22f14,bf810b5f10b148ced3d63433ce2085f971f2d052491f3af8a4ae2047d4315c09,1800,0.048919677734375,0.0,0.0,-1,0,0,0,0,0,0,0,0,0,0,,,True,0,778.0,1174.0,8301.0,88.0,203.0,377.0,0.0,0.0,,0.0,-2762.72338867188,,0.0,0.0,,0.0,-2762.72338867188,,,,,,,,,,,,,,,,,0,,,,
godot-expanded,081-barrel-Salt-flat-s04,23,barrel,flat,barrel-Salt-flat,4,1800,60a964c9163a881,aef47b92509e28f108c53c20d40a957c15dc2d88f9b8ffa7c5404f128f672994,1800,0.048919677734375,0.0,0.0,-1,0,0,0,0,0,0,0,0,0,0,,,True,0,714.0,1096.0,8334.0,107.0,226.0,388.0,0.0,0.0,,0.0,-2762.72338867188,,0.0,0.0,,0.0,-2762.72338867188,,,,,,,,,,,,,,,,,0,,,,
godot-expanded,082-barrel-Salt-flat-s00,23,barrel,flat,barrel-Salt-flat,0,1800,a108718276e0a451,b9265515a5fa189c6271213a710e8a99ee5bb3e22ed7328d52eec497f4d2a061,1800,386.490417480469,384.001933384413,,173,0,112,17261,114,125,137325,0,0,0,0,,,False,0,22.0,1023.0,8750.0,189.0,340.0,596.0,-1167.20874023438,4134.228515625,-553.095825195313,-4.25600004196167,3920.90844726563,-35.871997833252,-0.39999994635582,1406.95971679688,1084.64001464844,-775.925659179688,5024.96337890625,206.627090454102,,,,,,,,,,,,,,,,4,,,,
godot-expanded,082-barrel-Salt-flat-s01,23,barrel,flat,barrel-Salt-flat,1,1800,65c3b9a048781184,b3179fce65c5e2992e6768e09cd35a1cdf7ad448f2e0b5991006a21c35fa77a3,1800,384.001806643914,384.001797168796,,177,0,112,18689,1709,124,129372,0,0,0,0,,,False,0,990.0,1398.0,7793.0,250.0,394.0,2353.0,-2325.86328125,3823.28125,-558.849243164063,-3.9520001411438,3911.18090820313,-35.871997833252,-65.5211181640625,16844.306640625,1133.8798828125,-331.368286132813,5062.822265625,205.172546386719,,,,,,,,,,,,,,,,4,,,,
godot-expanded,082-barrel-Salt-flat-s02,23,barrel,flat,barrel-Salt-flat,2,1800,7eb7f9dccc9fdb2d,a40b7c7a0d4aabd676cbee7ebae6a9438d40fdbd2fab6401375ec78cdbef9c0f,1800,384.001930657023,384.001916574854,,181,0,112,26548,1701,125,129564,0,0,0,0,,,False,0,766.0,1310.0,10808.0,215.0,401.0,852.0,2623.38696289063,4105.873046875,-557.046691894531,-3.9520001411438,3901.45336914063,-35.871997833252,1.5999995470047,3081.62158203125,1082.71997070313,646.275329589844,4986.03857421875,173.306564331055,,,,,,,,,,,,,,,,4,,,,
godot-expanded,082-barrel-Salt-flat-s03,23,barrel,flat,barrel-Salt-flat,3,1800,a4ad6dc3fdc09b5,92191f02c3c2154eb414872f26d1bd80dfcce13f4cde585af0bba80b900591f3,1800,384.001809341228,384.001792316524,,173,0,112,20755,1711,133,124392,0,0,0,0,,,False,0,858.0,1300.0,7997.0,219.0,376.0,571.0,-2627.078125,3813.51391601563,-577.40576171875,-3.9520001411438,3920.90844726563,-35.871997833252,-65.4811172485352,16277.5634765625,1113.71984863281,-373.555236816406,5076.37939453125,209.610885620117,,,,,,,,,,,,,,,,4,,,,
godot-expanded,082-barrel-Salt-flat-s04,23,barrel,flat,barrel-Salt-flat,4,1800,f9da22e72015a958,0bcdd59dfa0292a19d9c734eaf23685c20c37a56d6eaa314ab7695244a3037f7,1800,384.001802668749,384.001800674412,,173,0,112,24193,1711,129,130877,0,0,0,0,,,False,0,813.0,1304.0,8192.0,191.0,363.0,640.0,-2346.59545898438,4128.08837890625,-557.811584472656,-3.9520001411438,3923.34033203125,-33.439998626709,-65.5211181640625,17057.703125,1113.27990722656,-324.199249267578,5083.44580078125,212.776550292969,,,,,,,,,,,,,,,,4,,,,
godot-expanded,083-barrel-Salt-flat-s00,23,barrel,flat,barrel-Salt-flat,0,1800,337faa6e4676cf9a,06c51ea924f04d04747e1b28709ba8d7a9726f3d49615e6c89fe7de1c1285395,1800,384.0021246355,384.001174773117,,193,0,112,25926,143,130,126810,0,0,0,0,,,False,0,22.0,1119.0,8205.0,174.0,294.0,737.0,1768.24951171875,4072.12109375,-556.307373046875,-1.51999998092651,3884.43017578125,-23.4079990386963,4.76837158203125e-07,1661.5634765625,1023.08013916016,501.519317626953,4855.3427734375,200.135391235352,,,,,,,,,,,,,,,,8,,,,
godot-expanded,083-barrel-Salt-flat-s01,23,barrel,flat,barrel-Salt-flat,1,1800,f001b927545d11dc,6e7e7636b4b966067d4b13d98bcbeb21d3e553002db1b3ae769afe256f84c66d,1800,384.001685365881,384.001676644735,,195,0,112,21072,1684,116,144558,0,0,0,0,,,False,0,796.0,1208.0,7805.0,194.0,344.0,607.0,1155.12866210938,4067.90869140625,-554.555786132813,-2.43199992179871,3879.87036132813,-23.4079990386963,-0.399999976158142,18642.5,1051.56005859375,53.2028007507324,5019.4091796875,204.711868286133,,,,,,,,,,,,,,,,8,,,,
godot-expanded,083-barrel-Salt-flat-s02,23,barrel,flat,barrel-Salt-flat,2,1800,f19dadc2ea62a5f5,0e3ff0f179056dbbfa528fff0b11c43fb5bda08999b3391053a32e0c422f2b68,1800,384.001922420421,384.001916889284,,195,0,112,17441,1681,132,118870,0,0,0,0,,,False,0,732.0,1276.0,7981.0,187.0,373.0,607.0,-1158.02709960938,4061.5908203125,-560.946899414063,-2.43199992179871,3879.87036132813,-23.4079990386963,-0.35999995470047,2965.61938476563,1008.72015380859,-583.192138671875,4966.69482421875,186.959350585938,,,,,,,,,,,,,,,,8,,,,
godot-expanded,083-barrel-Salt-flat-s03,23,barrel,flat,barrel-Salt-flat,3,1800,e51329f7f6fce1b5,8ddf605a746d04c3bb58998ad3227105c84c5d0f28186afeba82418fd15a2438,1800,384.00174111993,384.001729989094,,194,0,112,20971,1685,119,139696,0,0,0,0,,,False,0,734.0,1101.0,7583.0,190.0,348.0,497.0,2038.82043457031,4086.23583984375,-539.148010253906,-2.43199992179871,3882.30224609375,-23.4079990386963,-0.399999976158142,18074.130859375,1050.84008789063,147.555908203125,5023.8662109375,208.143905639648,,,,,,,,,,,,,,,,8,,,,
godot-expanded,083-barrel-Salt-flat-s04,23,barrel,flat,barrel-Salt-flat,4,1800,5dda7e7d8072c85d,50e163acb44796f3e3d46698178688cfc3cbd32ff6bf34225bf4197ac6f15ebe,1800,384.001748557273,384.001746394079,,190,0,112,18807,1692,131,120237,0,0,0,0,,,False,0,810.0,1262.0,7161.0,177.0,334.0,570.0,-1443.52136230469,4099.05322265625,-537.850036621094,-2.43199992179871,3892.02978515625,-23.4079990386963,-0.399999976158142,15966.2177734375,1089.51989746094,-220.530868530273,5056.90869140625,232.099884033203,,,,,,,,,,,,,,,,8,,,,
godot-expanded,084-barrel-Sand-flat-s00,2,barrel,flat,barrel-Sand-flat,0,1800,9a42180e2380562f,6f4678fb021b62e5ad976f6b2e945254d6f4c6cc8cbe2732be8ea0f55e0b737c,1800,384.01255549678,384.002942510448,,151,0,120,20242,162,379,36141,0,0,0,0,,,False,0,35.0,1032.0,6516.0,96.0,278.0,603.0,525.177124023438,546.624450683594,-1065.63098144531,-59.8879890441895,6837.8251953125,-78.7360000610352,-3.6400043964386,1565.83862304688,1208.64013671875,5.68686485290527,5146.666015625,236.021713256836,,,,,,,,,,,,,,,,,0.7853981633974483,,,
godot-expanded,084-barrel-Sand-flat-s01,2,barrel,flat,barrel-Sand-flat,1,1800,b0806b9499592de1,d4ab42513e79cd0286658ff79721a461fa2daf25d1ff05b29e4c26e973441dad,1800,384.008398535912,384.001811620464,,153,0,120,33441,1735,380,107330,0,0,0,0,,,False,0,581.0,1025.0,6079.0,164.0,315.0,701.0,-3318.11743164063,3751.91235351563,-1049.64343261719,-70.5280151367188,3882.91040039063,-74.7840042114258,-280.804901123047,14142.701171875,1194.84008789063,-574.553039550781,5129.2236328125,223.768508911133,,,,,,,,,,,,,,,,,0.7853981633974483,,,
godot-expanded,084-barrel-Sand-flat-s02,2,barrel,flat,barrel-Sand-flat,2,1800,ac2b8c3a88d3f1cf,3c2fd737656791545b0b0e097a6a657cbebff0c498aa713ae2fd76b5bf8a2f2f,1800,384.007432687762,384.002996750498,,159,0,120,16479,171,431,26943,0,0,0,0,,,False,0,5.0,976.0,8034.0,97.0,277.0,535.0,782.336181640625,-325.932342529297,-1039.201171875,-55.3279800415039,6789.49072265625,-77.5200042724609,-1.04000377655029,1537.64245605469,1187.9599609375,271.775787353516,5046.78759765625,205.675399780273,,,,,,,,,,,,,,,,,0.7853981633974483,,,
godot-expanded,084-barrel-Sand-flat-s03,2,barrel,flat,barrel-Sand-flat,3,1800,d0da52869a604d1f,97d5a4fda2fa6294a45f89c0ac33b9bb948af7693ba5d15ec91f81293cd1e2c9,1800,384.003071851709,384.003071851709,,151,0,120,23316,1737,339,39050,0,0,0,0,,,False,0,532.0,956.0,6802.0,106.0,287.0,687.0,1994.36877441406,784.8525390625,-1055.49084472656,-41.3439979553223,6857.28076171875,-77.8239974975586,253.56428527832,7138.9345703125,1209.92016601563,372.157135009766,5152.27490234375,229.189865112305,,,,,,,,,,,,,,,,,0.7853981633974483,,,
godot-expanded,084-barrel-Sand-flat-s04,2,barrel,flat,barrel-Sand-flat,4,1800,a896be51dedf2b42,ad76de85e1f33279bf73c31700b91cc8b0d2d712a113180123493ec50537d028,1800,384.018584341454,384.002908893017,,144,0,120,21525,1746,386,35432,0,0,0,0,,,False,0,505.0,969.0,5920.0,102.0,276.0,639.0,2258.48413085938,-20.6144599914551,-1052.47741699219,-52.5919799804688,6861.232421875,-77.5199966430664,2.63999676704407,4278.2275390625,1225.68017578125,584.712951660156,5180.60791015625,262.554290771484,,,,,,,,,,,,,,,,,0.7853981633974483,,,
godot-expanded,085-barrel-Sand-flat-s00,2,barrel,flat,barrel-Sand-flat,0,1800,cb5c0d655e3dc050,a00aa5e6394b1fa4547f145c09266169cb2925b9d837dd1d0b0b1d413c339be8,1800,384.002900055995,384.002900055995,,169,0,112,24083,1718,253,61584,0,0,0,0,,,False,0,838.0,1524.0,6754.0,140.0,342.0,5401.0,608.668212890625,1906.56579589844,-1029.24597167969,-2.12799978256226,6863.96826171875,-77.5200119018555,0.880000054836273,9354.86328125,1134.55969238281,-43.167652130127,5038.490234375,145.550735473633,,,,,,,,,,,,,,,,,1.5707963267948966,,,
godot-expanded,085-barrel-Sand-flat-s01,2,barrel,flat,barrel-Sand-flat,1,1800,b7085de72da0880a,df28c940f0c360a4718d8ecd9917ff6acf476e94e548f208ae0012a1dfd8b505,1800,384.002907566158,384.002900890458,,177,0,112,27255,1708,253,62302,0,0,0,0,,,False,0,873.0,1417.0,5569.0,137.0,283.0,554.0,34.66064453125,2475.01416015625,-1028.49731445313,-2.12799978256226,6829.92138671875,-77.5200119018555,-0.0799999237060547,9300.142578125,1120.15966796875,-135.258834838867,4983.16162109375,115.734313964844,,,,,,,,,,,,,,,,,1.5707963267948966,,,
godot-expanded,085-barrel-Sand-flat-s02,2,barrel,flat,barrel-Sand-flat,2,1800,904c4a74e001de2a,d005459facd805faf96540c457ba8f0adbf8b8639754359259c356a1b79c08ac,1800,384.003085917304,384.003075069446,,190,0,112,15517,127,287,42381,0,0,0,0,,,False,0,4.0,652.0,8911.0,117.0,377.0,3877.0,1502.18518066406,-1016.53845214844,-1019.20660400391,-1.8239997625351,6770.947265625,-78.7360076904297,3.9599986076355,1190.63928222656,1017.36016845703,720.792419433594,4707.9716796875,33.1244239807129,,,,,,,,,,,,,,,,,1.5707963267948966,,,
godot-expanded,085-barrel-Sand-flat-s03,2,barrel,flat,barrel-Sand-flat,3,1800,78ec841b72f51fe,d6a5c29437fc7a4d3f79501521c18453da7020ed17d466b418ef1fc14084fb43,1800,384.002965143927,384.002950123666,,169,0,112,19703,1713,270,53392,0,0,0,0,,,False,0,518.0,834.0,5324.0,116.0,264.0,576.0,-851.160888671875,168.208740234375,-1007.86236572266,-2.12799978256226,6865.79248046875,-75.6960067749023,-65.7211227416992,8225.912109375,1049.64013671875,-321.241760253906,4991.39990234375,108.033515930176,,,,,,,,,,,,,,,,,1.5707963267948966,,,
godot-expanded,085-barrel-Sand-flat-s04,2,barrel,flat,barrel-Sand-flat,4,1800,8c0d5574eb00e756,7ad59f58aeb3996b907d3dcf3cbe4273bce2958a906e17a19cb56c9d669c341f,1800,384.002909235083,384.002895049216,,142,0,112,31982,1746,245,59240,0,0,0,0,,,False,0,499.0,797.0,5463.0,121.0,271.0,623.0,621.00341796875,3755.46435546875,-1019.51043701172,-2.43199968338013,6981.30859375,-75.0880126953125,-0.319999933242798,4124.5009765625,1147.599609375,-136.311294555664,5202.76806640625,230.363433837891,,,,,,,,,,,,,,,,,1.5707963267948966,,,
godot-expanded,086-barrel-Sand-flat-s00,2,barrel,flat,barrel-Sand-flat,0,1800,94ad1d8424ceb3dd,616201b761cea51d1ca4bcd7fdec8d5c5d79bff450687edfce3bac52ff7a6861,1800,384.935930532302,384.001861023327,,147,0,448,145236,126,343,612560,0,0,0,0,,,False,0,26.0,820.0,6219.0,563.0,831.0,1330.0,2357.27978515625,17857.7734375,-1206.0009765625,0.608000159263611,7920.2451171875,-119.775970458984,0.43999981880188,5955.11474609375,4571.27880859375,-459.638092041016,5215.9599609375,278.319488525391,,,,,,,,,,,,,,,,,,2.0,,
godot-expanded,086-barrel-Sand-flat-s01,2,barrel,flat,barrel-Sand-flat,1,1800,69c17ff6aed13c27,eea26933202f70c6aa7271098071f1e880663e6676bc421c0811d3d8defe77a7,1800,384.89019557533,384.001734145077,,147,0,448,144376,1747,341,612583,0,0,0,0,,,False,0,560.0,907.0,6121.0,574.0,879.0,1521.0,2374.4931640625,17846.150390625,-1208.98937988281,-0.911999702453613,7920.2451171875,-119.775970458984,0.239999890327454,76243.15625,4571.71875,-34.399486541748,5237.2626953125,278.278289794922,,,,,,,,,,,,,,,,,,2.0,,
godot-expanded,086-barrel-Sand-flat-s02,2,barrel,flat,barrel-Sand-flat,2,1800,7c51e0e45e1285d7,ab2707321effb6723c0859cc1c96dcc4a4b2a80996e7b9bfb00c2366cc4e293e,1800,384.996530327838,384.001728083085,,147,0,448,145786,1747,334,624154,0,0,0,0,,,False,0,613.0,1006.0,12826.0,589.0,953.0,3163.0,4455.962890625,17873.14453125,-1169.03491210938,-0.303999453783035,7920.2451171875,-119.775970458984,0.280000001192093,77632.5546875,4573.5986328125,-4.42969846725464,5237.373046875,278.373321533203,,,,,,,,,,,,,,,,,,2.0,,
godot-expanded,086-barrel-Sand-flat-s03,2,barrel,flat,barrel-Sand-flat,3,1800,ecb574949e4516b8,3044c555510063f076fab936a9d486fb8a945b225d6e86803d3edc5e398024fc,1800,384.99678935545,384.001725810318,,147,0,448,145619,1747,336,624142,0,0,0,0,,,False,0,511.0,848.0,5879.0,583.0,888.0,1983.0,4457.36474609375,17874.115234375,-1169.50378417969,4.76837158203125e-07,7920.2451171875,-119.775970458984,0.400000005960464,77631.359375,4572.3984375,-4.48173809051514,5237.375,278.374755859375,,,,,,,,,,,,,,,,,,2.0,,
godot-expanded,086-barrel-Sand-flat-s04,2,barrel,flat,barrel-Sand-flat,4,1800,b2941f1034255b1f,c553b2e177cd94dfebe30f7bc11d57dfbfae16cba8a86733b64ac3f049417687,1800,385.04238354154,384.001731240979,,147,0,448,145531,1747,329,624160,0,0,0,0,,,False,0,564.0,914.0,6443.0,583.0,892.0,1296.0,4457.5380859375,17858.74609375,-1184.87341308594,-0.303999453783035,7925.71728515625,-114.303977966309,0.239999920129776,77633.1171875,4574.15869140625,-4.53512907028198,5237.4150390625,278.415008544922,,,,,,,,,,,,,,,,,,2.0,,
godot-expanded,087-player-Sand-excavate-s00,2,player,excavate,player-Sand-excavate,0,1800,3696280d703fd0c2,71975263dc2bb3e6db31e535fd69c251141ff3ef48d8729cd491947e7d5fc54a,1800,188.989349365234,188.989349365234,0.0,-1,1566,112,0,0,0,0,0,0,0,0,,,False,0,1644.0,3345.0,6468.0,4.0,12.0,31.0,0.0,0.0,,0.0,0.0,,0.0,0.0,,0.0,0.0,,True,,,,,,,,,,,,,,,,,,,
godot-expanded,087-player-Sand-excavate-s01,2,player,excavate,player-Sand-excavate,1,1800,7df8d52e1db77324,6f4c2d75ca70ab65743a9cef12f9445b9cbde9de3181aaac5a2439685388c0ce,1800,194.975921630859,194.975921630859,0.0,-1,1557,112,0,0,0,0,0,0,0,0,,,False,0,1544.0,3299.0,5950.0,4.0,14.0,34.0,0.0,0.0,,0.0,0.0,,0.0,0.0,,0.0,0.0,,True,,,,,,,,,,,,,,,,,,,
godot-expanded,087-player-Sand-excavate-s02,2,player,excavate,player-Sand-excavate,2,1800,ae1508eafc9b71f7,34d1c325fe57f5bfb1a7f18f314976007035fcbce35eb602754459599f54c5c7,1800,193.998138427734,193.998138427734,0.0,-1,1559,112,0,0,0,0,0,0,0,0,,,False,0,1473.0,3314.0,5193.0,4.0,13.0,58.0,0.0,0.0,,0.0,0.0,,0.0,0.0,,0.0,0.0,,True,,,,,,,,,,,,,,,,,,,
godot-expanded,087-player-Sand-excavate-s03,2,player,excavate,player-Sand-excavate,3,1800,f5fbe434f7ce9f84,397a76cb8cbadaff9dc8756de5bcf84bdc5a74ccaa7e714e34b8bad5396979bf,1800,192.991455078125,192.991455078125,0.0,-1,1571,112,0,0,0,0,0,0,0,0,,,False,0,1642.0,3335.0,5588.0,4.0,13.0,124.0,0.0,0.0,,0.0,0.0,,0.0,0.0,,0.0,0.0,,True,,,,,,,,,,,,,,,,,,,
godot-expanded,087-player-Sand-excavate-s04,2,player,excavate,player-Sand-excavate,4,1800,5bd92619375b00f7,9562b9e85677933fdc2009ca5b4a8503e0817e13d9ca6e4c749430684d0f9033,1800,202.730926513672,202.730926513672,0.0,-1,1599,112,0,0,0,0,0,0,0,0,,,False,0,1570.0,3323.0,5976.0,4.0,13.0,25.0,0.0,0.0,,0.0,0.0,,0.0,0.0,,0.0,0.0,,True,,,,,,,,,,,,,,,,,,,
godot-expanded,088-player-Sand-reentry-s00,2,player,reentry,player-Sand-reentry,0,1800,76dd4338cd3bcb26,d1371e28f8131dd7284cbc0f0235f82c53d118402318ab9b3af17201194c81a0,1800,0.0,0.0,0.0,-1,1768,0,0,0,0,0,0,0,0,0,,,True,0,2.0,4.0,5899.0,3.0,5.0,29.0,0.0,0.0,,0.0,0.0,,0.0,0.0,,0.0,0.0,,True,,,,,,,,,,,,,,,,,,,
godot-expanded,088-player-Sand-reentry-s01,2,player,reentry,player-Sand-reentry,1,1800,eec9d1d23a18eefe,527974b05910c8e8e9472b1e89abec4cbc490b7cec4bb3689b033c8191b8796c,1800,0.0,0.0,0.0,-1,1768,0,0,0,0,0,0,0,0,0,,,True,0,2.0,4.0,6622.0,3.0,5.0,29.0,0.0,0.0,,0.0,0.0,,0.0,0.0,,0.0,0.0,,True,,,,,,,,,,,,,,,,,,,
godot-expanded,088-player-Sand-reentry-s02,2,player,reentry,player-Sand-reentry,2,1800,21f7e5dbc5d670ba,7c14727ee933567e069cc5248d43dcf7df12507fa353decaf7183924aa88f6ed,1800,0.0,0.0,0.0,-1,1768,0,0,0,0,0,0,0,0,0,,,True,0,2.0,3.0,6197.0,3.0,5.0,29.0,0.0,0.0,,0.0,0.0,,0.0,0.0,,0.0,0.0,,True,,,,,,,,,,,,,,,,,,,
godot-expanded,088-player-Sand-reentry-s03,2,player,reentry,player-Sand-reentry,3,1800,4845ccd46721416b,52a80ffc65667759a502fb3619b32781e6848e00b14a211f61ae200967f19d27,1800,0.0,0.0,0.0,-1,1768,0,0,0,0,0,0,0,0,0,,,True,0,2.0,3.0,5822.0,3.0,5.0,29.0,0.0,0.0,,0.0,0.0,,0.0,0.0,,0.0,0.0,,True,,,,,,,,,,,,,,,,,,,
godot-expanded,088-player-Sand-reentry-s04,2,player,reentry,player-Sand-reentry,4,1800,e2da9d81bcf9b6b5,7375ab1c067828cb90fb0efe3e6da1c64630912a6c391d4b17871a4d0071b3a2,1800,0.0,0.0,0.0,-1,1768,0,0,0,0,0,0,0,0,0,,,True,0,2.0,4.0,5452.0,3.0,5.0,23.0,0.0,0.0,,0.0,0.0,,0.0,0.0,,0.0,0.0,,True,,,,,,,,,,,,,,,,,,,
godot-expanded,089-barrel-Sand-excavate-s00,2,barrel,excavate,barrel-Sand-excavate,0,1800,1ef7129f3827d01f,1f0d3e2ddc4632aa116997e0cc762106c1e3481664a21c44fbbf91d0e444d13d,1800,384.003143873203,384.002200763138,,155,0,112,12986,277,154,84602,0,0,0,0,,,False,0,1684.0,3436.0,5210.0,163.0,289.0,575.0,-648.11376953125,2108.21826171875,-596.65234375,-74.7839889526367,3880.478515625,-57.1519927978516,-35.4399528503418,2296.52661132813,1204.31945800781,-713.1953125,4959.5009765625,215.162826538086,True,,,,,,,,,,,,,,,,,,,
godot-expanded,089-barrel-Sand-excavate-s01,2,barrel,excavate,barrel-Sand-excavate,1,1800,b873f0290f2c7513,4d5f9cd6d23fd184521607a47bdcc59da8bef8620e76ba08bbd7dbe36b2de994,1800,384.002308711453,384.001807469372,,156,0,112,10069,1723,169,70312,0,0,0,0,,,False,0,2125.0,3511.0,5481.0,159.0,280.0,1130.0,-153.429718017578,1721.90454101563,-590.760375976563,-71.1360092163086,3877.13452148438,-57.4559936523438,108.280990600586,9988.681640625,1190.51953125,58.828857421875,5054.0400390625,211.156463623047,True,,,,,,,,,,,,,,,,,,,
godot-expanded,089-barrel-Sand-excavate-s02,2,barrel,excavate,barrel-Sand-excavate,2,1800,e4a40f2afd80b527,142c0f3515bf06369e71f86ad7a2c9b034d6a07d8898d55e5d3289937952c048,1800,384.007136213879,384.000339651516,,158,0,112,11043,1719,2140,60011,0,0,0,0,,,False,0,3257.0,4153.0,6565.0,167.0,286.0,538.0,-484.717895507813,687.78759765625,-583.44970703125,65.0560760498047,3854.35522460938,-57.4559936523438,32.8799934387207,5069.14599609375,1192.07946777344,-233.37629699707,4670.1728515625,202.061462402344,True,,,,,,,,,,,,,,,,,,,
godot-expanded,089-barrel-Sand-excavate-s03,2,barrel,excavate,barrel-Sand-excavate,3,1800,e762359af9fcb9cf,9008f7de410cefd195619e3de4e35caff4809b8d1b225368e32190d861118d92,1800,384.011787122196,384.001985138474,,154,0,112,6171,1721,138,52608,0,0,0,0,,,False,0,2180.0,3473.0,6020.0,145.0,277.0,630.0,545.371459960938,697.343872070313,-587.071044921875,13.6799993515015,3899.021484375,-57.4559936523438,190.482833862305,8382.033203125,1178.51953125,608.53173828125,5036.84130859375,209.705459594727,True,,,,,,,,,,,,,,,,,,,
godot-expanded,089-barrel-Sand-excavate-s04,2,barrel,excavate,barrel-Sand-excavate,4,1800,7ae37c14e330a048,f4e62bd04def92a82137fff15f06c99e21b6af66be457e976d0f9d040b5876fc,1800,384.013531785574,384.001942274679,,156,0,112,10694,1731,152,72773,0,0,0,0,,,False,0,2164.0,3462.0,6061.0,160.0,289.0,529.0,1099.30627441406,1727.46069335938,-598.965454101563,58.9759979248047,3905.70971679688,-57.1519927978516,201.803100585938,10272.8564453125,1191.15954589844,533.765808105469,5062.09423828125,211.828033447266,True,,,,,,,,,,,,,,,,,,,
godot-expanded,090-barrel-Sand-reentry-s00,2,barrel,reentry,barrel-Sand-reentry,0,1800,e62acdb3fb6b7a0b,c1ae210e12dca2c6601641cfe19022037ae91a378173973517cec562d5da19ef,1800,384.001827505494,384.001739824833,,171,0,112,21766,93,145,106432,0,0,0,0,,,False,0,21.0,573.0,6250.0,152.0,273.0,787.0,1079.12548828125,4488.1611328125,-608.261108398438,-3.03999876976013,3904.49340820313,-57.1519927978516,-0.0399998798966408,1036.35974121094,778.960083007813,201.14631652832,4827.26904296875,-2.39293932914734,True,,,,,,,,,,,,,,,,,,,
godot-expanded,090-barrel-Sand-reentry-s01,2,barrel,reentry,barrel-Sand-reentry,1,1800,9757ba4a0c5e18f2,a63f1ab8ff635f278f64954feac94518d828ad1494e2999adf49f94b30546161,1800,384.001990429017,384.001744171675,,171,0,112,16963,1259,144,111266,0,0,0,0,,,False,0,557.0,896.0,6641.0,162.0,298.0,468.0,-1161.46374511719,4088.90405273438,-601.135131835938,-2.73599863052368,3904.18920898438,-57.4559936523438,-0.199999898672104,10558.1845703125,766.080078125,-354.933319091797,4865.6982421875,-1.06091177463531,True,,,,,,,,,,,,,,,,,,,
godot-expanded,090-barrel-Sand-reentry-s02,2,barrel,reentry,barrel-Sand-reentry,2,1800,f2bb2e07cb0844d9,1f606120f62ac5128aa6040b767c5d42f48fe3e7b26affe20013e10ac754744c,1800,384.00200465495,384.0019842509,,178,0,112,19444,1314,520,80725,0,0,0,0,,,False,0,694.0,4730.0,6895.0,142.0,270.0,971.0,1788.28137207031,3090.39965820313,-603.385681152344,89.6800003051758,3881.39208984375,-59.8879928588867,212.679412841797,7018.0927734375,752.60009765625,391.405426025391,4645.73486328125,-37.6477890014648,True,,,,,,,,,,,,,,,,,,,
godot-expanded,090-barrel-Sand-reentry-s03,2,barrel,reentry,barrel-Sand-reentry,3,1800,a025afd4be2d810e,439ed35632ba7c579ce588504697beecd08bc6e0025f70527344eb5014d543b4,1800,384.001746217812,384.001671606134,,168,0,112,17034,1261,144,111092,0,0,0,0,,,False,0,510.0,805.0,6899.0,161.0,289.0,456.0,902.7763671875,3820.0830078125,-586.2744140625,-3.34399890899658,3911.48486328125,-57.4559936523438,-0.159999877214432,10488.99609375,792.920104980469,87.7769622802734,4897.45703125,14.468602180481,True,,,,,,,,,,,,,,,,,,,
godot-expanded,090-barrel-Sand-reentry-s04,2,barrel,reentry,barrel-Sand-reentry,4,1800,3b227d482fd82d7d,4990834ed760c03c429af8af655fa65fea3904ec7d415ee788bbbb3e78f43a78,1800,384.007081699582,384.001734264413,,172,0,112,16941,1259,142,111385,0,0,0,0,,,False,0,565.0,836.0,6284.0,162.0,287.0,515.0,-1149.30346679688,4088.28198242188,-595.709167480469,-2.12799978256226,3899.62963867188,-59.5839920043945,1.41561031341553e-07,10558.8251953125,766.720092773438,-372.415191650391,4853.03125,-9.91397380828857,True,,,,,,,,,,,,,,,,,,,
godot-expanded,091-barrel-Empty-hard-s00,0,barrel,hard,barrel-Empty-hard,0,1800,53353741b3e548d2,20022dd22be7f1615d7a570369b7b4c1ab2e35e3d525020b87e31a5e53fdac31,1800,0.000457890804341332,0.000457890804284489,0.0,-1,1769,0,0,0,0,0,0,0,0,0,,,True,0,16.0,27.0,1539.0,61.0,107.0,305.0,0.0,0.0,,0.0,0.0,,0.0,0.0,,0.0,0.0,,,,,,,,,,,,,,,,,,,,1800.0,
godot-expanded,091-barrel-Empty-hard-s01,0,barrel,hard,barrel-Empty-hard,1,1800,72def609f0b18bcf,48589de4f6f8dfaaa94effc9d780ee277f95f00222c3f969fe2d2c61b84c68fa,1800,0.000457890804341332,0.000457890804284489,0.0,-1,1769,0,0,0,0,0,0,0,0,0,,,True,0,28.0,44.0,629.0,58.0,112.0,279.0,0.0,0.0,,0.0,0.0,,0.0,0.0,,0.0,0.0,,,,,,,,,,,,,,,,,,,,1800.0,
godot-expanded,091-barrel-Empty-hard-s02,0,barrel,hard,barrel-Empty-hard,2,1800,44b1fc2b4f43e6fc,496d001339a0ff4bb2634e5f815c50793f21c812ee14864adcbea6945347314f,1800,0.000457890804341332,0.000457890804284489,0.0,-1,1769,0,0,0,0,0,0,0,0,0,,,True,0,16.0,26.0,687.0,60.0,103.0,378.0,0.0,0.0,,0.0,0.0,,0.0,0.0,,0.0,0.0,,,,,,,,,,,,,,,,,,,,1800.0,
godot-expanded,091-barrel-Empty-hard-s03,0,barrel,hard,barrel-Empty-hard,3,1800,7c082d743a63c427,5fc98b37b9ece2d0b895a51a16cce9c1027f8957ce48a9bceed6d5dce00f708f,1800,0.000457890804341332,0.000457890804284489,0.0,-1,1769,0,0,0,0,0,0,0,0,0,,,True,0,28.0,42.0,445.0,59.0,106.0,238.0,0.0,0.0,,0.0,0.0,,0.0,0.0,,0.0,0.0,,,,,,,,,,,,,,,,,,,,1800.0,
godot-expanded,091-barrel-Empty-hard-s04,0,barrel,hard,barrel-Empty-hard,4,1800,8aa9297698281a50,33123a9f3fd2b0e7258498ee5885deaa5b1515f832c746578d940f554df86a64,1800,0.000457890804341332,0.000457890804284489,0.0,-1,1769,0,0,0,0,0,0,0,0,0,,,True,0,28.0,43.0,1531.0,58.0,107.0,263.0,0.0,0.0,,0.0,0.0,,0.0,0.0,,0.0,0.0,,,,,,,,,,,,,,,,,,,,1800.0,
godot-expanded,092-barrel-Empty-hard-s00,0,barrel,hard,barrel-Empty-hard,0,1800,53353741b3e548d2,1ffd8a33b30f8abbb44b0acf41c6dbb6c01247be9081138c0d4e8d066323ac1f,1800,0.000457763688302748,0.000457763688302748,0.0,-1,1769,0,0,0,0,0,0,0,0,0,,,True,0,16.0,27.0,673.0,61.0,105.0,251.0,0.0,0.0,,0.0,0.0,,0.0,0.0,,0.0,0.0,,,,,,,,,,,,,,,,,,,,2040.0,
godot-expanded,092-barrel-Empty-hard-s01,0,barrel,hard,barrel-Empty-hard,1,1800,72def609f0b18bcf,774b87aacc56da5d17117dcd50f38f5704887f396c89aac5eb4bbfd9ec4f2617,1800,0.000457763688302748,0.000457763688302748,0.0,-1,1769,0,0,0,0,0,0,0,0,0,,,True,0,28.0,43.0,720.0,60.0,103.0,306.0,0.0,0.0,,0.0,0.0,,0.0,0.0,,0.0,0.0,,,,,,,,,,,,,,,,,,,,2040.0,
godot-expanded,092-barrel-Empty-hard-s02,0,barrel,hard,barrel-Empty-hard,2,1800,44b1fc2b4f43e6fc,737f4249be5222a3d56d6287cacb9d66d1f92cc3176d9d8d0c73c374de83c8b0,1800,0.000457763688302748,0.000457763688302748,0.0,-1,1769,0,0,0,0,0,0,0,0,0,,,True,0,16.0,24.0,655.0,56.0,98.0,254.0,0.0,0.0,,0.0,0.0,,0.0,0.0,,0.0,0.0,,,,,,,,,,,,,,,,,,,,2040.0,
godot-expanded,092-barrel-Empty-hard-s03,0,barrel,hard,barrel-Empty-hard,3,1800,7c082d743a63c427,5994fc10d285e6b85d6d4c3d99347172b2c17dc329395e657881b10cc222f332,1800,0.000457763688302748,0.000457763688302748,0.0,-1,1769,0,0,0,0,0,0,0,0,0,,,True,0,28.0,38.0,471.0,57.0,98.0,224.0,0.0,0.0,,0.0,0.0,,0.0,0.0,,0.0,0.0,,,,,,,,,,,,,,,,,,,,2040.0,
godot-expanded,092-barrel-Empty-hard-s04,0,barrel,hard,barrel-Empty-hard,4,1800,8aa9297698281a50,3f384afd18c885030d899a0f1fce22a249d1ac4f551122518564e6effc4b0b18,1800,0.000457763688302748,0.000457763688302748,0.0,-1,1769,0,0,0,0,0,0,0,0,0,,,True,0,28.0,44.0,754.0,59.0,106.0,228.0,0.0,0.0,,0.0,0.0,,0.0,0.0,,0.0,0.0,,,,,,,,,,,,,,,,,,,,2040.0,
godot-creep,000-barrel-Sand-flat-s00,2,barrel,flat,barrel-Sand-flat,0,7200,31fe22ff64e74c8c,588ad01f8bcdf6e151a078febc86c34580fef1c4f0e7f40e01446e135db998e6,7200,384.002147190076,384.001858776519,,155,0,112,84372,1993,562,512316,0,0,0,0,,,False,0,29.0,3123.0,6446.0,159.0,259.0,465.0,6147.5908203125,19693.609375,-596.65234375,11.8559989929199,17067.814453125,-57.1519927978516,110.121063232422,19401.65234375,1204.31945800781,1259.42150878906,20917.568359375,215.162826538086,,,,,,,,,,,,,,,,,,,,
godot-creep,000-barrel-Sand-flat-s01,2,barrel,flat,barrel-Sand-flat,1,7200,d865e5b529788f9e,d3f6242e58e908f63e7f193f6b32d6d9a058c7376e09ba13e3937fa39b984dcb,7200,384.001748594655,384.001743410117,,156,0,112,75460,7135,135,487052,0,0,0,0,,,False,0,563.0,848.0,5753.0,180.0,301.0,1161.0,-6334.60302734375,19696.55078125,-590.760375976563,-2.73599863052368,17072.365234375,-57.4559936523438,-0.199999898672104,66271.8828125,1190.51953125,-973.207397460938,21319.923828125,211.156463623047,,,,,,,,,,,,,,,,,,,,
godot-creep,000-barrel-Sand-flat-s02,2,barrel,flat,barrel-Sand-flat,2,7200,9ac93bf0ad174b8f,bcb37f255f73ef5be15184eb105e263f2c4841adb6cc7a9f287cd173d48f86ce,7200,384.001934095038,384.001931805056,,158,0,112,75421,7133,127,543522,0,0,0,0,,,False,0,497.0,750.0,6365.0,188.0,306.0,629.0,-6335.4033203125,19698.125,-583.44970703125,-2.73599863052368,17067.501953125,-57.4559936523438,-0.159999877214432,8419.2861328125,1192.07946777344,-2998.07080078125,21113.490234375,202.061462402344,,,,,,,,,,,,,,,,,,,,
godot-creep,000-barrel-Sand-flat-s03,2,barrel,flat,barrel-Sand-flat,3,7200,62375ceff843536d,e3ec6f744ddede143d246271c74237127d9caa4b185afb2e227be37a3f64ef65,7200,384.001743594097,384.001735153654,,154,0,112,67048,7136,128,536297,0,0,0,0,,,False,0,516.0,752.0,5999.0,188.0,301.0,1203.0,-5053.205078125,19705.99609375,-587.071044921875,-3.34399890899658,17077.228515625,-57.4559936523438,-0.159999877214432,71638.515625,1178.51953125,-787.312683105469,21333.701171875,209.705459594727,,,,,,,,,,,,,,,,,,,,
godot-creep,000-barrel-Sand-flat-s04,2,barrel,flat,barrel-Sand-flat,4,7200,b50b6e8c97f5fcdf,1d2b579a0d88fb2df6be8328c1b4d01195062483ed37cbdbccde8426f78222a2,7200,384.001803628193,384.001791329108,,156,0,112,75221,7135,180,478032,0,0,0,0,,,False,0,570.0,847.0,6309.0,178.0,294.0,1423.0,-6054.630859375,19688.3359375,-598.965454101563,1.19209289550781e-07,17072.671875,-57.1519927978516,-145.560028076172,65298.76171875,1191.15954589844,-1002.03436279297,21319.4453125,211.828033447266,,,,,,,,,,,,,,,,,,,,
godot-creep,000-barrel-Sand-flat-s05,2,barrel,flat,barrel-Sand-flat,5,7200,20b268b3ddde11d3,1bc983250f955892cee0eac4802f08e7511497b9dd0bd2a783b5654649d61b2f,7200,384.001693864554,384.001677886261,,143,0,112,84430,7154,133,486419,0,0,0,0,,,False,0,126.0,221.0,5672.0,170.0,283.0,654.0,6359.662109375,19749.92578125,-574.833862304688,-2.12799978256226,17104.28125,-57.1519927978516,0.0400001034140587,66473.2890625,1271.75915527344,423.828765869141,21442.53515625,275.564056396484,,,,,,,,,,,,,,,,,,,,
godot-creep,000-barrel-Sand-flat-s06,2,barrel,flat,barrel-Sand-flat,6,7200,83cff2b9aa82ac64,c559e193d735f976ad74158673fac7c04f73933818ed35b13a5fee227f11d6c5,7200,384.001748108381,384.001740080354,,143,0,112,107985,7154,129,514668,0,0,0,0,,,False,0,526.0,802.0,5714.0,182.0,314.0,1564.0,11453.2646484375,19761.001953125,-563.780944824219,-2.43199968338013,17104.28125,-57.1519927978516,282.306671142578,69582.4453125,1272.59924316406,960.168823242188,21423.552734375,275.111358642578,,,,,,,,,,,,,,,,,,,,
godot-creep,000-barrel-Sand-flat-s07,2,barrel,flat,barrel-Sand-flat,7,7200,2186e6130573847e,f20ba4051fc256bb2e20e27695f5868fc9fc910bef030d8044c643fdfb28e6e4,7200,384.001748592494,384.001738228304,,143,0,112,75663,7154,133,486445,0,0,0,0,,,False,0,581.0,865.0,5217.0,176.0,305.0,579.0,-6336.32470703125,19739.48828125,-585.273864746094,-2.12799978256226,17104.28125,-57.1519927978516,1.41561031341553e-07,66473.328125,1271.79919433594,-977.272399902344,21422.662109375,274.959320068359,,,,,,,,,,,,,,,,,,,,
godot-creep,000-barrel-Sand-flat-s08,2,barrel,flat,barrel-Sand-flat,8,7200,3019bb68eb269d98,4c21832754b01edb1d131420d51d353d81e4b329ef8826b034f4a1b37077faaf,7200,386.421875,384.001861810937,,159,0,112,67641,142,136,465980,0,0,0,0,,,False,0,3.0,10.0,5753.0,163.0,266.0,601.0,-3778.13061523438,18431.357421875,-589.903076171875,-2.43199968338013,17062.943359375,-59.5839920043945,1.41561031341553e-07,1639.44177246094,1213.59948730469,-2918.69458007813,21127.82421875,209.461471557617,,,,,,,,,,,,,,,,,,,,
godot-creep,000-barrel-Sand-flat-s09,2,barrel,flat,barrel-Sand-flat,9,7200,b10747172893cac3,6af590f4e5387616e2246a1fe2a6cde5098aeec8212496f962106851ceb11674,7200,384.001765844791,384.00173875237,,154,0,112,116347,7139,134,508143,0,0,0,0,,,False,0,534.0,818.0,5359.0,181.0,310.0,1213.0,12689.0146484375,19709.923828125,-583.173217773438,-2.43199872970581,17077.228515625,-57.4559936523438,563.693176269531,68864.4921875,1217.95947265625,1139.20104980469,21333.830078125,227.325271606445,,,,,,,,,,,,,,,,,,,,
godot-creep,000-barrel-Sand-flat-s10,2,barrel,flat,barrel-Sand-flat,10,7200,5cd430d6f8c3a1ef,e12e455bea597027cbf920b0345981e7f591673885af657d63c79e014c6a5da3,7200,384.001806414548,384.00179100593,,156,0,112,74380,7136,129,515211,0,0,0,0,,,False,0,589.0,885.0,5487.0,180.0,314.0,1341.0,-10139.6728515625,18440.599609375,-578.519470214844,-2.12799978256226,17072.669921875,-57.1519927978516,-281.786560058594,69386.4921875,1202.47961425781,-1446.28137207031,21297.359375,215.370559692383,,,,,,,,,,,,,,,,,,,,
godot-creep,000-barrel-Sand-flat-s11,2,barrel,flat,barrel-Sand-flat,11,7200,aa025859ac7790c4,26790dbfc207aad128c08a2c128aac6b7a61a73db7d55bf64937715f7eac6846,7200,384.00179205812,384.001349735002,,161,0,112,106577,138,131,515439,0,0,0,0,,,False,0,3.0,10.0,4986.0,174.0,284.0,892.0,9379.0078125,19686.19140625,-587.108093261719,-2.73599863052368,17060.20703125,-57.4559936523438,1.7599995136261,1642.52221679688,1177.87963867188,2848.83251953125,20550.6171875,191.819198608398,,,,,,,,,,,,,,,,,,,,
godot-creep,000-barrel-Sand-flat-s12,2,barrel,flat,barrel-Sand-flat,12,7200,ef24d2cd9bbbad6e,51014358d23df55a83b03bc62a86381be1c809185f4a44dbc3b88ebb53f2f134,7200,384.001806272051,384.001798276328,,154,0,112,108207,7138,131,515126,0,0,0,0,,,False,0,528.0,810.0,6230.0,181.0,328.0,848.0,-11413.6279296875,19702.017578125,-591.0810546875,-2.73599863052368,17077.228515625,-57.4559936523438,-282.066619873047,69408.1328125,1204.75952148438,-1514.74890136719,21302.494140625,219.298217773438,,,,,,,,,,,,,,,,,,,,
godot-creep,000-barrel-Sand-flat-s13,2,barrel,flat,barrel-Sand-flat,13,7200,82f6241f2a8b7cd6,88d6e22eb60cfa2517321d8f7a89315a3689e81217e5773e2e516f7cd33f95aa,7200,384.001755830367,384.001746469571,,157,0,112,87764,7135,135,519305,0,0,0,0,,,False,0,549.0,813.0,5747.0,181.0,306.0,531.0,10678.603515625,19711.658203125,-572.78125,-2.12799882888794,17069.93359375,-57.4559936523438,402.334655761719,69982.2109375,1204.83947753906,946.735412597656,21317.677734375,211.080230712891,,,,,,,,,,,,,,,,,,,,
godot-creep,000-barrel-Sand-flat-s14,2,barrel,flat,barrel-Sand-flat,14,7200,a493469cf21bd999,67f4fc387c883c65fe33fbff6510af028489b127beb5f124745e4834b4579952,7200,384.002118295624,384.000145627217,,159,0,112,11329,7080,3220,318192,0,0,0,0,,,False,0,3119.0,5569.0,9161.0,173.0,295.0,1276.0,3566.56787109375,-92.459587097168,-591.106872558594,14.8959922790527,16890.06640625,-57.1519927978516,1028.29821777344,46885.42578125,1191.79956054688,1484.66760253906,20870.0234375,197.673751831055,,,,,,,,,,,,,,,,,,,,
godot-creep,000-barrel-Sand-flat-s15,2,barrel,flat,barrel-Sand-flat,15,7200,28b5c790bd25c4e9,bcb52d178fe0545c121fd3ed355bcd654ced1714f1df38436eb9f17c66d593a9,7200,384.001802664805,384.001789539727,,155,0,112,98193,7136,130,522214,0,0,0,0,,,False,0,457.0,675.0,5039.0,184.0,297.0,922.0,-10142.244140625,19692.060546875,-598.153930664063,-2.73599863052368,17074.796875,-57.4559936523438,-281.986602783203,70234.5859375,1191.39953613281,-1380.2314453125,21306.8359375,217.091537475586,,,,,,,,,,,,,,,,,,,,
godot-creep,000-barrel-Sand-flat-s16,2,barrel,flat,barrel-Sand-flat,16,7200,c96bb1fc4665175b,75acd02b0693c3f251e50faa1864ba8d05af7c84d7baf705eabe26df51d27b07,7200,384.001748592611,384.001738281074,,143,0,112,75666,7154,133,486445,0,0,0,0,,,False,0,952.0,1304.0,6326.0,187.0,305.0,774.0,-6336.3251953125,19739.48828125,-585.273864746094,-2.12799978256226,17104.28125,-57.1519927978516,1.41561031341553e-07,66473.328125,1271.79919433594,-977.272399902344,21422.662109375,274.959320068359,,,,,,,,,,,,,,,,,,,,
godot-creep,000-barrel-Sand-flat-s17,2,barrel,flat,barrel-Sand-flat,17,7200,65b537a761a55a5f,c372d1c558aae90c74f494c2160aa49e50c21e08e7a61d333547b3a4727c99e0,7200,384.001693727838,384.001677738841,,143,0,112,84440,7154,133,486419,0,0,0,0,,,False,0,241.0,414.0,5685.0,174.0,302.0,1348.0,6359.662109375,19749.92578125,-574.833862304688,-2.12799978256226,17104.28125,-57.1519927978516,0.0400001034140587,66473.2890625,1271.75915527344,423.828765869141,21442.53515625,275.564056396484,,,,,,,,,,,,,,,,,,,,
godot-creep,000-barrel-Sand-flat-s18,2,barrel,flat,barrel-Sand-flat,18,7200,bb4a114349ca25ec,35ae55da2c581d6f95619c949ce17203dd7cbe3d9be5dfc7f9b1b402041497d4,7200,384.001748110069,384.001744621732,,152,0,112,107888,7139,131,515071,0,0,0,0,,,False,0,489.0,758.0,5181.0,180.0,321.0,1439.0,11424.60546875,19698.650390625,-600.195617675781,-2.73599863052368,17082.091796875,-57.4559936523438,285.707397460938,69417.9296875,1195.19946289063,962.158874511719,21347.6875,226.197784423828,,,,,,,,,,,,,,,,,,,,
godot-creep,000-barrel-Sand-flat-s19,2,barrel,flat,barrel-Sand-flat,19,7200,f37749159c636297,f71662f7ec5e1e4a3cc85ef23dc6a8b21b8ff9bd9b065c1730da5074d4024952,7200,384.001745001382,384.001735738161,,155,0,112,67077,7135,134,479952,0,0,0,0,,,False,0,579.0,922.0,4959.0,180.0,344.0,1257.0,-5051.4580078125,19700.76171875,-589.425109863281,-2.12799978256226,17075.1015625,-57.1519927978516,1.6800000667572,65432.23828125,1179.27954101563,-846.779663085938,21333.16796875,213.21321105957,,,,,,,,,,,,,,,,,,,,
godot-creep,001-barrel-Sand-flat-s00,2,barrel,flat,barrel-Sand-flat,0,7200,483ac8edff6c04d1,e8afed0b66c5626af1f7720771c1732d5cec8bedbc547a81043838be450f8600,7200,384.00283633397,384.002663115622,,143,0,112,1289,3058,862,474615,0,0,0,0,,,False,0,117.0,4741.0,7634.0,172.0,306.0,1539.0,-2687.9365234375,18561.458984375,-611.980651855469,27.3600158691406,17046.841796875,-82.9919738769531,-181.963363647461,28167.705078125,1085.11999511719,-1657.50317382813,39148.57421875,376.689758300781,,,,,6,,,,,,,,,,,,,,,
godot-creep,001-barrel-Sand-flat-s01,2,barrel,flat,barrel-Sand-flat,1,7200,3000ba42fe60033a,764ea3f0a787bdf96345ff8b9caa69f88190192b4e7b443ccf139b49e78ebdc9,7200,384.002656109645,384.00264471856,,154,0,112,888,7120,138,591851,0,0,0,0,,,False,0,566.0,871.0,7174.0,194.0,353.0,8758.0,5076.75048828125,19646.849609375,-646.223815917969,1.21600008010864,17044.40234375,-90.287971496582,-0.399999856948853,78331.4375,1102.03979492188,1869.0732421875,42562.3046875,330.783538818359,,,,,6,,,,,,,,,,,,,,,
godot-creep,001-barrel-Sand-flat-s02,2,barrel,flat,barrel-Sand-flat,2,7200,e8217427e1003ff4,166730af7c15a74ea570f182e2f61bb6da825df6b242799096ea17d33ebe8f06,7200,384.002861089435,384.00080007985,,149,0,112,1492,6958,5340,323082,0,0,0,0,,,False,0,839.0,5455.0,11254.0,162.0,304.0,980.0,195.198608398438,17144.724609375,-633.426696777344,3.64801383018494,16917.62109375,-84.5119705200195,99.0400619506836,28862.115234375,1084.9599609375,164.530868530273,41341.546875,348.086120605469,,,,,6,,,,,,,,,,,,,,,
godot-creep,001-barrel-Sand-flat-s03,2,barrel,flat,barrel-Sand-flat,3,7200,ff69c6b685719397,93b9b94679a2a6dd1806baabff82738147764eb24e8d958b32753c607df212c2,7200,387.572875976563,384.002660541549,,144,0,112,1148,7127,291,540394,0,0,0,0,,,False,0,541.0,995.0,6827.0,193.0,339.0,1917.0,5115.9521484375,19649.046875,-672.761535644531,-0.304001748561859,17067.501953125,-83.599967956543,257.140991210938,72952.2265625,1097.7998046875,2095.34204101563,42589.44921875,368.828125,,,,,6,,,,,,,,,,,,,,,
godot-creep,001-barrel-Sand-flat-s04,2,barrel,flat,barrel-Sand-flat,4,7200,dda4cf5e2ad19e58,3814d116622a74aa8931f54a02e8e7139759117ad9dfde4021dc1a6cb21f019b,7200,384.002701467243,384.000545139842,,140,0,112,5282,7133,6190,211582,0,0,0,0,,,False,0,1353.0,5861.0,10025.0,159.0,259.0,820.0,62.0152282714844,18882.7109375,-639.417846679688,39.8239097595215,16900.2578125,-89.0719680786133,-27.0404758453369,34656.2734375,1098.23999023438,41.6015510559082,41277.10546875,399.453887939453,,,,,6,,,,,,,,,,,,,,,
godot-creep,001-barrel-Sand-flat-s05,2,barrel,flat,barrel-Sand-flat,5,7200,fc9e112b4825d42a,c9b7caae8a7f5c766f6e39249751943e3bf4aac5d7f51c842140d9e1bd0b6cc4,7200,384.002476605097,384.002466298173,,137,0,112,9113,7136,118,591322,0,0,0,0,,,False,0,127.0,213.0,5968.0,195.0,293.0,838.0,4.02280616760254,24813.5859375,-608.687927246094,0.0,17093.03515625,-82.9919738769531,0.0,78515.859375,1100.11987304688,-3.44731593132019,42795.3828125,417.405670166016,,,,,6,,,,,,,,,,,,,,,
godot-creep,001-barrel-Sand-flat-s06,2,barrel,flat,barrel-Sand-flat,6,7200,751e2156e7c82cff,327288fe16eab1fa28ee528de1168ec5fff3b1e9f1278b4f92172c32db00489f,7200,384.003027002565,384.000218283322,,136,0,112,3525,7139,6194,317221,0,0,0,0,,,False,0,4589.0,5685.0,98365.0,198.0,315.0,17481.0,197.418853759766,17693.171875,-623.146118164063,-30.4000110626221,16884.83203125,-80.255973815918,74.2389526367188,46976.17578125,1087.27990722656,103.393272399902,41692.80859375,412.181091308594,,,,,6,,,,,,,,,,,,,,,
godot-creep,001-barrel-Sand-flat-s07,2,barrel,flat,barrel-Sand-flat,7,7200,92eab2a541909fb7,79a4efdbff8707d90c0c09882777d358207987712de414f8d0279eaa726af9fa,7200,384.002655155667,384.002455187614,,141,0,112,6523,7132,131,549224,0,0,0,0,,,False,0,576.0,845.0,5673.0,190.0,306.0,786.0,-1539.16711425781,23253.48046875,-611.754638671875,0.911999940872192,17085.740234375,-80.5599670410156,0.24000009894371,73369.0234375,1088.03991699219,-594.331420898438,42729.75390625,389.813018798828,,,,,6,,,,,,,,,,,,,,,
godot-creep,001-barrel-Sand-flat-s08,2,barrel,flat,barrel-Sand-flat,8,7200,42845ef99e584bd9,12da0b143459edd94ebd9bbce88ce9b942c5dfdc8ece78ed6513e1a0cb71b1a7,7200,384.003059253422,384.000295277564,,153,0,112,878,5654,4621,269428,0,0,0,0,,,False,0,1092.0,5407.0,9981.0,157.0,256.0,1198.0,-499.653991699219,-49.1547088623047,-630.013671875,209.152313232422,16999.591796875,-89.9839706420898,-763.675720214844,33089.296875,1101.19982910156,-992.421997070313,36679.921875,341.321624755859,,,,,6,,,,,,,,,,,,,,,
godot-creep,001-barrel-Sand-flat-s09,2,barrel,flat,barrel-Sand-flat,9,7200,ea66d87a5677b21e,cbb8fbaf6a63ca2617e5f5d2972b9e6aab37a1dd4c38ca250c70e4bfeac43893,7200,384.002608291533,384.002591866864,,143,0,112,1037,7132,112,619722,0,0,0,0,,,False,0,533.0,786.0,6157.0,203.0,327.0,927.0,-5080.2001953125,19710.669921875,-614.088073730469,0.0,17079.357421875,-82.0799865722656,-0.0399999991059303,81809.6796875,1077.63989257813,-1817.87036132813,42679.40625,375.015930175781,,,,,6,,,,,,,,,,,,,,,
godot-creep,001-barrel-Sand-flat-s10,2,barrel,flat,barrel-Sand-flat,10,7200,be3be6bfd661d08e,f10b7c70149d69aabff29ba594adaf7350efc187c17b745a489ea7c4a770f1de,7200,8.99581909179688,1.52536010742188,-0.19964599609375,-1,0,24,25,0,122,1706,0,0,0,0,,,True,0,473.0,697.0,6263.0,81.0,160.0,450.0,-2.84400081634521,-222.227508544922,,2.12799859046936,-10903.5947265625,,0.519999980926514,88.5602111816406,,-0.347485452890396,-11035.80078125,,,,,,6,,,,,,,,,,,,,,,
godot-creep,001-barrel-Sand-flat-s11,2,barrel,flat,barrel-Sand-flat,11,7200,8ff4981943f1eb09,35f165c913eee4aabaf2e33449cb39752e4d0ffc5b216beb5c5a5493399f99e2,7200,384.003542795617,384.000057141896,,151,0,112,866,2704,4684,301055,0,0,0,0,,,False,0,6.0,5782.0,12150.0,149.0,295.0,35765.0,2089.77270507813,-338.150939941406,-620.648864746094,-27.9680576324463,16941.642578125,-90.287971496582,9.20001602172852,17358.33203125,1101.27990722656,1917.50036621094,26196.140625,352.834869384766,,,,,6,,,,,,,,,,,,,,,
godot-creep,001-barrel-Sand-flat-s12,2,barrel,flat,barrel-Sand-flat,12,7200,fae405b0e57fd4e4,47db6bdc9da8957ddacd20561cd757b577e38e4a243e28a6747b826f73a7a1cc,7200,384.002824176905,384.002716595939,,145,0,112,923,7126,158,470114,0,0,0,0,,,False,0,601.0,1143.0,6713.0,220.0,491.0,14748.0,6300.8369140625,18426.4609375,-622.373840332031,0.607999861240387,17074.494140625,-80.5599670410156,563.813171386719,65375.1953125,1074.88000488281,2882.67993164063,42582.03515625,357.454620361328,,,,,6,,,,,,,,,,,,,,,
godot-creep,001-barrel-Sand-flat-s13,2,barrel,flat,barrel-Sand-flat,13,7200,e51e36728a1a15b7,d6d016f571241fea9af95733b155436afcd30dcc12a1a2af671ad8acd6a23f0e,7200,8.99581909179688,1.37823486328125,-0.231887817382813,-1,0,24,22,0,325,1834,0,0,0,0,,,True,0,435.0,731.0,7743.0,81.0,171.0,709.0,-5.90400171279907,-259.484771728516,,6.07999706268311,-10864.0546875,,0.119998209178448,92.2406845092773,,-0.210594922304153,-11030.06640625,,,,,,6,,,,,,,,,,,,,,,
godot-creep,001-barrel-Sand-flat-s14,2,barrel,flat,barrel-Sand-flat,14,7200,3494393c1e66e8ab,6ba04df649ceba0a42295f4fe3a875ed8c471a1b24477021a8556c462ceef407,7200,9.03662109375,1.61003112792969,-0.0361328125,-1,0,32,15,0,117,1704,0,0,0,0,,,True,0,3.0,8.0,5675.0,71.0,127.0,408.0,2.62800049781799,-227.69987487793,,-2.43199920654297,-10862.259765625,,-0.319999933242798,54.1200332641602,,-0.123999983072281,-11035.3544921875,,,,,,6,,,,,,,,,,,,,,,
godot-creep,001-barrel-Sand-flat-s15,2,barrel,flat,barrel-Sand-flat,15,7200,490ca4ac38e78a0d,9a99dac3164617cbdfc79ac44e04a7ca1a753a233fae581d5b7c6e069b189fad,7200,384.002476572505,384.002466426527,,137,0,112,9113,7136,118,591322,0,0,0,0,,,False,0,875.0,1473.0,7313.0,196.0,401.0,9415.0,4.02281427383423,24813.5859375,-608.687927246094,0.0,17093.03515625,-82.9919738769531,0.0,78515.859375,1100.11987304688,-3.44731259346008,42795.3828125,417.405670166016,,,,,6,,,,,,,,,,,,,,,
godot-creep,001-barrel-Sand-flat-s16,2,barrel,flat,barrel-Sand-flat,16,7200,3029ddee13f4d3,5ca5edd2ad791ae920a7a1d10503546b0172560924496140a5c2048e920a5648,7200,384.002720785306,384.002647196617,,136,0,112,1114,7137,118,626789,0,0,0,0,,,False,0,953.0,1450.0,7420.0,205.0,378.0,2699.0,6362.19970703125,19720.4296875,-624.51123046875,0.911999940872192,17097.8984375,-80.5599670410156,0.24000009894371,82750.5234375,1090.43994140625,2258.99609375,42736.734375,410.044006347656,,,,,6,,,,,,,,,,,,,,,
godot-creep,001-barrel-Sand-flat-s17,2,barrel,flat,barrel-Sand-flat,17,7200,a26c631dcfe38eaf,69bb42a6d09f85fc2da16890552488fa474776abde0f33ea89722720db7c0808,7200,384.002476605097,384.002466298173,,137,0,112,9113,7136,116,591327,0,0,0,0,,,False,0,239.0,406.0,7079.0,188.0,311.0,8331.0,4.02280616760254,24813.189453125,-609.083923339844,0.0,17093.337890625,-82.6879730224609,0.0,78516.3359375,1100.59985351563,-3.44731593132019,42795.3828125,417.405670166016,,,,,6,,,,,,,,,,,,,,,
godot-creep,001-barrel-Sand-flat-s18,2,barrel,flat,barrel-Sand-flat,18,7200,2ba4ac736661467b,8a8c86a78132bbccec0c57773dff02b2fb163fc3298e2108d5376c2fb2394a36,7200,384.002887948797,384.002713341327,,144,0,112,943,7127,157,522330,0,0,0,0,,,False,0,488.0,854.0,8180.0,183.0,355.0,4239.0,-6555.6748046875,18418.13671875,-633.433715820313,-1.52000176906586,17076.62109375,-82.079963684082,-282.506713867188,70375.9296875,1085.0,-2738.75439453125,42611.265625,364.13623046875,,,,,6,,,,,,,,,,,,,,,
godot-creep,001-barrel-Sand-flat-s19,2,barrel,flat,barrel-Sand-flat,19,7200,739cfcf6a8a32ad3,940e9ab608f2679a2f5d9b4ec81af74b060086fb975166f93173803ca163e217,7200,384.002943342786,384.002764034217,,153,0,112,881,7123,167,501881,0,0,0,0,,,False,0,562.0,777.0,7332.0,173.0,284.0,3942.0,6167.0302734375,18491.341796875,-639.453247070313,0.607999861240387,17045.921875,-90.287971496582,234.984588623047,67846.84375,1114.83984375,2641.28540039063,42495.39453125,347.328125,,,,,6,,,,,,,,,,,,,,,
godot-creep,002-barrel-Sand-flat-s00,2,barrel,flat,barrel-Sand-flat,0,7200,a9ef79848320fd97,fc9f0c972c062e7b20088454e71b99db5fa00e7fd7fc65b96e41142aefd2cfb4,7200,384.001744734679,384.00174088486,,153,0,112,114084,122,131,515112,0,0,0,0,,,False,0,19.0,33.0,5105.0,169.0,261.0,4859.0,11453.365234375,19715.423828125,-580.328918457031,2.43199992179871,34158.71484375,-115.519981384277,1.47999978065491,1499.44128417969,1189.67956542969,-827.882568359375,21074.75,217.163162231445,,,0.38,,,,,,,,,,,,,,,,,
godot-creep,002-barrel-Sand-flat-s01,2,barrel,flat,barrel-Sand-flat,1,7200,512eddd34978b522,14dce381ff3390de77da789bbce6dd4f54a5c47ede6021da05fabacd0faea885,7200,384.001680948821,384.001668515102,,154,0,112,96836,7138,134,493975,0,0,0,0,,,False,0,556.0,710.0,5043.0,169.0,266.0,1064.0,11441.591796875,18453.5234375,-570.909240722656,2.43199992179871,34153.8515625,-115.519981384277,282.186645507813,66883.6171875,1212.99938964844,-98.6672592163086,21363.625,225.638931274414,,,0.38,,,,,,,,,,,,,,,,,
godot-creep,002-barrel-Sand-flat-s02,2,barrel,flat,barrel-Sand-flat,2,7200,dede8543f59fc479,cf96d976dc78b87c6b0d942060489d62e1fe51dc9a7f0bf478bf05ad7cbcc93b,7200,384.002003982142,384.001672098504,,159,0,112,82312,7132,147,486663,0,0,0,0,,,False,0,494.0,672.0,6098.0,167.0,262.0,802.0,-4257.0068359375,19667.986328125,-610.738159179688,5.471999168396,34128.92578125,-116.127983093262,6.47999906539917,9223.61328125,1188.51953125,-3056.10375976563,21072.40625,197.315551757813,,,0.38,,,,,,,,,,,,,,,,,
godot-creep,002-barrel-Sand-flat-s03,2,barrel,flat,barrel-Sand-flat,3,7200,d0ce337dff6825d9,076a53df5636888c68f1c9eae64d72cb28fdaf5bd910863983f17df0c4243190,7200,384.001749256493,384.001680063669,,154,0,112,84257,7137,130,522264,0,0,0,0,,,False,0,512.0,686.0,5036.0,175.0,278.0,764.0,10166.048828125,19704.291015625,-588.563354492188,2.43199992179871,34153.8515625,-115.519981384277,282.026611328125,70256.21875,1203.23950195313,-172.224014282227,21357.951171875,220.012939453125,,,0.38,,,,,,,,,,,,,,,,,
godot-creep,002-barrel-Sand-flat-s04,2,barrel,flat,barrel-Sand-flat,4,7200,779bfe3339845c00,5c860a0ec82520605a8d28f10d9d6de80894d020642de97133b3b41dbe0c9d56,7200,384.001682475963,384.001673084264,,157,0,112,90404,7135,136,515244,0,0,0,0,,,False,0,566.0,716.0,5017.0,175.0,272.0,1081.0,10168.306640625,18437.2578125,-579.079650878906,3.64799952507019,34138.04296875,-116.735984802246,282.066619873047,69374.7734375,1200.43957519531,-149.451568603516,21338.265625,209.325424194336,,,0.38,,,,,,,,,,,,,,,,,
godot-creep,002-barrel-Sand-flat-s05,2,barrel,flat,barrel-Sand-flat,5,7200,6175e4ffb2e35d7b,8896f6848b15f0624ef93db97aa91f6015001208fd431c626bddf0661cbbd12e,7200,384.003078098314,384.001676380347,,150,0,112,66718,253,178,431295,0,0,0,0,,,False,0,3.0,12.0,5750.0,153.0,238.0,1351.0,9531.7197265625,16310.05078125,-613.049621582031,6.6879997253418,34169.046875,-115.519981384277,3.27999925613403,2631.51342773438,1216.83935546875,-765.505065917969,21018.376953125,234.860595703125,,,0.38,,,,,,,,,,,,,,,,,
godot-creep,002-barrel-Sand-flat-s06,2,barrel,flat,barrel-Sand-flat,6,7200,ba135b7db203c110,7028052d3f5428347c4147e629ba5e19b88575612140eafe725f889b22eacd69,7200,384.001748007657,384.001740237574,,144,0,112,66683,7151,127,550062,0,0,0,0,,,False,0,520.0,660.0,5319.0,180.0,278.0,575.0,-5075.6083984375,19739.60546875,-582.285766601563,-1.21599984169006,34201.875,-116.127983093262,0.200000107288361,73509.015625,1258.71923828125,-963.205871582031,21412.46484375,267.015747070313,,,0.38,,,,,,,,,,,,,,,,,
godot-creep,002-barrel-Sand-flat-s07,2,barrel,flat,barrel-Sand-flat,7,7200,c3a20a90f04c91ba,6af6281528a86488121f302cefef3c7642b99e676977e988c1919e23beb0159b,7200,384.001689927056,384.001676593049,,143,0,112,85188,7153,136,486432,0,0,0,0,,,False,0,573.0,743.0,4972.0,172.0,273.0,737.0,6379.72216796875,19742.904296875,-581.676818847656,3.64799952507019,34207.34765625,-115.519989013672,0.280000060796738,66471.96875,1270.43920898438,-440.036865234375,21441.298828125,274.506408691406,,,0.38,,,,,,,,,,,,,,,,,
godot-creep,002-barrel-Sand-flat-s08,2,barrel,flat,barrel-Sand-flat,8,7200,3fee9cb8ca90acba,fba665ec367e4d6771d962a80ddc5f5ffd59ccb956d40d5038a707ee349eb49c,7200,384.001741962888,384.001727290326,,151,0,112,99596,7144,140,486797,0,0,0,0,,,False,0,133.0,245.0,5619.0,171.0,288.0,1748.0,4408.1123046875,21680.611328125,-578.528198242188,3.64799952507019,34167.22265625,-116.735984802246,0.280000060796738,66383.8671875,1256.27917480469,-552.148315429688,21387.625,249.124633789063,,,0.38,,,,,,,,,,,,,,,,,
godot-creep,002-barrel-Sand-flat-s09,2,barrel,flat,barrel-Sand-flat,9,7200,11511cb861938c17,257536505184b8f512d9723568bb6dc1dc8974082d29747ec5f8d6b1e469c02b,7200,384.001748479656,384.001738779399,,156,0,112,66404,7134,128,536347,0,0,0,0,,,False,0,530.0,896.0,5155.0,182.0,342.0,1025.0,-5062.76904296875,19703.11328125,-584.194458007813,2.43199992179871,34144.125,-115.519981384277,0.160000056028366,71630.359375,1190.35949707031,-971.341613769531,21317.177734375,207.74006652832,,,0.38,,,,,,,,,,,,,,,,,
godot-creep,002-barrel-Sand-flat-s10,2,barrel,flat,barrel-Sand-flat,10,7200,47eace90e3facd26,fd7af3ab69d4865efc723d32026052d4d5fcb0f8b19d1cc418d0d2eaf07d1a0d,7200,384.00172147273,384.00167668819,,158,0,112,96843,7131,145,494040,0,0,0,0,,,False,0,585.0,1013.0,5936.0,175.0,368.0,3728.0,11421.98828125,18422.513671875,-591.13134765625,0.0,34134.3984375,-116.127983093262,284.705017089844,66791.46875,1173.23950195313,-104.572074890137,21324.90625,199.063568115234,,,0.38,,,,,,,,,,,,,,,,,
godot-creep,002-barrel-Sand-flat-s11,2,barrel,flat,barrel-Sand-flat,11,7200,4e564dec08130c80,9c2664036fa386082dce805fe35262bf48dedfd78b6ad962f864f2a0ff39bcca,7200,384.001949955974,384.001685680448,,159,0,112,81620,190,137,494412,0,0,0,0,,,False,0,3.0,17.0,5931.0,159.0,333.0,6147.0,11232.322265625,15914.9423828125,-593.168090820313,4.86399936676025,34129.53515625,-115.519981384277,0.640000581741333,2128.6806640625,1216.59948730469,-441.042663574219,20981.53125,207.746963500977,,,0.38,,,,,,,,,,,,,,,,,
godot-creep,002-barrel-Sand-flat-s12,2,barrel,flat,barrel-Sand-flat,12,7200,e8c5a329ad745e86,fbb33a65bab00257eee3d2dbaed6eeb551b325b57ee6c993905065dbd95d01fb,7200,384.001681021088,384.001674511006,,155,0,112,130341,7136,137,501096,0,0,0,0,,,False,0,529.0,984.0,6329.0,172.0,421.0,7511.0,13949.0283203125,19705.603515625,-584.58984375,4.86399984359741,34148.37890625,-116.127983093262,845.932067871094,68269.1328125,1202.55944824219,103.792366027832,21350.888671875,215.90299987793,,,0.38,,,,,,,,,,,,,,,,,
godot-creep,002-barrel-Sand-flat-s13,2,barrel,flat,barrel-Sand-flat,13,7200,ebc16da63bdd382a,47a2a56ec7a76ab344ba753b401a7f79d772fdb4e46aad7656628fda78fe136b,7200,384.001741948525,384.001729282748,,156,0,112,86794,7135,135,487024,0,0,0,0,,,False,0,548.0,902.0,6636.0,163.0,371.0,4824.0,6096.17822265625,19959.44921875,-581.75732421875,2.43199992179871,34144.125,-115.519981384277,0.160000056028366,66270.2421875,1188.87951660156,-451.611114501953,21335.666015625,208.580795288086,,,0.38,,,,,,,,,,,,,,,,,
godot-creep,002-barrel-Sand-flat-s14,2,barrel,flat,barrel-Sand-flat,14,7200,8911b5dc7274d26a,088c6245d6003c1f359db2b03eb8fe215c928e522f5926c8afaaf72f3898eff1,7200,384.002119135688,384.001687473167,,160,0,112,100486,192,147,503913,0,0,0,0,,,False,0,3.0,12.0,6078.0,158.0,280.0,985.0,15091.759765625,14936.134765625,-580.762390136719,6.6879997253418,34124.0625,-116.127983093262,6.159996509552,2193.919921875,1203.51940917969,260.274566650391,20775.447265625,202.578063964844,,,0.38,,,,,,,,,,,,,,,,,
godot-creep,002-barrel-Sand-flat-s15,2,barrel,flat,barrel-Sand-flat,15,7200,7bd790040fe16b04,99d53c5e6670c298d12e4d9e38d252bf1ae7d21cfcca57bce973dadefc5dad5d,7200,384.001689141733,384.001682974392,,155,0,112,85010,7134,127,543356,0,0,0,0,,,False,0,457.0,732.0,4961.0,172.0,342.0,2551.0,6361.75341796875,19711.833984375,-578.178039550781,2.43199992179871,34148.98828125,-115.519981384277,0.160000056028366,72472.828125,1177.03955078125,-409.774871826172,21337.439453125,206.465606689453,,,0.38,,,,,,,,,,,,,,,,,
godot-creep,002-barrel-Sand-flat-s16,2,barrel,flat,barrel-Sand-flat,16,7200,c1a39d9adcad4207,747d743bb07b04ea70c2b4d71cc527b1f9094583d71d4d5748c568bad6122b0c,7200,384.001856955888,384.00166982937,,145,0,112,120021,7147,138,493633,0,0,0,0,,,False,0,472.0,735.0,5314.0,163.0,332.0,1431.0,13980.80078125,18468.259765625,-580.422485351563,7.90399932861328,34197.62109375,-115.519989013672,1128.54663085938,67820.3359375,1217.71936035156,193.85693359375,21411.71875,246.969741821289,,,0.38,,,,,,,,,,,,,,,,,
godot-creep,002-barrel-Sand-flat-s17,2,barrel,flat,barrel-Sand-flat,17,7200,948b4f0ac1ad2e85,15204ee4fc7c314355ebeefb7cda41cde5a54af8bc9051ef4a8afa2ef31510a1,7200,384.002481407458,384.00174813207,,144,0,112,98959,139,133,507742,0,0,0,0,,,False,0,3.0,12.0,6022.0,159.0,289.0,906.0,8897.1044921875,18452.9453125,-596.610290527344,-5.96046447753906e-08,34201.875,-116.127983093262,1.51999974250793,1670.88208007813,1231.11938476563,-1245.091796875,21204.548828125,255.622375488281,,,0.38,,,,,,,,,,,,,,,,,
godot-creep,002-barrel-Sand-flat-s18,2,barrel,flat,barrel-Sand-flat,18,7200,1cd49ed6513c637f,2b2871930df321e13bb0239fc35b5fd0d1f18f5108fa5c1bc727db25ab22d65a,7200,384.001689138378,384.001673601216,,143,0,112,85328,7153,131,542942,0,0,0,0,,,False,0,890.0,1329.0,5809.0,176.0,364.0,3041.0,6365.3828125,19737.88671875,-586.694519042969,2.43199992179871,34206.12890625,-116.735977172852,0.160000056028366,72687.5703125,1270.39916992188,-415.762664794922,21441.2890625,274.302459716797,,,0.38,,,,,,,,,,,,,,,,,
godot-creep,002-barrel-Sand-flat-s19,2,barrel,flat,barrel-Sand-flat,19,7200,7b71dc0ccd6d11b,d2bf8e9e215806a476c558fc61ccc98f8641009107f3245547674a920569f525,7200,384.001800403386,384.001787358238,,158,0,112,99316,7130,131,522353,0,0,0,0,,,False,0,562.0,962.0,6406.0,172.0,391.0,4311.0,-10132.7998046875,19701.58203125,-579.994262695313,3.64799952507019,34134.3984375,-115.519989013672,-278.625885009766,70180.4453125,1166.6396484375,-1298.21923828125,21279.20703125,194.153945922852,,,0.38,,,,,,,,,,,,,,,,,
godot-creep,003-barrel-Sand-flat-s00,2,barrel,flat,barrel-Sand-flat,0,7200,4c14212d2f9a4015,65a0b99df04df80be3128ba056cd028704a4dea96db40caaf6bf5510a253b1da,7200,384.001073769031,384.001060277459,,172,0,112,68293,134,145,445422,4,0,0,0,,,False,0,20.0,44.0,5085.0,147.0,277.0,1613.0,2497.17993164063,18436.1953125,-540.957214355469,0.0,17024.64453125,-58.9759941101074,-0.0799999982118607,1611.91955566406,1294.31896972656,93.3395080566406,10588.2490234375,111.556274414063,,,,,,,,,,4,,,,,,,,,,
godot-creep,003-barrel-Sand-flat-s01,2,barrel,flat,barrel-Sand-flat,1,7200,baad2753fbfee37a,d54556708f27c8e73312206ba03badd4956194202e116bf5ec78858b741a6421,7200,384.001094843329,384.001059190877,,182,0,112,113016,7115,135,460050,4,0,0,0,,,False,0,565.0,1013.0,5235.0,165.0,392.0,4500.0,13877.61328125,19593.77734375,-577.705749511719,0.0,16996.681640625,-62.6239852905273,280.266235351563,62473.65625,1283.11901855469,645.459289550781,10588.12109375,84.6891250610352,,,,,,,,,,4,,,,,,,,,,
godot-creep,003-barrel-Sand-flat-s02,2,barrel,flat,barrel-Sand-flat,2,7200,916ebe31b3bb256f,597a205329c62fd9b5434b569765978e7cf5650292a43657287717e307e07c5d,7200,384.001317303951,384.001189872462,,180,0,112,109275,7119,128,516051,4,0,0,0,,,False,0,504.0,952.0,6414.0,174.0,428.0,6650.0,-11383.041015625,19633.11328125,-542.819396972656,0.0,17001.240234375,-62.9279861450195,-2.43999886512756,8511.25,1295.958984375,-2298.19873046875,10369.96484375,96.7186889648438,,,,,,,,,,4,,,,,,,,,,
godot-creep,003-barrel-Sand-flat-s03,2,barrel,flat,barrel-Sand-flat,3,7200,86a3c6ad305e4b0a,ecde105bc1a6c1dfe0744059149b520cc5423bf9fc52bc13e8ab6bf48c38e2b7,7200,385.86474609375,384.001055905171,,173,0,112,93678,7129,132,459548,4,0,0,0,,,False,0,519.0,935.0,5951.0,166.0,378.0,4784.0,-12638.2548828125,18381.228515625,-556.209228515625,-0.303999990224838,17021.908203125,-56.8479957580566,-281.06640625,62627.71484375,1350.638671875,-903.386352539063,10620.77734375,119.481468200684,,,,,,,,,,4,,,,,,,,,,
godot-creep,003-barrel-Sand-flat-s04,2,barrel,flat,barrel-Sand-flat,4,7200,f714ee4485221c46,565fe8c0bd4d91dc5313335a7772b39455cc3b25863d3ed79a7daaf2f9ba1070,7200,384.001016552661,384.00101511002,,170,0,112,83262,7130,132,459431,4,0,0,0,,,False,0,573.0,1043.0,4980.0,167.0,399.0,5638.0,7572.4619140625,18397.837890625,-546.685791015625,0.0,17031.634765625,-56.8479957580566,281.026397705078,62632.9921875,1323.67883300781,340.855834960938,10659.099609375,120.469512939453,,,,,,,,,,4,,,,,,,,,,
godot-creep,003-barrel-Sand-flat-s05,2,barrel,flat,barrel-Sand-flat,5,7200,11434f6ad055a3b8,42a137167b66cb88ea4a9c354d34145f764f101fd678c3bd036c9713203a61e6,7200,384.001140100822,384.001139936732,,162,0,112,86338,167,123,522363,4,0,0,0,,,False,0,3.0,16.0,5586.0,167.0,363.0,4731.0,10118.892578125,19683.63671875,-541.48193359375,0.0,17051.087890625,-56.8479957580566,1.95999920368195,2037.4404296875,1498.39807128906,1678.0390625,10356.7939453125,163.999298095703,,,,,,,,,,4,,,,,,,,,,
godot-creep,003-barrel-Sand-flat-s06,2,barrel,flat,barrel-Sand-flat,6,7200,25c852c54441ea44,17e00ed86787cd568157f8243dcc1d18a9d52d09fe23d2a3a720b2154758691f,7200,384.001069064323,384.001066982849,,162,0,112,98716,7151,123,522364,4,0,0,0,,,False,0,527.0,981.0,6364.0,180.0,427.0,4178.0,-10151.6611328125,19690.646484375,-535.899353027344,0.0,17051.087890625,-56.8479957580566,-281.466491699219,70482.828125,1498.47802734375,-691.75732421875,10698.4677734375,164.074142456055,,,,,,,,,,4,,,,,,,,,,
godot-creep,003-barrel-Sand-flat-s07,2,barrel,flat,barrel-Sand-flat,7,7200,b0ba82db7277f2da,b2a8ed949ec5848053def5efb3a54d71bf24089ebba1f01b9b8515d2f733f8cf,7200,384.001020334296,384.001007797223,,166,0,112,73607,7149,131,487341,4,0,0,0,,,False,0,583.0,1108.0,5006.0,176.0,429.0,77726.0,-6337.0380859375,19671.162109375,-544.565856933594,0.0,17035.587890625,-62.6239852905273,-0.359999984502792,66511.7734375,1511.59802246094,-490.138977050781,10694.7255859375,155.337646484375,,,,,,,,,,4,,,,,,,,,,
godot-creep,003-barrel-Sand-flat-s08,2,barrel,flat,barrel-Sand-flat,8,7200,515bfeb13b5dd28a,6605856e0f0e78e545d7d9ffbe84f12384142bd236bf8147b0f3ab0e7145b22a,7200,384.001414815949,384.001174979481,,182,0,112,69217,200,151,411534,4,0,0,0,,,False,0,3.0,13.0,5979.0,139.0,264.0,701.0,9024.65625,17161.703125,-542.633422851563,-2.98023223876953e-08,16996.072265625,-62.9279861450195,-4.51999759674072,2107.71484375,1255.63916015625,1691.56005859375,10177.0849609375,85.8421478271484,,,,,,,,,,4,,,,,,,,,,
godot-creep,003-barrel-Sand-flat-s09,2,barrel,flat,barrel-Sand-flat,9,7200,d951b0c70ac2374c,22561e42b6c815db0a3700b37588657bd9c1531b538f818e1c58f6272260a930,7200,384.001078208256,384.001064618379,,174,0,112,112880,7124,136,473702,4,0,0,0,,,False,0,533.0,918.0,6343.0,159.0,357.0,5774.0,13901.8984375,19632.537109375,-555.696899414063,-0.912000060081482,17019.78125,-56.8479957580566,841.412292480469,64820.55859375,1296.8388671875,709.506103515625,10622.458984375,106.743125915527,,,,,,,,,,4,,,,,,,,,,
godot-creep,003-barrel-Sand-flat-s10,2,barrel,flat,barrel-Sand-flat,10,7200,10c1e67c17a5ddd3,cbb47a8c53cbd2784f54f7be1c7dec4f47257e987d71818def3cc8bb5c3e2362,7200,384.001037567513,384.001013838844,,181,0,112,67764,7117,142,417824,4,0,0,0,,,False,0,585.0,886.0,5179.0,151.0,313.0,3656.0,7560.19580078125,18356.599609375,-556.162353515625,0.0,16998.80859375,-62.9279861450195,280.266235351563,58002.31640625,1295.958984375,383.371307373047,10609.3828125,90.0633010864258,,,,,,,,,,4,,,,,,,,,,
godot-creep,003-barrel-Sand-flat-s11,2,barrel,flat,barrel-Sand-flat,11,7200,bc4a74241d63fec0,f9b86b6130859eac75430ee382f1c78610944d64fef09e0147857bcad370e575,7200,384.001198851607,384.001193184166,,183,0,112,114138,149,130,495101,4,0,0,0,,,False,0,3.0,12.0,5008.0,158.0,279.0,712.0,12622.259765625,19611.16796875,-562.731201171875,0.0,16994.25,-62.6239852905273,1.63999950885773,1766.51635742188,1283.15905761719,2117.75708007813,10122.0927734375,88.7424163818359,,,,,,,,,,4,,,,,,,,,,
godot-creep,003-barrel-Sand-flat-s12,2,barrel,flat,barrel-Sand-flat,12,7200,f9acbaea0b0c9927,c08fd07d2e6b75e0bc20d16573152783c9d10241fdf2701c96ad4b481a1e401b,7200,384.001227023641,384.001054405946,,173,0,112,114617,7125,160,475275,4,0,0,0,,,False,0,526.0,846.0,5849.0,163.0,349.0,1735.0,-2442.22583007813,19646.48046875,-548.497314453125,0.303999900817871,17024.037109375,-56.8479957580566,226.287002563477,65085.42578125,1296.8388671875,-199.258636474609,10618.7802734375,109.803352355957,,,,,,,,,,4,,,,,,,,,,
godot-creep,003-barrel-Sand-flat-s13,2,barrel,flat,barrel-Sand-flat,13,7200,f84edf574e3ba286,76a13138c3affbec7740abf8fa2ab476bed576cd88897f1aff4e75d536ba81b2,7200,384.001047152765,384.00100406711,,180,0,112,68384,7117,132,480992,4,0,0,0,,,False,0,549.0,822.0,5819.0,161.0,335.0,1411.0,-5069.44580078125,19612.384765625,-562.862426757813,0.0,16999.11328125,-62.6239852905273,-0.359999984502792,65307.01953125,1283.11901855469,-425.051544189453,10611.724609375,92.2240142822266,,,,,,,,,,4,,,,,,,,,,
godot-creep,003-barrel-Sand-flat-s14,2,barrel,flat,barrel-Sand-flat,14,7200,5c42a4924aced15e,ce0fe1af3f714c752211837787c77ac02da4f02605a2e4dba8f4a8be3ab81375,7200,384.001143916989,384.001130666933,,183,0,112,67945,145,130,509131,4,0,0,0,,,False,0,3.0,13.0,6308.0,160.0,293.0,597.0,-5067.3046875,19622.6796875,-553.157104492188,0.0,16993.9453125,-62.9279899597168,-0.159999996423721,1718.2001953125,1223.79931640625,-1692.3310546875,10466.724609375,77.4929351806641,,,,,,,,,,4,,,,,,,,,,
godot-creep,003-barrel-Sand-flat-s15,2,barrel,flat,barrel-Sand-flat,15,7200,56a1ff025b155f69,c2565579b5ec48029ab74d485d2648cf393d6ec8c02478b4ada8ee69e1af0dc6,7200,385.794311523438,384.00100964521,,171,0,112,91177,7128,127,487568,4,0,0,0,,,False,0,458.0,753.0,5992.0,162.0,332.0,9106.0,-8855.9921875,19654.1015625,-552.15576171875,-0.303999990224838,17026.771484375,-56.8479957580566,-4.03999996185303,65691.9609375,1301.11889648438,-628.046936035156,10638.94140625,114.102401733398,,,,,,,,,,4,,,,,,,,,,
godot-creep,003-barrel-Sand-flat-s16,2,barrel,flat,barrel-Sand-flat,16,7200,79d888b9f413276b,d9c8192d673417d20f908e2c1410c6ee37a461feb580276c23ee21e11ddb5f7e,7200,384.001050072697,384.001014040283,,162,0,112,85338,7151,123,522363,4,0,0,0,,,False,0,962.0,1456.0,6081.0,173.0,368.0,1065.0,10115.734375,19682.16796875,-544.363891601563,0.0,17051.087890625,-56.8479957580566,281.266448974609,70482.7890625,1498.43798828125,428.842834472656,10712.087890625,163.988525390625,,,,,,,,,,4,,,,,,,,,,
godot-creep,003-barrel-Sand-flat-s17,2,barrel,flat,barrel-Sand-flat,17,7200,b118b9cfc09c5edb,5e239efdfb701f9e0909858b1c0ab761bcf240115b9dba7d81125d6c9d1ccf02,7200,384.001058387568,384.001004406318,,162,0,112,85330,7151,122,522367,4,0,0,0,,,False,0,240.0,426.0,6803.0,167.0,320.0,1772.0,10120.27734375,19683.68359375,-541.409912109375,0.0,17051.087890625,-56.8479957580566,281.266448974609,70483.0703125,1498.71801757813,429.336730957031,10712.1103515625,164.000473022461,,,,,,,,,,4,,,,,,,,,,
godot-creep,003-barrel-Sand-flat-s18,2,barrel,flat,barrel-Sand-flat,18,7200,715457609fb30e0,86b0ed96fff0b5aaf4da533b2c549a14e739b20007b2b9a9902f110a02726dd6,7200,384.001051173259,384.00100462134,,180,0,112,104722,7116,134,480934,4,0,0,0,,,False,0,489.0,824.0,5597.0,161.0,358.0,2990.0,10121.31640625,19640.0390625,-539.10595703125,0.0,17002.455078125,-61.7119941711426,280.546295166016,65004.6015625,1274.31909179688,436.978393554688,10612.1865234375,94.078857421875,,,,,,,,,,4,,,,,,,,,,
godot-creep,003-barrel-Sand-flat-s19,2,barrel,flat,barrel-Sand-flat,19,7200,8d7e3d1fb5d773cf,71f94c1cde20100d58f3461ed4a13e42307cc5f3abaab075570bf959767926f2,7200,384.001108184405,384.001071090776,,180,0,112,131505,7119,136,459907,4,0,0,0,,,False,0,569.0,964.0,8203.0,173.0,378.0,2965.0,17659.55859375,18371.6484375,-540.614685058594,1.82400000095367,16999.11328125,-62.6239852905273,1683.78454589844,63921.19921875,1296.59899902344,998.112487792969,10574.6962890625,95.5839309692383,,,,,,,,,,4,,,,,,,,,,
godot-creep,004-barrel-Sand-excavate-s00,2,barrel,excavate,barrel-Sand-excavate,0,7200,b3e1fcf7be6de0dc,473190aace8a85416a526e85ffaf356cbf191765543eeda97b7989f7c59a7a3b,7200,384.003143873203,384.001067362511,,155,0,112,44608,5631,3481,217416,0,0,0,0,,,False,0,2960.0,4193.0,16043.0,167.0,314.0,6871.0,2237.60913085938,6965.37255859375,-596.65234375,-2.43178939819336,16841.478515625,-57.1519927978516,890.813781738281,25158.552734375,1204.31945800781,277.144897460938,20594.15234375,215.162826538086,,,,,,,,,,,,,,,,,,,,
godot-creep,004-barrel-Sand-excavate-s01,2,barrel,excavate,barrel-Sand-excavate,1,7200,c528dfaa3c603cf5,ed8437820d95703295af323801690edff7ce23b85127ad929d80b1e55f0d5eac,7200,384.002308711453,384.001803563791,,156,0,112,20869,7123,169,189112,0,0,0,0,,,False,0,572.0,2777.0,5582.0,101.0,286.0,2324.0,2762.4052734375,6581.42138671875,-590.760375976563,-71.1360092163086,17008.83984375,-57.4559936523438,972.212951660156,31588.681640625,1190.51953125,1436.33154296875,21194.4609375,211.156463623047,,,,,,,,,,,,,,,,,,,,
godot-creep,004-barrel-Sand-excavate-s02,2,barrel,excavate,barrel-Sand-excavate,2,7200,18e7ad48aff59995,69cd13dd983415b1c283237215df0e015bf999b35c93dd676f62a6bc00a37ed8,7200,384.007136213879,384.000289589351,,158,0,112,25223,7119,5113,119651,0,0,0,0,,,False,0,844.0,3825.0,8050.0,103.0,281.0,1717.0,340.478485107422,678.775085449219,-583.44970703125,-317.375732421875,16804.615234375,-57.4559936523438,100.240112304688,13038.9365234375,1192.07946777344,-27.9618034362793,18901.064453125,202.061462402344,,,,,,,,,,,,,,,,,,,,
godot-creep,004-barrel-Sand-excavate-s03,2,barrel,excavate,barrel-Sand-excavate,3,7200,59ca5252b19a4120,a319679b0b456cbe6bf445d0d437067efa8dbc9ed5b662cc5bdcf581ee3b606c,7200,384.011787122196,384.000597220637,,154,0,112,22001,7121,5681,112084,0,0,0,0,,,False,0,2937.0,3846.0,7136.0,101.0,261.0,1269.0,1004.92919921875,689.878784179688,-587.071044921875,83.9042053222656,16874.359375,-57.4559936523438,406.884765625,23186.490234375,1178.51953125,962.729553222656,19737.74609375,209.705459594727,,,,,,,,,,,,,,,,,,,,
godot-creep,004-barrel-Sand-excavate-s04,2,barrel,excavate,barrel-Sand-excavate,4,7200,bc7a76706b6fe059,318be1cef988e6b381e95aac09fd397ca4c03008fb48138ff1a2b480a749df57,7200,384.013531785574,384.001943973075,,156,0,112,28243,7131,152,202373,0,0,0,0,,,False,0,571.0,2674.0,6866.0,103.0,286.0,839.0,7902.529296875,6587.57568359375,-598.965454101563,58.9759979248047,17037.41015625,-57.1519927978516,1065.73315429688,33169.9375,1191.15954589844,3090.39184570313,21061.1875,211.828033447266,,,,,,,,,,,,,,,,,,,,
godot-creep,004-barrel-Sand-excavate-s05,2,barrel,excavate,barrel-Sand-excavate,5,7200,781010ac8a21a033,3274457856b23a6c951d7555906e7cc85767e00e532c530bef3f99c7383aaff0,7200,384.007579301089,384.000992956865,,143,0,112,25960,7143,4954,125521,0,0,0,0,,,False,0,497.0,4081.0,10482.0,111.0,270.0,1546.0,1044.14636230469,733.106201171875,-574.833862304688,113.087913513184,16876.248046875,-57.1519927978516,235.640487670898,24313.60546875,1271.75915527344,333.925079345703,19721.044921875,275.564056396484,,,,,,,,,,,,,,,,,,,,
godot-creep,004-barrel-Sand-excavate-s06,2,barrel,excavate,barrel-Sand-excavate,6,7200,1f498f869a78742e,f4ea7da299e723fd025bc4115a50e05d4b607d18617f2df017a84624702b81fe,7200,384.003569078371,384.000160011755,,143,0,112,28970,7141,6159,124906,0,0,0,0,,,False,0,3158.0,4177.0,15237.0,125.0,287.0,2064.0,1137.0693359375,743.192138671875,-563.780944824219,70.528076171875,16922.869140625,-57.1519927978516,203.880477905273,24326.1484375,1272.59924316406,265.0390625,19588.70703125,275.111358642578,,,,,,,,,,,,,,,,,,,,
godot-creep,004-barrel-Sand-excavate-s07,2,barrel,excavate,barrel-Sand-excavate,7,7200,54724f1a7b375d0e,3e6d0b82eafd903e3fae04638cee6d186ad7510ab9311b787c3430cc8e170f8d,7200,384.003785738348,384.001672011761,,143,0,112,6885,7139,133,44245,0,0,0,0,,,False,0,605.0,3649.0,10556.0,107.0,318.0,7472.0,-396.945465087891,730.895568847656,-585.273864746094,10.6399993896484,17065.0703125,-57.1519927978516,2.08000016212463,18664.7109375,1271.79919433594,-49.4341087341309,21401.869140625,274.959320068359,,,,,,,,,,,,,,,,,,,,
godot-creep,004-barrel-Sand-excavate-s08,2,barrel,excavate,barrel-Sand-excavate,8,7200,b82c0b9660df379d,59c4b9b3900a9b42c88762cd1d1877d01806f7893113126c34c544df55cb5871,7200,386.421875,383.999454941351,,159,0,112,24682,2701,4830,123354,0,0,0,0,,,False,0,5.0,4568.0,10985.0,105.0,286.0,19083.0,-1387.73889160156,597.790100097656,-589.903076171875,564.822998046875,16632.380859375,-59.5839920043945,-6.23997735977173,8286.70703125,1213.59948730469,-774.584594726563,17000.7265625,209.461471557617,,,,,,,,,,,,,,,,,,,,
godot-creep,004-barrel-Sand-excavate-s09,2,barrel,excavate,barrel-Sand-excavate,9,7200,c28968e5821cc83,925e30ac40aec855531d856953e3078720e7bbae1bfa0349044dc33461f3d718,7200,384.005501240155,384.001644029406,,154,0,112,25462,593,171,68195,0,0,0,0,,,False,0,536.0,2847.0,12702.0,87.0,259.0,5151.0,-804.752319335938,907.595764160156,-583.173217773438,-1931.49768066406,5107.40625,-57.4559936523438,1373.90991210938,19640.1953125,1217.95947265625,-2134.85229492188,18038.087890625,227.325271606445,,,,,,,,,,,,,,,,,,,,
godot-creep,004-barrel-Sand-excavate-s10,2,barrel,excavate,barrel-Sand-excavate,10,7200,104b2dd91d090536,e7bdde0044d919299403a7202b528d5dbd78e01f827b8f2e79ce6a6a08f7cc2b,7200,384.012332334557,384.001821526422,,156,0,112,39797,7128,357,88869,0,0,0,0,,,False,0,892.0,3451.0,10982.0,96.0,279.0,2821.0,1707.24487304688,4773.1201171875,-578.519470214844,-3835.02905273438,9159.1640625,-57.1519927978516,1999.01794433594,22800.326171875,1202.47961425781,-250.723190307617,21281.603515625,215.370559692383,,,,,,,,,,,,,,,,,,,,
godot-creep,004-barrel-Sand-excavate-s11,2,barrel,excavate,barrel-Sand-excavate,11,7200,336aef80b42b625b,0a15d676c086cf393245f5cf673a4ba45728588e1c161426f205edf4579489b1,7200,384.004583605131,384.001331972561,,161,0,112,30285,345,160,102843,0,0,0,0,,,False,0,3.0,1845.0,7066.0,83.0,237.0,2588.0,7839.76904296875,3606.111328125,-587.108093261719,-3885.4853515625,11085.5263671875,-57.4559936523438,80.9600830078125,2176.15698242188,1177.87963867188,2239.01538085938,11809.048828125,191.819198608398,,,,,,,,,,,,,,,,,,,,
godot-creep,004-barrel-Sand-excavate-s12,2,barrel,excavate,barrel-Sand-excavate,12,7200,69651ca2dab49418,510b831a7110aa7fe535d4818e9545b11361c02bd688cefb88f8a8bbeabc27f1,7200,384.014085950823,384.001847187259,,154,0,112,52659,7128,171,247345,0,0,0,0,,,False,0,525.0,2551.0,12805.0,116.0,310.0,1075.0,2650.3955078125,10668.306640625,-591.0810546875,68.3999938964844,16979.048828125,-57.4559936523438,-256.122711181641,38721.73828125,1204.75952148438,4.64477062225342,21170.599609375,219.298217773438,,,,,,,,,,,,,,,,,,,,
godot-creep,004-barrel-Sand-excavate-s13,2,barrel,excavate,barrel-Sand-excavate,13,7200,738f3a4624dc7034,2157c1bbb577e6c47defaa4c067850073241f0423ecbebc79591b1c8036b5867,7200,384.006067475789,384.001217522869,,157,0,112,27282,7120,5384,128394,0,0,0,0,,,False,0,1214.0,4350.0,12469.0,140.0,334.0,8575.0,1161.73913574219,706.050231933594,-572.78125,120.687911987305,16907.23828125,-57.4559936523438,210.278778076172,24365.705078125,1204.83947753906,299.689819335938,19600.466796875,211.080230712891,,,,,,,,,,,,,,,,,,,,
godot-creep,004-barrel-Sand-excavate-s14,2,barrel,excavate,barrel-Sand-excavate,14,7200,f2f4fd2abd4845a7,726cb3491d9a4b1ae9d57a33c63f66413b98ef9bc69c9ca250172352a444c52c,7200,384.005725368999,384.00037971284,,159,0,112,31976,2680,4080,134070,0,0,0,0,,,False,0,5.0,4220.0,9878.0,99.0,266.0,3071.0,4254.23974609375,-85.0115280151367,-591.106872558594,110.959922790527,16941.32421875,-57.1519927978516,68.3198699951172,10563.7841796875,1191.79956054688,2193.40502929688,17144.2265625,197.673751831055,,,,,,,,,,,,,,,,,,,,
godot-creep,004-barrel-Sand-excavate-s15,2,barrel,excavate,barrel-Sand-excavate,15,7200,35a4f8e70d6aacdd,5dbb848e8bdc925351475f6a6a23fe86831ab6abdaa93a44f2bf6df3de9fb191,7200,384.003936677857,384.00069809266,,155,0,112,43249,7128,6547,150456,0,0,0,0,,,False,0,3271.0,6158.0,29869.0,211.0,402.0,5298.0,1301.43994140625,4246.4677734375,-598.153930664063,65.9681549072266,16858.70703125,-57.4559936523438,487.314971923828,27001.6015625,1191.39953613281,497.611328125,20059.57421875,217.091537475586,,,,,,,,,,,,,,,,,,,,
godot-creep,004-barrel-Sand-excavate-s16,2,barrel,excavate,barrel-Sand-excavate,16,7200,77ae052a610ed26b,a1dec2f05eae295d1d179e3a89b0adf711a16dca170b45c5fa2d164dd1295462,7200,384.002677619124,384.001667603437,,143,0,112,6884,7139,133,44245,0,0,0,0,,,False,0,1425.0,2422.0,9786.0,184.0,409.0,9284.0,-396.945495605469,730.895568847656,-585.273864746094,7.59999942779541,17068.109375,-57.1519927978516,1.32000005245209,18664.9921875,1271.79919433594,-52.8171844482422,21402.5,274.959320068359,,,,,,,,,,,,,,,,,,,,
godot-creep,004-barrel-Sand-excavate-s17,2,barrel,excavate,barrel-Sand-excavate,17,7200,8e278cc2401d4eba,075a3285515a2b6f3963b7f2f2d623a5935fd3021a3625fae39c92f8b45cf6b2,7200,384.013573868265,384.000239600098,,143,0,112,24459,7142,3262,128745,0,0,0,0,,,False,0,888.0,5628.0,13199.0,183.0,373.0,2151.0,1049.75561523438,733.779541015625,-574.833862304688,66.576171875,16982.05078125,-57.1519927978516,224.840774536133,24706.5625,1271.75915527344,349.407989501953,19845.25390625,275.564056396484,,,,,,,,,,,,,,,,,,,,
godot-creep,004-barrel-Sand-excavate-s18,2,barrel,excavate,barrel-Sand-excavate,18,7200,48714bd4f7413685,6d151733176c078ccb16f7ee3a2c8d20d77f259d3e5b9720a07aa77ea72a8b77,7200,384.015216611583,384.000670093368,,152,0,112,29184,7129,6154,122650,0,0,0,0,,,False,0,3180.0,5302.0,23615.0,173.0,340.0,4962.0,1055.80517578125,705.148071289063,-600.195617675781,-38.6077880859375,16921.04296875,-57.4559936523438,156.360244750977,23981.947265625,1195.19946289063,102.80835723877,19548.3671875,226.197784423828,,,,,,,,,,,,,,,,,,,,
godot-creep,004-barrel-Sand-excavate-s19,2,barrel,excavate,barrel-Sand-excavate,19,7200,1b2b159f3ae1545a,8328fd956c78e8a053eec445a073b3313bdc49e9f9333d182843b421b469a358,7200,384.002269634988,384.000645484806,,155,0,112,24433,7124,4955,120081,0,0,0,0,,,False,0,3244.0,5075.0,20546.0,176.0,343.0,11518.0,872.793395996094,685.289978027344,-589.425109863281,-286.671936035156,16891.888671875,-57.1519927978516,144.760726928711,23421.927734375,1179.27954101563,349.745269775391,19441.51953125,213.21321105957,,,,,,,,,,,,,,,,,,,,
godot-creep,005-barrel-Dust-flat-s00,14,barrel,flat,barrel-Dust-flat,0,7200,b547e8284ac02bfd,dc798aba68bd8c909f072542a1ace3c2bbe20965eb61b7bdbaa9356919d2e9e5,7200,384.001938406287,384.000260052037,,153,0,112,69171,122,134,487302,0,0,0,0,,,False,0,21.0,55.0,8057.0,160.0,327.0,1544.0,2655.48266601563,19703.15625,-591.305297851563,-27.5309200286865,4479.99462890625,-14.9226016998291,-0.0499999783933163,1315.91796875,1067.4375,1943.49609375,20618.091796875,217.196182250977,,,,,,,,,,,,,,,,,,,,
godot-creep,005-barrel-Dust-flat-s01,14,barrel,flat,barrel-Dust-flat,1,7200,32e7ba4a98728caa,c2443d2f63e3effbacace9c399051784d17806d05196aa26798f83632bb229be,7200,384.001865812132,384.001865615889,,165,0,112,78078,7129,133,508484,0,0,0,0,,,False,0,710.0,1335.0,12509.0,212.0,457.0,1354.0,10130.41796875,19651.720703125,-609.721801757813,-1.59600007534027,4474.73046875,-16.4388008117676,281.401489257813,57973.32421875,1090.60095214844,2084.65063476563,21189.837890625,189.525238037109,,,,,,,,,,,,,,,,,,,,
godot-creep,005-barrel-Dust-flat-s02,14,barrel,flat,barrel-Dust-flat,2,7200,6517e74b5ec60d4a,2756b94898dfc9b88e777b364eaddf3bec4e04a8f7c723d6a599165dec57a9ab,7200,384.002334610456,384.00185671492,,170,0,112,48343,7122,173,448308,0,0,0,0,,,False,0,858.0,1397.0,15205.0,258.0,486.0,10725.0,-2353.3349609375,18465.06640625,-587.157287597656,-1.1172000169754,4471.140625,-16.5984020233154,10.0649948120117,5873.576171875,1077.97290039063,-2012.65905761719,21145.16015625,171.627166748047,,,,,,,,,,,,,,,,,,,,
godot-creep,005-barrel-Dust-flat-s03,14,barrel,flat,barrel-Dust-flat,3,7200,aa2d8b71fdfadb1a,af0ef3ac39f3d523d4c8a79c4d321e87ae223ef5cba2076aeea88e555a3617a7,7200,384.001753254856,384.001737585534,,151,0,112,68456,7142,120,536259,0,0,0,0,,,False,0,676.0,1200.0,9365.0,223.0,449.0,2534.0,-5085.123046875,19718.701171875,-583.01123046875,-1.75560009479523,4485.2607421875,-14.8428020477295,-0.0499999783933163,61194.4140625,1105.84387207031,-1114.46301269531,21356.123046875,237.64453125,,,,,,,,,,,,,,,,,,,,
godot-creep,005-barrel-Dust-flat-s04,14,barrel,flat,barrel-Dust-flat,4,7200,44b439caf5bf0b1,e4bd8690462f364155d3ce007c4780eaa4e34aadb9a39400a7e6d56af3adeb1e,7200,384.00187615007,384.001859300835,,154,0,112,107097,7135,123,515255,0,0,0,0,,,False,0,868.0,1957.0,10422.0,233.0,433.0,2550.0,-11416.1162109375,19693.80859375,-599.340454101563,-1.67580008506775,4483.34619140625,-14.8428020477295,-281.996612548828,58864.07421875,1057.32495117188,-2479.55908203125,21209.83203125,217.927322387695,,,,,,,,,,,,,,,,,,,,
godot-creep,005-barrel-Dust-flat-s05,14,barrel,flat,barrel-Dust-flat,5,7200,2aa4d8541a0669b7,d4dbe0a799b0d9c68a9d952f636ab93ec8ba6fb108abda94157afcc303ce8346,7200,384.002160034165,384.001083796467,,143,0,112,6312,758,243,326149,0,0,0,0,,,False,0,4.0,894.0,15044.0,150.0,279.0,843.0,-1594.78955078125,1169.16247558594,-596.590576171875,-0.0797998160123825,4488.61083984375,-14.8428020477295,-51.3495941162109,5676.26708984375,1117.93933105469,-1407.04309082031,7088.07373046875,265.236450195313,,,,,,,,,,,,,,,,,,,,
godot-creep,005-barrel-Dust-flat-s06,14,barrel,flat,barrel-Dust-flat,6,7200,3487dd966fe5e128,e49b51db7e0507703b52cb817c82b925366c9012e0019a3b6f5e6218ad3b0616,7200,384.001752055491,384.001750517722,,143,0,112,68681,7153,112,592418,0,0,0,0,,,False,0,674.0,1078.0,9790.0,214.0,371.0,1346.0,-5085.82763671875,19722.705078125,-602.047119140625,-1.67580008506775,4490.3662109375,-14.8428020477295,-0.119499981403351,68075.21875,1142.70922851563,-1036.65515136719,21421.486328125,277.000610351563,,,,,,,,,,,,,,,,,,,,
godot-creep,005-barrel-Dust-flat-s07,14,barrel,flat,barrel-Dust-flat,7,7200,ab28a48ebfb9af82,fa0c08e015d5b5541594fe814cb182d8dbe70967317cbe38f77ad89a2c691da1,7200,386.750244140625,384.001803129639,,151,0,112,64312,7149,134,550120,0,0,0,0,,,False,0,748.0,1191.0,8219.0,216.0,374.0,901.0,5067.47705078125,19696.38671875,-609.638488769531,-1.43640005588531,4483.02685546875,-17.0771999359131,-0.0250000022351742,62953.08984375,1171.77465820313,972.851379394531,21384.908203125,261.146209716797,,,,,,,,,,,,,,,,,,,,
godot-creep,005-barrel-Dust-flat-s08,14,barrel,flat,barrel-Dust-flat,8,7200,26247a3525288636,db3417db9062b9ea2c7ce88b3fc5996ac906f7b2fe794bc33d027489227276ff,7200,384.001754843138,384.001739465204,,166,0,112,67880,7128,140,480382,0,0,0,0,,,False,0,166.0,294.0,8911.0,178.0,311.0,699.0,-5066.63623046875,19642.029296875,-615.937561035156,-1.59600007534027,4473.29443359375,-17.2368011474609,-0.0250000022351742,54873.75,1101.66491699219,-1209.18579101563,21262.154296875,196.094253540039,,,,,,,,,,,,,,,,,,,,
godot-creep,005-barrel-Dust-flat-s09,14,barrel,flat,barrel-Dust-flat,9,7200,eb0181114856d7aa,25c0116ad2c19c41bc8f097372bbd72ccd5f68f91126b6f69fdc154d071f9b3b,7200,384.001786216578,384.001747067731,,154,0,112,68311,7136,126,494057,0,0,0,0,,,False,0,785.0,1153.0,8209.0,222.0,376.0,1292.0,-5062.28369140625,19713.732421875,-579.340087890625,-1.75560009479523,4483.34619140625,-14.8428020477295,-0.0499999783933163,56630.65234375,1068.58898925781,-1176.2275390625,21324.82421875,219.315795898438,,,,,,,,,,,,,,,,,,,,
godot-creep,005-barrel-Dust-flat-s10,14,barrel,flat,barrel-Dust-flat,10,7200,42f66f840da56f01,fcc8f6868257e967a986c79559dbcd3a9eb6668b23eb945998f280e76f44b0fa,7200,384.001931930187,384.001928107114,,167,0,112,83631,7128,140,480393,0,0,0,0,,,False,0,886.0,1253.0,10160.0,225.0,372.0,1447.0,-11376.7919921875,18383.080078125,-606.5791015625,-1.59600007534027,4473.29443359375,-16.5984020233154,-281.400970458984,54599.265625,1110.45935058594,-2707.65893554688,21119.1875,194.703201293945,,,,,,,,,,,,,,,,,,,,
godot-creep,005-barrel-Dust-flat-s11,14,barrel,flat,barrel-Dust-flat,11,7200,1308da29cd65ef0,a7e6e8cdc4cc6ca00338edebacbdf542b1ed0c477ba9d21e33d0ecc9fac346ab,7200,384.001937292991,384.000267223187,,169,0,112,69061,143,128,543849,0,0,0,0,,,False,0,4.0,11.0,10064.0,207.0,314.0,805.0,2353.67993164063,19648.78125,-599.238586425781,-1.59600007534027,4472.177734375,-16.4388008117676,-0.0250000022351742,1518.44689941406,1103.48596191406,1717.70874023438,20563.205078125,183.714096069336,,,,,,,,,,,,,,,,,,,,
godot-creep,005-barrel-Dust-flat-s12,14,barrel,flat,barrel-Dust-flat,12,7200,cb4fbd8ef3b999dc,ff89633643a76cb3c431dab6b64c4bad33a440b169ec9bf7976d054d80370680,7200,384.00173989537,384.001739853892,,154,0,112,40713,7137,127,486991,0,0,0,0,,,False,0,747.0,1092.0,10132.0,216.0,343.0,1042.0,2542.7509765625,18427.48046875,-596.966979980469,-1.75560009479523,4483.34619140625,-14.8428020477295,-0.0604999922215939,55792.16015625,1077.12451171875,612.426330566406,21351.251953125,222.736587524414,,,,,,,,,,,,,,,,,,,,
godot-creep,005-barrel-Dust-flat-s13,14,barrel,flat,barrel-Dust-flat,13,7200,9d0a47fb173108da,7dce6d4dc9df71205cc9bc7dc6210c4a823dc4add99f03a44b8b8340ff0ae041,7200,384.001692728348,384.001689178552,,168,0,112,60109,7126,140,480532,0,0,0,0,,,False,0,737.0,1139.0,10686.0,206.0,339.0,934.0,-2529.34838867188,19627.771484375,-624.775939941406,-1.19700014591217,4472.736328125,-16.5186004638672,281.331970214844,55140.1953125,1102.67138671875,-550.981201171875,21271.83984375,184.303970336914,,,,,,,,,,,,,,,,,,,,
godot-creep,005-barrel-Dust-flat-s14,14,barrel,flat,barrel-Dust-flat,14,7200,c572992ecc2208e6,c67a1ce92032067f9a800d9c852a165aeda42fee42b030004c3abffeddead3f6,7200,384.001937935192,384.000273039145,,166,0,112,68732,2039,133,487910,0,0,0,0,,,False,0,128.0,228.0,8506.0,196.0,305.0,579.0,2944.10498046875,19655.486328125,-601.494018554688,-37.2664794921875,4438.50830078125,-16.279203414917,-111.539054870605,1538.20092773438,1062.09191894531,2087.3095703125,20485.9453125,179.320907592773,,,,,,,,,,,,,,,,,,,,
godot-creep,005-barrel-Dust-flat-s15,14,barrel,flat,barrel-Dust-flat,15,7200,61e116d33c0a15a9,2e05f82cf5f12ec80bf37d073dbc04f314c70b7130cf7b057643014aad95f12b,7200,384.001872687567,384.001861841377,,147,0,112,86280,7145,123,514902,0,0,0,0,,,False,0,1355.0,1828.0,9875.0,267.0,403.0,700.0,11440.064453125,19735.822265625,-577.499267578125,-1.75560009479523,4487.8134765625,-14.8428020477295,280.920379638672,58958.5390625,1094.37475585938,2346.39331054688,21275.6484375,245.838623046875,,,,,,,,,,,,,,,,,,,,
godot-creep,005-barrel-Dust-flat-s16,14,barrel,flat,barrel-Dust-flat,16,7200,15c0f56495d59cb7,1ec0d1c6db0adb9f2ca27de48f62a7389e28829f52aecaf1d7634713c00b81ca,7200,384.001749025642,384.001732016088,,143,0,112,65867,7153,112,592405,0,0,0,0,,,False,0,740.0,1046.0,10281.0,272.0,423.0,2718.0,5087.89208984375,19726.46484375,-598.289794921875,-1.67580008506775,4490.3662109375,-14.8428020477295,-0.129999995231628,68075.2265625,1142.7197265625,921.410034179688,21428.892578125,276.867065429688,,,,,,,,,,,,,,,,,,,,
godot-creep,005-barrel-Dust-flat-s17,14,barrel,flat,barrel-Dust-flat,17,7200,192e83c2d231c2df,88962711f819dd21b88048764bce0df6499ba478cced3519b70c8cae92abdfd6,7200,384.001752058358,384.001750522334,,143,0,112,68698,7153,112,592418,0,0,0,0,,,False,0,379.0,596.0,8421.0,273.0,441.0,2118.0,-5085.82763671875,19722.705078125,-602.047119140625,-1.67580008506775,4490.3662109375,-14.8428020477295,-0.119499981403351,68075.21875,1142.70922851563,-1036.65515136719,21421.486328125,277.000610351563,,,,,,,,,,,,,,,,,,,,
godot-creep,005-barrel-Dust-flat-s18,14,barrel,flat,barrel-Dust-flat,18,7200,f5da73edcba5277f,8d3b17e1594986af005f832ea5998ddf3de3639f188642f7f6202c97d00abef3,7200,384.001785863774,384.001739354868,,159,0,112,64889,7137,121,543516,0,0,0,0,,,False,0,1439.0,1884.0,9866.0,286.0,432.0,6903.0,6337.57763671875,19673.96484375,-604.702026367188,-1.67580008506775,4479.51708984375,-15.4812002182007,1.02900004386902,62014.13671875,1147.59375,1257.28881835938,21312.98828125,227.260208129883,,,,,,,,,,,,,,,,,,,,
godot-creep,005-barrel-Dust-flat-s19,14,barrel,flat,barrel-Dust-flat,19,7200,51eb30af9c81a433,8ff7758904a0f28a40c6ece2302c6d8db111fedf5b9686659701dae436ea7d99,7200,384.001784405323,384.001746019929,,168,0,112,64719,7124,127,543791,0,0,0,0,,,False,0,956.0,1206.0,9115.0,271.0,418.0,3614.0,6328.78076171875,19641.798828125,-610.934997558594,-1.51620006561279,4472.81591796875,-16.4388008117676,-0.0250000022351742,61868.08203125,1079.3369140625,1255.18286132813,21232.970703125,174.181610107422,,,,,,,,,,,,,,,,,,,,
godot-creep,006-barrel-Mercury-flat-s00,33,barrel,flat,barrel-Mercury-flat,0,7200,32a05647558192d6,f66a1161fbe4cdd1d76ca797c986bdb2cb038559d7583ef720be0fd08228ec50,7200,384.002077661159,384.001954540971,,149,0,112,86987,6000,1965,377554,0,0,0,0,,,False,0,3262.0,10021.0,14041.0,246.0,361.0,815.0,5211.57470703125,17616.525390625,-590.346862792969,23.1040096282959,17030.447265625,-57.1519889831543,1961.84716796875,45218.7578125,1203.35949707031,628.288330078125,21036.2890625,230.327331542969,,,,,,,,,,,,,,,,,,,,
godot-creep,006-barrel-Mercury-flat-s01,33,barrel,flat,barrel-Mercury-flat,1,7200,253e82021e51eb24,149eb0973c9bd1cd92b12888309f14edda4814ec84a0d5f0087a8046fe963ff7,7200,384.001709393884,384.001682572252,,148,0,112,84758,7144,126,543096,0,0,0,0,,,False,0,924.0,2086.0,13155.0,215.0,409.0,10056.0,6351.78564453125,19735.791015625,-574.555908203125,0.608000159263611,17091.2109375,-58.0639953613281,-2.19999051094055,72584.359375,1217.75939941406,394.337432861328,21391.34765625,239.142242431641,,,,,,,,,,,,,,,,,,,,
godot-creep,006-barrel-Mercury-flat-s02,33,barrel,flat,barrel-Mercury-flat,2,7200,9610f1b9b07d6e19,428cf68023b72ba3030be2c407459045d9406288bcdc4055dfba49e8df52d54d,7200,384.001922691898,384.001917020353,,149,0,112,70010,7142,134,493759,0,0,0,0,,,False,0,747.0,1900.0,10368.0,202.0,354.0,702.0,-5061.97412109375,19740.658203125,-566.821105957031,-2.12799978256226,17088.171875,-58.6719970703125,-1.48000001907349,13246.3671875,1202.4794921875,-2433.95141601563,21244.3046875,238.856185913086,,,,,,,,,,,,,,,,,,,,
godot-creep,006-barrel-Mercury-flat-s03,33,barrel,flat,barrel-Mercury-flat,3,7200,6dbda6b9c4b4505d,8a4e5d25e6bad2f2105bde55940d23e14dc4c8819198e365582a736d0e20af1d,7200,384.001770926547,384.001731133714,,148,0,112,109719,7143,126,514879,0,0,0,0,,,False,0,772.0,2127.0,8600.0,213.0,358.0,1158.0,11432.1552734375,19726.765625,-583.606628417969,1.21599984169006,17090.90625,-58.3679962158203,564.955444335938,69465.40625,1203.95947265625,1028.11877441406,21363.19921875,233.012557983398,,,,,,,,,,,,,,,,,,,,
godot-creep,006-barrel-Mercury-flat-s04,33,barrel,flat,barrel-Mercury-flat,4,7200,72674ac54968846,38c3b19f81190581521ec9510379b5d73a39c406a0207a1154b48036ec19ebaf,7200,384.001770421855,384.001744358462,,145,0,112,110223,7149,129,514793,0,0,0,0,,,False,0,986.0,2525.0,8617.0,227.0,382.0,1429.0,11426.15625,19737.51953125,-581.496826171875,8.94069671630859e-08,17099.41796875,-57.1519889831543,560.398071289063,69535.2890625,1244.79931640625,1023.79718017578,21398.42578125,259.125061035156,,,,,,,,,,,,,,,,,,,,
godot-creep,006-barrel-Mercury-flat-s05,33,barrel,flat,barrel-Mercury-flat,5,7200,b8ee01e242557922,9077d4bb36410a44d43dfbc7b55510bcf67b85adafd034edddad722bbf2a5b28,7200,384.001771479897,384.001753545888,,143,0,112,75242,7153,130,486436,0,0,0,0,,,False,0,211.0,444.0,8923.0,189.0,320.0,1059.0,-6335.42626953125,19763.783203125,-560.990356445313,2.12799978256226,17103.064453125,-58.3679962158203,4.32000255584717,66471.6484375,1270.119140625,-971.353759765625,21422.263671875,274.473846435547,,,,,,,,,,,,,,,,,,,,
godot-creep,006-barrel-Mercury-flat-s06,33,barrel,flat,barrel-Mercury-flat,6,7200,cda0ae574cd54d0,bbecd4fbe65c0ffbec807958f874571fe1aa6df72cf422decd61bd2369e5ad5d,7200,384.001763964162,384.001745322093,,143,0,112,75163,7153,127,542898,0,0,0,0,,,False,0,1016.0,2529.0,9170.0,232.0,375.0,1541.0,-6350.17724609375,19769.669921875,-555.101806640625,-2.98023223876953e-08,17104.28125,-57.1519927978516,6.03999519348145,72688.5703125,1271.39916992188,-913.436340332031,21425.876953125,274.876434326172,,,,,,,,,,,,,,,,,,,,
godot-creep,006-barrel-Mercury-flat-s07,33,barrel,flat,barrel-Mercury-flat,7,7200,67ae41ce7120b28d,a9abcf61ed20f3ce40bed07d23aee5fed0fc7d083fa71b554102bdac1fac1bb6,7200,384.001771698412,384.001732077131,,143,0,112,75339,7153,136,486452,0,0,0,0,,,False,0,969.0,1531.0,8589.0,227.0,350.0,1048.0,-6349.54296875,19742.67578125,-582.086669921875,-0.607999920845032,17103.673828125,-57.7599945068359,8.27999687194824,66471.171875,1269.63916015625,-980.103820800781,21422.41015625,274.568725585938,,,,,,,,,,,,,,,,,,,,
godot-creep,006-barrel-Mercury-flat-s08,33,barrel,flat,barrel-Mercury-flat,8,7200,9c749f85790808a7,5ea8ddb08c09cbdbddc934a1a75f57c0e8a53e2e53a6f6af09690c877799957e,7200,384.001826409748,384.00180568319,,150,0,112,108620,7142,127,514982,0,0,0,0,,,False,0,219.0,794.0,9826.0,194.0,318.0,1027.0,-11428.8720703125,19712.53515625,-592.08740234375,2.12799978256226,17086.65234375,-57.7599906921387,-564.716186523438,69459.0078125,1216.91943359375,-1586.78271484375,21323.69140625,233.597869873047,,,,,,,,,,,,,,,,,,,,
godot-creep,006-barrel-Mercury-flat-s09,33,barrel,flat,barrel-Mercury-flat,9,7200,887ea148de39ff60,e78bf2675e423c1df9a316f70ad97810b708d858decf8e6bf77fd8d6b9bf1d01,7200,384.001760159564,384.001714511271,,149,0,112,69210,7144,132,507796,0,0,0,0,,,False,0,810.0,1936.0,10625.0,210.0,359.0,7028.0,-3802.27856445313,18477.40625,-560.543090820313,-0.607999801635742,17088.474609375,-58.3679962158203,-1.60000479221344,68351.0078125,1227.27941894531,-707.494140625,21384.23828125,243.615997314453,,,,,,,,,,,,,,,,,,,,
godot-creep,006-barrel-Mercury-flat-s10,33,barrel,flat,barrel-Mercury-flat,10,7200,4ad0bb79a05aa666,5e95a49756520cf54fbf41e3bea777c93ea829addc8ec03ad9e088bbdbf95047,7200,384.00177220904,384.001751728459,,151,0,112,109779,7140,131,515058,0,0,0,0,,,False,0,969.0,2589.0,9563.0,202.0,339.0,2254.0,11422.966796875,19725.28125,-576.458801269531,-0.303999811410904,17083.30859375,-58.6719970703125,572.63623046875,69435.2109375,1202.79943847656,1021.06884765625,21348.259765625,227.12255859375,,,,,,,,,,,,,,,,,,,,
godot-creep,006-barrel-Mercury-flat-s11,33,barrel,flat,barrel-Mercury-flat,11,7200,41b4066428b91835,4d5a1b775ba27e7da02cc73c38693172376fa3e8a27869b55b77002eb5b7f0cb,7200,384.002327346468,384.000456539111,,150,0,112,72913,5856,171,404357,0,0,0,0,,,False,0,1150.0,1808.0,9412.0,171.0,311.0,1256.0,3050.96118164063,16734.509765625,-584.72900390625,-174.800384521484,17069.955078125,-59.8879928588867,1326.52368164063,48480.28125,1204.439453125,818.779296875,21103.11328125,230.909896850586,,,,,,,,,,,,,,,,,,,,
godot-creep,006-barrel-Mercury-flat-s12,33,barrel,flat,barrel-Mercury-flat,12,7200,3e1136d516ef205,9272a90125f9f08ed6fb94751123be52c98c07031e1848e4853d182af43b3676,7200,384.001707500915,384.001671262007,,148,0,112,86262,7144,137,479603,0,0,0,0,,,False,0,766.0,1877.0,8208.0,201.0,356.0,1018.0,5088.17822265625,19753.220703125,-557.096069335938,-0.303999662399292,17090.90625,-58.367992401123,10.4799909591675,65518.84375,1202.03942871094,286.844329833984,21391.453125,237.539947509766,,,,,,,,,,,,,,,,,,,,
godot-creep,006-barrel-Mercury-flat-s13,33,barrel,flat,barrel-Mercury-flat,13,7200,f6a26552f5e83b4e,31b1cbd43203e902aeb3c856e5b3d4109f35f0983555b3f45fdd6fd59cca3c2c,7200,384.00176704807,384.001720745944,,150,0,112,67584,7141,125,493820,0,0,0,0,,,False,0,815.0,1272.0,7412.0,198.0,334.0,822.0,-5082.2978515625,19716.8359375,-587.75439453125,2.43199968338013,17086.955078125,-57.4559898376465,-6.59999895095825,67188.6015625,1203.71948242188,-834.603576660156,21361.09765625,228.202758789063,,,,,,,,,,,,,,,,,,,,
godot-creep,006-barrel-Mercury-flat-s14,33,barrel,flat,barrel-Mercury-flat,14,7200,1aa9324618f86eb1,0b4b4c927464961b59aa07f1378300fdcd9e3634db9effe8dee92605894af181,7200,384.001766729415,384.001736425501,,150,0,112,85499,7144,130,522039,0,0,0,0,,,False,0,335.0,875.0,9893.0,200.0,324.0,760.0,10167.4365234375,19718.7578125,-585.863891601563,4.76837158203125e-07,17086.04296875,-58.3679962158203,570.957397460938,70336.5546875,1244.39929199219,940.742980957031,21373.609375,244.63117980957,,,,,,,,,,,,,,,,,,,,
godot-creep,006-barrel-Mercury-flat-s15,33,barrel,flat,barrel-Mercury-flat,15,7200,373843777743f8e3,6f15129decb0a60993617576062b18a2fe7fdf58dfcf0d92c1896ec6f536e6a0,7200,384.001709848524,384.001694219133,,143,0,112,84839,7153,116,542905,0,0,0,0,,,False,0,1293.0,2754.0,8759.0,222.0,360.0,2218.0,6352.0810546875,19756.576171875,-568.17529296875,3.64799928665161,17104.28125,-57.1519889831543,3.20000576972961,72689.9609375,1272.79919433594,399.339782714844,21441.47265625,274.231170654297,,,,,,,,,,,,,,,,,,,,
godot-creep,006-barrel-Mercury-flat-s16,33,barrel,flat,barrel-Mercury-flat,16,7200,a308b56c5d8a630f,3d48f4b37fd1d261a8282ee5d2fe23bded736b969213fdab82132674ff6b02cf,7200,384.001827680788,384.001805830678,,143,0,112,108555,7153,129,514744,0,0,0,0,,,False,0,1731.0,3162.0,10261.0,262.0,407.0,839.0,-11423.9794921875,19734.83203125,-589.962951660156,-2.98023223876953e-08,17104.583984375,-56.8479919433594,-564.3974609375,69581.5625,1271.71923828125,-1580.52185058594,21385.359375,274.327819824219,,,,,,,,,,,,,,,,,,,,
godot-creep,006-barrel-Mercury-flat-s17,33,barrel,flat,barrel-Mercury-flat,17,7200,9969f1c42913a2a,c6ca209a03a1d159151d94d446c65f1eec7ff449645c9c40bb49dba071e0c98b,7200,384.001697220781,384.001670885667,,151,0,112,68198,829,126,486824,0,0,0,0,,,False,0,5.0,1156.0,9303.0,240.0,353.0,2947.0,2519.93408203125,18447.193359375,-585.348083496094,3.64799928665161,17084.220703125,-57.7599906921387,5.24000024795532,8007.49560546875,1215.99938964844,196.227722167969,21263.48828125,235.315338134766,,,,,,,,,,,,,,,,,,,,
godot-creep,006-barrel-Mercury-flat-s18,33,barrel,flat,barrel-Mercury-flat,18,7200,67765279dfd3b597,25cb9836835e59d0eb8f623d5c7b088d14bfa8cb8476da2606f497d35dced710,7200,384.001766184474,384.001730065926,,149,0,112,67578,7142,128,536111,0,0,0,0,,,False,0,744.0,1745.0,13022.0,223.0,379.0,805.0,-5074.62255859375,19745.751953125,-559.710632324219,-0.608000040054321,17086.34765625,-60.4959945678711,12.759991645813,71704.875,1194.87951660156,-783.068237304688,21371.33984375,233.586547851563,,,,,,,,,,,,,,,,,,,,
godot-creep,006-barrel-Mercury-flat-s19,33,barrel,flat,barrel-Mercury-flat,19,7200,42baa5745f89fc4d,fbe8b0f3676b6d4a8f70184fb014db4e4ae6729387278b336402101befb7e4ab,7200,384.00180080895,384.001751553422,,150,0,112,67191,7142,135,479709,0,0,0,0,,,False,0,916.0,1850.0,9362.0,218.0,363.0,721.0,10173.857421875,17192.330078125,-575.246215820313,-0.607999682426453,17086.34765625,-58.0639953613281,562.036315917969,65221.31640625,1213.75939941406,1118.15954589844,21356.392578125,236.173309326172,,,,,,,,,,,,,,,,,,,,
godot-creep,007-barrel-Sand-flat-s00,2,barrel,flat,barrel-Sand-flat,0,7200,4ef1c7ee2377de45,a1ee22d5e97d15afdc978bbbc899d0c22f980a07942db30fb1b70a59d7c647e6,7200,12.5496826171875,1.44548034667969,-0.073516845703125,-1,0,62,1036,37,246,3521,0,0,0,0,,,True,0,607.0,959.0,7893.0,95.0,185.0,400.0,18.1799983978271,-322.632232666016,,3.34399676322937,-10902.3759765625,,0.0,0.0,,-0.317738384008408,-11030.2587890625,,,,,0.0,,,,,,,,,,,,,,,,
godot-creep,007-barrel-Sand-flat-s01,2,barrel,flat,barrel-Sand-flat,1,7200,8b75b6c07064a989,b18f6f7b3da2117da7d87d0ab14662be7a8555a96f7c24ecf4a6608ba453f970,7200,12.5560455322266,1.73753356933594,0.136444091796875,-1,0,64,1274,44,245,6588,0,0,0,0,,,True,0,530.0,863.0,8812.0,95.0,193.0,682.0,6.26399993896484,-847.275268554688,,19.151985168457,-10432.2041015625,,0.0,0.0,,0.122857749462128,-11032.2138671875,,,,,0.0,,,,,,,,,,,,,,,,
godot-creep,007-barrel-Sand-flat-s02,2,barrel,flat,barrel-Sand-flat,2,7200,620095286d9649,23dcc0a907ddb1fc336a9cfb5cc8e7167cf0f81b061c5416539a9bb414018ef8,7200,12.5560455322266,1.56346130371094,0.245712280273438,-1,0,64,1383,46,510,6244,0,0,0,0,,,True,0,3.0,703.0,7302.0,82.0,152.0,478.0,7.30799865722656,-722.251953125,,22.7997646331787,-10572.322265625,,0.0,0.0,,0.0809902846813202,-11035.6025390625,,,,,0.0,,,,,,,,,,,,,,,,
godot-creep,007-barrel-Sand-flat-s03,2,barrel,flat,barrel-Sand-flat,3,7200,fbf1b0e5f2fb1db2,5d475033c0a951491ef32527152d0dbbf480bfa2c83fd0070f90b639ec177725,7200,12.5489807128906,1.63592529296875,-0.144943237304688,-1,0,63,706,19,293,6225,0,0,0,0,,,True,0,585.0,958.0,10196.0,96.0,187.0,480.0,-4.0680046081543,-806.232177734375,,16.4159832000732,-10366.5361328125,,0.0,0.0,,0.122851550579071,-11029.6953125,,,,,0.0,,,,,,,,,,,,,,,,
godot-creep,007-barrel-Sand-flat-s04,2,barrel,flat,barrel-Sand-flat,4,7200,cb6e3523a23f6762,df1a3c819fd1aa4570a117fe2ea37a75140b33e067e107b5e2994d67ef0b479b,7200,12.5472564697266,1.45187377929688,-0.261932373046875,-1,0,64,1251,43,199,3583,0,0,0,0,,,True,0,516.0,831.0,6536.0,93.0,180.0,384.0,18.5400009155273,-299.880218505859,,13.680004119873,-10959.8408203125,,0.0,0.0,,-0.0129158794879913,-11035.794921875,,,,,0.0,,,,,,,,,,,,,,,,
godot-creep,007-barrel-Sand-flat-s05,2,barrel,flat,barrel-Sand-flat,5,7200,a58c37c6dce6b15,923ae3bc710619dd37cb9152b9cfe61616adb831c0237220e7ec67db5f626403,7200,12.5567474365234,2.49417114257813,0.0423583984375,-1,0,64,4649,414,5851,10263,0,0,0,0,,,True,0,689.0,1103.0,10496.0,103.0,202.0,623.0,10.8000030517578,-1305.74328613281,,28.2720260620117,-10456.3564453125,,0.0,0.0,,1.94541025161743,-11033.056640625,,,,,0.0,,,,,,,,,,,,,,,,
godot-creep,007-barrel-Sand-flat-s06,2,barrel,flat,barrel-Sand-flat,6,7200,ec28dbbf6c36eb48,1d34f949482b786aa5ccc07004308b4919506cf3dcb1df9ba15b89cc42793fa9,7200,12.5457763671875,2.18603515625,-0.223922729492188,-1,0,64,1321,31,162,3944,0,0,0,0,,,True,0,576.0,917.0,7949.0,98.0,190.0,497.0,8.67600250244141,-370.331420898438,,11.5519962310791,-10904.9619140625,,0.0,0.0,,-0.353446215391159,-11033.5986328125,,,,,0.0,,,,,,,,,,,,,,,,
godot-creep,007-barrel-Sand-flat-s07,2,barrel,flat,barrel-Sand-flat,7,7200,861a146ec0dde81e,c091268cf5b6685937ccd34ad38bb65f581b2eaf620989d2493523c3e35a091a,7200,12.5567474365234,1.57904052734375,0.0752410888671875,-1,0,64,969,41,372,6183,0,0,0,0,,,True,0,536.0,916.0,6845.0,98.0,198.0,574.0,8.1720027923584,-777.794982910156,,13.6800003051758,-10429.76171875,,0.0,0.0,,0.0316871404647827,-11031.8564453125,,,,,0.0,,,,,,,,,,,,,,,,
godot-creep,007-barrel-Sand-flat-s08,2,barrel,flat,barrel-Sand-flat,8,7200,30400c78b6ac14be,0bb17efbc370b2529e9fabf5569b61e144970b99efd45d2b704300ac907696e8,7200,12.5472564697266,1.491455078125,-0.0864715576171875,-1,0,64,1377,75,204,3887,0,0,0,0,,,True,0,3.0,405.0,10074.0,73.0,126.0,347.0,18.8280010223389,-354.599884033203,,11.5520238876343,-10924.46875,,0.0,0.0,,0.0607543289661407,-11031.5537109375,,,,,0.0,,,,,,,,,,,,,,,,
godot-creep,007-barrel-Sand-flat-s09,2,barrel,flat,barrel-Sand-flat,9,7200,25a56904e6288c2b,0f2a501c39a4e0fc12f43dd3807c4323eeb734a88f609b5c0c981d8ed5e59355,7200,12.5279083251953,1.65147399902344,0.223129272460938,-1,0,64,904,36,165,3315,0,0,0,0,,,True,0,551.0,885.0,7074.0,90.0,174.0,450.0,-2.66400003433228,-280.691558837891,,11.855993270874,-10925.171875,,0.0,0.0,,0.0143352150917053,-11029.1298828125,,,,,0.0,,,,,,,,,,,,,,,,
godot-creep,007-barrel-Sand-flat-s10,2,barrel,flat,barrel-Sand-flat,10,7200,8291e3b46b39e542,9f5db66db155155c63346caa86f534cbf84b175918590f22c35a23a5461c2dfd,7200,12.5472564697266,1.45187377929688,-0.261932373046875,-1,0,64,1251,43,199,3583,0,0,0,0,,,True,0,488.0,772.0,10198.0,85.0,155.0,347.0,18.5400009155273,-299.880218505859,,13.680004119873,-10959.8408203125,,0.0,0.0,,-0.0129158794879913,-11035.794921875,,,,,0.0,,,,,,,,,,,,,,,,
godot-creep,007-barrel-Sand-flat-s11,2,barrel,flat,barrel-Sand-flat,11,7200,3ab25583787db9f5,59fb7819a6097a8031b84da8b0fb475be3f5ade7273ad1c667d6cb60ade43b5c,7200,12.5560455322266,1.32771301269531,0.125518798828125,-1,0,64,1126,56,152,4313,0,0,0,0,,,True,0,3.0,407.0,6164.0,82.0,134.0,358.0,9.64800262451172,-427.136199951172,,15.5039939880371,-10847.34375,,0.0,0.0,,3.24049186706543,-11031.3154296875,,,,,0.0,,,,,,,,,,,,,,,,
godot-creep,007-barrel-Sand-flat-s12,2,barrel,flat,barrel-Sand-flat,12,7200,5624fdc3d0235583,64bd8d3bd23c414246f67b794ea46f4e172a42de2598de5c822ff5ec1dcbc9fc,7200,12.5595397949219,1.51104736328125,0.118743896484375,-1,0,64,1300,54,173,4980,0,0,0,0,,,True,0,519.0,822.0,7211.0,87.0,164.0,389.0,8.71200275421143,-548.056213378906,,18.5440483093262,-10743.021484375,,0.0,0.0,,0.0395157933235168,-11034.1611328125,,,,,0.0,,,,,,,,,,,,,,,,
godot-creep,007-barrel-Sand-flat-s13,2,barrel,flat,barrel-Sand-flat,13,7200,da85f8952375c1c5,972ba9f2ae481b08fedbd0dde308db0514ec0c6dbec56c7e0e9c40550d578424,7200,12.5560455322266,1.39495849609375,0.13818359375,-1,0,64,1141,65,106,3866,0,0,0,0,,,True,0,442.0,701.0,5657.0,83.0,157.0,313.0,9.86400413513184,-346.464294433594,,10.6399993896484,-10933.712890625,,0.0,0.0,,0.427960008382797,-11033.5869140625,,,,,0.0,,,,,,,,,,,,,,,,
godot-creep,007-barrel-Sand-flat-s14,2,barrel,flat,barrel-Sand-flat,14,7200,5b621d5d03346c4b,ebfe4384a74ee3170a8f32bcf7deb438706e9a18828c9f003c8e8e65401ca35a,7200,12.5716552734375,1.4835205078125,0.059722900390625,-1,0,64,1439,66,377,6979,0,0,0,0,,,True,0,3.0,644.0,7655.0,73.0,129.0,328.0,15.4440021514893,-876.866638183594,,14.5920419692993,-10420.6962890625,,0.0,0.0,,-0.880205512046814,-11031.2880859375,,,,,0.0,,,,,,,,,,,,,,,,
godot-creep,007-barrel-Sand-flat-s15,2,barrel,flat,barrel-Sand-flat,15,7200,cda0a41b80f0e661,ffbdf23ee822e5dfb741e92c9fe4222e1b50362b76c2ada8b5b94a7f5f9db8f8,7200,12.5560455322266,1.73753356933594,0.136444091796875,-1,0,64,1274,44,245,6588,0,0,0,0,,,True,0,826.0,1270.0,10465.0,90.0,173.0,423.0,6.26399993896484,-847.275268554688,,19.151985168457,-10432.2041015625,,0.0,0.0,,0.122857749462128,-11032.2138671875,,,,,0.0,,,,,,,,,,,,,,,,
godot-creep,007-barrel-Sand-flat-s16,2,barrel,flat,barrel-Sand-flat,16,7200,bd99fa8a14bc700f,a1fac94eb45830eaf39498350c93e4c3f567527ec76388b3925bed674be789c9,7200,12.5537261962891,2.05952453613281,0.13330078125,-1,0,64,1074,33,124,3446,0,0,0,0,,,True,0,738.0,1134.0,8286.0,91.0,169.0,353.0,17.1719932556152,-280.691680908203,,10.0319986343384,-10956.9326171875,,0.0,0.0,,0.122309297323227,-11031.2392578125,,,,,0.0,,,,,,,,,,,,,,,,
godot-creep,007-barrel-Sand-flat-s17,2,barrel,flat,barrel-Sand-flat,17,7200,d86eed4eb6c342d6,4ef07b92866ebd0fa686f500163e329f0cc7ca2c9bb2512e2600a166bec18829,7200,12.5567474365234,1.45066833496094,-0.160812377929688,-1,0,64,968,41,289,6366,0,0,0,0,,,True,0,617.0,956.0,6282.0,88.0,162.0,384.0,9.03600311279297,-810.733642578125,,13.3760080337524,-10401.826171875,,0.0,0.0,,0.606531739234924,-11036.921875,,,,,0.0,,,,,,,,,,,,,,,,
godot-creep,007-barrel-Sand-flat-s18,2,barrel,flat,barrel-Sand-flat,18,7200,6d059a2d58e0c89f,0a7343f5757b95c176199692bdf5164e1c7c8d06b13123f8fefbf50f91014b7c,7200,12.5560455322266,2.0177001953125,0.508407592773438,-1,0,64,1419,73,155,4106,0,0,0,0,,,True,0,455.0,741.0,7200.0,83.0,161.0,525.0,8.2079963684082,-359.7119140625,,6.99198913574219,-10938.5478515625,,0.0,0.0,,-6.60745334625244,-11028.3583984375,,,,,0.0,,,,,,,,,,,,,,,,
godot-creep,007-barrel-Sand-flat-s19,2,barrel,flat,barrel-Sand-flat,19,7200,d204a5196ac390d0,5f0bc11acf5cd0a2ff4aa9f839844163f6dedbd4004247ebaab683e9db625569,7200,12.5472564697266,1.3489990234375,-0.13946533203125,-1,0,64,1323,72,177,3829,0,0,0,0,,,True,0,5.0,39.0,6437.0,72.0,125.0,358.0,13.1400012969971,-348.695587158203,,22.4960517883301,-10930.81640625,,0.0,0.0,,-1.1557480096817,-11031.2666015625,,,,,0.0,,,,,,,,,,,,,,,,
godot-creep,008-barrel-Sand-excavate-s00,2,barrel,excavate,barrel-Sand-excavate,0,7200,77d3b8a5b5173d8d,efdd17c179d34284e88fb412f92c50f7293e2f4f70fd18079ec763bdaa4f7f63,7200,384.00186953147,384.001731455914,,853,0,112,60520,44,466,243251,0,0,0,0,,,False,0,35.0,2716.0,11059.0,139.0,253.0,1071.0,7755.05029296875,15480.1953125,-513.75390625,-99.1041870117188,14519.45703125,-876.735778808594,0.0,0.0,0.0,2726.787109375,17087.9765625,-1140.29968261719,,,,0.0,,,,,,,,,,,,,,,,
godot-creep,008-barrel-Sand-excavate-s01,2,barrel,excavate,barrel-Sand-excavate,1,7200,c7203a9cac4e81c9,72b4a7a8e94f54f44e69e2aee3d91604dd4afe19d47876300c11b256672aacfd,7200,384.001840678733,384.000204104183,,830,0,112,65961,52,668,191174,0,0,0,0,,,False,0,1232.0,4056.0,8621.0,150.0,273.0,5424.0,3613.85791015625,15536.390625,-516.770690917969,19.4560165405273,14606.9892578125,-870.659118652344,0.0,0.0,0.0,692.526550292969,17064.556640625,-1094.46997070313,,,,0.0,,,,,,,,,,,,,,,,
godot-creep,008-barrel-Sand-excavate-s02,2,barrel,excavate,barrel-Sand-excavate,2,7200,dbd2a09055527a4a,02a2fd2d2420bd5d4ff90e4fa75cc78a01701ee6f4a1f68b8174b7d08dc406a3,7200,384.001931790215,384.001914619917,,893,0,112,60269,53,505,270720,0,0,0,0,,,False,0,532.0,3249.0,8778.0,146.0,273.0,703.0,-3385.76196289063,16438.189453125,-591.592956542969,10.6400012969971,14412.455078125,-925.376831054688,0.0,0.0,0.0,-2632.28198242188,17528.046875,-1208.52136230469,,,,0.0,,,,,,,,,,,,,,,,
godot-creep,008-barrel-Sand-excavate-s03,2,barrel,excavate,barrel-Sand-excavate,3,7200,c868685bce9dde41,8d2acee70b609332598386efc73aee8a745e54fe15a49c3eeb395ff940d19229,7200,384.001878167549,384.001862857529,,830,0,112,60483,21,312,273555,0,0,0,0,,,False,0,577.0,2698.0,5558.0,162.0,296.0,811.0,-2280.6552734375,16733.607421875,-464.166198730469,-4.86400127410889,14653.1865234375,-837.825927734375,0.0,0.0,0.0,-2102.55932617188,17902.994140625,-1090.75036621094,,,,0.0,,,,,,,,,,,,,,,,
godot-creep,008-barrel-Sand-excavate-s04,2,barrel,excavate,barrel-Sand-excavate,4,7200,e05b7be7a48ee2fc,17478c1063c334f03821895cbf24e65e9b974d12422ec163201c2a6636ce1e35,7200,384.001992974142,384.001986443608,,823,0,112,61434,47,354,261110,0,0,0,0,,,False,0,604.0,2692.0,5820.0,140.0,290.0,766.0,8030.05322265625,15556.1865234375,-515.459350585938,3.64800548553467,14651.9736328125,-856.063171386719,0.0,0.0,0.0,3000.7412109375,17396.28515625,-1081.94458007813,,,,0.0,,,,,,,,,,,,,,,,
godot-creep,008-barrel-Sand-excavate-s05,2,barrel,excavate,barrel-Sand-excavate,5,7200,46debd5846b76704,984ff549e219093d1524e643148ae8cb354c116fad3b7d745c2848a47cf04f4b,7200,384.001927546003,384.001915857791,,820,0,112,60882,35,695,286201,0,0,0,0,,,False,0,4.0,2008.0,6394.0,139.0,261.0,559.0,6903.56298828125,16745.31640625,-481.61962890625,7.59999656677246,14680.5439453125,-834.784301757813,0.0,0.0,0.0,2327.1943359375,17587.236328125,-1072.33081054688,,,,0.0,,,,,,,,,,,,,,,,
godot-creep,008-barrel-Sand-excavate-s06,2,barrel,excavate,barrel-Sand-excavate,6,7200,f2b8cb519844c2f9,5bf10859bdf89afee8cca25ad1a2a567cede0a639bb5bf70a06b7ec8f40e7311,7200,384.197448730469,384.000209311088,,830,0,112,106253,244,6334,293419,0,0,0,0,,,False,0,3163.0,4369.0,6242.0,177.0,319.0,673.0,2690.97094726563,17820.373046875,-517.902709960938,24.6240825653076,14434.322265625,-856.067504882813,0.0,0.0,0.0,-80.1451873779297,16105.50390625,-1089.23461914063,,,,0.0,,,,,,,,,,,,,,,,
godot-creep,008-barrel-Sand-excavate-s07,2,barrel,excavate,barrel-Sand-excavate,7,7200,89982c61914be0a5,c291a08b21988cbad293a62519cfea6bd0bb4e858456b834f4e18d0d7c675e43,7200,384.001893693262,384.001876520932,,833,0,112,68833,45,355,318190,0,0,0,0,,,False,0,636.0,2765.0,5219.0,166.0,323.0,1387.0,6891.8310546875,17857.9140625,-479.11572265625,17.0239963531494,14629.48046875,-854.239196777344,0.0,0.0,0.0,2114.97094726563,17568.46484375,-1097.62890625,,,,0.0,,,,,,,,,,,,,,,,
godot-creep,008-barrel-Sand-excavate-s08,2,barrel,excavate,barrel-Sand-excavate,8,7200,59e48d03dfc8a31b,18040f9ed2fd8b99429df51fc98771a7a29a3c4ad3d1313199d922e906177173,7200,384.00239328185,384.000068599181,,843,0,112,27192,193,5355,117673,0,0,0,0,,,False,0,1908.0,4204.0,7327.0,126.0,282.0,628.0,151.510055541992,-443.798492431641,-523.855529785156,291.230987548828,14572.7314453125,-877.044311523438,0.0,0.0,0.0,-8.93103981018066,12063.072265625,-1122.33142089844,,,,0.0,,,,,,,,,,,,,,,,
godot-creep,008-barrel-Sand-excavate-s09,2,barrel,excavate,barrel-Sand-excavate,9,7200,fe787eff88310c12,63d3aa7d5be28cf274cf87e12726c9477ee340beeb62df2f7e1cb216bc7a0c25,7200,384.001607964549,384.000930309488,,891,0,112,84087,218,6763,243395,0,0,0,0,,,False,0,3117.0,4450.0,12899.0,200.0,347.0,1547.0,2953.60668945313,15385.72265625,-502.720153808594,48.3363151550293,14228.849609375,-910.477783203125,0.0,0.0,0.0,176.085372924805,15493.2041015625,-1203.62902832031,,,,0.0,,,,,,,,,,,,,,,,
godot-creep,008-barrel-Sand-excavate-s10,2,barrel,excavate,barrel-Sand-excavate,10,7200,9963e8640b2fbc14,8969aa2807054bf2ddbe0ea64b7ebccb222829a6c1cff85a60286d4cb26935ff,7200,384.001931458851,384.001738788647,,909,0,112,67796,52,493,283609,0,0,0,0,,,False,0,679.0,2983.0,6126.0,167.0,299.0,979.0,659.906921386719,17343.87890625,-567.241455078125,19.4560070037842,14355.3134765625,-943.615356445313,0.0,0.0,0.0,-641.518188476563,17497.34765625,-1232.43127441406,,,,0.0,,,,,,,,,,,,,,,,
godot-creep,008-barrel-Sand-excavate-s11,2,barrel,excavate,barrel-Sand-excavate,11,7200,fcca8052ffaa9288,1ad436f786b300ffe6efc1623cbcb550cfd51ee81c1798aba6b13d7a68f4ef63,7200,384.001931952914,384.001928609006,,986,0,112,59682,74,330,273987,0,0,0,0,,,False,0,4.0,2106.0,6222.0,141.0,264.0,1389.0,-3342.12866210938,16205.009765625,-573.676818847656,19.1519889831543,14061.08203125,-1050.62646484375,0.0,0.0,0.0,-2597.38940429688,17109.501953125,-1350.79711914063,,,,0.0,,,,,,,,,,,,,,,,
godot-creep,008-barrel-Sand-excavate-s12,2,barrel,excavate,barrel-Sand-excavate,12,7200,72929bd3dfacd32f,2e987d4adacb855759665cbab246463af98153fe0e13b948008e38293e08bfdf,7200,384.001931583545,384.001922833908,,986,0,112,60031,50,357,288296,0,0,0,0,,,False,0,556.0,2626.0,8178.0,149.0,299.0,593.0,-3349.37475585938,16156.04296875,-622.638610839844,25.8400039672852,14076.8916015625,-1034.81433105469,0.0,0.0,0.0,-2598.79614257813,17109.708984375,-1350.59008789063,,,,0.0,,,,,,,,,,,,,,,,
godot-creep,008-barrel-Sand-excavate-s13,2,barrel,excavate,barrel-Sand-excavate,13,7200,fd9260ea187dfbd,9f0e373c8eab26cd327d1524ef14a368e108f21113a7dc10b8b9fc8e2542d53d,7200,384.001937409373,384.001751682164,,973,0,112,63458,83,330,276818,0,0,0,0,,,False,0,561.0,2093.0,5317.0,149.0,276.0,568.0,-3044.6640625,16479.138671875,-650.745483398438,-13.9839963912964,14143.76171875,-999.55078125,0.0,0.0,0.0,-2452.44799804688,17182.283203125,-1331.18701171875,,,,0.0,,,,,,,,,,,,,,,,
godot-creep,008-barrel-Sand-excavate-s14,2,barrel,excavate,barrel-Sand-excavate,14,7200,e8a5c12baeba8409,e25054a801bb6b152d262b3af07bc92a74365791b25a387503d0e79a96b12504,7200,384.001931900301,384.001927724882,,978,0,112,60771,87,472,266312,0,0,0,0,,,False,0,129.0,1401.0,6015.0,136.0,249.0,891.0,-3354.77563476563,16090.5283203125,-709.750549316406,8.51200103759766,14141.6328125,-989.519348144531,0.0,0.0,0.0,-2605.7001953125,17145.0,-1339.064453125,,,,0.0,,,,,,,,,,,,,,,,
godot-creep,008-barrel-Sand-excavate-s15,2,barrel,excavate,barrel-Sand-excavate,15,7200,cba285779cb65fa8,642d4c1099f1104b5bcdc1a313ffd13c188303f67fb298c1949bec6b758ec9e6,7200,384.0015420631,384.000687313706,,997,0,112,83243,207,5984,262399,0,0,0,0,,,False,0,2798.0,4198.0,6918.0,156.0,290.0,583.0,2098.37353515625,14924.7392578125,-699.287170410156,436.542602539063,13933.9736328125,-1004.41943359375,0.0,0.0,0.0,41.958740234375,15200.7587890625,-1368.06896972656,,,,0.0,,,,,,,,,,,,,,,,
godot-creep,008-barrel-Sand-excavate-s16,2,barrel,excavate,barrel-Sand-excavate,16,7200,ba5d1907324cf751,7296af9da756f15a2505745636b04a64a46ed36044621074de746bd942e51562,7200,384.002162795964,384.000230474674,,983,0,112,73560,166,5615,186552,0,0,0,0,,,False,0,2777.0,4303.0,7723.0,173.0,290.0,634.0,2789.26538085938,13934.47265625,-639.310729980469,96.6720428466797,14003.6435546875,-993.772033691406,0.0,0.0,0.0,390.476318359375,15297.0830078125,-1346.02307128906,,,,0.0,,,,,,,,,,,,,,,,
godot-creep,008-barrel-Sand-excavate-s17,2,barrel,excavate,barrel-Sand-excavate,17,7200,59399cdd54ac9a41,6dc87c22bf42ca2f19dbd1f252273f2755f0bf30724bdc46c8011cba7679802d,7200,384.001937237187,384.001745332454,,968,0,112,79152,61,456,267044,0,0,0,0,,,False,0,4.0,829.0,7198.0,132.0,223.0,547.0,-882.051025390625,18659.345703125,-636.640808105469,12.1599979400635,14209.111328125,-946.351318359375,0.0,0.0,0.0,-1448.18786621094,17303.78515625,-1322.55822753906,,,,0.0,,,,,,,,,,,,,,,,
godot-creep,008-barrel-Sand-excavate-s18,2,barrel,excavate,barrel-Sand-excavate,18,7200,e303ab74e8c30cd6,0120ebb728c5ec7edfec9baefde4c5527a8ce10da0aa734e932b2b07e9295ac9,7200,384.5771484375,384.000659688302,,986,0,112,92447,208,6485,241239,0,0,0,0,,,False,0,3170.0,4101.0,8991.0,173.0,292.0,848.0,3108.23510742188,16038.552734375,-730.818969726563,91.8080062866211,13979.9658203125,-984.048706054688,0.0,0.0,0.0,348.689270019531,15385.4453125,-1350.15454101563,,,,0.0,,,,,,,,,,,,,,,,
godot-creep,008-barrel-Sand-excavate-s19,2,barrel,excavate,barrel-Sand-excavate,19,7200,34915489905b0521,f5a90663ce50c4f6a08484b877334f9ba134005a5a3d89436becfebb8bdef433,7200,384.001931868145,384.001921310883,,984,0,112,62025,83,425,280471,0,0,0,0,,,False,0,968.0,1464.0,5095.0,150.0,268.0,588.0,2501.8134765625,16160.5205078125,-712.6318359375,28.8799934387207,14151.966796875,-964.591613769531,0.0,0.0,0.0,286.886352539063,17120.85546875,-1347.64306640625,,,,0.0,,,,,,,,,,,,,,,,
godot-creep,009-barrel-Sand-flat-s00,2,barrel,flat,barrel-Sand-flat,0,7200,4998461057443ccc,24ebe3b422a561f235b3a72057b51611b29f129152e4974d215bd7222d5546f7,7200,384.5556640625,384.001634528071,,448,0,112,81341,57,1363,289540,0,0,0,0,,,False,0,963.0,5250.0,9131.0,160.0,289.0,2149.0,7637.12060546875,17663.65234375,-561.552551269531,5.47199440002441,16315.830078125,-51.0719871520996,0.0,0.0,0.0,2427.81640625,18655.669921875,-515.618530273438,,,,0.0,,,,,,,,,,,,4,,,,
godot-creep,009-barrel-Sand-flat-s01,2,barrel,flat,barrel-Sand-flat,1,7200,2b5fe7c66f31a64d,f6f4960b38cdc6758b4aeda5b04c930a1e49eddf821cea07f597a7d186234ec7,7200,384.001957040231,384.000803596037,,448,0,112,90877,53,3405,244892,0,0,0,0,,,False,0,2290.0,5474.0,8822.0,179.0,292.0,500.0,4203.43505859375,17659.92578125,-565.724243164063,66.5759887695313,16213.47265625,-48.9439926147461,0.0,0.0,0.0,824.005920410156,18173.09375,-515.692504882813,,,,0.0,,,,,,,,,,,,4,,,,
godot-creep,009-barrel-Sand-flat-s02,2,barrel,flat,barrel-Sand-flat,2,7200,6c3a249c05bf54ac,1b87924c6a06f12e404d30cef5444c41245d8005b741efdeb2636c5c6db90ba8,7200,384.001908049749,384.000195661766,,448,0,112,76022,113,4855,206336,0,0,0,0,,,False,0,4254.0,5885.0,25935.0,178.0,292.0,2131.0,3747.1357421875,15235.427734375,-564.284729003906,-199.424224853516,16182.220703125,-48.9439926147461,0.0,0.0,0.0,598.999328613281,17574.884765625,-515.108703613281,,,,0.0,,,,,,,,,,,,4,,,,
godot-creep,009-barrel-Sand-flat-s03,2,barrel,flat,barrel-Sand-flat,3,7200,84ee108303e5efb3,5520d043df6dcab5655fe18949f96941c7d8008c13e2e66e6be7fef6c2005859,7200,384.002032184237,384.000229663928,,448,0,112,90646,220,5664,299251,0,0,0,0,,,False,0,4329.0,5669.0,9139.0,170.0,288.0,1036.0,3884.19555664063,16454.310546875,-565.616271972656,31.0081634521484,16140.751953125,-48.6399917602539,0.0,0.0,0.0,368.070983886719,17517.306640625,-515.396911621094,,,,0.0,,,,,,,,,,,,4,,,,
godot-creep,009-barrel-Sand-flat-s04,2,barrel,flat,barrel-Sand-flat,4,7200,5a3df481d89f0c32,3fbb95ebbe3a10f95813532c4e883da0923b6a23adc1acd4aff329bc2b9b944d,7200,384.001908069748,384.000255421015,,448,0,112,93119,104,4446,219648,0,0,0,0,,,False,0,2724.0,5297.0,10224.0,172.0,282.0,613.0,3789.673828125,17660.369140625,-564.284729003906,73.2640609741211,16212.2685546875,-48.9439926147461,0.0,0.0,0.0,609.688659667969,18010.04296875,-515.108703613281,,,,0.0,,,,,,,,,,,,4,,,,
godot-creep,009-barrel-Sand-flat-s05,2,barrel,flat,barrel-Sand-flat,5,7200,dde6063c6e192ac4,8f4903ed0c2589b3ea10deb8b601d11a74b0a7fbaeb708411c86b9c34a49cc16,7200,384.001979290297,384.000269771068,,448,0,112,48240,206,5940,171596,0,0,0,0,,,False,0,5.0,5385.0,8316.0,119.0,255.0,483.0,1607.26684570313,5641.3388671875,-565.616271972656,11.8559284210205,16196.0517578125,-48.6399917602539,0.0,0.0,0.0,14.7292098999023,15745.7294921875,-515.373779296875,,,,0.0,,,,,,,,,,,,4,,,,
godot-creep,009-barrel-Sand-flat-s06,2,barrel,flat,barrel-Sand-flat,6,7200,f54760dbe57de776,39f7f755a8a3c7de0f5723d83b1e85973b7d402dac43f5c80ddb04096f08cec4,7200,384.001931545511,384.001917583998,,448,0,112,64735,7,156,326872,0,0,0,0,,,False,0,526.0,838.0,5196.0,148.0,275.0,1177.0,-3630.59301757813,17674.515625,-556.408935546875,-2.73599982261658,16371.140625,-48.6399879455566,0.0,0.0,0.0,-2820.09765625,19543.115234375,-515.376953125,,,,0.0,,,,,,,,,,,,4,,,,
godot-creep,009-barrel-Sand-flat-s07,2,barrel,flat,barrel-Sand-flat,7,7200,acd576196362f8be,46bc1724b2aafc622aa29a2a4fd8ad50854a469c35f38a99ec5d6e438c8b3eb5,7200,384.001956804852,384.000233784265,,448,0,112,78214,109,5979,206102,0,0,0,0,,,False,0,3753.0,5137.0,9529.0,167.0,274.0,553.0,3205.5849609375,15232.5244140625,-565.724243164063,15.1998176574707,16210.453125,-48.9439926147461,0.0,0.0,0.0,452.513549804688,17542.251953125,-515.692504882813,,,,0.0,,,,,,,,,,,,4,,,,
godot-creep,009-barrel-Sand-flat-s08,2,barrel,flat,barrel-Sand-flat,8,7200,b6862ce76414530,dad6221ce11b1928e4f25825dfcdc9f11828abd0365435a7f5968106f7683a99,7200,384.002004184877,384.000272474182,,448,0,112,4418,13,283,205940,0,0,0,0,,,False,0,3.0,514.0,5639.0,115.0,228.0,508.0,536.117614746094,-487.40283203125,-564.1767578125,-5.16800022125244,16366.5810546875,-48.9439926147461,0.0,0.0,0.0,281.340881347656,15678.9892578125,-515.131286621094,,,,0.0,,,,,,,,,,,,4,,,,
godot-creep,009-barrel-Sand-flat-s09,2,barrel,flat,barrel-Sand-flat,9,7200,8f42ca90e9b7406c,3691d8a43148e7593274feda772683efe1d394bca1b081c363bca19b78d3d9f7,7200,384.002032184237,384.000761585473,,448,0,112,102508,198,6463,315286,0,0,0,0,,,False,0,4287.0,6029.0,12769.0,192.0,304.0,1878.0,3683.04345703125,17656.6484375,-565.616271972656,34.9601936340332,16173.2548828125,-48.6399917602539,0.0,0.0,0.0,297.503936767578,17568.3359375,-515.396911621094,,,,0.0,,,,,,,,,,,,4,,,,
godot-creep,009-barrel-Sand-flat-s10,2,barrel,flat,barrel-Sand-flat,10,7200,8f14c384c61617b9,de31a0ab753f3ab6525afe7a5d799e52de861331bef2eb23fa49aeb9f3bcebdc,7200,384.001908069282,384.000780356485,,448,0,112,78849,133,5768,210225,0,0,0,0,,,False,0,3860.0,5988.0,9859.0,164.0,270.0,1043.0,3294.86474609375,15242.5615234375,-564.284729003906,38.6080474853516,16217.7294921875,-48.9439926147461,0.0,0.0,0.0,515.835205078125,17565.53125,-515.108703613281,,,,0.0,,,,,,,,,,,,4,,,,
godot-creep,009-barrel-Sand-flat-s11,2,barrel,flat,barrel-Sand-flat,11,7200,6baee7638e8a4f51,701c3dfc489d14ea44d39bf976be25c375a702d71db7c1c2f9fb2035e78493cc,7200,384.002007445056,384.000222911409,,448,0,112,4518,15,336,205903,0,0,0,0,,,False,0,154.0,507.0,8246.0,126.0,236.0,574.0,536.795471191406,-487.329345703125,-565.50830078125,-4.5600004196167,16368.708984375,-48.6399917602539,0.0,0.0,0.0,281.495849609375,15671.6318359375,-515.344970703125,,,,0.0,,,,,,,,,,,,4,,,,
godot-creep,009-barrel-Sand-flat-s12,2,barrel,flat,barrel-Sand-flat,12,7200,c8ec4d3d36180ce3,1af88c387d0e9f0ee18606fe93bd05e8ce9b0a366f612621b2e258396d9a7754,7200,384.002079979022,384.000646327234,,448,0,112,96265,168,5950,299755,0,0,0,0,,,False,0,3826.0,6434.0,17229.0,204.0,335.0,4018.0,2995.328125,17097.681640625,-564.284729003906,387.598937988281,16227.9736328125,-48.9439926147461,0.0,0.0,0.0,273.640686035156,17569.849609375,-515.150817871094,,,,0.0,,,,,,,,,,,,4,,,,
godot-creep,009-barrel-Sand-flat-s13,2,barrel,flat,barrel-Sand-flat,13,7200,5e3acf80ab0da705,56622e314c8741cbdbe7c82ca5054652bd50e163e471a7976c261a24b73bc500,7200,384.001956890909,384.000722829497,,448,0,112,79788,114,5121,213823,0,0,0,0,,,False,0,2840.0,6204.0,10837.0,182.0,315.0,916.0,2983.10034179688,15249.12890625,-565.724243164063,193.344345092773,16254.4189453125,-48.9439926147461,0.0,0.0,0.0,510.738586425781,17656.25,-515.692504882813,,,,0.0,,,,,,,,,,,,4,,,,
godot-creep,009-barrel-Sand-flat-s14,2,barrel,flat,barrel-Sand-flat,14,7200,5b7953ac27f326b4,af24a0afc84a737a07b925b3deefb42a5aff23557c82ffcc06f385b2061a1031,7200,384.002079447341,384.000260922112,,448,0,112,4490,9,293,219482,0,0,0,0,,,False,0,4.0,390.0,7363.0,122.0,258.0,1357.0,536.724670410156,-465.996520996094,-564.068725585938,-6.38399982452393,16367.4931640625,-48.9439926147461,0.0,0.0,0.0,280.880065917969,15692.404296875,-515.116760253906,,,,0.0,,,,,,,,,,,,4,,,,
godot-creep,009-barrel-Sand-flat-s15,2,barrel,flat,barrel-Sand-flat,15,7200,f7349ecd6ba6b320,afa5455235456ea44a2575b4ee4fe8b674c704c05449aa1f4b28750b729694a8,7200,384.002032215415,384.000562995335,,448,0,112,95800,170,6238,290282,0,0,0,0,,,False,0,3778.0,7890.0,13123.0,204.0,333.0,3586.0,3228.62719726563,17152.900390625,-565.616271972656,264.784484863281,16224.6103515625,-48.6399917602539,0.0,0.0,0.0,187.358779907227,17576.630859375,-515.396911621094,,,,0.0,,,,,,,,,,,,4,,,,
godot-creep,009-barrel-Sand-flat-s16,2,barrel,flat,barrel-Sand-flat,16,7200,a11577082626060d,a978808b315ac4bf77ca55a7f512f5271ed6c965704aaca8a938f51229b8e8e0,7200,384.001908049749,384.000180683197,,448,0,112,81000,123,5226,216281,0,0,0,0,,,False,0,2016.0,6497.0,10998.0,182.0,336.0,1380.0,3255.876953125,15242.455078125,-564.284729003906,152.608215332031,16242.234375,-48.9439926147461,0.0,0.0,0.0,526.851745605469,17596.189453125,-515.108703613281,,,,0.0,,,,,,,,,,,,4,,,,
godot-creep,009-barrel-Sand-flat-s17,2,barrel,flat,barrel-Sand-flat,17,7200,a4aff7da41db551b,5ce22cc94f30d44a91cf5dd41596fa5452eb8c07594a032600e1303638bc8ac9,7200,384.001965510831,384.001923387017,,448,0,112,66133,8,154,326881,0,0,0,0,,,False,0,4.0,372.0,5902.0,146.0,333.0,2618.0,-3630.34252929688,17673.0,-557.925903320313,-4.25600004196167,16371.4443359375,-48.3359909057617,0.0,0.0,0.0,-2820.615234375,19543.220703125,-515.270935058594,,,,0.0,,,,,,,,,,,,4,,,,
godot-creep,009-barrel-Sand-flat-s18,2,barrel,flat,barrel-Sand-flat,18,7200,8414f207f7058790,a954072129bc7274277630cbc14a9d21948e9ea3c7a22d0dcaeb90cda2cd785d,7200,384.001914248919,384.000879336305,,448,0,112,101887,158,6260,272178,0,0,0,0,,,False,0,4647.0,8508.0,24032.0,202.0,404.0,6295.0,3086.189453125,17658.4921875,-564.284729003906,145.920120239258,16179.3388671875,-48.9439926147461,0.0,0.0,0.0,242.835571289063,17598.58984375,-515.109008789063,,,,0.0,,,,,,,,,,,,4,,,,
godot-creep,009-barrel-Sand-flat-s19,2,barrel,flat,barrel-Sand-flat,19,7200,488abe6620fe1286,bf52a9b8cfcafe212f28292344d4abb99fae84b87c5441e43af9748b1038882d,7200,384.002013830556,384.000307177397,,448,0,112,79994,106,5300,212996,0,0,0,0,,,False,0,2794.0,6296.0,58227.0,173.0,321.0,34907.0,3280.90112304688,15240.53515625,-565.724243164063,26.4479217529297,16264.7568359375,-48.9439926147461,0.0,0.0,0.0,483.202056884766,17641.8203125,-515.719543457031,,,,0.0,,,,,,,,,,,,4,,,,
godot-creep,010-barrel-Sand-flat-s00,2,barrel,flat,barrel-Sand-flat,0,7200,daa95641df3dc56b,901929f789782febab6a05cd40a52309d52e489ad1cb02c95e53ca2e2f264f0a,7200,384.119995117188,384.001202175667,,297,0,112,63831,12,174,334375,4,0,0,0,,,False,0,809.0,1215.0,5223.0,142.0,316.0,885.0,-8684.70703125,18035.423828125,-579.53564453125,0.0,16716.73828125,-62.9279899597168,0.0,0.0,0.0,-2579.64501953125,9771.0615234375,-250.495422363281,,,,0.0,,,,,,4,,,,,,,,,,
godot-creep,010-barrel-Sand-flat-s01,2,barrel,flat,barrel-Sand-flat,1,7200,352b612a7e318119,3a1c61150be9e9763fabae72ac96088628ad8e2e174787c3ad3bec3264034a79,7200,385.39404296875,384.001125837749,,298,0,112,63782,13,169,362034,4,0,0,0,,,False,0,867.0,1221.0,6680.0,145.0,321.0,672.0,-6216.52587890625,18000.8671875,-610.755493164063,0.0,16714.001953125,-63.2319869995117,0.0,0.0,0.0,-2033.64147949219,9888.5771484375,-255.439315795898,,,,0.0,,,,,,4,,,,,,,,,,
godot-creep,010-barrel-Sand-flat-s02,2,barrel,flat,barrel-Sand-flat,2,7200,2c1bef5ea7da6376,da88f1f82c84dda13ef67c6c6a5cc50eeebed52c9c1f6a2151a1e7219280d570,7200,384.929138183594,384.001140348973,,298,0,112,66595,12,211,253770,4,0,0,0,,,False,0,799.0,1291.0,7312.0,124.0,327.0,1615.0,-5370.4091796875,18022.416015625,-585.518920898438,2.1279993057251,16709.138671875,-63.5359878540039,0.0,0.0,0.0,-1863.94592285156,9855.697265625,-253.505737304688,,,,0.0,,,,,,4,,,,,,,,,,
godot-creep,010-barrel-Sand-flat-s03,2,barrel,flat,barrel-Sand-flat,3,7200,2fad4b53fa1fb604,1fc9fedb4756e7c6934ca9a38f93983ffa4cf7e603d3d4475842e87d791c4a19,7200,384.467529296875,384.001182102247,,301,0,112,79451,12,166,376058,4,0,0,0,,,False,0,539.0,841.0,6734.0,143.0,316.0,1129.0,-7451.58203125,19233.720703125,-617.746643066406,0.0,16707.619140625,-62.3199882507324,0.0,0.0,0.0,-2216.18383789063,9843.4013671875,-259.880493164063,,,,0.0,,,,,,4,,,,,,,,,,
godot-creep,010-barrel-Sand-flat-s04,2,barrel,flat,barrel-Sand-flat,4,7200,43dc5c501869220e,c111ffc10aa5b27526472cb328450f28571ac7e79523e665ddf0ba4e880c2600,7200,385.25732421875,384.001247327131,,299,0,112,125293,17,280,318551,4,0,0,0,,,False,0,568.0,943.0,6582.0,132.0,293.0,815.0,17006.822265625,18012.125,-591.442443847656,5.471999168396,16708.837890625,-62.6239891052246,0.0,0.0,0.0,2913.93237304688,9196.59765625,-254.209976196289,,,,0.0,,,,,,4,,,,,,,,,,
godot-creep,010-barrel-Sand-flat-s05,2,barrel,flat,barrel-Sand-flat,5,7200,761ed2ee1bfcfbd,480e4074b34dd7efa712bea3a9f91635d8a3b73b8f480e6270f13e5a0ef577eb,7200,385.25732421875,384.00114150533,,299,0,112,48103,14,193,280830,4,0,0,0,,,False,0,3.0,171.0,7018.0,116.0,266.0,4840.0,-3466.27709960938,12001.7294921875,-591.442443847656,1.21600008010864,16709.443359375,-62.6239891052246,0.0,0.0,0.0,-1667.37097167969,9829.50390625,-254.209976196289,,,,0.0,,,,,,4,,,,,,,,,,
godot-creep,010-barrel-Sand-flat-s06,2,barrel,flat,barrel-Sand-flat,6,7200,349ecd933b8f73a9,96d07dbe25e8de86a1b1a4b7de2ab0b2f6c0ad6b8c7a693316c1c53813d97e2c,7200,385.257263183594,384.00124655149,,299,0,112,125486,12,178,355231,4,0,0,0,,,False,0,530.0,969.0,7688.0,156.0,358.0,4389.0,17370.55078125,18012.486328125,-591.442443847656,2.43199992179871,16709.748046875,-62.6239891052246,0.0,0.0,0.0,3044.51586914063,9237.255859375,-254.209976196289,,,,0.0,,,,,,4,,,,,,,,,,
godot-creep,010-barrel-Sand-flat-s07,2,barrel,flat,barrel-Sand-flat,7,7200,5df1527a6ba35126,a6da7d66480c5e6f3b8b32e17006b37ea031a0bc18bf81fe731e160406aaae29,7200,385.394104003906,384.001139456131,,298,0,112,63787,13,169,362034,4,0,0,0,,,False,0,592.0,1007.0,6102.0,158.0,359.0,1550.0,-6216.52587890625,18000.8671875,-610.755493164063,0.0,16714.001953125,-63.2319869995117,0.0,0.0,0.0,-2033.64147949219,9888.5771484375,-255.439315795898,,,,0.0,,,,,,4,,,,,,,,,,
godot-creep,010-barrel-Sand-flat-s08,2,barrel,flat,barrel-Sand-flat,8,7200,47a597b2ed847e2f,e901d474be3b626d3b9d511d5c52c5a231f301b7fe57e60550e0bf9ac0569269,7200,384.92919921875,384.001253240205,,298,0,112,3591,14,238,220001,4,0,0,0,,,False,0,3.0,422.0,8572.0,116.0,242.0,607.0,-5542.7265625,2206.21923828125,-585.518920898438,2.43199944496155,16708.8359375,-63.5359878540039,0.0,0.0,0.0,-2922.87841796875,9350.4990234375,-253.505737304688,,,,0.0,,,,,,4,,,,,,,,,,
godot-creep,010-barrel-Sand-flat-s09,2,barrel,flat,barrel-Sand-flat,9,7200,ac76540d1d9c0a3e,dc4d4f206e77957b7afc3e5c438fedf8b274fef78354a6bdf1831ae632697c80,7200,385.257263183594,384.001135002016,,299,0,112,75961,19,266,311600,4,0,0,0,,,False,0,549.0,1008.0,7829.0,142.0,332.0,960.0,-1546.66809082031,18012.8203125,-591.442443847656,-0.912000179290771,16706.404296875,-62.6239891052246,0.0,0.0,0.0,-1067.11987304688,9723.24609375,-254.209976196289,,,,0.0,,,,,,4,,,,,,,,,,
godot-creep,010-barrel-Sand-flat-s10,2,barrel,flat,barrel-Sand-flat,10,7200,b8a6fa8d31a13690,a9eb4e9cbbad8335a2f02a4c835b564d4e7adda8d520f98b4ce84ef87d826e4a,7200,384.92919921875,384.001242817324,,298,0,112,72902,11,203,273226,4,0,0,0,,,False,0,597.0,1017.0,6789.0,139.0,321.0,2959.0,-9284.478515625,18022.599609375,-585.518920898438,0.304000049829483,16709.443359375,-63.5359878540039,0.0,0.0,0.0,-2705.1689453125,9675.9462890625,-253.505737304688,,,,0.0,,,,,,4,,,,,,,,,,
godot-creep,010-barrel-Sand-flat-s11,2,barrel,flat,barrel-Sand-flat,11,7200,4d56e663b3a70c3e,405e890927043689ed12324c75a422c8072529dfa3b7c5f6d7eeada9f23d6927,7200,385.394104003906,384.001139455622,,298,0,112,63786,14,169,362034,4,0,0,0,,,False,0,141.0,282.0,5050.0,152.0,306.0,1325.0,-6216.52587890625,18000.8671875,-610.755493164063,0.0,16714.001953125,-63.2319869995117,0.0,0.0,0.0,-2033.64147949219,9888.5771484375,-255.439315795898,,,,0.0,,,,,,4,,,,,,,,,,
godot-creep,010-barrel-Sand-flat-s12,2,barrel,flat,barrel-Sand-flat,12,7200,956f796199189fb4,6bf5b7c0743067b04df714fb2f2b41a81d0b75ea1ab7997b4f6c6ed446783015,7200,385.257263183594,384.001192521607,,299,0,112,119818,12,196,325909,4,0,0,0,,,False,0,531.0,937.0,6248.0,149.0,354.0,1301.0,16983.8515625,18012.80859375,-591.442443847656,2.12800002098084,16709.748046875,-62.6239891052246,0.0,0.0,0.0,2973.61206054688,9259.3232421875,-254.209976196289,,,,0.0,,,,,,4,,,,,,,,,,
godot-creep,010-barrel-Sand-flat-s13,2,barrel,flat,barrel-Sand-flat,13,7200,d5dbc94401f141a,ae512014bd1f2bd28b9795408c644f85067f2e32e84c9b65b655cb34292ac69e,7200,385.394104003906,384.001139419434,,298,0,112,63782,13,169,362034,4,0,0,0,,,False,0,551.0,1027.0,6523.0,157.0,405.0,8911.0,-6216.52587890625,18000.8671875,-610.755493164063,0.0,16714.001953125,-63.2319869995117,0.0,0.0,0.0,-2033.64147949219,9888.5771484375,-255.439315795898,,,,0.0,,,,,,4,,,,,,,,,,
godot-creep,010-barrel-Sand-flat-s14,2,barrel,flat,barrel-Sand-flat,14,7200,f68ee1509eccf67e,bd92550f000e67660fa06cdfb8fc326ff7f1f9b4519009d5e2a1e3af50d8ce3f,7200,385.394104003906,384.001139490268,,298,0,112,63787,13,169,362034,4,0,0,0,,,False,0,3.0,15.0,6436.0,132.0,268.0,1517.0,-6216.52587890625,18000.8671875,-610.755493164063,0.0,16714.001953125,-63.2319869995117,0.0,0.0,0.0,-2033.64147949219,9888.5771484375,-255.439315795898,,,,0.0,,,,,,4,,,,,,,,,,
godot-creep,010-barrel-Sand-flat-s15,2,barrel,flat,barrel-Sand-flat,15,7200,25734a6126d5c447,5270ec8d244f8fd221311939f82995ef6eda386ee10ec57cfd123c57876368e8,7200,385.257263183594,384.001255810779,,299,0,112,116339,14,238,305663,4,0,0,0,,,False,0,462.0,829.0,10952.0,130.0,304.0,3347.0,17552.814453125,18012.740234375,-591.442443847656,2.73599910736084,16708.8359375,-62.6239891052246,0.0,0.0,0.0,3064.81567382813,9193.6689453125,-254.209976196289,,,,0.0,,,,,,4,,,,,,,,,,
godot-creep,010-barrel-Sand-flat-s16,2,barrel,flat,barrel-Sand-flat,16,7200,1bd54a703f2a8026,9c5aca243429c2cb177c39672ba94ef330fae67f04026e28b5bd9fb82d8b2887,7200,384.001194196272,384.001185951432,,300,0,112,64275,13,169,362232,4,0,0,0,,,False,0,472.0,791.0,6503.0,140.0,314.0,2532.0,-6209.619140625,17998.384765625,-609.31787109375,0.0,16707.31640625,-62.6239891052246,0.0,0.0,0.0,-2033.09704589844,9882.1689453125,-258.148834228516,,,,0.0,,,,,,4,,,,,,,,,,
godot-creep,010-barrel-Sand-flat-s17,2,barrel,flat,barrel-Sand-flat,17,7200,d53c940510aedd80,32bb5611f2db97fbf0899f58c33cea293d28f5e81d37330a56412d8c839aa583,7200,384.467651367188,384.001183323683,,301,0,112,79459,12,166,376058,4,0,0,0,,,False,0,3.0,14.0,6414.0,128.0,241.0,681.0,-7451.58203125,19233.720703125,-617.746643066406,0.0,16707.619140625,-62.3199882507324,0.0,0.0,0.0,-2216.18383789063,9843.4013671875,-259.880493164063,,,,0.0,,,,,,4,,,,,,,,,,
godot-creep,010-barrel-Sand-flat-s18,2,barrel,flat,barrel-Sand-flat,18,7200,aac82b0fe3c8a5ee,03b827ea4aa5f0be6f51b814e72884989ba91b38c103ad64ba21049a3642f258,7200,384.929321289063,384.001184106607,,298,0,112,94464,12,226,282223,4,0,0,0,,,False,0,390.0,760.0,7229.0,126.0,285.0,767.0,13976.75,18022.6796875,-585.518920898438,3.03999900817871,16707.923828125,-63.5359878540039,0.0,0.0,0.0,2488.9970703125,9442.728515625,-253.505752563477,,,,0.0,,,,,,4,,,,,,,,,,
godot-creep,010-barrel-Sand-flat-s19,2,barrel,flat,barrel-Sand-flat,19,7200,a23e61d59afb637f,5c4867f23eccdf7a90752be1f57896a2dad01036132cb7ea722f5df2b5664b7a,7200,385.39404296875,384.001125837691,,298,0,112,63785,13,169,362034,4,0,0,0,,,False,0,393.0,734.0,5792.0,137.0,318.0,2272.0,-6216.52587890625,18000.8671875,-610.755493164063,0.0,16714.001953125,-63.2319869995117,0.0,0.0,0.0,-2033.64147949219,9888.5771484375,-255.439315795898,,,,0.0,,,,,,4,,,,,,,,,,
water-accounting,water-s00,3,barrel,flat,barrel-Water-flat-global-accounting,0,1800,2ae5399035861a36,1293ed142dbf847493149ea70ef99b14e48c674fe6a53a177b6e2227079936c1,1800,384.001970647864,384.00147994701,,344,0,112,17552,33,148,106997,0,0,0,-16065,0,16065,False,0,81.0,6151.0,22145.0,185.0,399.0,1046.0,982.290405273438,3531.8857421875,-661.274719238281,-33.6300163269043,2151.19775390625,-51.2999992370605,0.274999976158142,293.475006103516,253.475006103516,454.319458007813,3851.69140625,-325.979888916016,,,,,,,,,,,,,,,,,,,,True
water-accounting,water-s01,3,barrel,flat,barrel-Water-flat-global-accounting,1,1800,b64cfb7ba9635a55,d4b39575090b4cefc605865230148501b78da110ff91c2ab2f4f5c0539084d48,1800,384.001889402342,384.001016569145,,381,0,112,19705,1419,693,103688,0,0,0,-151332,0,151332,False,0,13346.0,27673.0,52483.0,273.0,497.0,1975.0,568.564208984375,3048.77783203125,-781.7509765625,0.379999756813049,2081.08471679688,-51.8700141906738,32.2498092651367,2041.85620117188,273.274993896484,193.893508911133,3697.30151367188,-405.400451660156,,,,,,,,,,,,,,,,,,,,True
water-accounting,water-s02,3,barrel,flat,barrel-Water-flat-global-accounting,2,1800,44d7b83b3be530e4,32ca82c52519912c95a2b232b4a876f682e6691669f0686cb7764bf15091e012,1800,384.002021389535,384.00029361532,,355,0,112,21671,1445,1803,101745,0,0,0,-426760,0,426760,False,0,16847.0,20966.0,103278.0,221.0,423.0,1265.0,450.0537109375,3196.27075195313,-703.999206542969,0.379999935626984,2114.90405273438,-50.7300071716309,22.2499809265137,2023.1298828125,256.299987792969,121.406356811523,3739.47485351563,-360.988800048828,,,,,,,,,,,,,,,,,,,,True
water-accounting,water-s03,3,barrel,flat,barrel-Water-flat-global-accounting,3,1800,de7e5e402bde43d3,818e5b4cdd9755b37884201a1821caf5fc6b8fe0841aac5418e09c4c8cbbac4d,1800,384.614624023438,384.000224751791,,352,0,112,18296,1447,181,102586,0,0,0,-22695,0,22695,False,0,4707.0,9505.0,21774.0,218.0,373.0,796.0,1156.91809082031,3205.14135742188,-701.104064941406,-0.190000116825104,2143.40893554688,-54.1500091552734,23.5499229431152,2079.7841796875,259.200012207031,453.021697998047,3894.04248046875,-349.792755126953,,,,,,,,,,,,,,,,,,,,True
water-accounting,water-s04,3,barrel,flat,barrel-Water-flat-global-accounting,4,1800,7c1ba0f4ecd91c11,31c1bee953cb3a7dd09909dc54f9547eaac76dc5dbfd29f06f20142abfea01bc,1800,384.659362792969,384.001739902387,,311,0,112,14535,1489,156,97158,0,0,0,-17340,0,17340,False,0,2114.0,5450.0,23571.0,192.0,370.0,624.0,0.218817174434662,3648.234375,-640.744384765625,-2.38418579101563e-07,2210.67016601563,-52.6300048828125,0.175000011920929,2158.52490234375,297.274993896484,-86.4099197387695,4202.53466796875,-263.587860107422,,,,,,,,,,,,,,,,,,,,True
