group,id,material,initial_count,final_count,initial_sum_y,final_sum_y
native-expanded,000-Sand-Dust-packed-32-baseline-w32-s00,Wall,322,322,20608,20608
native-expanded,000-Sand-Dust-packed-32-baseline-w32-s00,Sand,512,512,44800,61184
native-expanded,000-Sand-Dust-packed-32-baseline-w32-s00,Dust,1024,1024,114176,97792
native-expanded,000-Sand-Dust-packed-32-baseline-w32-s01,Wall,336,336,22680,22680
native-expanded,000-Sand-Dust-packed-32-baseline-w32-s01,Sand,512,512,48384,64768
native-expanded,000-Sand-Dust-packed-32-baseline-w32-s01,Dust,1024,1024,121344,104960
native-expanded,000-Sand-Dust-packed-32-baseline-w32-s02,Wall,350,350,24850,24850
native-expanded,000-Sand-Dust-packed-32-baseline-w32-s02,Sand,512,512,51968,68352
native-expanded,000-Sand-Dust-packed-32-baseline-w32-s02,Dust,1024,1024,128512,112128
native-expanded,000-Sand-Dust-packed-32-baseline-w32-s03,Wall,324,324,20898,20898
native-expanded,000-Sand-Dust-packed-32-baseline-w32-s03,Sand,512,512,45312,61696
native-expanded,000-Sand-Dust-packed-32-baseline-w32-s03,Dust,1024,1024,115200,98816
native-expanded,000-Sand-Dust-packed-32-baseline-w32-s04,Wall,338,338,22984,22984
native-expanded,000-Sand-Dust-packed-32-baseline-w32-s04,Sand,512,512,48896,65280
native-expanded,000-Sand-Dust-packed-32-baseline-w32-s04,Dust,1024,1024,122368,105984
native-expanded,001-Dust-Sand-packed-32-baseline-w32-s00,Wall,322,322,20608,20608
native-expanded,001-Dust-Sand-packed-32-baseline-w32-s00,Sand,1024,1024,114176,114176
native-expanded,001-Dust-Sand-packed-32-baseline-w32-s00,Dust,512,512,44800,44800
native-expanded,001-Dust-Sand-packed-32-baseline-w32-s01,Wall,336,336,22680,22680
native-expanded,001-Dust-Sand-packed-32-baseline-w32-s01,Sand,1024,1024,121344,121344
native-expanded,001-Dust-Sand-packed-32-baseline-w32-s01,Dust,512,512,48384,48384
native-expanded,001-Dust-Sand-packed-32-baseline-w32-s02,Wall,350,350,24850,24850
native-expanded,001-Dust-Sand-packed-32-baseline-w32-s02,Sand,1024,1024,128512,128512
native-expanded,001-Dust-Sand-packed-32-baseline-w32-s02,Dust,512,512,51968,51968
native-expanded,001-Dust-Sand-packed-32-baseline-w32-s03,Wall,324,324,20898,20898
native-expanded,001-Dust-Sand-packed-32-baseline-w32-s03,Sand,1024,1024,115200,115200
native-expanded,001-Dust-Sand-packed-32-baseline-w32-s03,Dust,512,512,45312,45312
native-expanded,001-Dust-Sand-packed-32-baseline-w32-s04,Wall,338,338,22984,22984
native-expanded,001-Dust-Sand-packed-32-baseline-w32-s04,Sand,1024,1024,122368,122368
native-expanded,001-Dust-Sand-packed-32-baseline-w32-s04,Dust,512,512,48896,48896
native-expanded,002-Stone-Sand-packed-32-baseline-w32-s00,Wall,322,322,20608,20608
native-expanded,002-Stone-Sand-packed-32-baseline-w32-s00,Sand,1024,1024,114176,98240
native-expanded,002-Stone-Sand-packed-32-baseline-w32-s00,Stone,512,512,44800,60736
native-expanded,002-Stone-Sand-packed-32-baseline-w32-s01,Wall,336,336,22680,22680
native-expanded,002-Stone-Sand-packed-32-baseline-w32-s01,Sand,1024,1024,121344,105956
native-expanded,002-Stone-Sand-packed-32-baseline-w32-s01,Stone,512,512,48384,63772
native-expanded,002-Stone-Sand-packed-32-baseline-w32-s02,Wall,350,350,24850,24850
native-expanded,002-Stone-Sand-packed-32-baseline-w32-s02,Sand,1024,1024,128512,112824
native-expanded,002-Stone-Sand-packed-32-baseline-w32-s02,Stone,512,512,51968,67656
native-expanded,002-Stone-Sand-packed-32-baseline-w32-s03,Wall,324,324,20898,20898
native-expanded,002-Stone-Sand-packed-32-baseline-w32-s03,Sand,1024,1024,115200,99264
native-expanded,002-Stone-Sand-packed-32-baseline-w32-s03,Stone,512,512,45312,61248
native-expanded,002-Stone-Sand-packed-32-baseline-w32-s04,Wall,338,338,22984,22984
native-expanded,002-Stone-Sand-packed-32-baseline-w32-s04,Sand,1024,1024,122368,107050
native-expanded,002-Stone-Sand-packed-32-baseline-w32-s04,Stone,512,512,48896,64214
native-expanded,003-Sand-Stone-packed-32-baseline-w32-s00,Wall,322,322,20608,20608
native-expanded,003-Sand-Stone-packed-32-baseline-w32-s00,Sand,512,512,44800,44800
native-expanded,003-Sand-Stone-packed-32-baseline-w32-s00,Stone,1024,1024,114176,114176
native-expanded,003-Sand-Stone-packed-32-baseline-w32-s01,Wall,336,336,22680,22680
native-expanded,003-Sand-Stone-packed-32-baseline-w32-s01,Sand,512,512,48384,48384
native-expanded,003-Sand-Stone-packed-32-baseline-w32-s01,Stone,1024,1024,121344,121344
native-expanded,003-Sand-Stone-packed-32-baseline-w32-s02,Wall,350,350,24850,24850
native-expanded,003-Sand-Stone-packed-32-baseline-w32-s02,Sand,512,512,51968,51968
native-expanded,003-Sand-Stone-packed-32-baseline-w32-s02,Stone,1024,1024,128512,128512
native-expanded,003-Sand-Stone-packed-32-baseline-w32-s03,Wall,324,324,20898,20898
native-expanded,003-Sand-Stone-packed-32-baseline-w32-s03,Sand,512,512,45312,45312
native-expanded,003-Sand-Stone-packed-32-baseline-w32-s03,Stone,1024,1024,115200,115200
native-expanded,003-Sand-Stone-packed-32-baseline-w32-s04,Wall,338,338,22984,22984
native-expanded,003-Sand-Stone-packed-32-baseline-w32-s04,Sand,512,512,48896,48896
native-expanded,003-Sand-Stone-packed-32-baseline-w32-s04,Stone,1024,1024,122368,122368
native-expanded,004-Rust-Sand-packed-32-baseline-w32-s00,Wall,322,322,20608,20608
native-expanded,004-Rust-Sand-packed-32-baseline-w32-s00,Sand,1024,1024,114176,97792
native-expanded,004-Rust-Sand-packed-32-baseline-w32-s00,Rust,512,512,44800,61184
native-expanded,004-Rust-Sand-packed-32-baseline-w32-s01,Wall,336,336,22680,22680
native-expanded,004-Rust-Sand-packed-32-baseline-w32-s01,Sand,1024,1024,121344,104960
native-expanded,004-Rust-Sand-packed-32-baseline-w32-s01,Rust,512,512,48384,64768
native-expanded,004-Rust-Sand-packed-32-baseline-w32-s02,Wall,350,350,24850,24850
native-expanded,004-Rust-Sand-packed-32-baseline-w32-s02,Sand,1024,1024,128512,112128
native-expanded,004-Rust-Sand-packed-32-baseline-w32-s02,Rust,512,512,51968,68352
native-expanded,004-Rust-Sand-packed-32-baseline-w32-s03,Wall,324,324,20898,20898
native-expanded,004-Rust-Sand-packed-32-baseline-w32-s03,Sand,1024,1024,115200,98816
native-expanded,004-Rust-Sand-packed-32-baseline-w32-s03,Rust,512,512,45312,61696
native-expanded,004-Rust-Sand-packed-32-baseline-w32-s04,Wall,338,338,22984,22984
native-expanded,004-Rust-Sand-packed-32-baseline-w32-s04,Sand,1024,1024,122368,105984
native-expanded,004-Rust-Sand-packed-32-baseline-w32-s04,Rust,512,512,48896,65280
native-expanded,005-Sand-Rust-packed-32-baseline-w32-s00,Wall,322,322,20608,20608
native-expanded,005-Sand-Rust-packed-32-baseline-w32-s00,Sand,512,512,44800,44800
native-expanded,005-Sand-Rust-packed-32-baseline-w32-s00,Rust,1024,1024,114176,114176
native-expanded,005-Sand-Rust-packed-32-baseline-w32-s01,Wall,336,336,22680,22680
native-expanded,005-Sand-Rust-packed-32-baseline-w32-s01,Sand,512,512,48384,48384
native-expanded,005-Sand-Rust-packed-32-baseline-w32-s01,Rust,1024,1024,121344,121344
native-expanded,005-Sand-Rust-packed-32-baseline-w32-s02,Wall,350,350,24850,24850
native-expanded,005-Sand-Rust-packed-32-baseline-w32-s02,Sand,512,512,51968,51968
native-expanded,005-Sand-Rust-packed-32-baseline-w32-s02,Rust,1024,1024,128512,128512
native-expanded,005-Sand-Rust-packed-32-baseline-w32-s03,Wall,324,324,20898,20898
native-expanded,005-Sand-Rust-packed-32-baseline-w32-s03,Sand,512,512,45312,45312
native-expanded,005-Sand-Rust-packed-32-baseline-w32-s03,Rust,1024,1024,115200,115200
native-expanded,005-Sand-Rust-packed-32-baseline-w32-s04,Wall,338,338,22984,22984
native-expanded,005-Sand-Rust-packed-32-baseline-w32-s04,Sand,512,512,48896,48896
native-expanded,005-Sand-Rust-packed-32-baseline-w32-s04,Rust,1024,1024,122368,122368
native-expanded,006-Mercury-Sand-packed-32-baseline-w32-s00,Wall,322,322,20608,20608
native-expanded,006-Mercury-Sand-packed-32-baseline-w32-s00,Sand,1024,1024,114176,97792
native-expanded,006-Mercury-Sand-packed-32-baseline-w32-s00,Mercury,512,512,44800,61184
native-expanded,006-Mercury-Sand-packed-32-baseline-w32-s01,Wall,336,336,22680,22680
native-expanded,006-Mercury-Sand-packed-32-baseline-w32-s01,Sand,1024,1024,121344,104960
native-expanded,006-Mercury-Sand-packed-32-baseline-w32-s01,Mercury,512,512,48384,64768
native-expanded,006-Mercury-Sand-packed-32-baseline-w32-s02,Wall,350,350,24850,24850
native-expanded,006-Mercury-Sand-packed-32-baseline-w32-s02,Sand,1024,1024,128512,112128
native-expanded,006-Mercury-Sand-packed-32-baseline-w32-s02,Mercury,512,512,51968,68352
native-expanded,006-Mercury-Sand-packed-32-baseline-w32-s03,Wall,324,324,20898,20898
native-expanded,006-Mercury-Sand-packed-32-baseline-w32-s03,Sand,1024,1024,115200,98816
native-expanded,006-Mercury-Sand-packed-32-baseline-w32-s03,Mercury,512,512,45312,61696
native-expanded,006-Mercury-Sand-packed-32-baseline-w32-s04,Wall,338,338,22984,22984
native-expanded,006-Mercury-Sand-packed-32-baseline-w32-s04,Sand,1024,1024,122368,105984
native-expanded,006-Mercury-Sand-packed-32-baseline-w32-s04,Mercury,512,512,48896,65280
native-expanded,007-Sand-Mercury-packed-32-baseline-w32-s00,Wall,322,322,20608,20608
native-expanded,007-Sand-Mercury-packed-32-baseline-w32-s00,Sand,512,512,44800,44800
native-expanded,007-Sand-Mercury-packed-32-baseline-w32-s00,Mercury,1024,1024,114176,114176
native-expanded,007-Sand-Mercury-packed-32-baseline-w32-s01,Wall,336,336,22680,22680
native-expanded,007-Sand-Mercury-packed-32-baseline-w32-s01,Sand,512,512,48384,48384
native-expanded,007-Sand-Mercury-packed-32-baseline-w32-s01,Mercury,1024,1024,121344,121344
native-expanded,007-Sand-Mercury-packed-32-baseline-w32-s02,Wall,350,350,24850,24850
native-expanded,007-Sand-Mercury-packed-32-baseline-w32-s02,Sand,512,512,51968,51968
native-expanded,007-Sand-Mercury-packed-32-baseline-w32-s02,Mercury,1024,1024,128512,128512
native-expanded,007-Sand-Mercury-packed-32-baseline-w32-s03,Wall,324,324,20898,20898
native-expanded,007-Sand-Mercury-packed-32-baseline-w32-s03,Sand,512,512,45312,45312
native-expanded,007-Sand-Mercury-packed-32-baseline-w32-s03,Mercury,1024,1024,115200,115200
native-expanded,007-Sand-Mercury-packed-32-baseline-w32-s04,Wall,338,338,22984,22984
native-expanded,007-Sand-Mercury-packed-32-baseline-w32-s04,Sand,512,512,48896,48896
native-expanded,007-Sand-Mercury-packed-32-baseline-w32-s04,Mercury,1024,1024,122368,122368
native-expanded,008-Mercury-Dust-packed-32-baseline-w32-s00,Wall,322,322,20608,20608
native-expanded,008-Mercury-Dust-packed-32-baseline-w32-s00,Dust,1024,1024,114176,97792
native-expanded,008-Mercury-Dust-packed-32-baseline-w32-s00,Mercury,512,512,44800,61184
native-expanded,008-Mercury-Dust-packed-32-baseline-w32-s01,Wall,336,336,22680,22680
native-expanded,008-Mercury-Dust-packed-32-baseline-w32-s01,Dust,1024,1024,121344,104960
native-expanded,008-Mercury-Dust-packed-32-baseline-w32-s01,Mercury,512,512,48384,64768
native-expanded,008-Mercury-Dust-packed-32-baseline-w32-s02,Wall,350,350,24850,24850
native-expanded,008-Mercury-Dust-packed-32-baseline-w32-s02,Dust,1024,1024,128512,112128
native-expanded,008-Mercury-Dust-packed-32-baseline-w32-s02,Mercury,512,512,51968,68352
native-expanded,008-Mercury-Dust-packed-32-baseline-w32-s03,Wall,324,324,20898,20898
native-expanded,008-Mercury-Dust-packed-32-baseline-w32-s03,Dust,1024,1024,115200,98816
native-expanded,008-Mercury-Dust-packed-32-baseline-w32-s03,Mercury,512,512,45312,61696
native-expanded,008-Mercury-Dust-packed-32-baseline-w32-s04,Wall,338,338,22984,22984
native-expanded,008-Mercury-Dust-packed-32-baseline-w32-s04,Dust,1024,1024,122368,105984
native-expanded,008-Mercury-Dust-packed-32-baseline-w32-s04,Mercury,512,512,48896,65280
native-expanded,009-Dust-Mercury-packed-32-baseline-w32-s00,Wall,322,322,20608,20608
native-expanded,009-Dust-Mercury-packed-32-baseline-w32-s00,Dust,512,512,44800,44800
native-expanded,009-Dust-Mercury-packed-32-baseline-w32-s00,Mercury,1024,1024,114176,114176
native-expanded,009-Dust-Mercury-packed-32-baseline-w32-s01,Wall,336,336,22680,22680
native-expanded,009-Dust-Mercury-packed-32-baseline-w32-s01,Dust,512,512,48384,48384
native-expanded,009-Dust-Mercury-packed-32-baseline-w32-s01,Mercury,1024,1024,121344,121344
native-expanded,009-Dust-Mercury-packed-32-baseline-w32-s02,Wall,350,350,24850,24850
native-expanded,009-Dust-Mercury-packed-32-baseline-w32-s02,Dust,512,512,51968,51968
native-expanded,009-Dust-Mercury-packed-32-baseline-w32-s02,Mercury,1024,1024,128512,128512
native-expanded,009-Dust-Mercury-packed-32-baseline-w32-s03,Wall,324,324,20898,20898
native-expanded,009-Dust-Mercury-packed-32-baseline-w32-s03,Dust,512,512,45312,45312
native-expanded,009-Dust-Mercury-packed-32-baseline-w32-s03,Mercury,1024,1024,115200,115200
native-expanded,009-Dust-Mercury-packed-32-baseline-w32-s04,Wall,338,338,22984,22984
native-expanded,009-Dust-Mercury-packed-32-baseline-w32-s04,Dust,512,512,48896,48896
native-expanded,009-Dust-Mercury-packed-32-baseline-w32-s04,Mercury,1024,1024,122368,122368
native-expanded,010-Water-Sand-packed-32-baseline-w32-s00,Wall,322,322,20608,20608
native-expanded,010-Water-Sand-packed-32-baseline-w32-s00,Sand,1024,1024,114176,114176
native-expanded,010-Water-Sand-packed-32-baseline-w32-s00,Water,512,512,44800,44800
native-expanded,010-Water-Sand-packed-32-baseline-w32-s01,Wall,336,336,22680,22680
native-expanded,010-Water-Sand-packed-32-baseline-w32-s01,Sand,1024,1024,121344,121344
native-expanded,010-Water-Sand-packed-32-baseline-w32-s01,Water,512,512,48384,48384
native-expanded,010-Water-Sand-packed-32-baseline-w32-s02,Wall,350,350,24850,24850
native-expanded,010-Water-Sand-packed-32-baseline-w32-s02,Sand,1024,1024,128512,128512
native-expanded,010-Water-Sand-packed-32-baseline-w32-s02,Water,512,512,51968,51968
native-expanded,010-Water-Sand-packed-32-baseline-w32-s03,Wall,324,324,20898,20898
native-expanded,010-Water-Sand-packed-32-baseline-w32-s03,Sand,1024,1024,115200,115200
native-expanded,010-Water-Sand-packed-32-baseline-w32-s03,Water,512,512,45312,45312
native-expanded,010-Water-Sand-packed-32-baseline-w32-s04,Wall,338,338,22984,22984
native-expanded,010-Water-Sand-packed-32-baseline-w32-s04,Sand,1024,1024,122368,122368
native-expanded,010-Water-Sand-packed-32-baseline-w32-s04,Water,512,512,48896,48896
native-expanded,011-Sand-Water-packed-32-baseline-w32-s00,Wall,322,322,20608,20608
native-expanded,011-Sand-Water-packed-32-baseline-w32-s00,Sand,512,512,44800,61184
native-expanded,011-Sand-Water-packed-32-baseline-w32-s00,Water,1024,1024,114176,97792
native-expanded,011-Sand-Water-packed-32-baseline-w32-s01,Wall,336,336,22680,22680
native-expanded,011-Sand-Water-packed-32-baseline-w32-s01,Sand,512,512,48384,64768
native-expanded,011-Sand-Water-packed-32-baseline-w32-s01,Water,1024,1024,121344,104960
native-expanded,011-Sand-Water-packed-32-baseline-w32-s02,Wall,350,350,24850,24850
native-expanded,011-Sand-Water-packed-32-baseline-w32-s02,Sand,512,512,51968,68352
native-expanded,011-Sand-Water-packed-32-baseline-w32-s02,Water,1024,1024,128512,112128
native-expanded,011-Sand-Water-packed-32-baseline-w32-s03,Wall,324,324,20898,20898
native-expanded,011-Sand-Water-packed-32-baseline-w32-s03,Sand,512,512,45312,61696
native-expanded,011-Sand-Water-packed-32-baseline-w32-s03,Water,1024,1024,115200,98816
native-expanded,011-Sand-Water-packed-32-baseline-w32-s04,Wall,338,338,22984,22984
native-expanded,011-Sand-Water-packed-32-baseline-w32-s04,Sand,512,512,48896,65280
native-expanded,011-Sand-Water-packed-32-baseline-w32-s04,Water,1024,1024,122368,105984
native-expanded,012-Water-Dust-packed-32-baseline-w32-s00,Wall,322,322,20608,20608
native-expanded,012-Water-Dust-packed-32-baseline-w32-s00,Water,512,512,44800,61184
native-expanded,012-Water-Dust-packed-32-baseline-w32-s00,Dust,1024,1024,114176,97792
native-expanded,012-Water-Dust-packed-32-baseline-w32-s01,Wall,336,336,22680,22680
native-expanded,012-Water-Dust-packed-32-baseline-w32-s01,Water,512,512,48384,64768
native-expanded,012-Water-Dust-packed-32-baseline-w32-s01,Dust,1024,1024,121344,104960
native-expanded,012-Water-Dust-packed-32-baseline-w32-s02,Wall,350,350,24850,24850
native-expanded,012-Water-Dust-packed-32-baseline-w32-s02,Water,512,512,51968,68352
native-expanded,012-Water-Dust-packed-32-baseline-w32-s02,Dust,1024,1024,128512,112128
native-expanded,012-Water-Dust-packed-32-baseline-w32-s03,Wall,324,324,20898,20898
native-expanded,012-Water-Dust-packed-32-baseline-w32-s03,Water,512,512,45312,61696
native-expanded,012-Water-Dust-packed-32-baseline-w32-s03,Dust,1024,1024,115200,98816
native-expanded,012-Water-Dust-packed-32-baseline-w32-s04,Wall,338,338,22984,22984
native-expanded,012-Water-Dust-packed-32-baseline-w32-s04,Water,512,512,48896,65280
native-expanded,012-Water-Dust-packed-32-baseline-w32-s04,Dust,1024,1024,122368,105984
native-expanded,013-Dust-Water-packed-32-baseline-w32-s00,Wall,322,322,20608,20608
native-expanded,013-Dust-Water-packed-32-baseline-w32-s00,Water,1024,1024,114176,114176
native-expanded,013-Dust-Water-packed-32-baseline-w32-s00,Dust,512,512,44800,44800
native-expanded,013-Dust-Water-packed-32-baseline-w32-s01,Wall,336,336,22680,22680
native-expanded,013-Dust-Water-packed-32-baseline-w32-s01,Water,1024,1024,121344,121344
native-expanded,013-Dust-Water-packed-32-baseline-w32-s01,Dust,512,512,48384,48384
native-expanded,013-Dust-Water-packed-32-baseline-w32-s02,Wall,350,350,24850,24850
native-expanded,013-Dust-Water-packed-32-baseline-w32-s02,Water,1024,1024,128512,128512
native-expanded,013-Dust-Water-packed-32-baseline-w32-s02,Dust,512,512,51968,51968
native-expanded,013-Dust-Water-packed-32-baseline-w32-s03,Wall,324,324,20898,20898
native-expanded,013-Dust-Water-packed-32-baseline-w32-s03,Water,1024,1024,115200,115200
native-expanded,013-Dust-Water-packed-32-baseline-w32-s03,Dust,512,512,45312,45312
native-expanded,013-Dust-Water-packed-32-baseline-w32-s04,Wall,338,338,22984,22984
native-expanded,013-Dust-Water-packed-32-baseline-w32-s04,Water,1024,1024,122368,122368
native-expanded,013-Dust-Water-packed-32-baseline-w32-s04,Dust,512,512,48896,48896
native-expanded,014-Oil-Sand-packed-32-baseline-w32-s00,Wall,322,322,20608,20608
native-expanded,014-Oil-Sand-packed-32-baseline-w32-s00,Sand,1024,1024,114176,114176
native-expanded,014-Oil-Sand-packed-32-baseline-w32-s00,Oil,512,512,44800,44800
native-expanded,014-Oil-Sand-packed-32-baseline-w32-s01,Wall,336,336,22680,22680
native-expanded,014-Oil-Sand-packed-32-baseline-w32-s01,Sand,1024,1024,121344,121344
native-expanded,014-Oil-Sand-packed-32-baseline-w32-s01,Oil,512,512,48384,48384
native-expanded,014-Oil-Sand-packed-32-baseline-w32-s02,Wall,350,350,24850,24850
native-expanded,014-Oil-Sand-packed-32-baseline-w32-s02,Sand,1024,1024,128512,128512
native-expanded,014-Oil-Sand-packed-32-baseline-w32-s02,Oil,512,512,51968,51968
native-expanded,014-Oil-Sand-packed-32-baseline-w32-s03,Wall,324,324,20898,20898
native-expanded,014-Oil-Sand-packed-32-baseline-w32-s03,Sand,1024,1024,115200,115200
native-expanded,014-Oil-Sand-packed-32-baseline-w32-s03,Oil,512,512,45312,45312
native-expanded,014-Oil-Sand-packed-32-baseline-w32-s04,Wall,338,338,22984,22984
native-expanded,014-Oil-Sand-packed-32-baseline-w32-s04,Sand,1024,1024,122368,122368
native-expanded,014-Oil-Sand-packed-32-baseline-w32-s04,Oil,512,512,48896,48896
native-expanded,015-Sand-Oil-packed-32-baseline-w32-s00,Wall,322,322,20608,20608
native-expanded,015-Sand-Oil-packed-32-baseline-w32-s00,Sand,512,512,44800,61184
native-expanded,015-Sand-Oil-packed-32-baseline-w32-s00,Oil,1024,1024,114176,97792
native-expanded,015-Sand-Oil-packed-32-baseline-w32-s01,Wall,336,336,22680,22680
native-expanded,015-Sand-Oil-packed-32-baseline-w32-s01,Sand,512,512,48384,64768
native-expanded,015-Sand-Oil-packed-32-baseline-w32-s01,Oil,1024,1024,121344,104960
native-expanded,015-Sand-Oil-packed-32-baseline-w32-s02,Wall,350,350,24850,24850
native-expanded,015-Sand-Oil-packed-32-baseline-w32-s02,Sand,512,512,51968,68352
native-expanded,015-Sand-Oil-packed-32-baseline-w32-s02,Oil,1024,1024,128512,112128
native-expanded,015-Sand-Oil-packed-32-baseline-w32-s03,Wall,324,324,20898,20898
native-expanded,015-Sand-Oil-packed-32-baseline-w32-s03,Sand,512,512,45312,61696
native-expanded,015-Sand-Oil-packed-32-baseline-w32-s03,Oil,1024,1024,115200,98816
native-expanded,015-Sand-Oil-packed-32-baseline-w32-s04,Wall,338,338,22984,22984
native-expanded,015-Sand-Oil-packed-32-baseline-w32-s04,Sand,512,512,48896,65280
native-expanded,015-Sand-Oil-packed-32-baseline-w32-s04,Oil,1024,1024,122368,105984
native-expanded,016-Oil-Dust-packed-32-baseline-w32-s00,Wall,322,322,20608,20608
native-expanded,016-Oil-Dust-packed-32-baseline-w32-s00,Dust,1024,1024,114176,114176
native-expanded,016-Oil-Dust-packed-32-baseline-w32-s00,Oil,512,512,44800,44800
native-expanded,016-Oil-Dust-packed-32-baseline-w32-s01,Wall,336,336,22680,22680
native-expanded,016-Oil-Dust-packed-32-baseline-w32-s01,Dust,1024,1024,121344,121344
native-expanded,016-Oil-Dust-packed-32-baseline-w32-s01,Oil,512,512,48384,48384
native-expanded,016-Oil-Dust-packed-32-baseline-w32-s02,Wall,350,350,24850,24850
native-expanded,016-Oil-Dust-packed-32-baseline-w32-s02,Dust,1024,1024,128512,128512
native-expanded,016-Oil-Dust-packed-32-baseline-w32-s02,Oil,512,512,51968,51968
native-expanded,016-Oil-Dust-packed-32-baseline-w32-s03,Wall,324,324,20898,20898
native-expanded,016-Oil-Dust-packed-32-baseline-w32-s03,Dust,1024,1024,115200,115200
native-expanded,016-Oil-Dust-packed-32-baseline-w32-s03,Oil,512,512,45312,45312
native-expanded,016-Oil-Dust-packed-32-baseline-w32-s04,Wall,338,338,22984,22984
native-expanded,016-Oil-Dust-packed-32-baseline-w32-s04,Dust,1024,1024,122368,122368
native-expanded,016-Oil-Dust-packed-32-baseline-w32-s04,Oil,512,512,48896,48896
native-expanded,017-Dust-Oil-packed-32-baseline-w32-s00,Wall,322,322,20608,20608
native-expanded,017-Dust-Oil-packed-32-baseline-w32-s00,Dust,512,512,44800,44800
native-expanded,017-Dust-Oil-packed-32-baseline-w32-s00,Oil,1024,1024,114176,114176
native-expanded,017-Dust-Oil-packed-32-baseline-w32-s01,Wall,336,336,22680,22680
native-expanded,017-Dust-Oil-packed-32-baseline-w32-s01,Dust,512,512,48384,48384
native-expanded,017-Dust-Oil-packed-32-baseline-w32-s01,Oil,1024,1024,121344,121344
native-expanded,017-Dust-Oil-packed-32-baseline-w32-s02,Wall,350,350,24850,24850
native-expanded,017-Dust-Oil-packed-32-baseline-w32-s02,Dust,512,512,51968,51968
native-expanded,017-Dust-Oil-packed-32-baseline-w32-s02,Oil,1024,1024,128512,128512
native-expanded,017-Dust-Oil-packed-32-baseline-w32-s03,Wall,324,324,20898,20898
native-expanded,017-Dust-Oil-packed-32-baseline-w32-s03,Dust,512,512,45312,45312
native-expanded,017-Dust-Oil-packed-32-baseline-w32-s03,Oil,1024,1024,115200,115200
native-expanded,017-Dust-Oil-packed-32-baseline-w32-s04,Wall,338,338,22984,22984
native-expanded,017-Dust-Oil-packed-32-baseline-w32-s04,Dust,512,512,48896,48896
native-expanded,017-Dust-Oil-packed-32-baseline-w32-s04,Oil,1024,1024,122368,122368
native-expanded,018-Brine-Sand-packed-32-baseline-w32-s00,Wall,322,322,20608,20608
native-expanded,018-Brine-Sand-packed-32-baseline-w32-s00,Sand,1024,1024,114176,114176
native-expanded,018-Brine-Sand-packed-32-baseline-w32-s00,Brine,512,512,44800,44800
native-expanded,018-Brine-Sand-packed-32-baseline-w32-s01,Wall,336,336,22680,22680
native-expanded,018-Brine-Sand-packed-32-baseline-w32-s01,Sand,1024,1024,121344,121344
native-expanded,018-Brine-Sand-packed-32-baseline-w32-s01,Brine,512,512,48384,48384
native-expanded,018-Brine-Sand-packed-32-baseline-w32-s02,Wall,350,350,24850,24850
native-expanded,018-Brine-Sand-packed-32-baseline-w32-s02,Sand,1024,1024,128512,128512
native-expanded,018-Brine-Sand-packed-32-baseline-w32-s02,Brine,512,512,51968,51968
native-expanded,018-Brine-Sand-packed-32-baseline-w32-s03,Wall,324,324,20898,20898
native-expanded,018-Brine-Sand-packed-32-baseline-w32-s03,Sand,1024,1024,115200,115200
native-expanded,018-Brine-Sand-packed-32-baseline-w32-s03,Brine,512,512,45312,45312
native-expanded,018-Brine-Sand-packed-32-baseline-w32-s04,Wall,338,338,22984,22984
native-expanded,018-Brine-Sand-packed-32-baseline-w32-s04,Sand,1024,1024,122368,122368
native-expanded,018-Brine-Sand-packed-32-baseline-w32-s04,Brine,512,512,48896,48896
native-expanded,019-Sand-Brine-packed-32-baseline-w32-s00,Wall,322,322,20608,20608
native-expanded,019-Sand-Brine-packed-32-baseline-w32-s00,Sand,512,512,44800,61184
native-expanded,019-Sand-Brine-packed-32-baseline-w32-s00,Brine,1024,1024,114176,97792
native-expanded,019-Sand-Brine-packed-32-baseline-w32-s01,Wall,336,336,22680,22680
native-expanded,019-Sand-Brine-packed-32-baseline-w32-s01,Sand,512,512,48384,64768
native-expanded,019-Sand-Brine-packed-32-baseline-w32-s01,Brine,1024,1024,121344,104960
native-expanded,019-Sand-Brine-packed-32-baseline-w32-s02,Wall,350,350,24850,24850
native-expanded,019-Sand-Brine-packed-32-baseline-w32-s02,Sand,512,512,51968,68352
native-expanded,019-Sand-Brine-packed-32-baseline-w32-s02,Brine,1024,1024,128512,112128
native-expanded,019-Sand-Brine-packed-32-baseline-w32-s03,Wall,324,324,20898,20898
native-expanded,019-Sand-Brine-packed-32-baseline-w32-s03,Sand,512,512,45312,61696
native-expanded,019-Sand-Brine-packed-32-baseline-w32-s03,Brine,1024,1024,115200,98816
native-expanded,019-Sand-Brine-packed-32-baseline-w32-s04,Wall,338,338,22984,22984
native-expanded,019-Sand-Brine-packed-32-baseline-w32-s04,Sand,512,512,48896,65280
native-expanded,019-Sand-Brine-packed-32-baseline-w32-s04,Brine,1024,1024,122368,105984
native-expanded,020-Brine-Dust-packed-32-baseline-w32-s00,Wall,322,322,20608,20608
native-expanded,020-Brine-Dust-packed-32-baseline-w32-s00,Dust,1024,1024,114176,97792
native-expanded,020-Brine-Dust-packed-32-baseline-w32-s00,Brine,512,512,44800,61184
native-expanded,020-Brine-Dust-packed-32-baseline-w32-s01,Wall,336,336,22680,22680
native-expanded,020-Brine-Dust-packed-32-baseline-w32-s01,Dust,1024,1024,121344,104960
native-expanded,020-Brine-Dust-packed-32-baseline-w32-s01,Brine,512,512,48384,64768
native-expanded,020-Brine-Dust-packed-32-baseline-w32-s02,Wall,350,350,24850,24850
native-expanded,020-Brine-Dust-packed-32-baseline-w32-s02,Dust,1024,1024,128512,112128
native-expanded,020-Brine-Dust-packed-32-baseline-w32-s02,Brine,512,512,51968,68352
native-expanded,020-Brine-Dust-packed-32-baseline-w32-s03,Wall,324,324,20898,20898
native-expanded,020-Brine-Dust-packed-32-baseline-w32-s03,Dust,1024,1024,115200,98816
native-expanded,020-Brine-Dust-packed-32-baseline-w32-s03,Brine,512,512,45312,61696
native-expanded,020-Brine-Dust-packed-32-baseline-w32-s04,Wall,338,338,22984,22984
native-expanded,020-Brine-Dust-packed-32-baseline-w32-s04,Dust,1024,1024,122368,105984
native-expanded,020-Brine-Dust-packed-32-baseline-w32-s04,Brine,512,512,48896,65280
native-expanded,021-Dust-Brine-packed-32-baseline-w32-s00,Wall,322,322,20608,20608
native-expanded,021-Dust-Brine-packed-32-baseline-w32-s00,Dust,512,512,44800,44800
native-expanded,021-Dust-Brine-packed-32-baseline-w32-s00,Brine,1024,1024,114176,114176
native-expanded,021-Dust-Brine-packed-32-baseline-w32-s01,Wall,336,336,22680,22680
native-expanded,021-Dust-Brine-packed-32-baseline-w32-s01,Dust,512,512,48384,48384
native-expanded,021-Dust-Brine-packed-32-baseline-w32-s01,Brine,1024,1024,121344,121344
native-expanded,021-Dust-Brine-packed-32-baseline-w32-s02,Wall,350,350,24850,24850
native-expanded,021-Dust-Brine-packed-32-baseline-w32-s02,Dust,512,512,51968,51968
native-expanded,021-Dust-Brine-packed-32-baseline-w32-s02,Brine,1024,1024,128512,128512
native-expanded,021-Dust-Brine-packed-32-baseline-w32-s03,Wall,324,324,20898,20898
native-expanded,021-Dust-Brine-packed-32-baseline-w32-s03,Dust,512,512,45312,45312
native-expanded,021-Dust-Brine-packed-32-baseline-w32-s03,Brine,1024,1024,115200,115200
native-expanded,021-Dust-Brine-packed-32-baseline-w32-s04,Wall,338,338,22984,22984
native-expanded,021-Dust-Brine-packed-32-baseline-w32-s04,Dust,512,512,48896,48896
native-expanded,021-Dust-Brine-packed-32-baseline-w32-s04,Brine,1024,1024,122368,122368
native-expanded,022-Paste-Sand-packed-32-baseline-w32-s00,Wall,322,322,20608,20608
native-expanded,022-Paste-Sand-packed-32-baseline-w32-s00,Sand,1024,1024,114176,114176
native-expanded,022-Paste-Sand-packed-32-baseline-w32-s00,Paste,512,512,44800,44800
native-expanded,022-Paste-Sand-packed-32-baseline-w32-s01,Wall,336,336,22680,22680
native-expanded,022-Paste-Sand-packed-32-baseline-w32-s01,Sand,1024,1024,121344,121344
native-expanded,022-Paste-Sand-packed-32-baseline-w32-s01,Paste,512,512,48384,48384
native-expanded,022-Paste-Sand-packed-32-baseline-w32-s02,Wall,350,350,24850,24850
native-expanded,022-Paste-Sand-packed-32-baseline-w32-s02,Sand,1024,1024,128512,128512
native-expanded,022-Paste-Sand-packed-32-baseline-w32-s02,Paste,512,512,51968,51968
native-expanded,022-Paste-Sand-packed-32-baseline-w32-s03,Wall,324,324,20898,20898
native-expanded,022-Paste-Sand-packed-32-baseline-w32-s03,Sand,1024,1024,115200,115200
native-expanded,022-Paste-Sand-packed-32-baseline-w32-s03,Paste,512,512,45312,45312
native-expanded,022-Paste-Sand-packed-32-baseline-w32-s04,Wall,338,338,22984,22984
native-expanded,022-Paste-Sand-packed-32-baseline-w32-s04,Sand,1024,1024,122368,122368
native-expanded,022-Paste-Sand-packed-32-baseline-w32-s04,Paste,512,512,48896,48896
native-expanded,023-Sand-Paste-packed-32-baseline-w32-s00,Wall,322,322,20608,20608
native-expanded,023-Sand-Paste-packed-32-baseline-w32-s00,Sand,512,512,44800,61184
native-expanded,023-Sand-Paste-packed-32-baseline-w32-s00,Paste,1024,1024,114176,97792
native-expanded,023-Sand-Paste-packed-32-baseline-w32-s01,Wall,336,336,22680,22680
native-expanded,023-Sand-Paste-packed-32-baseline-w32-s01,Sand,512,512,48384,64768
native-expanded,023-Sand-Paste-packed-32-baseline-w32-s01,Paste,1024,1024,121344,104960
native-expanded,023-Sand-Paste-packed-32-baseline-w32-s02,Wall,350,350,24850,24850
native-expanded,023-Sand-Paste-packed-32-baseline-w32-s02,Sand,512,512,51968,68352
native-expanded,023-Sand-Paste-packed-32-baseline-w32-s02,Paste,1024,1024,128512,112128
native-expanded,023-Sand-Paste-packed-32-baseline-w32-s03,Wall,324,324,20898,20898
native-expanded,023-Sand-Paste-packed-32-baseline-w32-s03,Sand,512,512,45312,61696
native-expanded,023-Sand-Paste-packed-32-baseline-w32-s03,Paste,1024,1024,115200,98816
native-expanded,023-Sand-Paste-packed-32-baseline-w32-s04,Wall,338,338,22984,22984
native-expanded,023-Sand-Paste-packed-32-baseline-w32-s04,Sand,512,512,48896,65280
native-expanded,023-Sand-Paste-packed-32-baseline-w32-s04,Paste,1024,1024,122368,105984
native-expanded,024-Paste-Dust-packed-32-baseline-w32-s00,Wall,322,322,20608,20608
native-expanded,024-Paste-Dust-packed-32-baseline-w32-s00,Dust,1024,1024,114176,97792
native-expanded,024-Paste-Dust-packed-32-baseline-w32-s00,Paste,512,512,44800,61184
native-expanded,024-Paste-Dust-packed-32-baseline-w32-s01,Wall,336,336,22680,22680
native-expanded,024-Paste-Dust-packed-32-baseline-w32-s01,Dust,1024,1024,121344,104960
native-expanded,024-Paste-Dust-packed-32-baseline-w32-s01,Paste,512,512,48384,64768
native-expanded,024-Paste-Dust-packed-32-baseline-w32-s02,Wall,350,350,24850,24850
native-expanded,024-Paste-Dust-packed-32-baseline-w32-s02,Dust,1024,1024,128512,112128
native-expanded,024-Paste-Dust-packed-32-baseline-w32-s02,Paste,512,512,51968,68352
native-expanded,024-Paste-Dust-packed-32-baseline-w32-s03,Wall,324,324,20898,20898
native-expanded,024-Paste-Dust-packed-32-baseline-w32-s03,Dust,1024,1024,115200,98816
native-expanded,024-Paste-Dust-packed-32-baseline-w32-s03,Paste,512,512,45312,61696
native-expanded,024-Paste-Dust-packed-32-baseline-w32-s04,Wall,338,338,22984,22984
native-expanded,024-Paste-Dust-packed-32-baseline-w32-s04,Dust,1024,1024,122368,105984
native-expanded,024-Paste-Dust-packed-32-baseline-w32-s04,Paste,512,512,48896,65280
native-expanded,025-Dust-Paste-packed-32-baseline-w32-s00,Wall,322,322,20608,20608
native-expanded,025-Dust-Paste-packed-32-baseline-w32-s00,Dust,512,512,44800,44800
native-expanded,025-Dust-Paste-packed-32-baseline-w32-s00,Paste,1024,1024,114176,114176
native-expanded,025-Dust-Paste-packed-32-baseline-w32-s01,Wall,336,336,22680,22680
native-expanded,025-Dust-Paste-packed-32-baseline-w32-s01,Dust,512,512,48384,48384
native-expanded,025-Dust-Paste-packed-32-baseline-w32-s01,Paste,1024,1024,121344,121344
native-expanded,025-Dust-Paste-packed-32-baseline-w32-s02,Wall,350,350,24850,24850
native-expanded,025-Dust-Paste-packed-32-baseline-w32-s02,Dust,512,512,51968,51968
native-expanded,025-Dust-Paste-packed-32-baseline-w32-s02,Paste,1024,1024,128512,128512
native-expanded,025-Dust-Paste-packed-32-baseline-w32-s03,Wall,324,324,20898,20898
native-expanded,025-Dust-Paste-packed-32-baseline-w32-s03,Dust,512,512,45312,45312
native-expanded,025-Dust-Paste-packed-32-baseline-w32-s03,Paste,1024,1024,115200,115200
native-expanded,025-Dust-Paste-packed-32-baseline-w32-s04,Wall,338,338,22984,22984
native-expanded,025-Dust-Paste-packed-32-baseline-w32-s04,Dust,512,512,48896,48896
native-expanded,025-Dust-Paste-packed-32-baseline-w32-s04,Paste,1024,1024,122368,122368
native-expanded,026-Lava-Sand-packed-32-baseline-w32-s00,Wall,322,322,20608,20608
native-expanded,026-Lava-Sand-packed-32-baseline-w32-s00,Sand,1024,1024,114176,97792
native-expanded,026-Lava-Sand-packed-32-baseline-w32-s00,Lava,512,512,44800,61184
native-expanded,026-Lava-Sand-packed-32-baseline-w32-s01,Wall,336,336,22680,22680
native-expanded,026-Lava-Sand-packed-32-baseline-w32-s01,Sand,1024,1024,121344,104960
native-expanded,026-Lava-Sand-packed-32-baseline-w32-s01,Lava,512,512,48384,64768
native-expanded,026-Lava-Sand-packed-32-baseline-w32-s02,Wall,350,350,24850,24850
native-expanded,026-Lava-Sand-packed-32-baseline-w32-s02,Sand,1024,1024,128512,112128
native-expanded,026-Lava-Sand-packed-32-baseline-w32-s02,Lava,512,512,51968,68352
native-expanded,026-Lava-Sand-packed-32-baseline-w32-s03,Wall,324,324,20898,20898
native-expanded,026-Lava-Sand-packed-32-baseline-w32-s03,Sand,1024,1024,115200,98816
native-expanded,026-Lava-Sand-packed-32-baseline-w32-s03,Lava,512,512,45312,61696
native-expanded,026-Lava-Sand-packed-32-baseline-w32-s04,Wall,338,338,22984,22984
native-expanded,026-Lava-Sand-packed-32-baseline-w32-s04,Sand,1024,1024,122368,105984
native-expanded,026-Lava-Sand-packed-32-baseline-w32-s04,Lava,512,512,48896,65280
native-expanded,027-Sand-Lava-packed-32-baseline-w32-s00,Wall,322,322,20608,20608
native-expanded,027-Sand-Lava-packed-32-baseline-w32-s00,Sand,512,512,44800,44800
native-expanded,027-Sand-Lava-packed-32-baseline-w32-s00,Lava,1024,1024,114176,114176
native-expanded,027-Sand-Lava-packed-32-baseline-w32-s01,Wall,336,336,22680,22680
native-expanded,027-Sand-Lava-packed-32-baseline-w32-s01,Sand,512,512,48384,48384
native-expanded,027-Sand-Lava-packed-32-baseline-w32-s01,Lava,1024,1024,121344,121344
native-expanded,027-Sand-Lava-packed-32-baseline-w32-s02,Wall,350,350,24850,24850
native-expanded,027-Sand-Lava-packed-32-baseline-w32-s02,Sand,512,512,51968,51968
native-expanded,027-Sand-Lava-packed-32-baseline-w32-s02,Lava,1024,1024,128512,128512
native-expanded,027-Sand-Lava-packed-32-baseline-w32-s03,Wall,324,324,20898,20898
native-expanded,027-Sand-Lava-packed-32-baseline-w32-s03,Sand,512,512,45312,45312
native-expanded,027-Sand-Lava-packed-32-baseline-w32-s03,Lava,1024,1024,115200,115200
native-expanded,027-Sand-Lava-packed-32-baseline-w32-s04,Wall,338,338,22984,22984
native-expanded,027-Sand-Lava-packed-32-baseline-w32-s04,Sand,512,512,48896,48896
native-expanded,027-Sand-Lava-packed-32-baseline-w32-s04,Lava,1024,1024,122368,122368
native-expanded,028-Lava-Dust-packed-32-baseline-w32-s00,Wall,322,322,20608,20608
native-expanded,028-Lava-Dust-packed-32-baseline-w32-s00,4,0,4,0,4
native-expanded,028-Lava-Dust-packed-32-baseline-w32-s00,Lava,512,512,44800,61184
native-expanded,028-Lava-Dust-packed-32-baseline-w32-s00,Dust,1024,0,114176,0
native-expanded,028-Lava-Dust-packed-32-baseline-w32-s01,Wall,336,336,22680,22680
native-expanded,028-Lava-Dust-packed-32-baseline-w32-s01,4,0,4,0,4
native-expanded,028-Lava-Dust-packed-32-baseline-w32-s01,Lava,512,512,48384,64768
native-expanded,028-Lava-Dust-packed-32-baseline-w32-s01,Dust,1024,0,121344,0
native-expanded,028-Lava-Dust-packed-32-baseline-w32-s02,Wall,350,350,24850,24850
native-expanded,028-Lava-Dust-packed-32-baseline-w32-s02,4,0,4,0,4
native-expanded,028-Lava-Dust-packed-32-baseline-w32-s02,Lava,512,512,51968,68352
native-expanded,028-Lava-Dust-packed-32-baseline-w32-s02,Dust,1024,0,128512,0
native-expanded,028-Lava-Dust-packed-32-baseline-w32-s03,Wall,324,324,20898,20898
native-expanded,028-Lava-Dust-packed-32-baseline-w32-s03,4,0,5,0,5
native-expanded,028-Lava-Dust-packed-32-baseline-w32-s03,Lava,512,512,45312,61696
native-expanded,028-Lava-Dust-packed-32-baseline-w32-s03,Dust,1024,0,115200,0
native-expanded,028-Lava-Dust-packed-32-baseline-w32-s04,Wall,338,338,22984,22984
native-expanded,028-Lava-Dust-packed-32-baseline-w32-s04,4,0,4,0,4
native-expanded,028-Lava-Dust-packed-32-baseline-w32-s04,Lava,512,512,48896,65280
native-expanded,028-Lava-Dust-packed-32-baseline-w32-s04,Dust,1024,0,122368,0
native-expanded,029-Dust-Lava-packed-32-baseline-w32-s00,Wall,322,322,20608,20608
native-expanded,029-Dust-Lava-packed-32-baseline-w32-s00,4,0,4,0,4
native-expanded,029-Dust-Lava-packed-32-baseline-w32-s00,Lava,1024,1024,114176,114176
native-expanded,029-Dust-Lava-packed-32-baseline-w32-s00,Dust,512,0,44800,0
native-expanded,029-Dust-Lava-packed-32-baseline-w32-s01,Wall,336,336,22680,22680
native-expanded,029-Dust-Lava-packed-32-baseline-w32-s01,4,0,4,0,4
native-expanded,029-Dust-Lava-packed-32-baseline-w32-s01,Lava,1024,1024,121344,121344
native-expanded,029-Dust-Lava-packed-32-baseline-w32-s01,Dust,512,0,48384,0
native-expanded,029-Dust-Lava-packed-32-baseline-w32-s02,Wall,350,350,24850,24850
native-expanded,029-Dust-Lava-packed-32-baseline-w32-s02,4,0,4,0,4
native-expanded,029-Dust-Lava-packed-32-baseline-w32-s02,Lava,1024,1024,128512,128512
native-expanded,029-Dust-Lava-packed-32-baseline-w32-s02,Dust,512,0,51968,0
native-expanded,029-Dust-Lava-packed-32-baseline-w32-s03,Wall,324,324,20898,20898
native-expanded,029-Dust-Lava-packed-32-baseline-w32-s03,4,0,3,0,3
native-expanded,029-Dust-Lava-packed-32-baseline-w32-s03,Lava,1024,1024,115200,115200
native-expanded,029-Dust-Lava-packed-32-baseline-w32-s03,Dust,512,0,45312,0
native-expanded,029-Dust-Lava-packed-32-baseline-w32-s04,Wall,338,338,22984,22984
native-expanded,029-Dust-Lava-packed-32-baseline-w32-s04,4,0,4,0,4
native-expanded,029-Dust-Lava-packed-32-baseline-w32-s04,Lava,1024,1024,122368,122368
native-expanded,029-Dust-Lava-packed-32-baseline-w32-s04,Dust,512,0,48896,0
native-expanded,030-Sand-Wall-packed-32-baseline-w32-s00,Wall,1346,1346,134784,134784
native-expanded,030-Sand-Wall-packed-32-baseline-w32-s00,Sand,512,512,44800,44800
native-expanded,030-Sand-Wall-packed-32-baseline-w32-s01,Wall,1360,1360,144024,144024
native-expanded,030-Sand-Wall-packed-32-baseline-w32-s01,Sand,512,512,48384,48384
native-expanded,030-Sand-Wall-packed-32-baseline-w32-s02,Wall,1374,1374,153362,153362
native-expanded,030-Sand-Wall-packed-32-baseline-w32-s02,Sand,512,512,51968,51968
native-expanded,030-Sand-Wall-packed-32-baseline-w32-s03,Wall,1348,1348,136098,136098
native-expanded,030-Sand-Wall-packed-32-baseline-w32-s03,Sand,512,512,45312,45312
native-expanded,030-Sand-Wall-packed-32-baseline-w32-s04,Wall,1362,1362,145352,145352
native-expanded,030-Sand-Wall-packed-32-baseline-w32-s04,Sand,512,512,48896,48896
native-expanded,031-Mercury-Wall-packed-32-baseline-w32-s00,Wall,1346,1346,134784,134784
native-expanded,031-Mercury-Wall-packed-32-baseline-w32-s00,Mercury,512,512,44800,44800
native-expanded,031-Mercury-Wall-packed-32-baseline-w32-s01,Wall,1360,1360,144024,144024
native-expanded,031-Mercury-Wall-packed-32-baseline-w32-s01,Mercury,512,512,48384,48384
native-expanded,031-Mercury-Wall-packed-32-baseline-w32-s02,Wall,1374,1374,153362,153362
native-expanded,031-Mercury-Wall-packed-32-baseline-w32-s02,Mercury,512,512,51968,51968
native-expanded,031-Mercury-Wall-packed-32-baseline-w32-s03,Wall,1348,1348,136098,136098
native-expanded,031-Mercury-Wall-packed-32-baseline-w32-s03,Mercury,512,512,45312,45312
native-expanded,031-Mercury-Wall-packed-32-baseline-w32-s04,Wall,1362,1362,145352,145352
native-expanded,031-Mercury-Wall-packed-32-baseline-w32-s04,Mercury,512,512,48896,48896
native-expanded,032-Sand-Concrete-packed-32-baseline-w32-s00,Wall,322,322,20608,20608
native-expanded,032-Sand-Concrete-packed-32-baseline-w32-s00,Sand,512,512,44800,44800
native-expanded,032-Sand-Concrete-packed-32-baseline-w32-s00,Concrete,1024,1024,114176,114176
native-expanded,032-Sand-Concrete-packed-32-baseline-w32-s01,Wall,336,336,22680,22680
native-expanded,032-Sand-Concrete-packed-32-baseline-w32-s01,Sand,512,512,48384,48384
native-expanded,032-Sand-Concrete-packed-32-baseline-w32-s01,Concrete,1024,1024,121344,121344
native-expanded,032-Sand-Concrete-packed-32-baseline-w32-s02,Wall,350,350,24850,24850
native-expanded,032-Sand-Concrete-packed-32-baseline-w32-s02,Sand,512,512,51968,51968
native-expanded,032-Sand-Concrete-packed-32-baseline-w32-s02,Concrete,1024,1024,128512,128512
native-expanded,032-Sand-Concrete-packed-32-baseline-w32-s03,Wall,324,324,20898,20898
native-expanded,032-Sand-Concrete-packed-32-baseline-w32-s03,Sand,512,512,45312,45312
native-expanded,032-Sand-Concrete-packed-32-baseline-w32-s03,Concrete,1024,1024,115200,115200
native-expanded,032-Sand-Concrete-packed-32-baseline-w32-s04,Wall,338,338,22984,22984
native-expanded,032-Sand-Concrete-packed-32-baseline-w32-s04,Sand,512,512,48896,48896
native-expanded,032-Sand-Concrete-packed-32-baseline-w32-s04,Concrete,1024,1024,122368,122368
native-expanded,033-Mercury-Concrete-packed-32-baseline-w32-s00,Wall,322,322,20608,20608
native-expanded,033-Mercury-Concrete-packed-32-baseline-w32-s00,Concrete,1024,1024,114176,114176
native-expanded,033-Mercury-Concrete-packed-32-baseline-w32-s00,Mercury,512,512,44800,44800
native-expanded,033-Mercury-Concrete-packed-32-baseline-w32-s01,Wall,336,336,22680,22680
native-expanded,033-Mercury-Concrete-packed-32-baseline-w32-s01,Concrete,1024,1024,121344,121344
native-expanded,033-Mercury-Concrete-packed-32-baseline-w32-s01,Mercury,512,512,48384,48384
native-expanded,033-Mercury-Concrete-packed-32-baseline-w32-s02,Wall,350,350,24850,24850
native-expanded,033-Mercury-Concrete-packed-32-baseline-w32-s02,Concrete,1024,1024,128512,128512
native-expanded,033-Mercury-Concrete-packed-32-baseline-w32-s02,Mercury,512,512,51968,51968
native-expanded,033-Mercury-Concrete-packed-32-baseline-w32-s03,Wall,324,324,20898,20898
native-expanded,033-Mercury-Concrete-packed-32-baseline-w32-s03,Concrete,1024,1024,115200,115200
native-expanded,033-Mercury-Concrete-packed-32-baseline-w32-s03,Mercury,512,512,45312,45312
native-expanded,033-Mercury-Concrete-packed-32-baseline-w32-s04,Wall,338,338,22984,22984
native-expanded,033-Mercury-Concrete-packed-32-baseline-w32-s04,Concrete,1024,1024,122368,122368
native-expanded,033-Mercury-Concrete-packed-32-baseline-w32-s04,Mercury,512,512,48896,48896
native-expanded,034-Sand-Seed-packed-32-baseline-w32-s00,Wall,322,322,20608,20608
native-expanded,034-Sand-Seed-packed-32-baseline-w32-s00,Sand,512,512,44800,61184
native-expanded,034-Sand-Seed-packed-32-baseline-w32-s00,11,0,1096,0,103432
native-expanded,034-Sand-Seed-packed-32-baseline-w32-s00,Seed,1024,0,114176,0
native-expanded,034-Sand-Seed-packed-32-baseline-w32-s01,Wall,336,336,22680,22680
native-expanded,034-Sand-Seed-packed-32-baseline-w32-s01,Sand,512,512,48384,64768
native-expanded,034-Sand-Seed-packed-32-baseline-w32-s01,11,0,1095,0,111020
native-expanded,034-Sand-Seed-packed-32-baseline-w32-s01,Seed,1024,0,121344,0
native-expanded,034-Sand-Seed-packed-32-baseline-w32-s02,Wall,350,350,24850,24850
native-expanded,034-Sand-Seed-packed-32-baseline-w32-s02,Sand,512,512,51968,68352
native-expanded,034-Sand-Seed-packed-32-baseline-w32-s02,11,0,1104,0,119498
native-expanded,034-Sand-Seed-packed-32-baseline-w32-s02,Seed,1024,0,128512,0
native-expanded,034-Sand-Seed-packed-32-baseline-w32-s03,Wall,324,324,20898,20898
native-expanded,034-Sand-Seed-packed-32-baseline-w32-s03,Sand,512,512,45312,61696
native-expanded,034-Sand-Seed-packed-32-baseline-w32-s03,11,0,1099,0,104762
native-expanded,034-Sand-Seed-packed-32-baseline-w32-s03,Seed,1024,0,115200,0
native-expanded,034-Sand-Seed-packed-32-baseline-w32-s04,Wall,338,338,22984,22984
native-expanded,034-Sand-Seed-packed-32-baseline-w32-s04,Sand,512,512,48896,65280
native-expanded,034-Sand-Seed-packed-32-baseline-w32-s04,11,0,1100,0,112539
native-expanded,034-Sand-Seed-packed-32-baseline-w32-s04,Seed,1024,0,122368,0
native-expanded,035-Sand-Salt-packed-32-baseline-w32-s00,Wall,322,322,20608,20608
native-expanded,035-Sand-Salt-packed-32-baseline-w32-s00,Sand,512,512,44800,44800
native-expanded,035-Sand-Salt-packed-32-baseline-w32-s00,Salt,1024,1024,114176,114176
native-expanded,035-Sand-Salt-packed-32-baseline-w32-s01,Wall,336,336,22680,22680
native-expanded,035-Sand-Salt-packed-32-baseline-w32-s01,Sand,512,512,48384,48384
native-expanded,035-Sand-Salt-packed-32-baseline-w32-s01,Salt,1024,1024,121344,121344
native-expanded,035-Sand-Salt-packed-32-baseline-w32-s02,Wall,350,350,24850,24850
native-expanded,035-Sand-Salt-packed-32-baseline-w32-s02,Sand,512,512,51968,51968
native-expanded,035-Sand-Salt-packed-32-baseline-w32-s02,Salt,1024,1024,128512,128512
native-expanded,035-Sand-Salt-packed-32-baseline-w32-s03,Wall,324,324,20898,20898
native-expanded,035-Sand-Salt-packed-32-baseline-w32-s03,Sand,512,512,45312,45312
native-expanded,035-Sand-Salt-packed-32-baseline-w32-s03,Salt,1024,1024,115200,115200
native-expanded,035-Sand-Salt-packed-32-baseline-w32-s04,Wall,338,338,22984,22984
native-expanded,035-Sand-Salt-packed-32-baseline-w32-s04,Sand,512,512,48896,48896
native-expanded,035-Sand-Salt-packed-32-baseline-w32-s04,Salt,1024,1024,122368,122368
native-expanded,036-Sand-Sodium-packed-32-baseline-w32-s00,Wall,322,322,20608,20608
native-expanded,036-Sand-Sodium-packed-32-baseline-w32-s00,Sand,512,512,44800,61184
native-expanded,036-Sand-Sodium-packed-32-baseline-w32-s00,Sodium,1024,1024,114176,97792
native-expanded,036-Sand-Sodium-packed-32-baseline-w32-s01,Wall,336,336,22680,22680
native-expanded,036-Sand-Sodium-packed-32-baseline-w32-s01,Sand,512,512,48384,64768
native-expanded,036-Sand-Sodium-packed-32-baseline-w32-s01,Sodium,1024,1024,121344,104960
native-expanded,036-Sand-Sodium-packed-32-baseline-w32-s02,Wall,350,350,24850,24850
native-expanded,036-Sand-Sodium-packed-32-baseline-w32-s02,Sand,512,512,51968,68352
native-expanded,036-Sand-Sodium-packed-32-baseline-w32-s02,Sodium,1024,1024,128512,112128
native-expanded,036-Sand-Sodium-packed-32-baseline-w32-s03,Wall,324,324,20898,20898
native-expanded,036-Sand-Sodium-packed-32-baseline-w32-s03,Sand,512,512,45312,61696
native-expanded,036-Sand-Sodium-packed-32-baseline-w32-s03,Sodium,1024,1024,115200,98816
native-expanded,036-Sand-Sodium-packed-32-baseline-w32-s04,Wall,338,338,22984,22984
native-expanded,036-Sand-Sodium-packed-32-baseline-w32-s04,Sand,512,512,48896,65280
native-expanded,036-Sand-Sodium-packed-32-baseline-w32-s04,Sodium,1024,1024,122368,105984
native-expanded,037-Sand-Gunpowder-packed-32-baseline-w32-s00,Wall,322,322,20608,20608
native-expanded,037-Sand-Gunpowder-packed-32-baseline-w32-s00,Sand,512,512,44800,44800
native-expanded,037-Sand-Gunpowder-packed-32-baseline-w32-s00,Gunpowder,1024,1024,114176,114176
native-expanded,037-Sand-Gunpowder-packed-32-baseline-w32-s01,Wall,336,336,22680,22680
native-expanded,037-Sand-Gunpowder-packed-32-baseline-w32-s01,Sand,512,512,48384,48384
native-expanded,037-Sand-Gunpowder-packed-32-baseline-w32-s01,Gunpowder,1024,1024,121344,121344
native-expanded,037-Sand-Gunpowder-packed-32-baseline-w32-s02,Wall,350,350,24850,24850
native-expanded,037-Sand-Gunpowder-packed-32-baseline-w32-s02,Sand,512,512,51968,51968
native-expanded,037-Sand-Gunpowder-packed-32-baseline-w32-s02,Gunpowder,1024,1024,128512,128512
native-expanded,037-Sand-Gunpowder-packed-32-baseline-w32-s03,Wall,324,324,20898,20898
native-expanded,037-Sand-Gunpowder-packed-32-baseline-w32-s03,Sand,512,512,45312,45312
native-expanded,037-Sand-Gunpowder-packed-32-baseline-w32-s03,Gunpowder,1024,1024,115200,115200
native-expanded,037-Sand-Gunpowder-packed-32-baseline-w32-s04,Wall,338,338,22984,22984
native-expanded,037-Sand-Gunpowder-packed-32-baseline-w32-s04,Sand,512,512,48896,48896
native-expanded,037-Sand-Gunpowder-packed-32-baseline-w32-s04,Gunpowder,1024,1024,122368,122368
native-expanded,038-Sand-Coal-packed-32-baseline-w32-s00,Wall,322,322,20608,20608
native-expanded,038-Sand-Coal-packed-32-baseline-w32-s00,Sand,512,512,44800,61184
native-expanded,038-Sand-Coal-packed-32-baseline-w32-s00,Coal,1024,1024,114176,97792
native-expanded,038-Sand-Coal-packed-32-baseline-w32-s01,Wall,336,336,22680,22680
native-expanded,038-Sand-Coal-packed-32-baseline-w32-s01,Sand,512,512,48384,64768
native-expanded,038-Sand-Coal-packed-32-baseline-w32-s01,Coal,1024,1024,121344,104960
native-expanded,038-Sand-Coal-packed-32-baseline-w32-s02,Wall,350,350,24850,24850
native-expanded,038-Sand-Coal-packed-32-baseline-w32-s02,Sand,512,512,51968,68352
native-expanded,038-Sand-Coal-packed-32-baseline-w32-s02,Coal,1024,1024,128512,112128
native-expanded,038-Sand-Coal-packed-32-baseline-w32-s03,Wall,324,324,20898,20898
native-expanded,038-Sand-Coal-packed-32-baseline-w32-s03,Sand,512,512,45312,61696
native-expanded,038-Sand-Coal-packed-32-baseline-w32-s03,Coal,1024,1024,115200,98816
native-expanded,038-Sand-Coal-packed-32-baseline-w32-s04,Wall,338,338,22984,22984
native-expanded,038-Sand-Coal-packed-32-baseline-w32-s04,Sand,512,512,48896,65280
native-expanded,038-Sand-Coal-packed-32-baseline-w32-s04,Coal,1024,1024,122368,105984
native-expanded,039-Stone-Dust-packed-32-baseline-w32-s00,Wall,322,322,20608,20608
native-expanded,039-Stone-Dust-packed-32-baseline-w32-s00,Stone,512,512,44800,60736
native-expanded,039-Stone-Dust-packed-32-baseline-w32-s00,Dust,1024,1024,114176,98240
native-expanded,039-Stone-Dust-packed-32-baseline-w32-s01,Wall,336,336,22680,22680
native-expanded,039-Stone-Dust-packed-32-baseline-w32-s01,Stone,512,512,48384,63772
native-expanded,039-Stone-Dust-packed-32-baseline-w32-s01,Dust,1024,1024,121344,105956
native-expanded,039-Stone-Dust-packed-32-baseline-w32-s02,Wall,350,350,24850,24850
native-expanded,039-Stone-Dust-packed-32-baseline-w32-s02,Stone,512,512,51968,67656
native-expanded,039-Stone-Dust-packed-32-baseline-w32-s02,Dust,1024,1024,128512,112824
native-expanded,039-Stone-Dust-packed-32-baseline-w32-s03,Wall,324,324,20898,20898
native-expanded,039-Stone-Dust-packed-32-baseline-w32-s03,Stone,512,512,45312,61248
native-expanded,039-Stone-Dust-packed-32-baseline-w32-s03,Dust,1024,1024,115200,99264
native-expanded,039-Stone-Dust-packed-32-baseline-w32-s04,Wall,338,338,22984,22984
native-expanded,039-Stone-Dust-packed-32-baseline-w32-s04,Stone,512,512,48896,64214
native-expanded,039-Stone-Dust-packed-32-baseline-w32-s04,Dust,1024,1024,122368,107050
native-expanded,040-Stone-Seed-packed-32-baseline-w32-s00,Wall,322,322,20608,20608
native-expanded,040-Stone-Seed-packed-32-baseline-w32-s00,Stone,512,512,44800,60736
native-expanded,040-Stone-Seed-packed-32-baseline-w32-s00,Seed,1024,1024,114176,98240
native-expanded,040-Stone-Seed-packed-32-baseline-w32-s01,Wall,336,336,22680,22680
native-expanded,040-Stone-Seed-packed-32-baseline-w32-s01,Stone,512,512,48384,63772
native-expanded,040-Stone-Seed-packed-32-baseline-w32-s01,Seed,1024,1024,121344,105956
native-expanded,040-Stone-Seed-packed-32-baseline-w32-s02,Wall,350,350,24850,24850
native-expanded,040-Stone-Seed-packed-32-baseline-w32-s02,Stone,512,512,51968,67656
native-expanded,040-Stone-Seed-packed-32-baseline-w32-s02,Seed,1024,1024,128512,112824
native-expanded,040-Stone-Seed-packed-32-baseline-w32-s03,Wall,324,324,20898,20898
native-expanded,040-Stone-Seed-packed-32-baseline-w32-s03,Stone,512,512,45312,61248
native-expanded,040-Stone-Seed-packed-32-baseline-w32-s03,Seed,1024,1024,115200,99264
native-expanded,040-Stone-Seed-packed-32-baseline-w32-s04,Wall,338,338,22984,22984
native-expanded,040-Stone-Seed-packed-32-baseline-w32-s04,Stone,512,512,48896,64214
native-expanded,040-Stone-Seed-packed-32-baseline-w32-s04,Seed,1024,1024,122368,107050
native-expanded,041-Stone-Salt-packed-32-baseline-w32-s00,Wall,322,322,20608,20608
native-expanded,041-Stone-Salt-packed-32-baseline-w32-s00,Stone,512,512,44800,60736
native-expanded,041-Stone-Salt-packed-32-baseline-w32-s00,Salt,1024,1024,114176,98240
native-expanded,041-Stone-Salt-packed-32-baseline-w32-s01,Wall,336,336,22680,22680
native-expanded,041-Stone-Salt-packed-32-baseline-w32-s01,Stone,512,512,48384,63772
native-expanded,041-Stone-Salt-packed-32-baseline-w32-s01,Salt,1024,1024,121344,105956
native-expanded,041-Stone-Salt-packed-32-baseline-w32-s02,Wall,350,350,24850,24850
native-expanded,041-Stone-Salt-packed-32-baseline-w32-s02,Stone,512,512,51968,67656
native-expanded,041-Stone-Salt-packed-32-baseline-w32-s02,Salt,1024,1024,128512,112824
native-expanded,041-Stone-Salt-packed-32-baseline-w32-s03,Wall,324,324,20898,20898
native-expanded,041-Stone-Salt-packed-32-baseline-w32-s03,Stone,512,512,45312,61248
native-expanded,041-Stone-Salt-packed-32-baseline-w32-s03,Salt,1024,1024,115200,99264
native-expanded,041-Stone-Salt-packed-32-baseline-w32-s04,Wall,338,338,22984,22984
native-expanded,041-Stone-Salt-packed-32-baseline-w32-s04,Stone,512,512,48896,64214
native-expanded,041-Stone-Salt-packed-32-baseline-w32-s04,Salt,1024,1024,122368,107050
native-expanded,042-Stone-Sodium-packed-32-baseline-w32-s00,Wall,322,322,20608,20608
native-expanded,042-Stone-Sodium-packed-32-baseline-w32-s00,Stone,512,512,44800,60736
native-expanded,042-Stone-Sodium-packed-32-baseline-w32-s00,Sodium,1024,1024,114176,98240
native-expanded,042-Stone-Sodium-packed-32-baseline-w32-s01,Wall,336,336,22680,22680
native-expanded,042-Stone-Sodium-packed-32-baseline-w32-s01,Stone,512,512,48384,63772
native-expanded,042-Stone-Sodium-packed-32-baseline-w32-s01,Sodium,1024,1024,121344,105956
native-expanded,042-Stone-Sodium-packed-32-baseline-w32-s02,Wall,350,350,24850,24850
native-expanded,042-Stone-Sodium-packed-32-baseline-w32-s02,Stone,512,512,51968,67656
native-expanded,042-Stone-Sodium-packed-32-baseline-w32-s02,Sodium,1024,1024,128512,112824
native-expanded,042-Stone-Sodium-packed-32-baseline-w32-s03,Wall,324,324,20898,20898
native-expanded,042-Stone-Sodium-packed-32-baseline-w32-s03,Stone,512,512,45312,61248
native-expanded,042-Stone-Sodium-packed-32-baseline-w32-s03,Sodium,1024,1024,115200,99264
native-expanded,042-Stone-Sodium-packed-32-baseline-w32-s04,Wall,338,338,22984,22984
native-expanded,042-Stone-Sodium-packed-32-baseline-w32-s04,Stone,512,512,48896,64214
native-expanded,042-Stone-Sodium-packed-32-baseline-w32-s04,Sodium,1024,1024,122368,107050
native-expanded,043-Stone-Gunpowder-packed-32-baseline-w32-s00,Wall,322,322,20608,20608
native-expanded,043-Stone-Gunpowder-packed-32-baseline-w32-s00,Stone,512,512,44800,60736
native-expanded,043-Stone-Gunpowder-packed-32-baseline-w32-s00,Gunpowder,1024,1024,114176,98240
native-expanded,043-Stone-Gunpowder-packed-32-baseline-w32-s01,Wall,336,336,22680,22680
native-expanded,043-Stone-Gunpowder-packed-32-baseline-w32-s01,Stone,512,512,48384,63772
native-expanded,043-Stone-Gunpowder-packed-32-baseline-w32-s01,Gunpowder,1024,1024,121344,105956
native-expanded,043-Stone-Gunpowder-packed-32-baseline-w32-s02,Wall,350,350,24850,24850
native-expanded,043-Stone-Gunpowder-packed-32-baseline-w32-s02,Stone,512,512,51968,67656
native-expanded,043-Stone-Gunpowder-packed-32-baseline-w32-s02,Gunpowder,1024,1024,128512,112824
native-expanded,043-Stone-Gunpowder-packed-32-baseline-w32-s03,Wall,324,324,20898,20898
native-expanded,043-Stone-Gunpowder-packed-32-baseline-w32-s03,Stone,512,512,45312,61248
native-expanded,043-Stone-Gunpowder-packed-32-baseline-w32-s03,Gunpowder,1024,1024,115200,99264
native-expanded,043-Stone-Gunpowder-packed-32-baseline-w32-s04,Wall,338,338,22984,22984
native-expanded,043-Stone-Gunpowder-packed-32-baseline-w32-s04,Stone,512,512,48896,64214
native-expanded,043-Stone-Gunpowder-packed-32-baseline-w32-s04,Gunpowder,1024,1024,122368,107050
native-expanded,044-Stone-Coal-packed-32-baseline-w32-s00,Wall,322,322,20608,20608
native-expanded,044-Stone-Coal-packed-32-baseline-w32-s00,Stone,512,512,44800,60736
native-expanded,044-Stone-Coal-packed-32-baseline-w32-s00,Coal,1024,1024,114176,98240
native-expanded,044-Stone-Coal-packed-32-baseline-w32-s01,Wall,336,336,22680,22680
native-expanded,044-Stone-Coal-packed-32-baseline-w32-s01,Stone,512,512,48384,63772
native-expanded,044-Stone-Coal-packed-32-baseline-w32-s01,Coal,1024,1024,121344,105956
native-expanded,044-Stone-Coal-packed-32-baseline-w32-s02,Wall,350,350,24850,24850
native-expanded,044-Stone-Coal-packed-32-baseline-w32-s02,Stone,512,512,51968,67656
native-expanded,044-Stone-Coal-packed-32-baseline-w32-s02,Coal,1024,1024,128512,112824
native-expanded,044-Stone-Coal-packed-32-baseline-w32-s03,Wall,324,324,20898,20898
native-expanded,044-Stone-Coal-packed-32-baseline-w32-s03,Stone,512,512,45312,61248
native-expanded,044-Stone-Coal-packed-32-baseline-w32-s03,Coal,1024,1024,115200,99264
native-expanded,044-Stone-Coal-packed-32-baseline-w32-s04,Wall,338,338,22984,22984
native-expanded,044-Stone-Coal-packed-32-baseline-w32-s04,Stone,512,512,48896,64214
native-expanded,044-Stone-Coal-packed-32-baseline-w32-s04,Coal,1024,1024,122368,107050
native-expanded,045-Stone-Rust-packed-32-baseline-w32-s00,Wall,322,322,20608,20608
native-expanded,045-Stone-Rust-packed-32-baseline-w32-s00,Stone,512,512,44800,44800
native-expanded,045-Stone-Rust-packed-32-baseline-w32-s00,Rust,1024,1024,114176,114176
native-expanded,045-Stone-Rust-packed-32-baseline-w32-s01,Wall,336,336,22680,22680
native-expanded,045-Stone-Rust-packed-32-baseline-w32-s01,Stone,512,512,48384,48384
native-expanded,045-Stone-Rust-packed-32-baseline-w32-s01,Rust,1024,1024,121344,121344
native-expanded,045-Stone-Rust-packed-32-baseline-w32-s02,Wall,350,350,24850,24850
native-expanded,045-Stone-Rust-packed-32-baseline-w32-s02,Stone,512,512,51968,51968
native-expanded,045-Stone-Rust-packed-32-baseline-w32-s02,Rust,1024,1024,128512,128512
native-expanded,045-Stone-Rust-packed-32-baseline-w32-s03,Wall,324,324,20898,20898
native-expanded,045-Stone-Rust-packed-32-baseline-w32-s03,Stone,512,512,45312,45312
native-expanded,045-Stone-Rust-packed-32-baseline-w32-s03,Rust,1024,1024,115200,115200
native-expanded,045-Stone-Rust-packed-32-baseline-w32-s04,Wall,338,338,22984,22984
native-expanded,045-Stone-Rust-packed-32-baseline-w32-s04,Stone,512,512,48896,48896
native-expanded,045-Stone-Rust-packed-32-baseline-w32-s04,Rust,1024,1024,122368,122368
native-expanded,046-Dust-Stone-packed-32-baseline-w32-s00,Wall,322,322,20608,20608
native-expanded,046-Dust-Stone-packed-32-baseline-w32-s00,Stone,1024,1024,114176,114176
native-expanded,046-Dust-Stone-packed-32-baseline-w32-s00,Dust,512,512,44800,44800
native-expanded,046-Dust-Stone-packed-32-baseline-w32-s01,Wall,336,336,22680,22680
native-expanded,046-Dust-Stone-packed-32-baseline-w32-s01,Stone,1024,1024,121344,121344
native-expanded,046-Dust-Stone-packed-32-baseline-w32-s01,Dust,512,512,48384,48384
native-expanded,046-Dust-Stone-packed-32-baseline-w32-s02,Wall,350,350,24850,24850
native-expanded,046-Dust-Stone-packed-32-baseline-w32-s02,Stone,1024,1024,128512,128512
native-expanded,046-Dust-Stone-packed-32-baseline-w32-s02,Dust,512,512,51968,51968
native-expanded,046-Dust-Stone-packed-32-baseline-w32-s03,Wall,324,324,20898,20898
native-expanded,046-Dust-Stone-packed-32-baseline-w32-s03,Stone,1024,1024,115200,115200
native-expanded,046-Dust-Stone-packed-32-baseline-w32-s03,Dust,512,512,45312,45312
native-expanded,046-Dust-Stone-packed-32-baseline-w32-s04,Wall,338,338,22984,22984
native-expanded,046-Dust-Stone-packed-32-baseline-w32-s04,Stone,1024,1024,122368,122368
native-expanded,046-Dust-Stone-packed-32-baseline-w32-s04,Dust,512,512,48896,48896
native-expanded,047-Dust-Seed-packed-32-baseline-w32-s00,Wall,322,322,20608,20608
native-expanded,047-Dust-Seed-packed-32-baseline-w32-s00,Dust,512,512,44800,44800
native-expanded,047-Dust-Seed-packed-32-baseline-w32-s00,Seed,1024,1024,114176,114176
native-expanded,047-Dust-Seed-packed-32-baseline-w32-s01,Wall,336,336,22680,22680
native-expanded,047-Dust-Seed-packed-32-baseline-w32-s01,Dust,512,512,48384,48384
native-expanded,047-Dust-Seed-packed-32-baseline-w32-s01,Seed,1024,1024,121344,121344
native-expanded,047-Dust-Seed-packed-32-baseline-w32-s02,Wall,350,350,24850,24850
native-expanded,047-Dust-Seed-packed-32-baseline-w32-s02,Dust,512,512,51968,51968
native-expanded,047-Dust-Seed-packed-32-baseline-w32-s02,Seed,1024,1024,128512,128512
native-expanded,047-Dust-Seed-packed-32-baseline-w32-s03,Wall,324,324,20898,20898
native-expanded,047-Dust-Seed-packed-32-baseline-w32-s03,Dust,512,512,45312,45312
native-expanded,047-Dust-Seed-packed-32-baseline-w32-s03,Seed,1024,1024,115200,115200
native-expanded,047-Dust-Seed-packed-32-baseline-w32-s04,Wall,338,338,22984,22984
native-expanded,047-Dust-Seed-packed-32-baseline-w32-s04,Dust,512,512,48896,48896
native-expanded,047-Dust-Seed-packed-32-baseline-w32-s04,Seed,1024,1024,122368,122368
native-expanded,048-Dust-Salt-packed-32-baseline-w32-s00,Wall,322,322,20608,20608
native-expanded,048-Dust-Salt-packed-32-baseline-w32-s00,Dust,512,512,44800,44800
native-expanded,048-Dust-Salt-packed-32-baseline-w32-s00,Salt,1024,1024,114176,114176
native-expanded,048-Dust-Salt-packed-32-baseline-w32-s01,Wall,336,336,22680,22680
native-expanded,048-Dust-Salt-packed-32-baseline-w32-s01,Dust,512,512,48384,48384
native-expanded,048-Dust-Salt-packed-32-baseline-w32-s01,Salt,1024,1024,121344,121344
native-expanded,048-Dust-Salt-packed-32-baseline-w32-s02,Wall,350,350,24850,24850
native-expanded,048-Dust-Salt-packed-32-baseline-w32-s02,Dust,512,512,51968,51968
native-expanded,048-Dust-Salt-packed-32-baseline-w32-s02,Salt,1024,1024,128512,128512
native-expanded,048-Dust-Salt-packed-32-baseline-w32-s03,Wall,324,324,20898,20898
native-expanded,048-Dust-Salt-packed-32-baseline-w32-s03,Dust,512,512,45312,45312
native-expanded,048-Dust-Salt-packed-32-baseline-w32-s03,Salt,1024,1024,115200,115200
native-expanded,048-Dust-Salt-packed-32-baseline-w32-s04,Wall,338,338,22984,22984
native-expanded,048-Dust-Salt-packed-32-baseline-w32-s04,Dust,512,512,48896,48896
native-expanded,048-Dust-Salt-packed-32-baseline-w32-s04,Salt,1024,1024,122368,122368
native-expanded,049-Dust-Sodium-packed-32-baseline-w32-s00,Wall,322,322,20608,20608
native-expanded,049-Dust-Sodium-packed-32-baseline-w32-s00,Dust,512,512,44800,44800
native-expanded,049-Dust-Sodium-packed-32-baseline-w32-s00,Sodium,1024,1024,114176,114176
native-expanded,049-Dust-Sodium-packed-32-baseline-w32-s01,Wall,336,336,22680,22680
native-expanded,049-Dust-Sodium-packed-32-baseline-w32-s01,Dust,512,512,48384,48384
native-expanded,049-Dust-Sodium-packed-32-baseline-w32-s01,Sodium,1024,1024,121344,121344
native-expanded,049-Dust-Sodium-packed-32-baseline-w32-s02,Wall,350,350,24850,24850
native-expanded,049-Dust-Sodium-packed-32-baseline-w32-s02,Dust,512,512,51968,51968
native-expanded,049-Dust-Sodium-packed-32-baseline-w32-s02,Sodium,1024,1024,128512,128512
native-expanded,049-Dust-Sodium-packed-32-baseline-w32-s03,Wall,324,324,20898,20898
native-expanded,049-Dust-Sodium-packed-32-baseline-w32-s03,Dust,512,512,45312,45312
native-expanded,049-Dust-Sodium-packed-32-baseline-w32-s03,Sodium,1024,1024,115200,115200
native-expanded,049-Dust-Sodium-packed-32-baseline-w32-s04,Wall,338,338,22984,22984
native-expanded,049-Dust-Sodium-packed-32-baseline-w32-s04,Dust,512,512,48896,48896
native-expanded,049-Dust-Sodium-packed-32-baseline-w32-s04,Sodium,1024,1024,122368,122368
native-expanded,050-Dust-Gunpowder-packed-32-baseline-w32-s00,Wall,322,322,20608,20608
native-expanded,050-Dust-Gunpowder-packed-32-baseline-w32-s00,Dust,512,512,44800,44800
native-expanded,050-Dust-Gunpowder-packed-32-baseline-w32-s00,Gunpowder,1024,1024,114176,114176
native-expanded,050-Dust-Gunpowder-packed-32-baseline-w32-s01,Wall,336,336,22680,22680
native-expanded,050-Dust-Gunpowder-packed-32-baseline-w32-s01,Dust,512,512,48384,48384
native-expanded,050-Dust-Gunpowder-packed-32-baseline-w32-s01,Gunpowder,1024,1024,121344,121344
native-expanded,050-Dust-Gunpowder-packed-32-baseline-w32-s02,Wall,350,350,24850,24850
native-expanded,050-Dust-Gunpowder-packed-32-baseline-w32-s02,Dust,512,512,51968,51968
native-expanded,050-Dust-Gunpowder-packed-32-baseline-w32-s02,Gunpowder,1024,1024,128512,128512
native-expanded,050-Dust-Gunpowder-packed-32-baseline-w32-s03,Wall,324,324,20898,20898
native-expanded,050-Dust-Gunpowder-packed-32-baseline-w32-s03,Dust,512,512,45312,45312
native-expanded,050-Dust-Gunpowder-packed-32-baseline-w32-s03,Gunpowder,1024,1024,115200,115200
native-expanded,050-Dust-Gunpowder-packed-32-baseline-w32-s04,Wall,338,338,22984,22984
native-expanded,050-Dust-Gunpowder-packed-32-baseline-w32-s04,Dust,512,512,48896,48896
native-expanded,050-Dust-Gunpowder-packed-32-baseline-w32-s04,Gunpowder,1024,1024,122368,122368
native-expanded,051-Dust-Coal-packed-32-baseline-w32-s00,Wall,322,322,20608,20608
native-expanded,051-Dust-Coal-packed-32-baseline-w32-s00,Dust,512,512,44800,44800
native-expanded,051-Dust-Coal-packed-32-baseline-w32-s00,Coal,1024,1024,114176,114176
native-expanded,051-Dust-Coal-packed-32-baseline-w32-s01,Wall,336,336,22680,22680
native-expanded,051-Dust-Coal-packed-32-baseline-w32-s01,Dust,512,512,48384,48384
native-expanded,051-Dust-Coal-packed-32-baseline-w32-s01,Coal,1024,1024,121344,121344
native-expanded,051-Dust-Coal-packed-32-baseline-w32-s02,Wall,350,350,24850,24850
native-expanded,051-Dust-Coal-packed-32-baseline-w32-s02,Dust,512,512,51968,51968
native-expanded,051-Dust-Coal-packed-32-baseline-w32-s02,Coal,1024,1024,128512,128512
native-expanded,051-Dust-Coal-packed-32-baseline-w32-s03,Wall,324,324,20898,20898
native-expanded,051-Dust-Coal-packed-32-baseline-w32-s03,Dust,512,512,45312,45312
native-expanded,051-Dust-Coal-packed-32-baseline-w32-s03,Coal,1024,1024,115200,115200
native-expanded,051-Dust-Coal-packed-32-baseline-w32-s04,Wall,338,338,22984,22984
native-expanded,051-Dust-Coal-packed-32-baseline-w32-s04,Dust,512,512,48896,48896
native-expanded,051-Dust-Coal-packed-32-baseline-w32-s04,Coal,1024,1024,122368,122368
native-expanded,052-Dust-Rust-packed-32-baseline-w32-s00,Wall,322,322,20608,20608
native-expanded,052-Dust-Rust-packed-32-baseline-w32-s00,Dust,512,512,44800,44800
native-expanded,052-Dust-Rust-packed-32-baseline-w32-s00,Rust,1024,1024,114176,114176
native-expanded,052-Dust-Rust-packed-32-baseline-w32-s01,Wall,336,336,22680,22680
native-expanded,052-Dust-Rust-packed-32-baseline-w32-s01,Dust,512,512,48384,48384
native-expanded,052-Dust-Rust-packed-32-baseline-w32-s01,Rust,1024,1024,121344,121344
native-expanded,052-Dust-Rust-packed-32-baseline-w32-s02,Wall,350,350,24850,24850
native-expanded,052-Dust-Rust-packed-32-baseline-w32-s02,Dust,512,512,51968,51968
native-expanded,052-Dust-Rust-packed-32-baseline-w32-s02,Rust,1024,1024,128512,128512
native-expanded,052-Dust-Rust-packed-32-baseline-w32-s03,Wall,324,324,20898,20898
native-expanded,052-Dust-Rust-packed-32-baseline-w32-s03,Dust,512,512,45312,45312
native-expanded,052-Dust-Rust-packed-32-baseline-w32-s03,Rust,1024,1024,115200,115200
native-expanded,052-Dust-Rust-packed-32-baseline-w32-s04,Wall,338,338,22984,22984
native-expanded,052-Dust-Rust-packed-32-baseline-w32-s04,Dust,512,512,48896,48896
native-expanded,052-Dust-Rust-packed-32-baseline-w32-s04,Rust,1024,1024,122368,122368
native-expanded,053-Seed-Sand-packed-32-baseline-w32-s00,Wall,322,322,20608,20608
native-expanded,053-Seed-Sand-packed-32-baseline-w32-s00,Sand,1024,1024,114176,114176
native-expanded,053-Seed-Sand-packed-32-baseline-w32-s00,11,0,590,0,50901
native-expanded,053-Seed-Sand-packed-32-baseline-w32-s00,Seed,512,0,44800,0
native-expanded,053-Seed-Sand-packed-32-baseline-w32-s01,Wall,336,336,22680,22680
native-expanded,053-Seed-Sand-packed-32-baseline-w32-s01,Sand,1024,1024,121344,121344
native-expanded,053-Seed-Sand-packed-32-baseline-w32-s01,11,0,590,0,55032
native-expanded,053-Seed-Sand-packed-32-baseline-w32-s01,Seed,512,0,48384,0
native-expanded,053-Seed-Sand-packed-32-baseline-w32-s02,Wall,350,350,24850,24850
native-expanded,053-Seed-Sand-packed-32-baseline-w32-s02,Sand,1024,1024,128512,128512
native-expanded,053-Seed-Sand-packed-32-baseline-w32-s02,11,0,589,0,59071
native-expanded,053-Seed-Sand-packed-32-baseline-w32-s02,Seed,512,0,51968,0
native-expanded,053-Seed-Sand-packed-32-baseline-w32-s03,Wall,324,324,20898,20898
native-expanded,053-Seed-Sand-packed-32-baseline-w32-s03,Sand,1024,1024,115200,115200
native-expanded,053-Seed-Sand-packed-32-baseline-w32-s03,11,0,589,0,51414
native-expanded,053-Seed-Sand-packed-32-baseline-w32-s03,Seed,512,0,45312,0
native-expanded,053-Seed-Sand-packed-32-baseline-w32-s04,Wall,338,338,22984,22984
native-expanded,053-Seed-Sand-packed-32-baseline-w32-s04,Sand,1024,1024,122368,122368
native-expanded,053-Seed-Sand-packed-32-baseline-w32-s04,11,0,590,0,55622
native-expanded,053-Seed-Sand-packed-32-baseline-w32-s04,Seed,512,0,48896,0
native-expanded,054-Seed-Stone-packed-32-baseline-w32-s00,Wall,322,322,20608,20608
native-expanded,054-Seed-Stone-packed-32-baseline-w32-s00,Stone,1024,1024,114176,114176
native-expanded,054-Seed-Stone-packed-32-baseline-w32-s00,Seed,512,512,44800,44800
native-expanded,054-Seed-Stone-packed-32-baseline-w32-s01,Wall,336,336,22680,22680
native-expanded,054-Seed-Stone-packed-32-baseline-w32-s01,Stone,1024,1024,121344,121344
native-expanded,054-Seed-Stone-packed-32-baseline-w32-s01,Seed,512,512,48384,48384
native-expanded,054-Seed-Stone-packed-32-baseline-w32-s02,Wall,350,350,24850,24850
native-expanded,054-Seed-Stone-packed-32-baseline-w32-s02,Stone,1024,1024,128512,128512
native-expanded,054-Seed-Stone-packed-32-baseline-w32-s02,Seed,512,512,51968,51968
native-expanded,054-Seed-Stone-packed-32-baseline-w32-s03,Wall,324,324,20898,20898
native-expanded,054-Seed-Stone-packed-32-baseline-w32-s03,Stone,1024,1024,115200,115200
native-expanded,054-Seed-Stone-packed-32-baseline-w32-s03,Seed,512,512,45312,45312
native-expanded,054-Seed-Stone-packed-32-baseline-w32-s04,Wall,338,338,22984,22984
native-expanded,054-Seed-Stone-packed-32-baseline-w32-s04,Stone,1024,1024,122368,122368
native-expanded,054-Seed-Stone-packed-32-baseline-w32-s04,Seed,512,512,48896,48896
native-expanded,055-Seed-Dust-packed-32-baseline-w32-s00,Wall,322,322,20608,20608
native-expanded,055-Seed-Dust-packed-32-baseline-w32-s00,Dust,1024,1024,114176,97792
native-expanded,055-Seed-Dust-packed-32-baseline-w32-s00,Seed,512,512,44800,61184
native-expanded,055-Seed-Dust-packed-32-baseline-w32-s01,Wall,336,336,22680,22680
native-expanded,055-Seed-Dust-packed-32-baseline-w32-s01,Dust,1024,1024,121344,104960
native-expanded,055-Seed-Dust-packed-32-baseline-w32-s01,Seed,512,512,48384,64768
native-expanded,055-Seed-Dust-packed-32-baseline-w32-s02,Wall,350,350,24850,24850
native-expanded,055-Seed-Dust-packed-32-baseline-w32-s02,Dust,1024,1024,128512,112128
native-expanded,055-Seed-Dust-packed-32-baseline-w32-s02,Seed,512,512,51968,68352
native-expanded,055-Seed-Dust-packed-32-baseline-w32-s03,Wall,324,324,20898,20898
native-expanded,055-Seed-Dust-packed-32-baseline-w32-s03,Dust,1024,1024,115200,98816
native-expanded,055-Seed-Dust-packed-32-baseline-w32-s03,Seed,512,512,45312,61696
native-expanded,055-Seed-Dust-packed-32-baseline-w32-s04,Wall,338,338,22984,22984
native-expanded,055-Seed-Dust-packed-32-baseline-w32-s04,Dust,1024,1024,122368,105984
native-expanded,055-Seed-Dust-packed-32-baseline-w32-s04,Seed,512,512,48896,65280
native-expanded,056-Seed-Salt-packed-32-baseline-w32-s00,Wall,322,322,20608,20608
native-expanded,056-Seed-Salt-packed-32-baseline-w32-s00,Seed,512,512,44800,44800
native-expanded,056-Seed-Salt-packed-32-baseline-w32-s00,Salt,1024,1024,114176,114176
native-expanded,056-Seed-Salt-packed-32-baseline-w32-s01,Wall,336,336,22680,22680
native-expanded,056-Seed-Salt-packed-32-baseline-w32-s01,Seed,512,512,48384,48384
native-expanded,056-Seed-Salt-packed-32-baseline-w32-s01,Salt,1024,1024,121344,121344
native-expanded,056-Seed-Salt-packed-32-baseline-w32-s02,Wall,350,350,24850,24850
native-expanded,056-Seed-Salt-packed-32-baseline-w32-s02,Seed,512,512,51968,51968
native-expanded,056-Seed-Salt-packed-32-baseline-w32-s02,Salt,1024,1024,128512,128512
native-expanded,056-Seed-Salt-packed-32-baseline-w32-s03,Wall,324,324,20898,20898
native-expanded,056-Seed-Salt-packed-32-baseline-w32-s03,Seed,512,512,45312,45312
native-expanded,056-Seed-Salt-packed-32-baseline-w32-s03,Salt,1024,1024,115200,115200
native-expanded,056-Seed-Salt-packed-32-baseline-w32-s04,Wall,338,338,22984,22984
native-expanded,056-Seed-Salt-packed-32-baseline-w32-s04,Seed,512,512,48896,48896
native-expanded,056-Seed-Salt-packed-32-baseline-w32-s04,Salt,1024,1024,122368,122368
native-expanded,057-Seed-Sodium-packed-32-baseline-w32-s00,Wall,322,322,20608,20608
native-expanded,057-Seed-Sodium-packed-32-baseline-w32-s00,Seed,512,512,44800,44800
native-expanded,057-Seed-Sodium-packed-32-baseline-w32-s00,Sodium,1024,1024,114176,114176
native-expanded,057-Seed-Sodium-packed-32-baseline-w32-s01,Wall,336,336,22680,22680
native-expanded,057-Seed-Sodium-packed-32-baseline-w32-s01,Seed,512,512,48384,48384
native-expanded,057-Seed-Sodium-packed-32-baseline-w32-s01,Sodium,1024,1024,121344,121344
native-expanded,057-Seed-Sodium-packed-32-baseline-w32-s02,Wall,350,350,24850,24850
native-expanded,057-Seed-Sodium-packed-32-baseline-w32-s02,Seed,512,512,51968,51968
native-expanded,057-Seed-Sodium-packed-32-baseline-w32-s02,Sodium,1024,1024,128512,128512
native-expanded,057-Seed-Sodium-packed-32-baseline-w32-s03,Wall,324,324,20898,20898
native-expanded,057-Seed-Sodium-packed-32-baseline-w32-s03,Seed,512,512,45312,45312
native-expanded,057-Seed-Sodium-packed-32-baseline-w32-s03,Sodium,1024,1024,115200,115200
native-expanded,057-Seed-Sodium-packed-32-baseline-w32-s04,Wall,338,338,22984,22984
native-expanded,057-Seed-Sodium-packed-32-baseline-w32-s04,Seed,512,512,48896,48896
native-expanded,057-Seed-Sodium-packed-32-baseline-w32-s04,Sodium,1024,1024,122368,122368
native-expanded,058-Seed-Gunpowder-packed-32-baseline-w32-s00,Wall,322,322,20608,20608
native-expanded,058-Seed-Gunpowder-packed-32-baseline-w32-s00,Seed,512,512,44800,44800
native-expanded,058-Seed-Gunpowder-packed-32-baseline-w32-s00,Gunpowder,1024,1024,114176,114176
native-expanded,058-Seed-Gunpowder-packed-32-baseline-w32-s01,Wall,336,336,22680,22680
native-expanded,058-Seed-Gunpowder-packed-32-baseline-w32-s01,Seed,512,512,48384,48384
native-expanded,058-Seed-Gunpowder-packed-32-baseline-w32-s01,Gunpowder,1024,1024,121344,121344
native-expanded,058-Seed-Gunpowder-packed-32-baseline-w32-s02,Wall,350,350,24850,24850
native-expanded,058-Seed-Gunpowder-packed-32-baseline-w32-s02,Seed,512,512,51968,51968
native-expanded,058-Seed-Gunpowder-packed-32-baseline-w32-s02,Gunpowder,1024,1024,128512,128512
native-expanded,058-Seed-Gunpowder-packed-32-baseline-w32-s03,Wall,324,324,20898,20898
native-expanded,058-Seed-Gunpowder-packed-32-baseline-w32-s03,Seed,512,512,45312,45312
native-expanded,058-Seed-Gunpowder-packed-32-baseline-w32-s03,Gunpowder,1024,1024,115200,115200
native-expanded,058-Seed-Gunpowder-packed-32-baseline-w32-s04,Wall,338,338,22984,22984
native-expanded,058-Seed-Gunpowder-packed-32-baseline-w32-s04,Seed,512,512,48896,48896
native-expanded,058-Seed-Gunpowder-packed-32-baseline-w32-s04,Gunpowder,1024,1024,122368,122368
native-expanded,059-Seed-Coal-packed-32-baseline-w32-s00,Wall,322,322,20608,20608
native-expanded,059-Seed-Coal-packed-32-baseline-w32-s00,Seed,512,512,44800,44800
native-expanded,059-Seed-Coal-packed-32-baseline-w32-s00,Coal,1024,1024,114176,114176
native-expanded,059-Seed-Coal-packed-32-baseline-w32-s01,Wall,336,336,22680,22680
native-expanded,059-Seed-Coal-packed-32-baseline-w32-s01,Seed,512,512,48384,48384
native-expanded,059-Seed-Coal-packed-32-baseline-w32-s01,Coal,1024,1024,121344,121344
native-expanded,059-Seed-Coal-packed-32-baseline-w32-s02,Wall,350,350,24850,24850
native-expanded,059-Seed-Coal-packed-32-baseline-w32-s02,Seed,512,512,51968,51968
native-expanded,059-Seed-Coal-packed-32-baseline-w32-s02,Coal,1024,1024,128512,128512
native-expanded,059-Seed-Coal-packed-32-baseline-w32-s03,Wall,324,324,20898,20898
native-expanded,059-Seed-Coal-packed-32-baseline-w32-s03,Seed,512,512,45312,45312
native-expanded,059-Seed-Coal-packed-32-baseline-w32-s03,Coal,1024,1024,115200,115200
native-expanded,059-Seed-Coal-packed-32-baseline-w32-s04,Wall,338,338,22984,22984
native-expanded,059-Seed-Coal-packed-32-baseline-w32-s04,Seed,512,512,48896,48896
native-expanded,059-Seed-Coal-packed-32-baseline-w32-s04,Coal,1024,1024,122368,122368
native-expanded,060-Seed-Rust-packed-32-baseline-w32-s00,Wall,322,322,20608,20608
native-expanded,060-Seed-Rust-packed-32-baseline-w32-s00,Seed,512,512,44800,44800
native-expanded,060-Seed-Rust-packed-32-baseline-w32-s00,Rust,1024,1024,114176,114176
native-expanded,060-Seed-Rust-packed-32-baseline-w32-s01,Wall,336,336,22680,22680
native-expanded,060-Seed-Rust-packed-32-baseline-w32-s01,Seed,512,512,48384,48384
native-expanded,060-Seed-Rust-packed-32-baseline-w32-s01,Rust,1024,1024,121344,121344
native-expanded,060-Seed-Rust-packed-32-baseline-w32-s02,Wall,350,350,24850,24850
native-expanded,060-Seed-Rust-packed-32-baseline-w32-s02,Seed,512,512,51968,51968
native-expanded,060-Seed-Rust-packed-32-baseline-w32-s02,Rust,1024,1024,128512,128512
native-expanded,060-Seed-Rust-packed-32-baseline-w32-s03,Wall,324,324,20898,20898
native-expanded,060-Seed-Rust-packed-32-baseline-w32-s03,Seed,512,512,45312,45312
native-expanded,060-Seed-Rust-packed-32-baseline-w32-s03,Rust,1024,1024,115200,115200
native-expanded,060-Seed-Rust-packed-32-baseline-w32-s04,Wall,338,338,22984,22984
native-expanded,060-Seed-Rust-packed-32-baseline-w32-s04,Seed,512,512,48896,48896
native-expanded,060-Seed-Rust-packed-32-baseline-w32-s04,Rust,1024,1024,122368,122368
native-expanded,061-Salt-Sand-packed-32-baseline-w32-s00,Wall,322,322,20608,20608
native-expanded,061-Salt-Sand-packed-32-baseline-w32-s00,Sand,1024,1024,114176,97792
native-expanded,061-Salt-Sand-packed-32-baseline-w32-s00,Salt,512,512,44800,61184
native-expanded,061-Salt-Sand-packed-32-baseline-w32-s01,Wall,336,336,22680,22680
native-expanded,061-Salt-Sand-packed-32-baseline-w32-s01,Sand,1024,1024,121344,104960
native-expanded,061-Salt-Sand-packed-32-baseline-w32-s01,Salt,512,512,48384,64768
native-expanded,061-Salt-Sand-packed-32-baseline-w32-s02,Wall,350,350,24850,24850
native-expanded,061-Salt-Sand-packed-32-baseline-w32-s02,Sand,1024,1024,128512,112128
native-expanded,061-Salt-Sand-packed-32-baseline-w32-s02,Salt,512,512,51968,68352
native-expanded,061-Salt-Sand-packed-32-baseline-w32-s03,Wall,324,324,20898,20898
native-expanded,061-Salt-Sand-packed-32-baseline-w32-s03,Sand,1024,1024,115200,98816
native-expanded,061-Salt-Sand-packed-32-baseline-w32-s03,Salt,512,512,45312,61696
native-expanded,061-Salt-Sand-packed-32-baseline-w32-s04,Wall,338,338,22984,22984
native-expanded,061-Salt-Sand-packed-32-baseline-w32-s04,Sand,1024,1024,122368,105984
native-expanded,061-Salt-Sand-packed-32-baseline-w32-s04,Salt,512,512,48896,65280
native-expanded,062-Salt-Stone-packed-32-baseline-w32-s00,Wall,322,322,20608,20608
native-expanded,062-Salt-Stone-packed-32-baseline-w32-s00,Stone,1024,1024,114176,114176
native-expanded,062-Salt-Stone-packed-32-baseline-w32-s00,Salt,512,512,44800,44800
native-expanded,062-Salt-Stone-packed-32-baseline-w32-s01,Wall,336,336,22680,22680
native-expanded,062-Salt-Stone-packed-32-baseline-w32-s01,Stone,1024,1024,121344,121344
native-expanded,062-Salt-Stone-packed-32-baseline-w32-s01,Salt,512,512,48384,48384
native-expanded,062-Salt-Stone-packed-32-baseline-w32-s02,Wall,350,350,24850,24850
native-expanded,062-Salt-Stone-packed-32-baseline-w32-s02,Stone,1024,1024,128512,128512
native-expanded,062-Salt-Stone-packed-32-baseline-w32-s02,Salt,512,512,51968,51968
native-expanded,062-Salt-Stone-packed-32-baseline-w32-s03,Wall,324,324,20898,20898
native-expanded,062-Salt-Stone-packed-32-baseline-w32-s03,Stone,1024,1024,115200,115200
native-expanded,062-Salt-Stone-packed-32-baseline-w32-s03,Salt,512,512,45312,45312
native-expanded,062-Salt-Stone-packed-32-baseline-w32-s04,Wall,338,338,22984,22984
native-expanded,062-Salt-Stone-packed-32-baseline-w32-s04,Stone,1024,1024,122368,122368
native-expanded,062-Salt-Stone-packed-32-baseline-w32-s04,Salt,512,512,48896,48896
native-expanded,063-Salt-Dust-packed-32-baseline-w32-s00,Wall,322,322,20608,20608
native-expanded,063-Salt-Dust-packed-32-baseline-w32-s00,Dust,1024,1024,114176,97792
native-expanded,063-Salt-Dust-packed-32-baseline-w32-s00,Salt,512,512,44800,61184
native-expanded,063-Salt-Dust-packed-32-baseline-w32-s01,Wall,336,336,22680,22680
native-expanded,063-Salt-Dust-packed-32-baseline-w32-s01,Dust,1024,1024,121344,104960
native-expanded,063-Salt-Dust-packed-32-baseline-w32-s01,Salt,512,512,48384,64768
native-expanded,063-Salt-Dust-packed-32-baseline-w32-s02,Wall,350,350,24850,24850
native-expanded,063-Salt-Dust-packed-32-baseline-w32-s02,Dust,1024,1024,128512,112128
native-expanded,063-Salt-Dust-packed-32-baseline-w32-s02,Salt,512,512,51968,68352
native-expanded,063-Salt-Dust-packed-32-baseline-w32-s03,Wall,324,324,20898,20898
native-expanded,063-Salt-Dust-packed-32-baseline-w32-s03,Dust,1024,1024,115200,98816
native-expanded,063-Salt-Dust-packed-32-baseline-w32-s03,Salt,512,512,45312,61696
native-expanded,063-Salt-Dust-packed-32-baseline-w32-s04,Wall,338,338,22984,22984
native-expanded,063-Salt-Dust-packed-32-baseline-w32-s04,Dust,1024,1024,122368,105984
native-expanded,063-Salt-Dust-packed-32-baseline-w32-s04,Salt,512,512,48896,65280
native-expanded,064-Salt-Seed-packed-32-baseline-w32-s00,Wall,322,322,20608,20608
native-expanded,064-Salt-Seed-packed-32-baseline-w32-s00,Seed,1024,1024,114176,97792
native-expanded,064-Salt-Seed-packed-32-baseline-w32-s00,Salt,512,512,44800,61184
native-expanded,064-Salt-Seed-packed-32-baseline-w32-s01,Wall,336,336,22680,22680
native-expanded,064-Salt-Seed-packed-32-baseline-w32-s01,Seed,1024,1024,121344,104960
native-expanded,064-Salt-Seed-packed-32-baseline-w32-s01,Salt,512,512,48384,64768
native-expanded,064-Salt-Seed-packed-32-baseline-w32-s02,Wall,350,350,24850,24850
native-expanded,064-Salt-Seed-packed-32-baseline-w32-s02,Seed,1024,1024,128512,112128
native-expanded,064-Salt-Seed-packed-32-baseline-w32-s02,Salt,512,512,51968,68352
native-expanded,064-Salt-Seed-packed-32-baseline-w32-s03,Wall,324,324,20898,20898
native-expanded,064-Salt-Seed-packed-32-baseline-w32-s03,Seed,1024,1024,115200,98816
native-expanded,064-Salt-Seed-packed-32-baseline-w32-s03,Salt,512,512,45312,61696
native-expanded,064-Salt-Seed-packed-32-baseline-w32-s04,Wall,338,338,22984,22984
native-expanded,064-Salt-Seed-packed-32-baseline-w32-s04,Seed,1024,1024,122368,105984
native-expanded,064-Salt-Seed-packed-32-baseline-w32-s04,Salt,512,512,48896,65280
native-expanded,065-Salt-Sodium-packed-32-baseline-w32-s00,Wall,322,322,20608,20608
native-expanded,065-Salt-Sodium-packed-32-baseline-w32-s00,Salt,512,512,44800,61184
native-expanded,065-Salt-Sodium-packed-32-baseline-w32-s00,Sodium,1024,1024,114176,97792
native-expanded,065-Salt-Sodium-packed-32-baseline-w32-s01,Wall,336,336,22680,22680
native-expanded,065-Salt-Sodium-packed-32-baseline-w32-s01,Salt,512,512,48384,64768
native-expanded,065-Salt-Sodium-packed-32-baseline-w32-s01,Sodium,1024,1024,121344,104960
native-expanded,065-Salt-Sodium-packed-32-baseline-w32-s02,Wall,350,350,24850,24850
native-expanded,065-Salt-Sodium-packed-32-baseline-w32-s02,Salt,512,512,51968,68352
native-expanded,065-Salt-Sodium-packed-32-baseline-w32-s02,Sodium,1024,1024,128512,112128
native-expanded,065-Salt-Sodium-packed-32-baseline-w32-s03,Wall,324,324,20898,20898
native-expanded,065-Salt-Sodium-packed-32-baseline-w32-s03,Salt,512,512,45312,61696
native-expanded,065-Salt-Sodium-packed-32-baseline-w32-s03,Sodium,1024,1024,115200,98816
native-expanded,065-Salt-Sodium-packed-32-baseline-w32-s04,Wall,338,338,22984,22984
native-expanded,065-Salt-Sodium-packed-32-baseline-w32-s04,Salt,512,512,48896,65280
native-expanded,065-Salt-Sodium-packed-32-baseline-w32-s04,Sodium,1024,1024,122368,105984
native-expanded,066-Salt-Gunpowder-packed-32-baseline-w32-s00,Wall,322,322,20608,20608
native-expanded,066-Salt-Gunpowder-packed-32-baseline-w32-s00,Salt,512,512,44800,61184
native-expanded,066-Salt-Gunpowder-packed-32-baseline-w32-s00,Gunpowder,1024,1024,114176,97792
native-expanded,066-Salt-Gunpowder-packed-32-baseline-w32-s01,Wall,336,336,22680,22680
native-expanded,066-Salt-Gunpowder-packed-32-baseline-w32-s01,Salt,512,512,48384,64768
native-expanded,066-Salt-Gunpowder-packed-32-baseline-w32-s01,Gunpowder,1024,1024,121344,104960
native-expanded,066-Salt-Gunpowder-packed-32-baseline-w32-s02,Wall,350,350,24850,24850
native-expanded,066-Salt-Gunpowder-packed-32-baseline-w32-s02,Salt,512,512,51968,68352
native-expanded,066-Salt-Gunpowder-packed-32-baseline-w32-s02,Gunpowder,1024,1024,128512,112128
native-expanded,066-Salt-Gunpowder-packed-32-baseline-w32-s03,Wall,324,324,20898,20898
native-expanded,066-Salt-Gunpowder-packed-32-baseline-w32-s03,Salt,512,512,45312,61696
native-expanded,066-Salt-Gunpowder-packed-32-baseline-w32-s03,Gunpowder,1024,1024,115200,98816
native-expanded,066-Salt-Gunpowder-packed-32-baseline-w32-s04,Wall,338,338,22984,22984
native-expanded,066-Salt-Gunpowder-packed-32-baseline-w32-s04,Salt,512,512,48896,65280
native-expanded,066-Salt-Gunpowder-packed-32-baseline-w32-s04,Gunpowder,1024,1024,122368,105984
native-expanded,067-Salt-Coal-packed-32-baseline-w32-s00,Wall,322,322,20608,20608
native-expanded,067-Salt-Coal-packed-32-baseline-w32-s00,Salt,512,512,44800,61184
native-expanded,067-Salt-Coal-packed-32-baseline-w32-s00,Coal,1024,1024,114176,97792
native-expanded,067-Salt-Coal-packed-32-baseline-w32-s01,Wall,336,336,22680,22680
native-expanded,067-Salt-Coal-packed-32-baseline-w32-s01,Salt,512,512,48384,64768
native-expanded,067-Salt-Coal-packed-32-baseline-w32-s01,Coal,1024,1024,121344,104960
native-expanded,067-Salt-Coal-packed-32-baseline-w32-s02,Wall,350,350,24850,24850
native-expanded,067-Salt-Coal-packed-32-baseline-w32-s02,Salt,512,512,51968,68352
native-expanded,067-Salt-Coal-packed-32-baseline-w32-s02,Coal,1024,1024,128512,112128
native-expanded,067-Salt-Coal-packed-32-baseline-w32-s03,Wall,324,324,20898,20898
native-expanded,067-Salt-Coal-packed-32-baseline-w32-s03,Salt,512,512,45312,61696
native-expanded,067-Salt-Coal-packed-32-baseline-w32-s03,Coal,1024,1024,115200,98816
native-expanded,067-Salt-Coal-packed-32-baseline-w32-s04,Wall,338,338,22984,22984
native-expanded,067-Salt-Coal-packed-32-baseline-w32-s04,Salt,512,512,48896,65280
native-expanded,067-Salt-Coal-packed-32-baseline-w32-s04,Coal,1024,1024,122368,105984
native-expanded,068-Salt-Rust-packed-32-baseline-w32-s00,Wall,322,322,20608,20608
native-expanded,068-Salt-Rust-packed-32-baseline-w32-s00,Salt,512,512,44800,44800
native-expanded,068-Salt-Rust-packed-32-baseline-w32-s00,Rust,1024,1024,114176,114176
native-expanded,068-Salt-Rust-packed-32-baseline-w32-s01,Wall,336,336,22680,22680
native-expanded,068-Salt-Rust-packed-32-baseline-w32-s01,Salt,512,512,48384,48384
native-expanded,068-Salt-Rust-packed-32-baseline-w32-s01,Rust,1024,1024,121344,121344
native-expanded,068-Salt-Rust-packed-32-baseline-w32-s02,Wall,350,350,24850,24850
native-expanded,068-Salt-Rust-packed-32-baseline-w32-s02,Salt,512,512,51968,51968
native-expanded,068-Salt-Rust-packed-32-baseline-w32-s02,Rust,1024,1024,128512,128512
native-expanded,068-Salt-Rust-packed-32-baseline-w32-s03,Wall,324,324,20898,20898
native-expanded,068-Salt-Rust-packed-32-baseline-w32-s03,Salt,512,512,45312,45312
native-expanded,068-Salt-Rust-packed-32-baseline-w32-s03,Rust,1024,1024,115200,115200
native-expanded,068-Salt-Rust-packed-32-baseline-w32-s04,Wall,338,338,22984,22984
native-expanded,068-Salt-Rust-packed-32-baseline-w32-s04,Salt,512,512,48896,48896
native-expanded,068-Salt-Rust-packed-32-baseline-w32-s04,Rust,1024,1024,122368,122368
native-expanded,069-Sodium-Sand-packed-32-baseline-w32-s00,Wall,322,322,20608,20608
native-expanded,069-Sodium-Sand-packed-32-baseline-w32-s00,Sand,1024,1024,114176,114176
native-expanded,069-Sodium-Sand-packed-32-baseline-w32-s00,Sodium,512,512,44800,44800
native-expanded,069-Sodium-Sand-packed-32-baseline-w32-s01,Wall,336,336,22680,22680
native-expanded,069-Sodium-Sand-packed-32-baseline-w32-s01,Sand,1024,1024,121344,121344
native-expanded,069-Sodium-Sand-packed-32-baseline-w32-s01,Sodium,512,512,48384,48384
native-expanded,069-Sodium-Sand-packed-32-baseline-w32-s02,Wall,350,350,24850,24850
native-expanded,069-Sodium-Sand-packed-32-baseline-w32-s02,Sand,1024,1024,128512,128512
native-expanded,069-Sodium-Sand-packed-32-baseline-w32-s02,Sodium,512,512,51968,51968
native-expanded,069-Sodium-Sand-packed-32-baseline-w32-s03,Wall,324,324,20898,20898
native-expanded,069-Sodium-Sand-packed-32-baseline-w32-s03,Sand,1024,1024,115200,115200
native-expanded,069-Sodium-Sand-packed-32-baseline-w32-s03,Sodium,512,512,45312,45312
native-expanded,069-Sodium-Sand-packed-32-baseline-w32-s04,Wall,338,338,22984,22984
native-expanded,069-Sodium-Sand-packed-32-baseline-w32-s04,Sand,1024,1024,122368,122368
native-expanded,069-Sodium-Sand-packed-32-baseline-w32-s04,Sodium,512,512,48896,48896
native-expanded,070-Sodium-Stone-packed-32-baseline-w32-s00,Wall,322,322,20608,20608
native-expanded,070-Sodium-Stone-packed-32-baseline-w32-s00,Stone,1024,1024,114176,114176
native-expanded,070-Sodium-Stone-packed-32-baseline-w32-s00,Sodium,512,512,44800,44800
native-expanded,070-Sodium-Stone-packed-32-baseline-w32-s01,Wall,336,336,22680,22680
native-expanded,070-Sodium-Stone-packed-32-baseline-w32-s01,Stone,1024,1024,121344,121344
native-expanded,070-Sodium-Stone-packed-32-baseline-w32-s01,Sodium,512,512,48384,48384
native-expanded,070-Sodium-Stone-packed-32-baseline-w32-s02,Wall,350,350,24850,24850
native-expanded,070-Sodium-Stone-packed-32-baseline-w32-s02,Stone,1024,1024,128512,128512
native-expanded,070-Sodium-Stone-packed-32-baseline-w32-s02,Sodium,512,512,51968,51968
native-expanded,070-Sodium-Stone-packed-32-baseline-w32-s03,Wall,324,324,20898,20898
native-expanded,070-Sodium-Stone-packed-32-baseline-w32-s03,Stone,1024,1024,115200,115200
native-expanded,070-Sodium-Stone-packed-32-baseline-w32-s03,Sodium,512,512,45312,45312
native-expanded,070-Sodium-Stone-packed-32-baseline-w32-s04,Wall,338,338,22984,22984
native-expanded,070-Sodium-Stone-packed-32-baseline-w32-s04,Stone,1024,1024,122368,122368
native-expanded,070-Sodium-Stone-packed-32-baseline-w32-s04,Sodium,512,512,48896,48896
native-expanded,071-Sodium-Dust-packed-32-baseline-w32-s00,Wall,322,322,20608,20608
native-expanded,071-Sodium-Dust-packed-32-baseline-w32-s00,Dust,1024,1024,114176,97792
native-expanded,071-Sodium-Dust-packed-32-baseline-w32-s00,Sodium,512,512,44800,61184
native-expanded,071-Sodium-Dust-packed-32-baseline-w32-s01,Wall,336,336,22680,22680
native-expanded,071-Sodium-Dust-packed-32-baseline-w32-s01,Dust,1024,1024,121344,104960
native-expanded,071-Sodium-Dust-packed-32-baseline-w32-s01,Sodium,512,512,48384,64768
native-expanded,071-Sodium-Dust-packed-32-baseline-w32-s02,Wall,350,350,24850,24850
native-expanded,071-Sodium-Dust-packed-32-baseline-w32-s02,Dust,1024,1024,128512,112128
native-expanded,071-Sodium-Dust-packed-32-baseline-w32-s02,Sodium,512,512,51968,68352
native-expanded,071-Sodium-Dust-packed-32-baseline-w32-s03,Wall,324,324,20898,20898
native-expanded,071-Sodium-Dust-packed-32-baseline-w32-s03,Dust,1024,1024,115200,98816
native-expanded,071-Sodium-Dust-packed-32-baseline-w32-s03,Sodium,512,512,45312,61696
native-expanded,071-Sodium-Dust-packed-32-baseline-w32-s04,Wall,338,338,22984,22984
native-expanded,071-Sodium-Dust-packed-32-baseline-w32-s04,Dust,1024,1024,122368,105984
native-expanded,071-Sodium-Dust-packed-32-baseline-w32-s04,Sodium,512,512,48896,65280
native-expanded,072-Sodium-Seed-packed-32-baseline-w32-s00,Wall,322,322,20608,20608
native-expanded,072-Sodium-Seed-packed-32-baseline-w32-s00,Seed,1024,1024,114176,97792
native-expanded,072-Sodium-Seed-packed-32-baseline-w32-s00,Sodium,512,512,44800,61184
native-expanded,072-Sodium-Seed-packed-32-baseline-w32-s01,Wall,336,336,22680,22680
native-expanded,072-Sodium-Seed-packed-32-baseline-w32-s01,Seed,1024,1024,121344,104960
native-expanded,072-Sodium-Seed-packed-32-baseline-w32-s01,Sodium,512,512,48384,64768
native-expanded,072-Sodium-Seed-packed-32-baseline-w32-s02,Wall,350,350,24850,24850
native-expanded,072-Sodium-Seed-packed-32-baseline-w32-s02,Seed,1024,1024,128512,112128
native-expanded,072-Sodium-Seed-packed-32-baseline-w32-s02,Sodium,512,512,51968,68352
native-expanded,072-Sodium-Seed-packed-32-baseline-w32-s03,Wall,324,324,20898,20898
native-expanded,072-Sodium-Seed-packed-32-baseline-w32-s03,Seed,1024,1024,115200,98816
native-expanded,072-Sodium-Seed-packed-32-baseline-w32-s03,Sodium,512,512,45312,61696
native-expanded,072-Sodium-Seed-packed-32-baseline-w32-s04,Wall,338,338,22984,22984
native-expanded,072-Sodium-Seed-packed-32-baseline-w32-s04,Seed,1024,1024,122368,105984
native-expanded,072-Sodium-Seed-packed-32-baseline-w32-s04,Sodium,512,512,48896,65280
native-expanded,073-Sodium-Salt-packed-32-baseline-w32-s00,Wall,322,322,20608,20608
native-expanded,073-Sodium-Salt-packed-32-baseline-w32-s00,Salt,1024,1024,114176,114176
native-expanded,073-Sodium-Salt-packed-32-baseline-w32-s00,Sodium,512,512,44800,44800
native-expanded,073-Sodium-Salt-packed-32-baseline-w32-s01,Wall,336,336,22680,22680
native-expanded,073-Sodium-Salt-packed-32-baseline-w32-s01,Salt,1024,1024,121344,121344
native-expanded,073-Sodium-Salt-packed-32-baseline-w32-s01,Sodium,512,512,48384,48384
native-expanded,073-Sodium-Salt-packed-32-baseline-w32-s02,Wall,350,350,24850,24850
native-expanded,073-Sodium-Salt-packed-32-baseline-w32-s02,Salt,1024,1024,128512,128512
native-expanded,073-Sodium-Salt-packed-32-baseline-w32-s02,Sodium,512,512,51968,51968
native-expanded,073-Sodium-Salt-packed-32-baseline-w32-s03,Wall,324,324,20898,20898
native-expanded,073-Sodium-Salt-packed-32-baseline-w32-s03,Salt,1024,1024,115200,115200
native-expanded,073-Sodium-Salt-packed-32-baseline-w32-s03,Sodium,512,512,45312,45312
native-expanded,073-Sodium-Salt-packed-32-baseline-w32-s04,Wall,338,338,22984,22984
native-expanded,073-Sodium-Salt-packed-32-baseline-w32-s04,Salt,1024,1024,122368,122368
native-expanded,073-Sodium-Salt-packed-32-baseline-w32-s04,Sodium,512,512,48896,48896
native-expanded,074-Sodium-Gunpowder-packed-32-baseline-w32-s00,Wall,322,322,20608,20608
native-expanded,074-Sodium-Gunpowder-packed-32-baseline-w32-s00,Sodium,512,512,44800,44800
native-expanded,074-Sodium-Gunpowder-packed-32-baseline-w32-s00,Gunpowder,1024,1024,114176,114176
native-expanded,074-Sodium-Gunpowder-packed-32-baseline-w32-s01,Wall,336,336,22680,22680
native-expanded,074-Sodium-Gunpowder-packed-32-baseline-w32-s01,Sodium,512,512,48384,48384
native-expanded,074-Sodium-Gunpowder-packed-32-baseline-w32-s01,Gunpowder,1024,1024,121344,121344
native-expanded,074-Sodium-Gunpowder-packed-32-baseline-w32-s02,Wall,350,350,24850,24850
native-expanded,074-Sodium-Gunpowder-packed-32-baseline-w32-s02,Sodium,512,512,51968,51968
native-expanded,074-Sodium-Gunpowder-packed-32-baseline-w32-s02,Gunpowder,1024,1024,128512,128512
native-expanded,074-Sodium-Gunpowder-packed-32-baseline-w32-s03,Wall,324,324,20898,20898
native-expanded,074-Sodium-Gunpowder-packed-32-baseline-w32-s03,Sodium,512,512,45312,45312
native-expanded,074-Sodium-Gunpowder-packed-32-baseline-w32-s03,Gunpowder,1024,1024,115200,115200
native-expanded,074-Sodium-Gunpowder-packed-32-baseline-w32-s04,Wall,338,338,22984,22984
native-expanded,074-Sodium-Gunpowder-packed-32-baseline-w32-s04,Sodium,512,512,48896,48896
native-expanded,074-Sodium-Gunpowder-packed-32-baseline-w32-s04,Gunpowder,1024,1024,122368,122368
native-expanded,075-Sodium-Coal-packed-32-baseline-w32-s00,Wall,322,322,20608,20608
native-expanded,075-Sodium-Coal-packed-32-baseline-w32-s00,Sodium,512,512,44800,44800
native-expanded,075-Sodium-Coal-packed-32-baseline-w32-s00,Coal,1024,1024,114176,114176
native-expanded,075-Sodium-Coal-packed-32-baseline-w32-s01,Wall,336,336,22680,22680
native-expanded,075-Sodium-Coal-packed-32-baseline-w32-s01,Sodium,512,512,48384,48384
native-expanded,075-Sodium-Coal-packed-32-baseline-w32-s01,Coal,1024,1024,121344,121344
native-expanded,075-Sodium-Coal-packed-32-baseline-w32-s02,Wall,350,350,24850,24850
native-expanded,075-Sodium-Coal-packed-32-baseline-w32-s02,Sodium,512,512,51968,51968
native-expanded,075-Sodium-Coal-packed-32-baseline-w32-s02,Coal,1024,1024,128512,128512
native-expanded,075-Sodium-Coal-packed-32-baseline-w32-s03,Wall,324,324,20898,20898
native-expanded,075-Sodium-Coal-packed-32-baseline-w32-s03,Sodium,512,512,45312,45312
native-expanded,075-Sodium-Coal-packed-32-baseline-w32-s03,Coal,1024,1024,115200,115200
native-expanded,075-Sodium-Coal-packed-32-baseline-w32-s04,Wall,338,338,22984,22984
native-expanded,075-Sodium-Coal-packed-32-baseline-w32-s04,Sodium,512,512,48896,48896
native-expanded,075-Sodium-Coal-packed-32-baseline-w32-s04,Coal,1024,1024,122368,122368
native-expanded,076-Sodium-Rust-packed-32-baseline-w32-s00,Wall,322,322,20608,20608
native-expanded,076-Sodium-Rust-packed-32-baseline-w32-s00,Sodium,512,512,44800,44800
native-expanded,076-Sodium-Rust-packed-32-baseline-w32-s00,Rust,1024,1024,114176,114176
native-expanded,076-Sodium-Rust-packed-32-baseline-w32-s01,Wall,336,336,22680,22680
native-expanded,076-Sodium-Rust-packed-32-baseline-w32-s01,Sodium,512,512,48384,48384
native-expanded,076-Sodium-Rust-packed-32-baseline-w32-s01,Rust,1024,1024,121344,121344
native-expanded,076-Sodium-Rust-packed-32-baseline-w32-s02,Wall,350,350,24850,24850
native-expanded,076-Sodium-Rust-packed-32-baseline-w32-s02,Sodium,512,512,51968,51968
native-expanded,076-Sodium-Rust-packed-32-baseline-w32-s02,Rust,1024,1024,128512,128512
native-expanded,076-Sodium-Rust-packed-32-baseline-w32-s03,Wall,324,324,20898,20898
native-expanded,076-Sodium-Rust-packed-32-baseline-w32-s03,Sodium,512,512,45312,45312
native-expanded,076-Sodium-Rust-packed-32-baseline-w32-s03,Rust,1024,1024,115200,115200
native-expanded,076-Sodium-Rust-packed-32-baseline-w32-s04,Wall,338,338,22984,22984
native-expanded,076-Sodium-Rust-packed-32-baseline-w32-s04,Sodium,512,512,48896,48896
native-expanded,076-Sodium-Rust-packed-32-baseline-w32-s04,Rust,1024,1024,122368,122368
native-expanded,077-Gunpowder-Sand-packed-32-baseline-w32-s00,Wall,322,322,20608,20608
native-expanded,077-Gunpowder-Sand-packed-32-baseline-w32-s00,Sand,1024,1024,114176,97792
native-expanded,077-Gunpowder-Sand-packed-32-baseline-w32-s00,Gunpowder,512,512,44800,61184
native-expanded,077-Gunpowder-Sand-packed-32-baseline-w32-s01,Wall,336,336,22680,22680
native-expanded,077-Gunpowder-Sand-packed-32-baseline-w32-s01,Sand,1024,1024,121344,104960
native-expanded,077-Gunpowder-Sand-packed-32-baseline-w32-s01,Gunpowder,512,512,48384,64768
native-expanded,077-Gunpowder-Sand-packed-32-baseline-w32-s02,Wall,350,350,24850,24850
native-expanded,077-Gunpowder-Sand-packed-32-baseline-w32-s02,Sand,1024,1024,128512,112128
native-expanded,077-Gunpowder-Sand-packed-32-baseline-w32-s02,Gunpowder,512,512,51968,68352
native-expanded,077-Gunpowder-Sand-packed-32-baseline-w32-s03,Wall,324,324,20898,20898
native-expanded,077-Gunpowder-Sand-packed-32-baseline-w32-s03,Sand,1024,1024,115200,98816
native-expanded,077-Gunpowder-Sand-packed-32-baseline-w32-s03,Gunpowder,512,512,45312,61696
native-expanded,077-Gunpowder-Sand-packed-32-baseline-w32-s04,Wall,338,338,22984,22984
native-expanded,077-Gunpowder-Sand-packed-32-baseline-w32-s04,Sand,1024,1024,122368,105984
native-expanded,077-Gunpowder-Sand-packed-32-baseline-w32-s04,Gunpowder,512,512,48896,65280
native-expanded,078-Gunpowder-Stone-packed-32-baseline-w32-s00,Wall,322,322,20608,20608
native-expanded,078-Gunpowder-Stone-packed-32-baseline-w32-s00,Stone,1024,1024,114176,114176
native-expanded,078-Gunpowder-Stone-packed-32-baseline-w32-s00,Gunpowder,512,512,44800,44800
native-expanded,078-Gunpowder-Stone-packed-32-baseline-w32-s01,Wall,336,336,22680,22680
native-expanded,078-Gunpowder-Stone-packed-32-baseline-w32-s01,Stone,1024,1024,121344,121344
native-expanded,078-Gunpowder-Stone-packed-32-baseline-w32-s01,Gunpowder,512,512,48384,48384
native-expanded,078-Gunpowder-Stone-packed-32-baseline-w32-s02,Wall,350,350,24850,24850
native-expanded,078-Gunpowder-Stone-packed-32-baseline-w32-s02,Stone,1024,1024,128512,128512
native-expanded,078-Gunpowder-Stone-packed-32-baseline-w32-s02,Gunpowder,512,512,51968,51968
native-expanded,078-Gunpowder-Stone-packed-32-baseline-w32-s03,Wall,324,324,20898,20898
native-expanded,078-Gunpowder-Stone-packed-32-baseline-w32-s03,Stone,1024,1024,115200,115200
native-expanded,078-Gunpowder-Stone-packed-32-baseline-w32-s03,Gunpowder,512,512,45312,45312
native-expanded,078-Gunpowder-Stone-packed-32-baseline-w32-s04,Wall,338,338,22984,22984
native-expanded,078-Gunpowder-Stone-packed-32-baseline-w32-s04,Stone,1024,1024,122368,122368
native-expanded,078-Gunpowder-Stone-packed-32-baseline-w32-s04,Gunpowder,512,512,48896,48896
native-expanded,079-Gunpowder-Dust-packed-32-baseline-w32-s00,Wall,322,322,20608,20608
native-expanded,079-Gunpowder-Dust-packed-32-baseline-w32-s00,Dust,1024,1024,114176,97792
native-expanded,079-Gunpowder-Dust-packed-32-baseline-w32-s00,Gunpowder,512,512,44800,61184
native-expanded,079-Gunpowder-Dust-packed-32-baseline-w32-s01,Wall,336,336,22680,22680
native-expanded,079-Gunpowder-Dust-packed-32-baseline-w32-s01,Dust,1024,1024,121344,104960
native-expanded,079-Gunpowder-Dust-packed-32-baseline-w32-s01,Gunpowder,512,512,48384,64768
native-expanded,079-Gunpowder-Dust-packed-32-baseline-w32-s02,Wall,350,350,24850,24850
native-expanded,079-Gunpowder-Dust-packed-32-baseline-w32-s02,Dust,1024,1024,128512,112128
native-expanded,079-Gunpowder-Dust-packed-32-baseline-w32-s02,Gunpowder,512,512,51968,68352
native-expanded,079-Gunpowder-Dust-packed-32-baseline-w32-s03,Wall,324,324,20898,20898
native-expanded,079-Gunpowder-Dust-packed-32-baseline-w32-s03,Dust,1024,1024,115200,98816
native-expanded,079-Gunpowder-Dust-packed-32-baseline-w32-s03,Gunpowder,512,512,45312,61696
native-expanded,079-Gunpowder-Dust-packed-32-baseline-w32-s04,Wall,338,338,22984,22984
native-expanded,079-Gunpowder-Dust-packed-32-baseline-w32-s04,Dust,1024,1024,122368,105984
native-expanded,079-Gunpowder-Dust-packed-32-baseline-w32-s04,Gunpowder,512,512,48896,65280
native-expanded,080-Gunpowder-Seed-packed-32-baseline-w32-s00,Wall,322,322,20608,20608
native-expanded,080-Gunpowder-Seed-packed-32-baseline-w32-s00,Seed,1024,1024,114176,97792
native-expanded,080-Gunpowder-Seed-packed-32-baseline-w32-s00,Gunpowder,512,512,44800,61184
native-expanded,080-Gunpowder-Seed-packed-32-baseline-w32-s01,Wall,336,336,22680,22680
native-expanded,080-Gunpowder-Seed-packed-32-baseline-w32-s01,Seed,1024,1024,121344,104960
native-expanded,080-Gunpowder-Seed-packed-32-baseline-w32-s01,Gunpowder,512,512,48384,64768
native-expanded,080-Gunpowder-Seed-packed-32-baseline-w32-s02,Wall,350,350,24850,24850
native-expanded,080-Gunpowder-Seed-packed-32-baseline-w32-s02,Seed,1024,1024,128512,112128
native-expanded,080-Gunpowder-Seed-packed-32-baseline-w32-s02,Gunpowder,512,512,51968,68352
native-expanded,080-Gunpowder-Seed-packed-32-baseline-w32-s03,Wall,324,324,20898,20898
native-expanded,080-Gunpowder-Seed-packed-32-baseline-w32-s03,Seed,1024,1024,115200,98816
native-expanded,080-Gunpowder-Seed-packed-32-baseline-w32-s03,Gunpowder,512,512,45312,61696
native-expanded,080-Gunpowder-Seed-packed-32-baseline-w32-s04,Wall,338,338,22984,22984
native-expanded,080-Gunpowder-Seed-packed-32-baseline-w32-s04,Seed,1024,1024,122368,105984
native-expanded,080-Gunpowder-Seed-packed-32-baseline-w32-s04,Gunpowder,512,512,48896,65280
native-expanded,081-Gunpowder-Salt-packed-32-baseline-w32-s00,Wall,322,322,20608,20608
native-expanded,081-Gunpowder-Salt-packed-32-baseline-w32-s00,Salt,1024,1024,114176,114176
native-expanded,081-Gunpowder-Salt-packed-32-baseline-w32-s00,Gunpowder,512,512,44800,44800
native-expanded,081-Gunpowder-Salt-packed-32-baseline-w32-s01,Wall,336,336,22680,22680
native-expanded,081-Gunpowder-Salt-packed-32-baseline-w32-s01,Salt,1024,1024,121344,121344
native-expanded,081-Gunpowder-Salt-packed-32-baseline-w32-s01,Gunpowder,512,512,48384,48384
native-expanded,081-Gunpowder-Salt-packed-32-baseline-w32-s02,Wall,350,350,24850,24850
native-expanded,081-Gunpowder-Salt-packed-32-baseline-w32-s02,Salt,1024,1024,128512,128512
native-expanded,081-Gunpowder-Salt-packed-32-baseline-w32-s02,Gunpowder,512,512,51968,51968
native-expanded,081-Gunpowder-Salt-packed-32-baseline-w32-s03,Wall,324,324,20898,20898
native-expanded,081-Gunpowder-Salt-packed-32-baseline-w32-s03,Salt,1024,1024,115200,115200
native-expanded,081-Gunpowder-Salt-packed-32-baseline-w32-s03,Gunpowder,512,512,45312,45312
native-expanded,081-Gunpowder-Salt-packed-32-baseline-w32-s04,Wall,338,338,22984,22984
native-expanded,081-Gunpowder-Salt-packed-32-baseline-w32-s04,Salt,1024,1024,122368,122368
native-expanded,081-Gunpowder-Salt-packed-32-baseline-w32-s04,Gunpowder,512,512,48896,48896
native-expanded,082-Gunpowder-Sodium-packed-32-baseline-w32-s00,Wall,322,322,20608,20608
native-expanded,082-Gunpowder-Sodium-packed-32-baseline-w32-s00,Sodium,1024,1024,114176,97792
native-expanded,082-Gunpowder-Sodium-packed-32-baseline-w32-s00,Gunpowder,512,512,44800,61184
native-expanded,082-Gunpowder-Sodium-packed-32-baseline-w32-s01,Wall,336,336,22680,22680
native-expanded,082-Gunpowder-Sodium-packed-32-baseline-w32-s01,Sodium,1024,1024,121344,104960
native-expanded,082-Gunpowder-Sodium-packed-32-baseline-w32-s01,Gunpowder,512,512,48384,64768
native-expanded,082-Gunpowder-Sodium-packed-32-baseline-w32-s02,Wall,350,350,24850,24850
native-expanded,082-Gunpowder-Sodium-packed-32-baseline-w32-s02,Sodium,1024,1024,128512,112128
native-expanded,082-Gunpowder-Sodium-packed-32-baseline-w32-s02,Gunpowder,512,512,51968,68352
native-expanded,082-Gunpowder-Sodium-packed-32-baseline-w32-s03,Wall,324,324,20898,20898
native-expanded,082-Gunpowder-Sodium-packed-32-baseline-w32-s03,Sodium,1024,1024,115200,98816
native-expanded,082-Gunpowder-Sodium-packed-32-baseline-w32-s03,Gunpowder,512,512,45312,61696
native-expanded,082-Gunpowder-Sodium-packed-32-baseline-w32-s04,Wall,338,338,22984,22984
native-expanded,082-Gunpowder-Sodium-packed-32-baseline-w32-s04,Sodium,1024,1024,122368,105984
native-expanded,082-Gunpowder-Sodium-packed-32-baseline-w32-s04,Gunpowder,512,512,48896,65280
native-expanded,083-Gunpowder-Coal-packed-32-baseline-w32-s00,Wall,322,322,20608,20608
native-expanded,083-Gunpowder-Coal-packed-32-baseline-w32-s00,Gunpowder,512,512,44800,61184
native-expanded,083-Gunpowder-Coal-packed-32-baseline-w32-s00,Coal,1024,1024,114176,97792
native-expanded,083-Gunpowder-Coal-packed-32-baseline-w32-s01,Wall,336,336,22680,22680
native-expanded,083-Gunpowder-Coal-packed-32-baseline-w32-s01,Gunpowder,512,512,48384,64768
native-expanded,083-Gunpowder-Coal-packed-32-baseline-w32-s01,Coal,1024,1024,121344,104960
native-expanded,083-Gunpowder-Coal-packed-32-baseline-w32-s02,Wall,350,350,24850,24850
native-expanded,083-Gunpowder-Coal-packed-32-baseline-w32-s02,Gunpowder,512,512,51968,68352
native-expanded,083-Gunpowder-Coal-packed-32-baseline-w32-s02,Coal,1024,1024,128512,112128
native-expanded,083-Gunpowder-Coal-packed-32-baseline-w32-s03,Wall,324,324,20898,20898
native-expanded,083-Gunpowder-Coal-packed-32-baseline-w32-s03,Gunpowder,512,512,45312,61696
native-expanded,083-Gunpowder-Coal-packed-32-baseline-w32-s03,Coal,1024,1024,115200,98816
native-expanded,083-Gunpowder-Coal-packed-32-baseline-w32-s04,Wall,338,338,22984,22984
native-expanded,083-Gunpowder-Coal-packed-32-baseline-w32-s04,Gunpowder,512,512,48896,65280
native-expanded,083-Gunpowder-Coal-packed-32-baseline-w32-s04,Coal,1024,1024,122368,105984
native-expanded,084-Gunpowder-Rust-packed-32-baseline-w32-s00,Wall,322,322,20608,20608
native-expanded,084-Gunpowder-Rust-packed-32-baseline-w32-s00,Gunpowder,512,512,44800,44800
native-expanded,084-Gunpowder-Rust-packed-32-baseline-w32-s00,Rust,1024,1024,114176,114176
native-expanded,084-Gunpowder-Rust-packed-32-baseline-w32-s01,Wall,336,336,22680,22680
native-expanded,084-Gunpowder-Rust-packed-32-baseline-w32-s01,Gunpowder,512,512,48384,48384
native-expanded,084-Gunpowder-Rust-packed-32-baseline-w32-s01,Rust,1024,1024,121344,121344
native-expanded,084-Gunpowder-Rust-packed-32-baseline-w32-s02,Wall,350,350,24850,24850
native-expanded,084-Gunpowder-Rust-packed-32-baseline-w32-s02,Gunpowder,512,512,51968,51968
native-expanded,084-Gunpowder-Rust-packed-32-baseline-w32-s02,Rust,1024,1024,128512,128512
native-expanded,084-Gunpowder-Rust-packed-32-baseline-w32-s03,Wall,324,324,20898,20898
native-expanded,084-Gunpowder-Rust-packed-32-baseline-w32-s03,Gunpowder,512,512,45312,45312
native-expanded,084-Gunpowder-Rust-packed-32-baseline-w32-s03,Rust,1024,1024,115200,115200
native-expanded,084-Gunpowder-Rust-packed-32-baseline-w32-s04,Wall,338,338,22984,22984
native-expanded,084-Gunpowder-Rust-packed-32-baseline-w32-s04,Gunpowder,512,512,48896,48896
native-expanded,084-Gunpowder-Rust-packed-32-baseline-w32-s04,Rust,1024,1024,122368,122368
native-expanded,085-Coal-Sand-packed-32-baseline-w32-s00,Wall,322,322,20608,20608
native-expanded,085-Coal-Sand-packed-32-baseline-w32-s00,Sand,1024,1024,114176,114176
native-expanded,085-Coal-Sand-packed-32-baseline-w32-s00,Coal,512,512,44800,44800
native-expanded,085-Coal-Sand-packed-32-baseline-w32-s01,Wall,336,336,22680,22680
native-expanded,085-Coal-Sand-packed-32-baseline-w32-s01,Sand,1024,1024,121344,121344
native-expanded,085-Coal-Sand-packed-32-baseline-w32-s01,Coal,512,512,48384,48384
native-expanded,085-Coal-Sand-packed-32-baseline-w32-s02,Wall,350,350,24850,24850
native-expanded,085-Coal-Sand-packed-32-baseline-w32-s02,Sand,1024,1024,128512,128512
native-expanded,085-Coal-Sand-packed-32-baseline-w32-s02,Coal,512,512,51968,51968
native-expanded,085-Coal-Sand-packed-32-baseline-w32-s03,Wall,324,324,20898,20898
native-expanded,085-Coal-Sand-packed-32-baseline-w32-s03,Sand,1024,1024,115200,115200
native-expanded,085-Coal-Sand-packed-32-baseline-w32-s03,Coal,512,512,45312,45312
native-expanded,085-Coal-Sand-packed-32-baseline-w32-s04,Wall,338,338,22984,22984
native-expanded,085-Coal-Sand-packed-32-baseline-w32-s04,Sand,1024,1024,122368,122368
native-expanded,085-Coal-Sand-packed-32-baseline-w32-s04,Coal,512,512,48896,48896
native-expanded,086-Coal-Stone-packed-32-baseline-w32-s00,Wall,322,322,20608,20608
native-expanded,086-Coal-Stone-packed-32-baseline-w32-s00,Stone,1024,1024,114176,114176
native-expanded,086-Coal-Stone-packed-32-baseline-w32-s00,Coal,512,512,44800,44800
native-expanded,086-Coal-Stone-packed-32-baseline-w32-s01,Wall,336,336,22680,22680
native-expanded,086-Coal-Stone-packed-32-baseline-w32-s01,Stone,1024,1024,121344,121344
native-expanded,086-Coal-Stone-packed-32-baseline-w32-s01,Coal,512,512,48384,48384
native-expanded,086-Coal-Stone-packed-32-baseline-w32-s02,Wall,350,350,24850,24850
native-expanded,086-Coal-Stone-packed-32-baseline-w32-s02,Stone,1024,1024,128512,128512
native-expanded,086-Coal-Stone-packed-32-baseline-w32-s02,Coal,512,512,51968,51968
native-expanded,086-Coal-Stone-packed-32-baseline-w32-s03,Wall,324,324,20898,20898
native-expanded,086-Coal-Stone-packed-32-baseline-w32-s03,Stone,1024,1024,115200,115200
native-expanded,086-Coal-Stone-packed-32-baseline-w32-s03,Coal,512,512,45312,45312
native-expanded,086-Coal-Stone-packed-32-baseline-w32-s04,Wall,338,338,22984,22984
native-expanded,086-Coal-Stone-packed-32-baseline-w32-s04,Stone,1024,1024,122368,122368
native-expanded,086-Coal-Stone-packed-32-baseline-w32-s04,Coal,512,512,48896,48896
native-expanded,087-Coal-Dust-packed-32-baseline-w32-s00,Wall,322,322,20608,20608
native-expanded,087-Coal-Dust-packed-32-baseline-w32-s00,Dust,1024,1024,114176,97792
native-expanded,087-Coal-Dust-packed-32-baseline-w32-s00,Coal,512,512,44800,61184
native-expanded,087-Coal-Dust-packed-32-baseline-w32-s01,Wall,336,336,22680,22680
native-expanded,087-Coal-Dust-packed-32-baseline-w32-s01,Dust,1024,1024,121344,104960
native-expanded,087-Coal-Dust-packed-32-baseline-w32-s01,Coal,512,512,48384,64768
native-expanded,087-Coal-Dust-packed-32-baseline-w32-s02,Wall,350,350,24850,24850
native-expanded,087-Coal-Dust-packed-32-baseline-w32-s02,Dust,1024,1024,128512,112128
native-expanded,087-Coal-Dust-packed-32-baseline-w32-s02,Coal,512,512,51968,68352
native-expanded,087-Coal-Dust-packed-32-baseline-w32-s03,Wall,324,324,20898,20898
native-expanded,087-Coal-Dust-packed-32-baseline-w32-s03,Dust,1024,1024,115200,98816
native-expanded,087-Coal-Dust-packed-32-baseline-w32-s03,Coal,512,512,45312,61696
native-expanded,087-Coal-Dust-packed-32-baseline-w32-s04,Wall,338,338,22984,22984
native-expanded,087-Coal-Dust-packed-32-baseline-w32-s04,Dust,1024,1024,122368,105984
native-expanded,087-Coal-Dust-packed-32-baseline-w32-s04,Coal,512,512,48896,65280
native-expanded,088-Coal-Seed-packed-32-baseline-w32-s00,Wall,322,322,20608,20608
native-expanded,088-Coal-Seed-packed-32-baseline-w32-s00,Seed,1024,1024,114176,97792
native-expanded,088-Coal-Seed-packed-32-baseline-w32-s00,Coal,512,512,44800,61184
native-expanded,088-Coal-Seed-packed-32-baseline-w32-s01,Wall,336,336,22680,22680
native-expanded,088-Coal-Seed-packed-32-baseline-w32-s01,Seed,1024,1024,121344,104960
native-expanded,088-Coal-Seed-packed-32-baseline-w32-s01,Coal,512,512,48384,64768
native-expanded,088-Coal-Seed-packed-32-baseline-w32-s02,Wall,350,350,24850,24850
native-expanded,088-Coal-Seed-packed-32-baseline-w32-s02,Seed,1024,1024,128512,112128
native-expanded,088-Coal-Seed-packed-32-baseline-w32-s02,Coal,512,512,51968,68352
native-expanded,088-Coal-Seed-packed-32-baseline-w32-s03,Wall,324,324,20898,20898
native-expanded,088-Coal-Seed-packed-32-baseline-w32-s03,Seed,1024,1024,115200,98816
native-expanded,088-Coal-Seed-packed-32-baseline-w32-s03,Coal,512,512,45312,61696
native-expanded,088-Coal-Seed-packed-32-baseline-w32-s04,Wall,338,338,22984,22984
native-expanded,088-Coal-Seed-packed-32-baseline-w32-s04,Seed,1024,1024,122368,105984
native-expanded,088-Coal-Seed-packed-32-baseline-w32-s04,Coal,512,512,48896,65280
native-expanded,089-Coal-Salt-packed-32-baseline-w32-s00,Wall,322,322,20608,20608
native-expanded,089-Coal-Salt-packed-32-baseline-w32-s00,Salt,1024,1024,114176,114176
native-expanded,089-Coal-Salt-packed-32-baseline-w32-s00,Coal,512,512,44800,44800
native-expanded,089-Coal-Salt-packed-32-baseline-w32-s01,Wall,336,336,22680,22680
native-expanded,089-Coal-Salt-packed-32-baseline-w32-s01,Salt,1024,1024,121344,121344
native-expanded,089-Coal-Salt-packed-32-baseline-w32-s01,Coal,512,512,48384,48384
native-expanded,089-Coal-Salt-packed-32-baseline-w32-s02,Wall,350,350,24850,24850
native-expanded,089-Coal-Salt-packed-32-baseline-w32-s02,Salt,1024,1024,128512,128512
native-expanded,089-Coal-Salt-packed-32-baseline-w32-s02,Coal,512,512,51968,51968
native-expanded,089-Coal-Salt-packed-32-baseline-w32-s03,Wall,324,324,20898,20898
native-expanded,089-Coal-Salt-packed-32-baseline-w32-s03,Salt,1024,1024,115200,115200
native-expanded,089-Coal-Salt-packed-32-baseline-w32-s03,Coal,512,512,45312,45312
native-expanded,089-Coal-Salt-packed-32-baseline-w32-s04,Wall,338,338,22984,22984
native-expanded,089-Coal-Salt-packed-32-baseline-w32-s04,Salt,1024,1024,122368,122368
native-expanded,089-Coal-Salt-packed-32-baseline-w32-s04,Coal,512,512,48896,48896
native-expanded,090-Coal-Sodium-packed-32-baseline-w32-s00,Wall,322,322,20608,20608
native-expanded,090-Coal-Sodium-packed-32-baseline-w32-s00,Sodium,1024,1024,114176,97792
native-expanded,090-Coal-Sodium-packed-32-baseline-w32-s00,Coal,512,512,44800,61184
native-expanded,090-Coal-Sodium-packed-32-baseline-w32-s01,Wall,336,336,22680,22680
native-expanded,090-Coal-Sodium-packed-32-baseline-w32-s01,Sodium,1024,1024,121344,104960
native-expanded,090-Coal-Sodium-packed-32-baseline-w32-s01,Coal,512,512,48384,64768
native-expanded,090-Coal-Sodium-packed-32-baseline-w32-s02,Wall,350,350,24850,24850
native-expanded,090-Coal-Sodium-packed-32-baseline-w32-s02,Sodium,1024,1024,128512,112128
native-expanded,090-Coal-Sodium-packed-32-baseline-w32-s02,Coal,512,512,51968,68352
native-expanded,090-Coal-Sodium-packed-32-baseline-w32-s03,Wall,324,324,20898,20898
native-expanded,090-Coal-Sodium-packed-32-baseline-w32-s03,Sodium,1024,1024,115200,98816
native-expanded,090-Coal-Sodium-packed-32-baseline-w32-s03,Coal,512,512,45312,61696
native-expanded,090-Coal-Sodium-packed-32-baseline-w32-s04,Wall,338,338,22984,22984
native-expanded,090-Coal-Sodium-packed-32-baseline-w32-s04,Sodium,1024,1024,122368,105984
native-expanded,090-Coal-Sodium-packed-32-baseline-w32-s04,Coal,512,512,48896,65280
native-expanded,091-Coal-Gunpowder-packed-32-baseline-w32-s00,Wall,322,322,20608,20608
native-expanded,091-Coal-Gunpowder-packed-32-baseline-w32-s00,Gunpowder,1024,1024,114176,114176
native-expanded,091-Coal-Gunpowder-packed-32-baseline-w32-s00,Coal,512,512,44800,44800
native-expanded,091-Coal-Gunpowder-packed-32-baseline-w32-s01,Wall,336,336,22680,22680
native-expanded,091-Coal-Gunpowder-packed-32-baseline-w32-s01,Gunpowder,1024,1024,121344,121344
native-expanded,091-Coal-Gunpowder-packed-32-baseline-w32-s01,Coal,512,512,48384,48384
native-expanded,091-Coal-Gunpowder-packed-32-baseline-w32-s02,Wall,350,350,24850,24850
native-expanded,091-Coal-Gunpowder-packed-32-baseline-w32-s02,Gunpowder,1024,1024,128512,128512
native-expanded,091-Coal-Gunpowder-packed-32-baseline-w32-s02,Coal,512,512,51968,51968
native-expanded,091-Coal-Gunpowder-packed-32-baseline-w32-s03,Wall,324,324,20898,20898
native-expanded,091-Coal-Gunpowder-packed-32-baseline-w32-s03,Gunpowder,1024,1024,115200,115200
native-expanded,091-Coal-Gunpowder-packed-32-baseline-w32-s03,Coal,512,512,45312,45312
native-expanded,091-Coal-Gunpowder-packed-32-baseline-w32-s04,Wall,338,338,22984,22984
native-expanded,091-Coal-Gunpowder-packed-32-baseline-w32-s04,Gunpowder,1024,1024,122368,122368
native-expanded,091-Coal-Gunpowder-packed-32-baseline-w32-s04,Coal,512,512,48896,48896
native-expanded,092-Coal-Rust-packed-32-baseline-w32-s00,Wall,322,322,20608,20608
native-expanded,092-Coal-Rust-packed-32-baseline-w32-s00,Coal,512,512,44800,44800
native-expanded,092-Coal-Rust-packed-32-baseline-w32-s00,Rust,1024,1024,114176,114176
native-expanded,092-Coal-Rust-packed-32-baseline-w32-s01,Wall,336,336,22680,22680
native-expanded,092-Coal-Rust-packed-32-baseline-w32-s01,Coal,512,512,48384,48384
native-expanded,092-Coal-Rust-packed-32-baseline-w32-s01,Rust,1024,1024,121344,121344
native-expanded,092-Coal-Rust-packed-32-baseline-w32-s02,Wall,350,350,24850,24850
native-expanded,092-Coal-Rust-packed-32-baseline-w32-s02,Coal,512,512,51968,51968
native-expanded,092-Coal-Rust-packed-32-baseline-w32-s02,Rust,1024,1024,128512,128512
native-expanded,092-Coal-Rust-packed-32-baseline-w32-s03,Wall,324,324,20898,20898
native-expanded,092-Coal-Rust-packed-32-baseline-w32-s03,Coal,512,512,45312,45312
native-expanded,092-Coal-Rust-packed-32-baseline-w32-s03,Rust,1024,1024,115200,115200
native-expanded,092-Coal-Rust-packed-32-baseline-w32-s04,Wall,338,338,22984,22984
native-expanded,092-Coal-Rust-packed-32-baseline-w32-s04,Coal,512,512,48896,48896
native-expanded,092-Coal-Rust-packed-32-baseline-w32-s04,Rust,1024,1024,122368,122368
native-expanded,093-Rust-Stone-packed-32-baseline-w32-s00,Wall,322,322,20608,20608
native-expanded,093-Rust-Stone-packed-32-baseline-w32-s00,Stone,1024,1024,114176,97792
native-expanded,093-Rust-Stone-packed-32-baseline-w32-s00,Rust,512,512,44800,61184
native-expanded,093-Rust-Stone-packed-32-baseline-w32-s01,Wall,336,336,22680,22680
native-expanded,093-Rust-Stone-packed-32-baseline-w32-s01,Stone,1024,1024,121344,104960
native-expanded,093-Rust-Stone-packed-32-baseline-w32-s01,Rust,512,512,48384,64768
native-expanded,093-Rust-Stone-packed-32-baseline-w32-s02,Wall,350,350,24850,24850
native-expanded,093-Rust-Stone-packed-32-baseline-w32-s02,Stone,1024,1024,128512,112128
native-expanded,093-Rust-Stone-packed-32-baseline-w32-s02,Rust,512,512,51968,68352
native-expanded,093-Rust-Stone-packed-32-baseline-w32-s03,Wall,324,324,20898,20898
native-expanded,093-Rust-Stone-packed-32-baseline-w32-s03,Stone,1024,1024,115200,98816
native-expanded,093-Rust-Stone-packed-32-baseline-w32-s03,Rust,512,512,45312,61696
native-expanded,093-Rust-Stone-packed-32-baseline-w32-s04,Wall,338,338,22984,22984
native-expanded,093-Rust-Stone-packed-32-baseline-w32-s04,Stone,1024,1024,122368,105984
native-expanded,093-Rust-Stone-packed-32-baseline-w32-s04,Rust,512,512,48896,65280
native-expanded,094-Rust-Dust-packed-32-baseline-w32-s00,Wall,322,322,20608,20608
native-expanded,094-Rust-Dust-packed-32-baseline-w32-s00,Dust,1024,1024,114176,97792
native-expanded,094-Rust-Dust-packed-32-baseline-w32-s00,Rust,512,512,44800,61184
native-expanded,094-Rust-Dust-packed-32-baseline-w32-s01,Wall,336,336,22680,22680
native-expanded,094-Rust-Dust-packed-32-baseline-w32-s01,Dust,1024,1024,121344,104960
native-expanded,094-Rust-Dust-packed-32-baseline-w32-s01,Rust,512,512,48384,64768
native-expanded,094-Rust-Dust-packed-32-baseline-w32-s02,Wall,350,350,24850,24850
native-expanded,094-Rust-Dust-packed-32-baseline-w32-s02,Dust,1024,1024,128512,112128
native-expanded,094-Rust-Dust-packed-32-baseline-w32-s02,Rust,512,512,51968,68352
native-expanded,094-Rust-Dust-packed-32-baseline-w32-s03,Wall,324,324,20898,20898
native-expanded,094-Rust-Dust-packed-32-baseline-w32-s03,Dust,1024,1024,115200,98816
native-expanded,094-Rust-Dust-packed-32-baseline-w32-s03,Rust,512,512,45312,61696
native-expanded,094-Rust-Dust-packed-32-baseline-w32-s04,Wall,338,338,22984,22984
native-expanded,094-Rust-Dust-packed-32-baseline-w32-s04,Dust,1024,1024,122368,105984
native-expanded,094-Rust-Dust-packed-32-baseline-w32-s04,Rust,512,512,48896,65280
native-expanded,095-Rust-Seed-packed-32-baseline-w32-s00,Wall,322,322,20608,20608
native-expanded,095-Rust-Seed-packed-32-baseline-w32-s00,Seed,1024,1024,114176,97792
native-expanded,095-Rust-Seed-packed-32-baseline-w32-s00,Rust,512,512,44800,61184
native-expanded,095-Rust-Seed-packed-32-baseline-w32-s01,Wall,336,336,22680,22680
native-expanded,095-Rust-Seed-packed-32-baseline-w32-s01,Seed,1024,1024,121344,104960
native-expanded,095-Rust-Seed-packed-32-baseline-w32-s01,Rust,512,512,48384,64768
native-expanded,095-Rust-Seed-packed-32-baseline-w32-s02,Wall,350,350,24850,24850
native-expanded,095-Rust-Seed-packed-32-baseline-w32-s02,Seed,1024,1024,128512,112128
native-expanded,095-Rust-Seed-packed-32-baseline-w32-s02,Rust,512,512,51968,68352
native-expanded,095-Rust-Seed-packed-32-baseline-w32-s03,Wall,324,324,20898,20898
native-expanded,095-Rust-Seed-packed-32-baseline-w32-s03,Seed,1024,1024,115200,98816
native-expanded,095-Rust-Seed-packed-32-baseline-w32-s03,Rust,512,512,45312,61696
native-expanded,095-Rust-Seed-packed-32-baseline-w32-s04,Wall,338,338,22984,22984
native-expanded,095-Rust-Seed-packed-32-baseline-w32-s04,Seed,1024,1024,122368,105984
native-expanded,095-Rust-Seed-packed-32-baseline-w32-s04,Rust,512,512,48896,65280
native-expanded,096-Rust-Salt-packed-32-baseline-w32-s00,Wall,322,322,20608,20608
native-expanded,096-Rust-Salt-packed-32-baseline-w32-s00,Salt,1024,1024,114176,97792
native-expanded,096-Rust-Salt-packed-32-baseline-w32-s00,Rust,512,512,44800,61184
native-expanded,096-Rust-Salt-packed-32-baseline-w32-s01,Wall,336,336,22680,22680
native-expanded,096-Rust-Salt-packed-32-baseline-w32-s01,Salt,1024,1024,121344,104960
native-expanded,096-Rust-Salt-packed-32-baseline-w32-s01,Rust,512,512,48384,64768
native-expanded,096-Rust-Salt-packed-32-baseline-w32-s02,Wall,350,350,24850,24850
native-expanded,096-Rust-Salt-packed-32-baseline-w32-s02,Salt,1024,1024,128512,112128
native-expanded,096-Rust-Salt-packed-32-baseline-w32-s02,Rust,512,512,51968,68352
native-expanded,096-Rust-Salt-packed-32-baseline-w32-s03,Wall,324,324,20898,20898
native-expanded,096-Rust-Salt-packed-32-baseline-w32-s03,Salt,1024,1024,115200,98816
native-expanded,096-Rust-Salt-packed-32-baseline-w32-s03,Rust,512,512,45312,61696
native-expanded,096-Rust-Salt-packed-32-baseline-w32-s04,Wall,338,338,22984,22984
native-expanded,096-Rust-Salt-packed-32-baseline-w32-s04,Salt,1024,1024,122368,105984
native-expanded,096-Rust-Salt-packed-32-baseline-w32-s04,Rust,512,512,48896,65280
native-expanded,097-Rust-Sodium-packed-32-baseline-w32-s00,Wall,322,322,20608,20608
native-expanded,097-Rust-Sodium-packed-32-baseline-w32-s00,Sodium,1024,1024,114176,97792
native-expanded,097-Rust-Sodium-packed-32-baseline-w32-s00,Rust,512,512,44800,61184
native-expanded,097-Rust-Sodium-packed-32-baseline-w32-s01,Wall,336,336,22680,22680
native-expanded,097-Rust-Sodium-packed-32-baseline-w32-s01,Sodium,1024,1024,121344,104960
native-expanded,097-Rust-Sodium-packed-32-baseline-w32-s01,Rust,512,512,48384,64768
native-expanded,097-Rust-Sodium-packed-32-baseline-w32-s02,Wall,350,350,24850,24850
native-expanded,097-Rust-Sodium-packed-32-baseline-w32-s02,Sodium,1024,1024,128512,112128
native-expanded,097-Rust-Sodium-packed-32-baseline-w32-s02,Rust,512,512,51968,68352
native-expanded,097-Rust-Sodium-packed-32-baseline-w32-s03,Wall,324,324,20898,20898
native-expanded,097-Rust-Sodium-packed-32-baseline-w32-s03,Sodium,1024,1024,115200,98816
native-expanded,097-Rust-Sodium-packed-32-baseline-w32-s03,Rust,512,512,45312,61696
native-expanded,097-Rust-Sodium-packed-32-baseline-w32-s04,Wall,338,338,22984,22984
native-expanded,097-Rust-Sodium-packed-32-baseline-w32-s04,Sodium,1024,1024,122368,105984
native-expanded,097-Rust-Sodium-packed-32-baseline-w32-s04,Rust,512,512,48896,65280
native-expanded,098-Rust-Gunpowder-packed-32-baseline-w32-s00,Wall,322,322,20608,20608
native-expanded,098-Rust-Gunpowder-packed-32-baseline-w32-s00,Gunpowder,1024,1024,114176,97792
native-expanded,098-Rust-Gunpowder-packed-32-baseline-w32-s00,Rust,512,512,44800,61184
native-expanded,098-Rust-Gunpowder-packed-32-baseline-w32-s01,Wall,336,336,22680,22680
native-expanded,098-Rust-Gunpowder-packed-32-baseline-w32-s01,Gunpowder,1024,1024,121344,104960
native-expanded,098-Rust-Gunpowder-packed-32-baseline-w32-s01,Rust,512,512,48384,64768
native-expanded,098-Rust-Gunpowder-packed-32-baseline-w32-s02,Wall,350,350,24850,24850
native-expanded,098-Rust-Gunpowder-packed-32-baseline-w32-s02,Gunpowder,1024,1024,128512,112128
native-expanded,098-Rust-Gunpowder-packed-32-baseline-w32-s02,Rust,512,512,51968,68352
native-expanded,098-Rust-Gunpowder-packed-32-baseline-w32-s03,Wall,324,324,20898,20898
native-expanded,098-Rust-Gunpowder-packed-32-baseline-w32-s03,Gunpowder,1024,1024,115200,98816
native-expanded,098-Rust-Gunpowder-packed-32-baseline-w32-s03,Rust,512,512,45312,61696
native-expanded,098-Rust-Gunpowder-packed-32-baseline-w32-s04,Wall,338,338,22984,22984
native-expanded,098-Rust-Gunpowder-packed-32-baseline-w32-s04,Gunpowder,1024,1024,122368,105984
native-expanded,098-Rust-Gunpowder-packed-32-baseline-w32-s04,Rust,512,512,48896,65280
native-expanded,099-Rust-Coal-packed-32-baseline-w32-s00,Wall,322,322,20608,20608
native-expanded,099-Rust-Coal-packed-32-baseline-w32-s00,Coal,1024,1024,114176,97792
native-expanded,099-Rust-Coal-packed-32-baseline-w32-s00,Rust,512,512,44800,61184
native-expanded,099-Rust-Coal-packed-32-baseline-w32-s01,Wall,336,336,22680,22680
native-expanded,099-Rust-Coal-packed-32-baseline-w32-s01,Coal,1024,1024,121344,104960
native-expanded,099-Rust-Coal-packed-32-baseline-w32-s01,Rust,512,512,48384,64768
native-expanded,099-Rust-Coal-packed-32-baseline-w32-s02,Wall,350,350,24850,24850
native-expanded,099-Rust-Coal-packed-32-baseline-w32-s02,Coal,1024,1024,128512,112128
native-expanded,099-Rust-Coal-packed-32-baseline-w32-s02,Rust,512,512,51968,68352
native-expanded,099-Rust-Coal-packed-32-baseline-w32-s03,Wall,324,324,20898,20898
native-expanded,099-Rust-Coal-packed-32-baseline-w32-s03,Coal,1024,1024,115200,98816
native-expanded,099-Rust-Coal-packed-32-baseline-w32-s03,Rust,512,512,45312,61696
native-expanded,099-Rust-Coal-packed-32-baseline-w32-s04,Wall,338,338,22984,22984
native-expanded,099-Rust-Coal-packed-32-baseline-w32-s04,Coal,1024,1024,122368,105984
native-expanded,099-Rust-Coal-packed-32-baseline-w32-s04,Rust,512,512,48896,65280
native-expanded,100-Sand-Dust-holes-32-baseline-w32-s00,Wall,322,322,20608,20608
native-expanded,100-Sand-Dust-holes-32-baseline-w32-s00,Sand,512,512,44800,61184
native-expanded,100-Sand-Dust-holes-32-baseline-w32-s00,Dust,931,931,103808,90262
native-expanded,100-Sand-Dust-holes-32-baseline-w32-s01,Wall,336,336,22680,22680
native-expanded,100-Sand-Dust-holes-32-baseline-w32-s01,Sand,512,512,48384,64768
native-expanded,100-Sand-Dust-holes-32-baseline-w32-s01,Dust,931,931,110334,96779
native-expanded,100-Sand-Dust-holes-32-baseline-w32-s02,Wall,350,350,24850,24850
native-expanded,100-Sand-Dust-holes-32-baseline-w32-s02,Sand,512,512,51968,68352
native-expanded,100-Sand-Dust-holes-32-baseline-w32-s02,Dust,931,931,116827,103296
native-expanded,100-Sand-Dust-holes-32-baseline-w32-s03,Wall,324,324,20898,20898
native-expanded,100-Sand-Dust-holes-32-baseline-w32-s03,Sand,512,512,45312,61696
native-expanded,100-Sand-Dust-holes-32-baseline-w32-s03,Dust,931,931,104727,91193
native-expanded,100-Sand-Dust-holes-32-baseline-w32-s04,Wall,338,338,22984,22984
native-expanded,100-Sand-Dust-holes-32-baseline-w32-s04,Sand,512,512,48896,65280
native-expanded,100-Sand-Dust-holes-32-baseline-w32-s04,Dust,931,931,111253,97710
native-expanded,101-Sand-Dust-slope-32-baseline-w32-s00,Wall,322,322,20608,20608
native-expanded,101-Sand-Dust-slope-32-baseline-w32-s00,Sand,512,512,44800,61184
native-expanded,101-Sand-Dust-slope-32-baseline-w32-s00,Dust,912,912,103200,88608
native-expanded,101-Sand-Dust-slope-32-baseline-w32-s01,Wall,336,336,22680,22680
native-expanded,101-Sand-Dust-slope-32-baseline-w32-s01,Sand,512,512,48384,64768
native-expanded,101-Sand-Dust-slope-32-baseline-w32-s01,Dust,912,912,109584,94992
native-expanded,101-Sand-Dust-slope-32-baseline-w32-s02,Wall,350,350,24850,24850
native-expanded,101-Sand-Dust-slope-32-baseline-w32-s02,Sand,512,512,51968,68352
native-expanded,101-Sand-Dust-slope-32-baseline-w32-s02,Dust,912,912,115968,101376
native-expanded,101-Sand-Dust-slope-32-baseline-w32-s03,Wall,324,324,20898,20898
native-expanded,101-Sand-Dust-slope-32-baseline-w32-s03,Sand,512,512,45312,61696
native-expanded,101-Sand-Dust-slope-32-baseline-w32-s03,Dust,912,912,104112,89520
native-expanded,101-Sand-Dust-slope-32-baseline-w32-s04,Wall,338,338,22984,22984
native-expanded,101-Sand-Dust-slope-32-baseline-w32-s04,Sand,512,512,48896,65280
native-expanded,101-Sand-Dust-slope-32-baseline-w32-s04,Dust,912,912,110496,95904
native-expanded,102-Sand-Dust-unsupported-32-baseline-w32-s00,Wall,322,322,20608,20608
native-expanded,102-Sand-Dust-unsupported-32-baseline-w32-s00,Sand,512,512,44800,61184
native-expanded,102-Sand-Dust-unsupported-32-baseline-w32-s00,Dust,896,896,101696,87360
native-expanded,102-Sand-Dust-unsupported-32-baseline-w32-s01,Wall,336,336,22680,22680
native-expanded,102-Sand-Dust-unsupported-32-baseline-w32-s01,Sand,512,512,48384,64768
native-expanded,102-Sand-Dust-unsupported-32-baseline-w32-s01,Dust,896,896,107968,93632
native-expanded,102-Sand-Dust-unsupported-32-baseline-w32-s02,Wall,350,350,24850,24850
native-expanded,102-Sand-Dust-unsupported-32-baseline-w32-s02,Sand,512,512,51968,68352
native-expanded,102-Sand-Dust-unsupported-32-baseline-w32-s02,Dust,896,896,114240,99904
native-expanded,102-Sand-Dust-unsupported-32-baseline-w32-s03,Wall,324,324,20898,20898
native-expanded,102-Sand-Dust-unsupported-32-baseline-w32-s03,Sand,512,512,45312,61696
native-expanded,102-Sand-Dust-unsupported-32-baseline-w32-s03,Dust,896,896,102592,88256
native-expanded,102-Sand-Dust-unsupported-32-baseline-w32-s04,Wall,338,338,22984,22984
native-expanded,102-Sand-Dust-unsupported-32-baseline-w32-s04,Sand,512,512,48896,65280
native-expanded,102-Sand-Dust-unsupported-32-baseline-w32-s04,Dust,896,896,108864,94528
native-expanded,103-Sand-Dust-granular-32-baseline-w32-s00,Wall,322,322,20608,20608
native-expanded,103-Sand-Dust-granular-32-baseline-w32-s00,Sand,512,512,44800,61184
native-expanded,103-Sand-Dust-granular-32-baseline-w32-s00,Dust,1024,1024,114176,97792
native-expanded,103-Sand-Dust-granular-32-baseline-w32-s01,Wall,336,336,22680,22680
native-expanded,103-Sand-Dust-granular-32-baseline-w32-s01,Sand,512,512,48384,64768
native-expanded,103-Sand-Dust-granular-32-baseline-w32-s01,Dust,1024,1024,121344,104960
native-expanded,103-Sand-Dust-granular-32-baseline-w32-s02,Wall,350,350,24850,24850
native-expanded,103-Sand-Dust-granular-32-baseline-w32-s02,Sand,512,512,51968,68352
native-expanded,103-Sand-Dust-granular-32-baseline-w32-s02,Dust,1024,1024,128512,112128
native-expanded,103-Sand-Dust-granular-32-baseline-w32-s03,Wall,324,324,20898,20898
native-expanded,103-Sand-Dust-granular-32-baseline-w32-s03,Sand,512,512,45312,61696
native-expanded,103-Sand-Dust-granular-32-baseline-w32-s03,Dust,1024,1024,115200,98816
native-expanded,103-Sand-Dust-granular-32-baseline-w32-s04,Wall,338,338,22984,22984
native-expanded,103-Sand-Dust-granular-32-baseline-w32-s04,Sand,512,512,48896,65280
native-expanded,103-Sand-Dust-granular-32-baseline-w32-s04,Dust,1024,1024,122368,105984
native-expanded,104-Stone-Sand-holes-32-baseline-w32-s00,Wall,322,322,20608,20608
native-expanded,104-Stone-Sand-holes-32-baseline-w32-s00,Sand,931,931,103808,90710
native-expanded,104-Stone-Sand-holes-32-baseline-w32-s00,Stone,512,512,44800,60736
native-expanded,104-Stone-Sand-holes-32-baseline-w32-s01,Wall,336,336,22680,22680
native-expanded,104-Stone-Sand-holes-32-baseline-w32-s01,Sand,931,931,110334,97774
native-expanded,104-Stone-Sand-holes-32-baseline-w32-s01,Stone,512,512,48384,63772
native-expanded,104-Stone-Sand-holes-32-baseline-w32-s02,Wall,350,350,24850,24850
native-expanded,104-Stone-Sand-holes-32-baseline-w32-s02,Sand,931,931,116827,103992
native-expanded,104-Stone-Sand-holes-32-baseline-w32-s02,Stone,512,512,51968,67656
native-expanded,104-Stone-Sand-holes-32-baseline-w32-s03,Wall,324,324,20898,20898
native-expanded,104-Stone-Sand-holes-32-baseline-w32-s03,Sand,931,931,104727,91641
native-expanded,104-Stone-Sand-holes-32-baseline-w32-s03,Stone,512,512,45312,61248
native-expanded,104-Stone-Sand-holes-32-baseline-w32-s04,Wall,338,338,22984,22984
native-expanded,104-Stone-Sand-holes-32-baseline-w32-s04,Sand,931,931,111253,98775
native-expanded,104-Stone-Sand-holes-32-baseline-w32-s04,Stone,512,512,48896,64214
native-expanded,105-Stone-Sand-slope-32-baseline-w32-s00,Wall,322,322,20608,20608
native-expanded,105-Stone-Sand-slope-32-baseline-w32-s00,Sand,912,912,103200,89074
native-expanded,105-Stone-Sand-slope-32-baseline-w32-s00,Stone,512,512,44800,60736
native-expanded,105-Stone-Sand-slope-32-baseline-w32-s01,Wall,336,336,22680,22680
native-expanded,105-Stone-Sand-slope-32-baseline-w32-s01,Sand,912,912,109584,96008
native-expanded,105-Stone-Sand-slope-32-baseline-w32-s01,Stone,512,512,48384,63772
native-expanded,105-Stone-Sand-slope-32-baseline-w32-s02,Wall,350,350,24850,24850
native-expanded,105-Stone-Sand-slope-32-baseline-w32-s02,Sand,912,912,115968,102090
native-expanded,105-Stone-Sand-slope-32-baseline-w32-s02,Stone,512,512,51968,67656
native-expanded,105-Stone-Sand-slope-32-baseline-w32-s03,Wall,324,324,20898,20898
native-expanded,105-Stone-Sand-slope-32-baseline-w32-s03,Sand,912,912,104112,89988
native-expanded,105-Stone-Sand-slope-32-baseline-w32-s03,Stone,512,512,45312,61248
native-expanded,105-Stone-Sand-slope-32-baseline-w32-s04,Wall,338,338,22984,22984
native-expanded,105-Stone-Sand-slope-32-baseline-w32-s04,Sand,912,912,110496,96988
native-expanded,105-Stone-Sand-slope-32-baseline-w32-s04,Stone,512,512,48896,64214
native-expanded,106-Stone-Sand-unsupported-32-baseline-w32-s00,Wall,322,322,20608,20608
native-expanded,106-Stone-Sand-unsupported-32-baseline-w32-s00,Sand,896,896,101696,87807
native-expanded,106-Stone-Sand-unsupported-32-baseline-w32-s00,Stone,512,512,44800,60736
native-expanded,106-Stone-Sand-unsupported-32-baseline-w32-s01,Wall,336,336,22680,22680
native-expanded,106-Stone-Sand-unsupported-32-baseline-w32-s01,Sand,896,896,107968,94627
native-expanded,106-Stone-Sand-unsupported-32-baseline-w32-s01,Stone,512,512,48384,63772
native-expanded,106-Stone-Sand-unsupported-32-baseline-w32-s02,Wall,350,350,24850,24850
native-expanded,106-Stone-Sand-unsupported-32-baseline-w32-s02,Sand,896,896,114240,100599
native-expanded,106-Stone-Sand-unsupported-32-baseline-w32-s02,Stone,512,512,51968,67656
native-expanded,106-Stone-Sand-unsupported-32-baseline-w32-s03,Wall,324,324,20898,20898
native-expanded,106-Stone-Sand-unsupported-32-baseline-w32-s03,Sand,896,896,102592,88703
native-expanded,106-Stone-Sand-unsupported-32-baseline-w32-s03,Stone,512,512,45312,61248
native-expanded,106-Stone-Sand-unsupported-32-baseline-w32-s04,Wall,338,338,22984,22984
native-expanded,106-Stone-Sand-unsupported-32-baseline-w32-s04,Sand,896,896,108864,95593
native-expanded,106-Stone-Sand-unsupported-32-baseline-w32-s04,Stone,512,512,48896,64214
native-expanded,107-Stone-Sand-granular-32-baseline-w32-s00,Wall,322,322,20608,20608
native-expanded,107-Stone-Sand-granular-32-baseline-w32-s00,Sand,1024,1024,114176,97792
native-expanded,107-Stone-Sand-granular-32-baseline-w32-s00,Stone,512,512,44800,61184
native-expanded,107-Stone-Sand-granular-32-baseline-w32-s01,Wall,336,336,22680,22680
native-expanded,107-Stone-Sand-granular-32-baseline-w32-s01,Sand,1024,1024,121344,104960
native-expanded,107-Stone-Sand-granular-32-baseline-w32-s01,Stone,512,512,48384,64768
native-expanded,107-Stone-Sand-granular-32-baseline-w32-s02,Wall,350,350,24850,24850
native-expanded,107-Stone-Sand-granular-32-baseline-w32-s02,Sand,1024,1024,128512,112128
native-expanded,107-Stone-Sand-granular-32-baseline-w32-s02,Stone,512,512,51968,68352
native-expanded,107-Stone-Sand-granular-32-baseline-w32-s03,Wall,324,324,20898,20898
native-expanded,107-Stone-Sand-granular-32-baseline-w32-s03,Sand,1024,1024,115200,98816
native-expanded,107-Stone-Sand-granular-32-baseline-w32-s03,Stone,512,512,45312,61696
native-expanded,107-Stone-Sand-granular-32-baseline-w32-s04,Wall,338,338,22984,22984
native-expanded,107-Stone-Sand-granular-32-baseline-w32-s04,Sand,1024,1024,122368,105984
native-expanded,107-Stone-Sand-granular-32-baseline-w32-s04,Stone,512,512,48896,65280
native-expanded,108-Rust-Sand-holes-32-baseline-w32-s00,Wall,322,322,20608,20608
native-expanded,108-Rust-Sand-holes-32-baseline-w32-s00,Sand,931,931,103808,90262
native-expanded,108-Rust-Sand-holes-32-baseline-w32-s00,Rust,512,512,44800,61184
native-expanded,108-Rust-Sand-holes-32-baseline-w32-s01,Wall,336,336,22680,22680
native-expanded,108-Rust-Sand-holes-32-baseline-w32-s01,Sand,931,931,110334,96779
native-expanded,108-Rust-Sand-holes-32-baseline-w32-s01,Rust,512,512,48384,64768
native-expanded,108-Rust-Sand-holes-32-baseline-w32-s02,Wall,350,350,24850,24850
native-expanded,108-Rust-Sand-holes-32-baseline-w32-s02,Sand,931,931,116827,103296
native-expanded,108-Rust-Sand-holes-32-baseline-w32-s02,Rust,512,512,51968,68352
native-expanded,108-Rust-Sand-holes-32-baseline-w32-s03,Wall,324,324,20898,20898
native-expanded,108-Rust-Sand-holes-32-baseline-w32-s03,Sand,931,931,104727,91193
native-expanded,108-Rust-Sand-holes-32-baseline-w32-s03,Rust,512,512,45312,61696
native-expanded,108-Rust-Sand-holes-32-baseline-w32-s04,Wall,338,338,22984,22984
native-expanded,108-Rust-Sand-holes-32-baseline-w32-s04,Sand,931,931,111253,97710
native-expanded,108-Rust-Sand-holes-32-baseline-w32-s04,Rust,512,512,48896,65280
native-expanded,109-Rust-Sand-slope-32-baseline-w32-s00,Wall,322,322,20608,20608
native-expanded,109-Rust-Sand-slope-32-baseline-w32-s00,Sand,912,912,103200,88608
native-expanded,109-Rust-Sand-slope-32-baseline-w32-s00,Rust,512,512,44800,61184
native-expanded,109-Rust-Sand-slope-32-baseline-w32-s01,Wall,336,336,22680,22680
native-expanded,109-Rust-Sand-slope-32-baseline-w32-s01,Sand,912,912,109584,94992
native-expanded,109-Rust-Sand-slope-32-baseline-w32-s01,Rust,512,512,48384,64768
native-expanded,109-Rust-Sand-slope-32-baseline-w32-s02,Wall,350,350,24850,24850
native-expanded,109-Rust-Sand-slope-32-baseline-w32-s02,Sand,912,912,115968,101376
native-expanded,109-Rust-Sand-slope-32-baseline-w32-s02,Rust,512,512,51968,68352
native-expanded,109-Rust-Sand-slope-32-baseline-w32-s03,Wall,324,324,20898,20898
native-expanded,109-Rust-Sand-slope-32-baseline-w32-s03,Sand,912,912,104112,89520
native-expanded,109-Rust-Sand-slope-32-baseline-w32-s03,Rust,512,512,45312,61696
native-expanded,109-Rust-Sand-slope-32-baseline-w32-s04,Wall,338,338,22984,22984
native-expanded,109-Rust-Sand-slope-32-baseline-w32-s04,Sand,912,912,110496,95904
native-expanded,109-Rust-Sand-slope-32-baseline-w32-s04,Rust,512,512,48896,65280
native-expanded,110-Rust-Sand-unsupported-32-baseline-w32-s00,Wall,322,322,20608,20608
native-expanded,110-Rust-Sand-unsupported-32-baseline-w32-s00,Sand,896,896,101696,87360
native-expanded,110-Rust-Sand-unsupported-32-baseline-w32-s00,Rust,512,512,44800,61184
native-expanded,110-Rust-Sand-unsupported-32-baseline-w32-s01,Wall,336,336,22680,22680
native-expanded,110-Rust-Sand-unsupported-32-baseline-w32-s01,Sand,896,896,107968,93632
native-expanded,110-Rust-Sand-unsupported-32-baseline-w32-s01,Rust,512,512,48384,64768
native-expanded,110-Rust-Sand-unsupported-32-baseline-w32-s02,Wall,350,350,24850,24850
native-expanded,110-Rust-Sand-unsupported-32-baseline-w32-s02,Sand,896,896,114240,99904
native-expanded,110-Rust-Sand-unsupported-32-baseline-w32-s02,Rust,512,512,51968,68352
native-expanded,110-Rust-Sand-unsupported-32-baseline-w32-s03,Wall,324,324,20898,20898
native-expanded,110-Rust-Sand-unsupported-32-baseline-w32-s03,Sand,896,896,102592,88256
native-expanded,110-Rust-Sand-unsupported-32-baseline-w32-s03,Rust,512,512,45312,61696
native-expanded,110-Rust-Sand-unsupported-32-baseline-w32-s04,Wall,338,338,22984,22984
native-expanded,110-Rust-Sand-unsupported-32-baseline-w32-s04,Sand,896,896,108864,94528
native-expanded,110-Rust-Sand-unsupported-32-baseline-w32-s04,Rust,512,512,48896,65280
native-expanded,111-Rust-Sand-granular-32-baseline-w32-s00,Wall,322,322,20608,20608
native-expanded,111-Rust-Sand-granular-32-baseline-w32-s00,Sand,1024,1024,114176,97792
native-expanded,111-Rust-Sand-granular-32-baseline-w32-s00,Rust,512,512,44800,61184
native-expanded,111-Rust-Sand-granular-32-baseline-w32-s01,Wall,336,336,22680,22680
native-expanded,111-Rust-Sand-granular-32-baseline-w32-s01,Sand,1024,1024,121344,104960
native-expanded,111-Rust-Sand-granular-32-baseline-w32-s01,Rust,512,512,48384,64768
native-expanded,111-Rust-Sand-granular-32-baseline-w32-s02,Wall,350,350,24850,24850
native-expanded,111-Rust-Sand-granular-32-baseline-w32-s02,Sand,1024,1024,128512,112128
native-expanded,111-Rust-Sand-granular-32-baseline-w32-s02,Rust,512,512,51968,68352
native-expanded,111-Rust-Sand-granular-32-baseline-w32-s03,Wall,324,324,20898,20898
native-expanded,111-Rust-Sand-granular-32-baseline-w32-s03,Sand,1024,1024,115200,98816
native-expanded,111-Rust-Sand-granular-32-baseline-w32-s03,Rust,512,512,45312,61696
native-expanded,111-Rust-Sand-granular-32-baseline-w32-s04,Wall,338,338,22984,22984
native-expanded,111-Rust-Sand-granular-32-baseline-w32-s04,Sand,1024,1024,122368,105984
native-expanded,111-Rust-Sand-granular-32-baseline-w32-s04,Rust,512,512,48896,65280
native-expanded,112-Mercury-Sand-packed-16-baseline-w32-s00,Wall,290,290,16240,16240
native-expanded,112-Mercury-Sand-packed-16-baseline-w32-s00,Sand,512,512,52992,44800
native-expanded,112-Mercury-Sand-packed-16-baseline-w32-s00,Mercury,512,512,44800,52992
native-expanded,112-Mercury-Sand-packed-16-baseline-w32-s01,Wall,304,304,18088,18088
native-expanded,112-Mercury-Sand-packed-16-baseline-w32-s01,Sand,512,512,56576,48384
native-expanded,112-Mercury-Sand-packed-16-baseline-w32-s01,Mercury,512,512,48384,56576
native-expanded,112-Mercury-Sand-packed-16-baseline-w32-s02,Wall,318,318,20034,20034
native-expanded,112-Mercury-Sand-packed-16-baseline-w32-s02,Sand,512,512,60160,51968
native-expanded,112-Mercury-Sand-packed-16-baseline-w32-s02,Mercury,512,512,51968,60160
native-expanded,112-Mercury-Sand-packed-16-baseline-w32-s03,Wall,292,292,16498,16498
native-expanded,112-Mercury-Sand-packed-16-baseline-w32-s03,Sand,512,512,53504,45312
native-expanded,112-Mercury-Sand-packed-16-baseline-w32-s03,Mercury,512,512,45312,53504
native-expanded,112-Mercury-Sand-packed-16-baseline-w32-s04,Wall,306,306,18360,18360
native-expanded,112-Mercury-Sand-packed-16-baseline-w32-s04,Sand,512,512,57088,48896
native-expanded,112-Mercury-Sand-packed-16-baseline-w32-s04,Mercury,512,512,48896,57088
native-expanded,113-Mercury-Sand-packed-64-baseline-w32-s00,Wall,386,386,30880,30880
native-expanded,113-Mercury-Sand-packed-64-baseline-w32-s00,Sand,2048,2048,261120,228352
native-expanded,113-Mercury-Sand-packed-64-baseline-w32-s00,Mercury,512,512,44800,77568
native-expanded,113-Mercury-Sand-packed-64-baseline-w32-s01,Wall,400,400,33400,33400
native-expanded,113-Mercury-Sand-packed-64-baseline-w32-s01,Sand,2048,2048,275456,242688
native-expanded,113-Mercury-Sand-packed-64-baseline-w32-s01,Mercury,512,512,48384,81152
native-expanded,113-Mercury-Sand-packed-64-baseline-w32-s02,Wall,414,414,36018,36018
native-expanded,113-Mercury-Sand-packed-64-baseline-w32-s02,Sand,2048,2048,289792,257024
native-expanded,113-Mercury-Sand-packed-64-baseline-w32-s02,Mercury,512,512,51968,84736
native-expanded,113-Mercury-Sand-packed-64-baseline-w32-s03,Wall,388,388,31234,31234
native-expanded,113-Mercury-Sand-packed-64-baseline-w32-s03,Sand,2048,2048,263168,230400
native-expanded,113-Mercury-Sand-packed-64-baseline-w32-s03,Mercury,512,512,45312,78080
native-expanded,113-Mercury-Sand-packed-64-baseline-w32-s04,Wall,402,402,33768,33768
native-expanded,113-Mercury-Sand-packed-64-baseline-w32-s04,Sand,2048,2048,277504,244736
native-expanded,113-Mercury-Sand-packed-64-baseline-w32-s04,Mercury,512,512,48896,81664
native-expanded,114-Mercury-Sand-open-32-baseline-w32-s00,Wall,386,386,24704,24704
native-expanded,114-Mercury-Sand-open-32-baseline-w32-s00,Sand,1024,1024,114176,113504
native-expanded,114-Mercury-Sand-open-32-baseline-w32-s00,Mercury,512,512,44800,62034
native-expanded,114-Mercury-Sand-open-32-baseline-w32-s01,Wall,400,400,27000,27000
native-expanded,114-Mercury-Sand-open-32-baseline-w32-s01,Sand,1024,1024,121344,120891
native-expanded,114-Mercury-Sand-open-32-baseline-w32-s01,Mercury,512,512,48384,65690
native-expanded,114-Mercury-Sand-open-32-baseline-w32-s02,Wall,414,414,29394,29394
native-expanded,114-Mercury-Sand-open-32-baseline-w32-s02,Sand,1024,1024,128512,128082
native-expanded,114-Mercury-Sand-open-32-baseline-w32-s02,Mercury,512,512,51968,69335
native-expanded,114-Mercury-Sand-open-32-baseline-w32-s03,Wall,388,388,25026,25026
native-expanded,114-Mercury-Sand-open-32-baseline-w32-s03,Sand,1024,1024,115200,115149
native-expanded,114-Mercury-Sand-open-32-baseline-w32-s03,Mercury,512,512,45312,62684
native-expanded,114-Mercury-Sand-open-32-baseline-w32-s04,Wall,402,402,27336,27336
native-expanded,114-Mercury-Sand-open-32-baseline-w32-s04,Sand,1024,1024,122368,122630
native-expanded,114-Mercury-Sand-open-32-baseline-w32-s04,Mercury,512,512,48896,66255
native-expanded,115-Mercury-Sand-saturated-32-baseline-w32-s00,Wall,322,322,20608,20608
native-expanded,115-Mercury-Sand-saturated-32-baseline-w32-s00,Sand,931,931,103808,90262
native-expanded,115-Mercury-Sand-saturated-32-baseline-w32-s00,Water,93,93,10368,7530
native-expanded,115-Mercury-Sand-saturated-32-baseline-w32-s00,Mercury,512,512,44800,61184
native-expanded,115-Mercury-Sand-saturated-32-baseline-w32-s01,Wall,336,336,22680,22680
native-expanded,115-Mercury-Sand-saturated-32-baseline-w32-s01,Sand,931,931,110334,96779
native-expanded,115-Mercury-Sand-saturated-32-baseline-w32-s01,Water,93,93,11010,8181
native-expanded,115-Mercury-Sand-saturated-32-baseline-w32-s01,Mercury,512,512,48384,64768
native-expanded,115-Mercury-Sand-saturated-32-baseline-w32-s02,Wall,350,350,24850,24850
native-expanded,115-Mercury-Sand-saturated-32-baseline-w32-s02,Sand,931,931,116827,103296
native-expanded,115-Mercury-Sand-saturated-32-baseline-w32-s02,Water,93,93,11685,8832
native-expanded,115-Mercury-Sand-saturated-32-baseline-w32-s02,Mercury,512,512,51968,68352
native-expanded,115-Mercury-Sand-saturated-32-baseline-w32-s03,Wall,324,324,20898,20898
native-expanded,115-Mercury-Sand-saturated-32-baseline-w32-s03,Sand,931,931,104727,91193
native-expanded,115-Mercury-Sand-saturated-32-baseline-w32-s03,Water,93,93,10473,7623
native-expanded,115-Mercury-Sand-saturated-32-baseline-w32-s03,Mercury,512,512,45312,61696
native-expanded,115-Mercury-Sand-saturated-32-baseline-w32-s04,Wall,338,338,22984,22984
native-expanded,115-Mercury-Sand-saturated-32-baseline-w32-s04,Sand,931,931,111253,97710
native-expanded,115-Mercury-Sand-saturated-32-baseline-w32-s04,Water,93,93,11115,8274
native-expanded,115-Mercury-Sand-saturated-32-baseline-w32-s04,Mercury,512,512,48896,65280
native-expanded,116-Mercury-Dust-packed-16-baseline-w32-s00,Wall,290,290,16240,16240
native-expanded,116-Mercury-Dust-packed-16-baseline-w32-s00,Dust,512,512,52992,44800
native-expanded,116-Mercury-Dust-packed-16-baseline-w32-s00,Mercury,512,512,44800,52992
native-expanded,116-Mercury-Dust-packed-16-baseline-w32-s01,Wall,304,304,18088,18088
native-expanded,116-Mercury-Dust-packed-16-baseline-w32-s01,Dust,512,512,56576,48384
native-expanded,116-Mercury-Dust-packed-16-baseline-w32-s01,Mercury,512,512,48384,56576
native-expanded,116-Mercury-Dust-packed-16-baseline-w32-s02,Wall,318,318,20034,20034
native-expanded,116-Mercury-Dust-packed-16-baseline-w32-s02,Dust,512,512,60160,51968
native-expanded,116-Mercury-Dust-packed-16-baseline-w32-s02,Mercury,512,512,51968,60160
native-expanded,116-Mercury-Dust-packed-16-baseline-w32-s03,Wall,292,292,16498,16498
native-expanded,116-Mercury-Dust-packed-16-baseline-w32-s03,Dust,512,512,53504,45312
native-expanded,116-Mercury-Dust-packed-16-baseline-w32-s03,Mercury,512,512,45312,53504
native-expanded,116-Mercury-Dust-packed-16-baseline-w32-s04,Wall,306,306,18360,18360
native-expanded,116-Mercury-Dust-packed-16-baseline-w32-s04,Dust,512,512,57088,48896
native-expanded,116-Mercury-Dust-packed-16-baseline-w32-s04,Mercury,512,512,48896,57088
native-expanded,117-Mercury-Dust-packed-64-baseline-w32-s00,Wall,386,386,30880,30880
native-expanded,117-Mercury-Dust-packed-64-baseline-w32-s00,Dust,2048,2048,261120,228352
native-expanded,117-Mercury-Dust-packed-64-baseline-w32-s00,Mercury,512,512,44800,77568
native-expanded,117-Mercury-Dust-packed-64-baseline-w32-s01,Wall,400,400,33400,33400
native-expanded,117-Mercury-Dust-packed-64-baseline-w32-s01,Dust,2048,2048,275456,242688
native-expanded,117-Mercury-Dust-packed-64-baseline-w32-s01,Mercury,512,512,48384,81152
native-expanded,117-Mercury-Dust-packed-64-baseline-w32-s02,Wall,414,414,36018,36018
native-expanded,117-Mercury-Dust-packed-64-baseline-w32-s02,Dust,2048,2048,289792,257024
native-expanded,117-Mercury-Dust-packed-64-baseline-w32-s02,Mercury,512,512,51968,84736
native-expanded,117-Mercury-Dust-packed-64-baseline-w32-s03,Wall,388,388,31234,31234
native-expanded,117-Mercury-Dust-packed-64-baseline-w32-s03,Dust,2048,2048,263168,230400
native-expanded,117-Mercury-Dust-packed-64-baseline-w32-s03,Mercury,512,512,45312,78080
native-expanded,117-Mercury-Dust-packed-64-baseline-w32-s04,Wall,402,402,33768,33768
native-expanded,117-Mercury-Dust-packed-64-baseline-w32-s04,Dust,2048,2048,277504,244736
native-expanded,117-Mercury-Dust-packed-64-baseline-w32-s04,Mercury,512,512,48896,81664
native-expanded,118-Mercury-Dust-open-32-baseline-w32-s00,Wall,386,386,24704,24704
native-expanded,118-Mercury-Dust-open-32-baseline-w32-s00,Dust,1024,1024,114176,113504
native-expanded,118-Mercury-Dust-open-32-baseline-w32-s00,Mercury,512,512,44800,62034
native-expanded,118-Mercury-Dust-open-32-baseline-w32-s01,Wall,400,400,27000,27000
native-expanded,118-Mercury-Dust-open-32-baseline-w32-s01,Dust,1024,1024,121344,120891
native-expanded,118-Mercury-Dust-open-32-baseline-w32-s01,Mercury,512,512,48384,65690
native-expanded,118-Mercury-Dust-open-32-baseline-w32-s02,Wall,414,414,29394,29394
native-expanded,118-Mercury-Dust-open-32-baseline-w32-s02,Dust,1024,1024,128512,128082
native-expanded,118-Mercury-Dust-open-32-baseline-w32-s02,Mercury,512,512,51968,69335
native-expanded,118-Mercury-Dust-open-32-baseline-w32-s03,Wall,388,388,25026,25026
native-expanded,118-Mercury-Dust-open-32-baseline-w32-s03,Dust,1024,1024,115200,115149
native-expanded,118-Mercury-Dust-open-32-baseline-w32-s03,Mercury,512,512,45312,62684
native-expanded,118-Mercury-Dust-open-32-baseline-w32-s04,Wall,402,402,27336,27336
native-expanded,118-Mercury-Dust-open-32-baseline-w32-s04,Dust,1024,1024,122368,122630
native-expanded,118-Mercury-Dust-open-32-baseline-w32-s04,Mercury,512,512,48896,66255
native-expanded,119-Mercury-Dust-saturated-32-baseline-w32-s00,Wall,322,322,20608,20608
native-expanded,119-Mercury-Dust-saturated-32-baseline-w32-s00,Water,93,93,10368,10233
native-expanded,119-Mercury-Dust-saturated-32-baseline-w32-s00,Dust,931,931,103808,87559
native-expanded,119-Mercury-Dust-saturated-32-baseline-w32-s00,Mercury,512,512,44800,61184
native-expanded,119-Mercury-Dust-saturated-32-baseline-w32-s01,Wall,336,336,22680,22680
native-expanded,119-Mercury-Dust-saturated-32-baseline-w32-s01,Water,93,93,11010,10884
native-expanded,119-Mercury-Dust-saturated-32-baseline-w32-s01,Dust,931,931,110334,94076
native-expanded,119-Mercury-Dust-saturated-32-baseline-w32-s01,Mercury,512,512,48384,64768
native-expanded,119-Mercury-Dust-saturated-32-baseline-w32-s02,Wall,350,350,24850,24850
native-expanded,119-Mercury-Dust-saturated-32-baseline-w32-s02,Water,93,93,11685,11535
native-expanded,119-Mercury-Dust-saturated-32-baseline-w32-s02,Dust,931,931,116827,100593
native-expanded,119-Mercury-Dust-saturated-32-baseline-w32-s02,Mercury,512,512,51968,68352
native-expanded,119-Mercury-Dust-saturated-32-baseline-w32-s03,Wall,324,324,20898,20898
native-expanded,119-Mercury-Dust-saturated-32-baseline-w32-s03,Water,93,93,10473,10326
native-expanded,119-Mercury-Dust-saturated-32-baseline-w32-s03,Dust,931,931,104727,88490
native-expanded,119-Mercury-Dust-saturated-32-baseline-w32-s03,Mercury,512,512,45312,61696
native-expanded,119-Mercury-Dust-saturated-32-baseline-w32-s04,Wall,338,338,22984,22984
native-expanded,119-Mercury-Dust-saturated-32-baseline-w32-s04,Water,93,93,11115,10977
native-expanded,119-Mercury-Dust-saturated-32-baseline-w32-s04,Dust,931,931,111253,95007
native-expanded,119-Mercury-Dust-saturated-32-baseline-w32-s04,Mercury,512,512,48896,65280
native-expanded,120-Water-Sand-packed-16-baseline-w32-s00,Wall,290,290,16240,16240
native-expanded,120-Water-Sand-packed-16-baseline-w32-s00,Sand,512,512,52992,52992
native-expanded,120-Water-Sand-packed-16-baseline-w32-s00,Water,512,512,44800,44800
native-expanded,120-Water-Sand-packed-16-baseline-w32-s01,Wall,304,304,18088,18088
native-expanded,120-Water-Sand-packed-16-baseline-w32-s01,Sand,512,512,56576,56576
native-expanded,120-Water-Sand-packed-16-baseline-w32-s01,Water,512,512,48384,48384
native-expanded,120-Water-Sand-packed-16-baseline-w32-s02,Wall,318,318,20034,20034
native-expanded,120-Water-Sand-packed-16-baseline-w32-s02,Sand,512,512,60160,60160
native-expanded,120-Water-Sand-packed-16-baseline-w32-s02,Water,512,512,51968,51968
native-expanded,120-Water-Sand-packed-16-baseline-w32-s03,Wall,292,292,16498,16498
native-expanded,120-Water-Sand-packed-16-baseline-w32-s03,Sand,512,512,53504,53504
native-expanded,120-Water-Sand-packed-16-baseline-w32-s03,Water,512,512,45312,45312
native-expanded,120-Water-Sand-packed-16-baseline-w32-s04,Wall,306,306,18360,18360
native-expanded,120-Water-Sand-packed-16-baseline-w32-s04,Sand,512,512,57088,57088
native-expanded,120-Water-Sand-packed-16-baseline-w32-s04,Water,512,512,48896,48896
native-expanded,121-Water-Sand-packed-64-baseline-w32-s00,Wall,386,386,30880,30880
native-expanded,121-Water-Sand-packed-64-baseline-w32-s00,Sand,2048,2048,261120,261120
native-expanded,121-Water-Sand-packed-64-baseline-w32-s00,Water,512,512,44800,44800
native-expanded,121-Water-Sand-packed-64-baseline-w32-s01,Wall,400,400,33400,33400
native-expanded,121-Water-Sand-packed-64-baseline-w32-s01,Sand,2048,2048,275456,275456
native-expanded,121-Water-Sand-packed-64-baseline-w32-s01,Water,512,512,48384,48384
native-expanded,121-Water-Sand-packed-64-baseline-w32-s02,Wall,414,414,36018,36018
native-expanded,121-Water-Sand-packed-64-baseline-w32-s02,Sand,2048,2048,289792,289792
native-expanded,121-Water-Sand-packed-64-baseline-w32-s02,Water,512,512,51968,51968
native-expanded,121-Water-Sand-packed-64-baseline-w32-s03,Wall,388,388,31234,31234
native-expanded,121-Water-Sand-packed-64-baseline-w32-s03,Sand,2048,2048,263168,263168
native-expanded,121-Water-Sand-packed-64-baseline-w32-s03,Water,512,512,45312,45312
native-expanded,121-Water-Sand-packed-64-baseline-w32-s04,Wall,402,402,33768,33768
native-expanded,121-Water-Sand-packed-64-baseline-w32-s04,Sand,2048,2048,277504,277504
native-expanded,121-Water-Sand-packed-64-baseline-w32-s04,Water,512,512,48896,48896
native-expanded,122-Water-Sand-open-32-baseline-w32-s00,Wall,386,386,24704,24704
native-expanded,122-Water-Sand-open-32-baseline-w32-s00,Sand,1024,1024,114176,120594
native-expanded,122-Water-Sand-open-32-baseline-w32-s00,Water,512,556,44800,60789
native-expanded,122-Water-Sand-open-32-baseline-w32-s01,Wall,400,400,27000,27000
native-expanded,122-Water-Sand-open-32-baseline-w32-s01,Sand,1024,1024,121344,127858
native-expanded,122-Water-Sand-open-32-baseline-w32-s01,Water,512,533,48384,62404
native-expanded,122-Water-Sand-open-32-baseline-w32-s02,Wall,414,414,29394,29394
native-expanded,122-Water-Sand-open-32-baseline-w32-s02,Sand,1024,1024,128512,135109
native-expanded,122-Water-Sand-open-32-baseline-w32-s02,Water,512,524,51968,65100
native-expanded,122-Water-Sand-open-32-baseline-w32-s03,Wall,388,388,25026,25026
native-expanded,122-Water-Sand-open-32-baseline-w32-s03,Sand,1024,1024,115200,122187
native-expanded,122-Water-Sand-open-32-baseline-w32-s03,Water,512,560,45312,61732
native-expanded,122-Water-Sand-open-32-baseline-w32-s04,Wall,402,402,27336,27336
native-expanded,122-Water-Sand-open-32-baseline-w32-s04,Sand,1024,1024,122368,129564
native-expanded,122-Water-Sand-open-32-baseline-w32-s04,Water,512,528,48896,61894
native-expanded,123-Water-Sand-saturated-32-baseline-w32-s00,Wall,322,322,20608,20608
native-expanded,123-Water-Sand-saturated-32-baseline-w32-s00,Sand,931,931,103808,105158
native-expanded,123-Water-Sand-saturated-32-baseline-w32-s00,Water,605,605,55168,53818
native-expanded,123-Water-Sand-saturated-32-baseline-w32-s01,Wall,336,336,22680,22680
native-expanded,123-Water-Sand-saturated-32-baseline-w32-s01,Sand,931,931,110334,111675
native-expanded,123-Water-Sand-saturated-32-baseline-w32-s01,Water,605,605,59394,58053
native-expanded,123-Water-Sand-saturated-32-baseline-w32-s02,Wall,350,350,24850,24850
native-expanded,123-Water-Sand-saturated-32-baseline-w32-s02,Sand,931,931,116827,118192
native-expanded,123-Water-Sand-saturated-32-baseline-w32-s02,Water,605,605,63653,62288
native-expanded,123-Water-Sand-saturated-32-baseline-w32-s03,Wall,324,324,20898,20898
native-expanded,123-Water-Sand-saturated-32-baseline-w32-s03,Sand,931,931,104727,106089
native-expanded,123-Water-Sand-saturated-32-baseline-w32-s03,Water,605,605,55785,54423
native-expanded,123-Water-Sand-saturated-32-baseline-w32-s04,Wall,338,338,22984,22984
native-expanded,123-Water-Sand-saturated-32-baseline-w32-s04,Sand,931,931,111253,112606
native-expanded,123-Water-Sand-saturated-32-baseline-w32-s04,Water,605,605,60011,58658
native-expanded,124-Water-Dust-packed-16-baseline-w32-s00,Wall,290,290,16240,16240
native-expanded,124-Water-Dust-packed-16-baseline-w32-s00,Water,512,512,44800,52992
native-expanded,124-Water-Dust-packed-16-baseline-w32-s00,Dust,512,512,52992,44800
native-expanded,124-Water-Dust-packed-16-baseline-w32-s01,Wall,304,304,18088,18088
native-expanded,124-Water-Dust-packed-16-baseline-w32-s01,Water,512,512,48384,56576
native-expanded,124-Water-Dust-packed-16-baseline-w32-s01,Dust,512,512,56576,48384
native-expanded,124-Water-Dust-packed-16-baseline-w32-s02,Wall,318,318,20034,20034
native-expanded,124-Water-Dust-packed-16-baseline-w32-s02,Water,512,512,51968,60160
native-expanded,124-Water-Dust-packed-16-baseline-w32-s02,Dust,512,512,60160,51968
native-expanded,124-Water-Dust-packed-16-baseline-w32-s03,Wall,292,292,16498,16498
native-expanded,124-Water-Dust-packed-16-baseline-w32-s03,Water,512,512,45312,53504
native-expanded,124-Water-Dust-packed-16-baseline-w32-s03,Dust,512,512,53504,45312
native-expanded,124-Water-Dust-packed-16-baseline-w32-s04,Wall,306,306,18360,18360
native-expanded,124-Water-Dust-packed-16-baseline-w32-s04,Water,512,512,48896,57088
native-expanded,124-Water-Dust-packed-16-baseline-w32-s04,Dust,512,512,57088,48896
native-expanded,125-Water-Dust-packed-64-baseline-w32-s00,Wall,386,386,30880,30880
native-expanded,125-Water-Dust-packed-64-baseline-w32-s00,Water,512,512,44800,77568
native-expanded,125-Water-Dust-packed-64-baseline-w32-s00,Dust,2048,2048,261120,228352
native-expanded,125-Water-Dust-packed-64-baseline-w32-s01,Wall,400,400,33400,33400
native-expanded,125-Water-Dust-packed-64-baseline-w32-s01,Water,512,512,48384,81152
native-expanded,125-Water-Dust-packed-64-baseline-w32-s01,Dust,2048,2048,275456,242688
native-expanded,125-Water-Dust-packed-64-baseline-w32-s02,Wall,414,414,36018,36018
native-expanded,125-Water-Dust-packed-64-baseline-w32-s02,Water,512,512,51968,84736
native-expanded,125-Water-Dust-packed-64-baseline-w32-s02,Dust,2048,2048,289792,257024
native-expanded,125-Water-Dust-packed-64-baseline-w32-s03,Wall,388,388,31234,31234
native-expanded,125-Water-Dust-packed-64-baseline-w32-s03,Water,512,512,45312,78080
native-expanded,125-Water-Dust-packed-64-baseline-w32-s03,Dust,2048,2048,263168,230400
native-expanded,125-Water-Dust-packed-64-baseline-w32-s04,Wall,402,402,33768,33768
native-expanded,125-Water-Dust-packed-64-baseline-w32-s04,Water,512,512,48896,81664
native-expanded,125-Water-Dust-packed-64-baseline-w32-s04,Dust,2048,2048,277504,244736
native-expanded,126-Water-Dust-open-32-baseline-w32-s00,Wall,386,386,24704,24704
native-expanded,126-Water-Dust-open-32-baseline-w32-s00,Water,512,515,44800,62388
native-expanded,126-Water-Dust-open-32-baseline-w32-s00,Dust,1024,1024,114176,113483
native-expanded,126-Water-Dust-open-32-baseline-w32-s01,Wall,400,400,27000,27000
native-expanded,126-Water-Dust-open-32-baseline-w32-s01,Water,512,512,48384,65690
native-expanded,126-Water-Dust-open-32-baseline-w32-s01,Dust,1024,1024,121344,120891
native-expanded,126-Water-Dust-open-32-baseline-w32-s02,Wall,414,414,29394,29394
native-expanded,126-Water-Dust-open-32-baseline-w32-s02,Water,512,516,51968,69858
native-expanded,126-Water-Dust-open-32-baseline-w32-s02,Dust,1024,1024,128512,128014
native-expanded,126-Water-Dust-open-32-baseline-w32-s03,Wall,388,388,25026,25026
native-expanded,126-Water-Dust-open-32-baseline-w32-s03,Water,512,512,45312,62684
native-expanded,126-Water-Dust-open-32-baseline-w32-s03,Dust,1024,1024,115200,115149
native-expanded,126-Water-Dust-open-32-baseline-w32-s04,Wall,402,402,27336,27336
native-expanded,126-Water-Dust-open-32-baseline-w32-s04,Water,512,512,48896,66255
native-expanded,126-Water-Dust-open-32-baseline-w32-s04,Dust,1024,1024,122368,122630
native-expanded,127-Water-Dust-saturated-32-baseline-w32-s00,Wall,322,322,20608,20608
native-expanded,127-Water-Dust-saturated-32-baseline-w32-s00,Water,605,605,55168,71417
native-expanded,127-Water-Dust-saturated-32-baseline-w32-s00,Dust,931,931,103808,87559
native-expanded,127-Water-Dust-saturated-32-baseline-w32-s01,Wall,336,336,22680,22680
native-expanded,127-Water-Dust-saturated-32-baseline-w32-s01,Water,605,605,59394,75651
native-expanded,127-Water-Dust-saturated-32-baseline-w32-s01,Dust,931,931,110334,94077
native-expanded,127-Water-Dust-saturated-32-baseline-w32-s02,Wall,350,350,24850,24850
native-expanded,127-Water-Dust-saturated-32-baseline-w32-s02,Water,605,605,63653,79885
native-expanded,127-Water-Dust-saturated-32-baseline-w32-s02,Dust,931,931,116827,100595
native-expanded,127-Water-Dust-saturated-32-baseline-w32-s03,Wall,324,324,20898,20898
native-expanded,127-Water-Dust-saturated-32-baseline-w32-s03,Water,605,605,55785,72022
native-expanded,127-Water-Dust-saturated-32-baseline-w32-s03,Dust,931,931,104727,88490
native-expanded,127-Water-Dust-saturated-32-baseline-w32-s04,Wall,338,338,22984,22984
native-expanded,127-Water-Dust-saturated-32-baseline-w32-s04,Water,605,605,60011,76257
native-expanded,127-Water-Dust-saturated-32-baseline-w32-s04,Dust,931,931,111253,95007
native-expanded,128-Oil-Sand-packed-16-baseline-w32-s00,Wall,290,290,16240,16240
native-expanded,128-Oil-Sand-packed-16-baseline-w32-s00,Sand,512,512,52992,52992
native-expanded,128-Oil-Sand-packed-16-baseline-w32-s00,Oil,512,512,44800,44800
native-expanded,128-Oil-Sand-packed-16-baseline-w32-s01,Wall,304,304,18088,18088
native-expanded,128-Oil-Sand-packed-16-baseline-w32-s01,Sand,512,512,56576,56576
native-expanded,128-Oil-Sand-packed-16-baseline-w32-s01,Oil,512,512,48384,48384
native-expanded,128-Oil-Sand-packed-16-baseline-w32-s02,Wall,318,318,20034,20034
native-expanded,128-Oil-Sand-packed-16-baseline-w32-s02,Sand,512,512,60160,60160
native-expanded,128-Oil-Sand-packed-16-baseline-w32-s02,Oil,512,512,51968,51968
native-expanded,128-Oil-Sand-packed-16-baseline-w32-s03,Wall,292,292,16498,16498
native-expanded,128-Oil-Sand-packed-16-baseline-w32-s03,Sand,512,512,53504,53504
native-expanded,128-Oil-Sand-packed-16-baseline-w32-s03,Oil,512,512,45312,45312
native-expanded,128-Oil-Sand-packed-16-baseline-w32-s04,Wall,306,306,18360,18360
native-expanded,128-Oil-Sand-packed-16-baseline-w32-s04,Sand,512,512,57088,57088
native-expanded,128-Oil-Sand-packed-16-baseline-w32-s04,Oil,512,512,48896,48896
native-expanded,129-Oil-Sand-packed-64-baseline-w32-s00,Wall,386,386,30880,30880
native-expanded,129-Oil-Sand-packed-64-baseline-w32-s00,Sand,2048,2048,261120,261120
native-expanded,129-Oil-Sand-packed-64-baseline-w32-s00,Oil,512,512,44800,44800
native-expanded,129-Oil-Sand-packed-64-baseline-w32-s01,Wall,400,400,33400,33400
native-expanded,129-Oil-Sand-packed-64-baseline-w32-s01,Sand,2048,2048,275456,275456
native-expanded,129-Oil-Sand-packed-64-baseline-w32-s01,Oil,512,512,48384,48384
native-expanded,129-Oil-Sand-packed-64-baseline-w32-s02,Wall,414,414,36018,36018
native-expanded,129-Oil-Sand-packed-64-baseline-w32-s02,Sand,2048,2048,289792,289792
native-expanded,129-Oil-Sand-packed-64-baseline-w32-s02,Oil,512,512,51968,51968
native-expanded,129-Oil-Sand-packed-64-baseline-w32-s03,Wall,388,388,31234,31234
native-expanded,129-Oil-Sand-packed-64-baseline-w32-s03,Sand,2048,2048,263168,263168
native-expanded,129-Oil-Sand-packed-64-baseline-w32-s03,Oil,512,512,45312,45312
native-expanded,129-Oil-Sand-packed-64-baseline-w32-s04,Wall,402,402,33768,33768
native-expanded,129-Oil-Sand-packed-64-baseline-w32-s04,Sand,2048,2048,277504,277504
native-expanded,129-Oil-Sand-packed-64-baseline-w32-s04,Oil,512,512,48896,48896
native-expanded,130-Oil-Sand-open-32-baseline-w32-s00,Wall,386,386,24704,24704
native-expanded,130-Oil-Sand-open-32-baseline-w32-s00,Sand,1024,1024,114176,120594
native-expanded,130-Oil-Sand-open-32-baseline-w32-s00,Oil,512,512,44800,56168
native-expanded,130-Oil-Sand-open-32-baseline-w32-s01,Wall,400,400,27000,27000
native-expanded,130-Oil-Sand-open-32-baseline-w32-s01,Sand,1024,1024,121344,127858
native-expanded,130-Oil-Sand-open-32-baseline-w32-s01,Oil,512,512,48384,59996
native-expanded,130-Oil-Sand-open-32-baseline-w32-s02,Wall,414,414,29394,29394
native-expanded,130-Oil-Sand-open-32-baseline-w32-s02,Sand,1024,1024,128512,135109
native-expanded,130-Oil-Sand-open-32-baseline-w32-s02,Oil,512,512,51968,63673
native-expanded,130-Oil-Sand-open-32-baseline-w32-s03,Wall,388,388,25026,25026
native-expanded,130-Oil-Sand-open-32-baseline-w32-s03,Sand,1024,1024,115200,122187
native-expanded,130-Oil-Sand-open-32-baseline-w32-s03,Oil,512,512,45312,56720
native-expanded,130-Oil-Sand-open-32-baseline-w32-s04,Wall,402,402,27336,27336
native-expanded,130-Oil-Sand-open-32-baseline-w32-s04,Sand,1024,1024,122368,129564
native-expanded,130-Oil-Sand-open-32-baseline-w32-s04,Oil,512,512,48896,60102
native-expanded,131-Oil-Sand-saturated-32-baseline-w32-s00,Wall,322,322,20608,20608
native-expanded,131-Oil-Sand-saturated-32-baseline-w32-s00,Sand,931,931,103808,105158
native-expanded,131-Oil-Sand-saturated-32-baseline-w32-s00,Water,93,93,10368,9018
native-expanded,131-Oil-Sand-saturated-32-baseline-w32-s00,Oil,512,512,44800,44800
native-expanded,131-Oil-Sand-saturated-32-baseline-w32-s01,Wall,336,336,22680,22680
native-expanded,131-Oil-Sand-saturated-32-baseline-w32-s01,Sand,931,931,110334,111675
native-expanded,131-Oil-Sand-saturated-32-baseline-w32-s01,Water,93,93,11010,9669
native-expanded,131-Oil-Sand-saturated-32-baseline-w32-s01,Oil,512,512,48384,48384
native-expanded,131-Oil-Sand-saturated-32-baseline-w32-s02,Wall,350,350,24850,24850
native-expanded,131-Oil-Sand-saturated-32-baseline-w32-s02,Sand,931,931,116827,118192
native-expanded,131-Oil-Sand-saturated-32-baseline-w32-s02,Water,93,93,11685,10320
native-expanded,131-Oil-Sand-saturated-32-baseline-w32-s02,Oil,512,512,51968,51968
native-expanded,131-Oil-Sand-saturated-32-baseline-w32-s03,Wall,324,324,20898,20898
native-expanded,131-Oil-Sand-saturated-32-baseline-w32-s03,Sand,931,931,104727,106089
native-expanded,131-Oil-Sand-saturated-32-baseline-w32-s03,Water,93,93,10473,9111
native-expanded,131-Oil-Sand-saturated-32-baseline-w32-s03,Oil,512,512,45312,45312
native-expanded,131-Oil-Sand-saturated-32-baseline-w32-s04,Wall,338,338,22984,22984
native-expanded,131-Oil-Sand-saturated-32-baseline-w32-s04,Sand,931,931,111253,112606
native-expanded,131-Oil-Sand-saturated-32-baseline-w32-s04,Water,93,93,11115,9762
native-expanded,131-Oil-Sand-saturated-32-baseline-w32-s04,Oil,512,512,48896,48896
native-expanded,132-Oil-Dust-packed-16-baseline-w32-s00,Wall,290,290,16240,16240
native-expanded,132-Oil-Dust-packed-16-baseline-w32-s00,Dust,512,512,52992,52992
native-expanded,132-Oil-Dust-packed-16-baseline-w32-s00,Oil,512,512,44800,44800
native-expanded,132-Oil-Dust-packed-16-baseline-w32-s01,Wall,304,304,18088,18088
native-expanded,132-Oil-Dust-packed-16-baseline-w32-s01,Dust,512,512,56576,56576
native-expanded,132-Oil-Dust-packed-16-baseline-w32-s01,Oil,512,512,48384,48384
native-expanded,132-Oil-Dust-packed-16-baseline-w32-s02,Wall,318,318,20034,20034
native-expanded,132-Oil-Dust-packed-16-baseline-w32-s02,Dust,512,512,60160,60160
native-expanded,132-Oil-Dust-packed-16-baseline-w32-s02,Oil,512,512,51968,51968
native-expanded,132-Oil-Dust-packed-16-baseline-w32-s03,Wall,292,292,16498,16498
native-expanded,132-Oil-Dust-packed-16-baseline-w32-s03,Dust,512,512,53504,53504
native-expanded,132-Oil-Dust-packed-16-baseline-w32-s03,Oil,512,512,45312,45312
native-expanded,132-Oil-Dust-packed-16-baseline-w32-s04,Wall,306,306,18360,18360
native-expanded,132-Oil-Dust-packed-16-baseline-w32-s04,Dust,512,512,57088,57088
native-expanded,132-Oil-Dust-packed-16-baseline-w32-s04,Oil,512,512,48896,48896
native-expanded,133-Oil-Dust-packed-64-baseline-w32-s00,Wall,386,386,30880,30880
native-expanded,133-Oil-Dust-packed-64-baseline-w32-s00,Dust,2048,2048,261120,261120
native-expanded,133-Oil-Dust-packed-64-baseline-w32-s00,Oil,512,512,44800,44800
native-expanded,133-Oil-Dust-packed-64-baseline-w32-s01,Wall,400,400,33400,33400
native-expanded,133-Oil-Dust-packed-64-baseline-w32-s01,Dust,2048,2048,275456,275456
native-expanded,133-Oil-Dust-packed-64-baseline-w32-s01,Oil,512,512,48384,48384
native-expanded,133-Oil-Dust-packed-64-baseline-w32-s02,Wall,414,414,36018,36018
native-expanded,133-Oil-Dust-packed-64-baseline-w32-s02,Dust,2048,2048,289792,289792
native-expanded,133-Oil-Dust-packed-64-baseline-w32-s02,Oil,512,512,51968,51968
native-expanded,133-Oil-Dust-packed-64-baseline-w32-s03,Wall,388,388,31234,31234
native-expanded,133-Oil-Dust-packed-64-baseline-w32-s03,Dust,2048,2048,263168,263168
native-expanded,133-Oil-Dust-packed-64-baseline-w32-s03,Oil,512,512,45312,45312
native-expanded,133-Oil-Dust-packed-64-baseline-w32-s04,Wall,402,402,33768,33768
native-expanded,133-Oil-Dust-packed-64-baseline-w32-s04,Dust,2048,2048,277504,277504
native-expanded,133-Oil-Dust-packed-64-baseline-w32-s04,Oil,512,512,48896,48896
native-expanded,134-Oil-Dust-open-32-baseline-w32-s00,Wall,386,386,24704,24704
native-expanded,134-Oil-Dust-open-32-baseline-w32-s00,Dust,1024,1024,114176,119005
native-expanded,134-Oil-Dust-open-32-baseline-w32-s00,Oil,512,512,44800,57116
native-expanded,134-Oil-Dust-open-32-baseline-w32-s01,Wall,400,400,27000,27000
native-expanded,134-Oil-Dust-open-32-baseline-w32-s01,Dust,1024,1024,121344,126761
native-expanded,134-Oil-Dust-open-32-baseline-w32-s01,Oil,512,512,48384,61003
native-expanded,134-Oil-Dust-open-32-baseline-w32-s02,Wall,414,414,29394,29394
native-expanded,134-Oil-Dust-open-32-baseline-w32-s02,Dust,1024,1024,128512,134747
native-expanded,134-Oil-Dust-open-32-baseline-w32-s02,Oil,512,512,51968,64018
native-expanded,134-Oil-Dust-open-32-baseline-w32-s03,Wall,388,388,25026,25026
native-expanded,134-Oil-Dust-open-32-baseline-w32-s03,Dust,1024,1024,115200,121758
native-expanded,134-Oil-Dust-open-32-baseline-w32-s03,Oil,512,512,45312,57085
native-expanded,134-Oil-Dust-open-32-baseline-w32-s04,Wall,402,402,27336,27336
native-expanded,134-Oil-Dust-open-32-baseline-w32-s04,Dust,1024,1024,122368,129064
native-expanded,134-Oil-Dust-open-32-baseline-w32-s04,Oil,512,512,48896,60529
native-expanded,135-Oil-Dust-saturated-32-baseline-w32-s00,Wall,322,322,20608,20608
native-expanded,135-Oil-Dust-saturated-32-baseline-w32-s00,Water,93,93,10368,11721
native-expanded,135-Oil-Dust-saturated-32-baseline-w32-s00,Dust,931,931,103808,102455
native-expanded,135-Oil-Dust-saturated-32-baseline-w32-s00,Oil,512,512,44800,44800
native-expanded,135-Oil-Dust-saturated-32-baseline-w32-s01,Wall,336,336,22680,22680
native-expanded,135-Oil-Dust-saturated-32-baseline-w32-s01,Water,93,93,11010,12372
native-expanded,135-Oil-Dust-saturated-32-baseline-w32-s01,Dust,931,931,110334,108972
native-expanded,135-Oil-Dust-saturated-32-baseline-w32-s01,Oil,512,512,48384,48384
native-expanded,135-Oil-Dust-saturated-32-baseline-w32-s02,Wall,350,350,24850,24850
native-expanded,135-Oil-Dust-saturated-32-baseline-w32-s02,Water,93,93,11685,13023
native-expanded,135-Oil-Dust-saturated-32-baseline-w32-s02,Dust,931,931,116827,115489
native-expanded,135-Oil-Dust-saturated-32-baseline-w32-s02,Oil,512,512,51968,51968
native-expanded,135-Oil-Dust-saturated-32-baseline-w32-s03,Wall,324,324,20898,20898
native-expanded,135-Oil-Dust-saturated-32-baseline-w32-s03,Water,93,93,10473,11814
native-expanded,135-Oil-Dust-saturated-32-baseline-w32-s03,Dust,931,931,104727,103386
native-expanded,135-Oil-Dust-saturated-32-baseline-w32-s03,Oil,512,512,45312,45312
native-expanded,135-Oil-Dust-saturated-32-baseline-w32-s04,Wall,338,338,22984,22984
native-expanded,135-Oil-Dust-saturated-32-baseline-w32-s04,Water,93,93,11115,12465
native-expanded,135-Oil-Dust-saturated-32-baseline-w32-s04,Dust,931,931,111253,109903
native-expanded,135-Oil-Dust-saturated-32-baseline-w32-s04,Oil,512,512,48896,48896
native-expanded,136-Brine-Sand-packed-16-baseline-w32-s00,Wall,290,290,16240,16240
native-expanded,136-Brine-Sand-packed-16-baseline-w32-s00,Sand,512,512,52992,52992
native-expanded,136-Brine-Sand-packed-16-baseline-w32-s00,Brine,512,512,44800,44800
native-expanded,136-Brine-Sand-packed-16-baseline-w32-s01,Wall,304,304,18088,18088
native-expanded,136-Brine-Sand-packed-16-baseline-w32-s01,Sand,512,512,56576,56576
native-expanded,136-Brine-Sand-packed-16-baseline-w32-s01,Brine,512,512,48384,48384
native-expanded,136-Brine-Sand-packed-16-baseline-w32-s02,Wall,318,318,20034,20034
native-expanded,136-Brine-Sand-packed-16-baseline-w32-s02,Sand,512,512,60160,60160
native-expanded,136-Brine-Sand-packed-16-baseline-w32-s02,Brine,512,512,51968,51968
native-expanded,136-Brine-Sand-packed-16-baseline-w32-s03,Wall,292,292,16498,16498
native-expanded,136-Brine-Sand-packed-16-baseline-w32-s03,Sand,512,512,53504,53504
native-expanded,136-Brine-Sand-packed-16-baseline-w32-s03,Brine,512,512,45312,45312
native-expanded,136-Brine-Sand-packed-16-baseline-w32-s04,Wall,306,306,18360,18360
native-expanded,136-Brine-Sand-packed-16-baseline-w32-s04,Sand,512,512,57088,57088
native-expanded,136-Brine-Sand-packed-16-baseline-w32-s04,Brine,512,512,48896,48896
native-expanded,137-Brine-Sand-packed-64-baseline-w32-s00,Wall,386,386,30880,30880
native-expanded,137-Brine-Sand-packed-64-baseline-w32-s00,Sand,2048,2048,261120,261120
native-expanded,137-Brine-Sand-packed-64-baseline-w32-s00,Brine,512,512,44800,44800
native-expanded,137-Brine-Sand-packed-64-baseline-w32-s01,Wall,400,400,33400,33400
native-expanded,137-Brine-Sand-packed-64-baseline-w32-s01,Sand,2048,2048,275456,275456
native-expanded,137-Brine-Sand-packed-64-baseline-w32-s01,Brine,512,512,48384,48384
native-expanded,137-Brine-Sand-packed-64-baseline-w32-s02,Wall,414,414,36018,36018
native-expanded,137-Brine-Sand-packed-64-baseline-w32-s02,Sand,2048,2048,289792,289792
native-expanded,137-Brine-Sand-packed-64-baseline-w32-s02,Brine,512,512,51968,51968
native-expanded,137-Brine-Sand-packed-64-baseline-w32-s03,Wall,388,388,31234,31234
native-expanded,137-Brine-Sand-packed-64-baseline-w32-s03,Sand,2048,2048,263168,263168
native-expanded,137-Brine-Sand-packed-64-baseline-w32-s03,Brine,512,512,45312,45312
native-expanded,137-Brine-Sand-packed-64-baseline-w32-s04,Wall,402,402,33768,33768
native-expanded,137-Brine-Sand-packed-64-baseline-w32-s04,Sand,2048,2048,277504,277504
native-expanded,137-Brine-Sand-packed-64-baseline-w32-s04,Brine,512,512,48896,48896
native-expanded,138-Brine-Sand-open-32-baseline-w32-s00,Wall,386,386,24704,24704
native-expanded,138-Brine-Sand-open-32-baseline-w32-s00,Sand,1024,1024,114176,120594
native-expanded,138-Brine-Sand-open-32-baseline-w32-s00,Brine,512,512,44800,55889
native-expanded,138-Brine-Sand-open-32-baseline-w32-s01,Wall,400,400,27000,27000
native-expanded,138-Brine-Sand-open-32-baseline-w32-s01,Sand,1024,1024,121344,127858
native-expanded,138-Brine-Sand-open-32-baseline-w32-s01,Brine,512,512,48384,59926
native-expanded,138-Brine-Sand-open-32-baseline-w32-s02,Wall,414,414,29394,29394
native-expanded,138-Brine-Sand-open-32-baseline-w32-s02,Sand,1024,1024,128512,135109
native-expanded,138-Brine-Sand-open-32-baseline-w32-s02,Brine,512,512,51968,63673
native-expanded,138-Brine-Sand-open-32-baseline-w32-s03,Wall,388,388,25026,25026
native-expanded,138-Brine-Sand-open-32-baseline-w32-s03,Sand,1024,1024,115200,122187
native-expanded,138-Brine-Sand-open-32-baseline-w32-s03,Brine,512,512,45312,56724
native-expanded,138-Brine-Sand-open-32-baseline-w32-s04,Wall,402,402,27336,27336
native-expanded,138-Brine-Sand-open-32-baseline-w32-s04,Sand,1024,1024,122368,129564
native-expanded,138-Brine-Sand-open-32-baseline-w32-s04,Brine,512,512,48896,60102
native-expanded,139-Brine-Sand-saturated-32-baseline-w32-s00,Wall,322,322,20608,20608
native-expanded,139-Brine-Sand-saturated-32-baseline-w32-s00,Sand,931,931,103808,105158
native-expanded,139-Brine-Sand-saturated-32-baseline-w32-s00,Water,93,93,10368,7530
native-expanded,139-Brine-Sand-saturated-32-baseline-w32-s00,Brine,512,512,44800,46288
native-expanded,139-Brine-Sand-saturated-32-baseline-w32-s01,Wall,336,336,22680,22680
native-expanded,139-Brine-Sand-saturated-32-baseline-w32-s01,Sand,931,931,110334,111675
native-expanded,139-Brine-Sand-saturated-32-baseline-w32-s01,Water,93,93,11010,8181
native-expanded,139-Brine-Sand-saturated-32-baseline-w32-s01,Brine,512,512,48384,49872
native-expanded,139-Brine-Sand-saturated-32-baseline-w32-s02,Wall,350,350,24850,24850
native-expanded,139-Brine-Sand-saturated-32-baseline-w32-s02,Sand,931,931,116827,118192
native-expanded,139-Brine-Sand-saturated-32-baseline-w32-s02,Water,93,93,11685,8832
native-expanded,139-Brine-Sand-saturated-32-baseline-w32-s02,Brine,512,512,51968,53456
native-expanded,139-Brine-Sand-saturated-32-baseline-w32-s03,Wall,324,324,20898,20898
native-expanded,139-Brine-Sand-saturated-32-baseline-w32-s03,Sand,931,931,104727,106089
native-expanded,139-Brine-Sand-saturated-32-baseline-w32-s03,Water,93,93,10473,7623
native-expanded,139-Brine-Sand-saturated-32-baseline-w32-s03,Brine,512,512,45312,46800
native-expanded,139-Brine-Sand-saturated-32-baseline-w32-s04,Wall,338,338,22984,22984
native-expanded,139-Brine-Sand-saturated-32-baseline-w32-s04,Sand,931,931,111253,112606
native-expanded,139-Brine-Sand-saturated-32-baseline-w32-s04,Water,93,93,11115,8274
native-expanded,139-Brine-Sand-saturated-32-baseline-w32-s04,Brine,512,512,48896,50384
native-expanded,140-Brine-Dust-packed-16-baseline-w32-s00,Wall,290,290,16240,16240
native-expanded,140-Brine-Dust-packed-16-baseline-w32-s00,Dust,512,512,52992,44800
native-expanded,140-Brine-Dust-packed-16-baseline-w32-s00,Brine,512,512,44800,52992
native-expanded,140-Brine-Dust-packed-16-baseline-w32-s01,Wall,304,304,18088,18088
native-expanded,140-Brine-Dust-packed-16-baseline-w32-s01,Dust,512,512,56576,48384
native-expanded,140-Brine-Dust-packed-16-baseline-w32-s01,Brine,512,512,48384,56576
native-expanded,140-Brine-Dust-packed-16-baseline-w32-s02,Wall,318,318,20034,20034
native-expanded,140-Brine-Dust-packed-16-baseline-w32-s02,Dust,512,512,60160,51968
native-expanded,140-Brine-Dust-packed-16-baseline-w32-s02,Brine,512,512,51968,60160
native-expanded,140-Brine-Dust-packed-16-baseline-w32-s03,Wall,292,292,16498,16498
native-expanded,140-Brine-Dust-packed-16-baseline-w32-s03,Dust,512,512,53504,45312
native-expanded,140-Brine-Dust-packed-16-baseline-w32-s03,Brine,512,512,45312,53504
native-expanded,140-Brine-Dust-packed-16-baseline-w32-s04,Wall,306,306,18360,18360
native-expanded,140-Brine-Dust-packed-16-baseline-w32-s04,Dust,512,512,57088,48896
native-expanded,140-Brine-Dust-packed-16-baseline-w32-s04,Brine,512,512,48896,57088
native-expanded,141-Brine-Dust-packed-64-baseline-w32-s00,Wall,386,386,30880,30880
native-expanded,141-Brine-Dust-packed-64-baseline-w32-s00,Dust,2048,2048,261120,228352
native-expanded,141-Brine-Dust-packed-64-baseline-w32-s00,Brine,512,512,44800,77568
native-expanded,141-Brine-Dust-packed-64-baseline-w32-s01,Wall,400,400,33400,33400
native-expanded,141-Brine-Dust-packed-64-baseline-w32-s01,Dust,2048,2048,275456,242688
native-expanded,141-Brine-Dust-packed-64-baseline-w32-s01,Brine,512,512,48384,81152
native-expanded,141-Brine-Dust-packed-64-baseline-w32-s02,Wall,414,414,36018,36018
native-expanded,141-Brine-Dust-packed-64-baseline-w32-s02,Dust,2048,2048,289792,257024
native-expanded,141-Brine-Dust-packed-64-baseline-w32-s02,Brine,512,512,51968,84736
native-expanded,141-Brine-Dust-packed-64-baseline-w32-s03,Wall,388,388,31234,31234
native-expanded,141-Brine-Dust-packed-64-baseline-w32-s03,Dust,2048,2048,263168,230400
native-expanded,141-Brine-Dust-packed-64-baseline-w32-s03,Brine,512,512,45312,78080
native-expanded,141-Brine-Dust-packed-64-baseline-w32-s04,Wall,402,402,33768,33768
native-expanded,141-Brine-Dust-packed-64-baseline-w32-s04,Dust,2048,2048,277504,244736
native-expanded,141-Brine-Dust-packed-64-baseline-w32-s04,Brine,512,512,48896,81664
native-expanded,142-Brine-Dust-open-32-baseline-w32-s00,Wall,386,386,24704,24704
native-expanded,142-Brine-Dust-open-32-baseline-w32-s00,Dust,1024,1024,114176,113504
native-expanded,142-Brine-Dust-open-32-baseline-w32-s00,Brine,512,512,44800,62034
native-expanded,142-Brine-Dust-open-32-baseline-w32-s01,Wall,400,400,27000,27000
native-expanded,142-Brine-Dust-open-32-baseline-w32-s01,Dust,1024,1024,121344,120891
native-expanded,142-Brine-Dust-open-32-baseline-w32-s01,Brine,512,512,48384,65690
native-expanded,142-Brine-Dust-open-32-baseline-w32-s02,Wall,414,414,29394,29394
native-expanded,142-Brine-Dust-open-32-baseline-w32-s02,Dust,1024,1024,128512,128039
native-expanded,142-Brine-Dust-open-32-baseline-w32-s02,Brine,512,512,51968,69359
native-expanded,142-Brine-Dust-open-32-baseline-w32-s03,Wall,388,388,25026,25026
native-expanded,142-Brine-Dust-open-32-baseline-w32-s03,Dust,1024,1024,115200,115149
native-expanded,142-Brine-Dust-open-32-baseline-w32-s03,Brine,512,512,45312,62684
native-expanded,142-Brine-Dust-open-32-baseline-w32-s04,Wall,402,402,27336,27336
native-expanded,142-Brine-Dust-open-32-baseline-w32-s04,Dust,1024,1024,122368,122630
native-expanded,142-Brine-Dust-open-32-baseline-w32-s04,Brine,512,512,48896,66255
native-expanded,143-Brine-Dust-saturated-32-baseline-w32-s00,Wall,322,322,20608,20608
native-expanded,143-Brine-Dust-saturated-32-baseline-w32-s00,Water,93,93,10368,10233
native-expanded,143-Brine-Dust-saturated-32-baseline-w32-s00,Dust,931,931,103808,87559
native-expanded,143-Brine-Dust-saturated-32-baseline-w32-s00,Brine,512,512,44800,61184
native-expanded,143-Brine-Dust-saturated-32-baseline-w32-s01,Wall,336,336,22680,22680
native-expanded,143-Brine-Dust-saturated-32-baseline-w32-s01,Water,93,93,11010,10884
native-expanded,143-Brine-Dust-saturated-32-baseline-w32-s01,Dust,931,931,110334,94076
native-expanded,143-Brine-Dust-saturated-32-baseline-w32-s01,Brine,512,512,48384,64768
native-expanded,143-Brine-Dust-saturated-32-baseline-w32-s02,Wall,350,350,24850,24850
native-expanded,143-Brine-Dust-saturated-32-baseline-w32-s02,Water,93,93,11685,11535
native-expanded,143-Brine-Dust-saturated-32-baseline-w32-s02,Dust,931,931,116827,100593
native-expanded,143-Brine-Dust-saturated-32-baseline-w32-s02,Brine,512,512,51968,68352
native-expanded,143-Brine-Dust-saturated-32-baseline-w32-s03,Wall,324,324,20898,20898
native-expanded,143-Brine-Dust-saturated-32-baseline-w32-s03,Water,93,93,10473,10326
native-expanded,143-Brine-Dust-saturated-32-baseline-w32-s03,Dust,931,931,104727,88490
native-expanded,143-Brine-Dust-saturated-32-baseline-w32-s03,Brine,512,512,45312,61696
native-expanded,143-Brine-Dust-saturated-32-baseline-w32-s04,Wall,338,338,22984,22984
native-expanded,143-Brine-Dust-saturated-32-baseline-w32-s04,Water,93,93,11115,10977
native-expanded,143-Brine-Dust-saturated-32-baseline-w32-s04,Dust,931,931,111253,95007
native-expanded,143-Brine-Dust-saturated-32-baseline-w32-s04,Brine,512,512,48896,65280
native-expanded,144-Paste-Sand-packed-16-baseline-w32-s00,Wall,290,290,16240,16240
native-expanded,144-Paste-Sand-packed-16-baseline-w32-s00,Sand,512,512,52992,52992
native-expanded,144-Paste-Sand-packed-16-baseline-w32-s00,Paste,512,512,44800,44800
native-expanded,144-Paste-Sand-packed-16-baseline-w32-s01,Wall,304,304,18088,18088
native-expanded,144-Paste-Sand-packed-16-baseline-w32-s01,Sand,512,512,56576,56576
native-expanded,144-Paste-Sand-packed-16-baseline-w32-s01,Paste,512,512,48384,48384
native-expanded,144-Paste-Sand-packed-16-baseline-w32-s02,Wall,318,318,20034,20034
native-expanded,144-Paste-Sand-packed-16-baseline-w32-s02,Sand,512,512,60160,60160
native-expanded,144-Paste-Sand-packed-16-baseline-w32-s02,Paste,512,512,51968,51968
native-expanded,144-Paste-Sand-packed-16-baseline-w32-s03,Wall,292,292,16498,16498
native-expanded,144-Paste-Sand-packed-16-baseline-w32-s03,Sand,512,512,53504,53504
native-expanded,144-Paste-Sand-packed-16-baseline-w32-s03,Paste,512,512,45312,45312
native-expanded,144-Paste-Sand-packed-16-baseline-w32-s04,Wall,306,306,18360,18360
native-expanded,144-Paste-Sand-packed-16-baseline-w32-s04,Sand,512,512,57088,57088
native-expanded,144-Paste-Sand-packed-16-baseline-w32-s04,Paste,512,512,48896,48896
native-expanded,145-Paste-Sand-packed-64-baseline-w32-s00,Wall,386,386,30880,30880
native-expanded,145-Paste-Sand-packed-64-baseline-w32-s00,Sand,2048,2048,261120,261120
native-expanded,145-Paste-Sand-packed-64-baseline-w32-s00,Paste,512,512,44800,44800
native-expanded,145-Paste-Sand-packed-64-baseline-w32-s01,Wall,400,400,33400,33400
native-expanded,145-Paste-Sand-packed-64-baseline-w32-s01,Sand,2048,2048,275456,275456
native-expanded,145-Paste-Sand-packed-64-baseline-w32-s01,Paste,512,512,48384,48384
native-expanded,145-Paste-Sand-packed-64-baseline-w32-s02,Wall,414,414,36018,36018
native-expanded,145-Paste-Sand-packed-64-baseline-w32-s02,Sand,2048,2048,289792,289792
native-expanded,145-Paste-Sand-packed-64-baseline-w32-s02,Paste,512,512,51968,51968
native-expanded,145-Paste-Sand-packed-64-baseline-w32-s03,Wall,388,388,31234,31234
native-expanded,145-Paste-Sand-packed-64-baseline-w32-s03,Sand,2048,2048,263168,263168
native-expanded,145-Paste-Sand-packed-64-baseline-w32-s03,Paste,512,512,45312,45312
native-expanded,145-Paste-Sand-packed-64-baseline-w32-s04,Wall,402,402,33768,33768
native-expanded,145-Paste-Sand-packed-64-baseline-w32-s04,Sand,2048,2048,277504,277504
native-expanded,145-Paste-Sand-packed-64-baseline-w32-s04,Paste,512,512,48896,48896
native-expanded,146-Paste-Sand-open-32-baseline-w32-s00,Wall,386,386,24704,24704
native-expanded,146-Paste-Sand-open-32-baseline-w32-s00,Sand,1024,1024,114176,120594
native-expanded,146-Paste-Sand-open-32-baseline-w32-s00,Paste,512,512,44800,55906
native-expanded,146-Paste-Sand-open-32-baseline-w32-s01,Wall,400,400,27000,27000
native-expanded,146-Paste-Sand-open-32-baseline-w32-s01,Sand,1024,1024,121344,127858
native-expanded,146-Paste-Sand-open-32-baseline-w32-s01,Paste,512,512,48384,59850
native-expanded,146-Paste-Sand-open-32-baseline-w32-s02,Wall,414,414,29394,29394
native-expanded,146-Paste-Sand-open-32-baseline-w32-s02,Sand,1024,1024,128512,135109
native-expanded,146-Paste-Sand-open-32-baseline-w32-s02,Paste,512,512,51968,63362
native-expanded,146-Paste-Sand-open-32-baseline-w32-s03,Wall,388,388,25026,25026
native-expanded,146-Paste-Sand-open-32-baseline-w32-s03,Sand,1024,1024,115200,122187
native-expanded,146-Paste-Sand-open-32-baseline-w32-s03,Paste,512,512,45312,56378
native-expanded,146-Paste-Sand-open-32-baseline-w32-s04,Wall,402,402,27336,27336
native-expanded,146-Paste-Sand-open-32-baseline-w32-s04,Sand,1024,1024,122368,129564
native-expanded,146-Paste-Sand-open-32-baseline-w32-s04,Paste,512,512,48896,59932
native-expanded,147-Paste-Sand-saturated-32-baseline-w32-s00,Wall,322,322,20608,20608
native-expanded,147-Paste-Sand-saturated-32-baseline-w32-s00,Sand,931,931,103808,105158
native-expanded,147-Paste-Sand-saturated-32-baseline-w32-s00,Water,93,93,10368,7530
native-expanded,147-Paste-Sand-saturated-32-baseline-w32-s00,Paste,512,512,44800,46288
native-expanded,147-Paste-Sand-saturated-32-baseline-w32-s01,Wall,336,336,22680,22680
native-expanded,147-Paste-Sand-saturated-32-baseline-w32-s01,Sand,931,931,110334,111675
native-expanded,147-Paste-Sand-saturated-32-baseline-w32-s01,Water,93,93,11010,8181
native-expanded,147-Paste-Sand-saturated-32-baseline-w32-s01,Paste,512,512,48384,49872
native-expanded,147-Paste-Sand-saturated-32-baseline-w32-s02,Wall,350,350,24850,24850
native-expanded,147-Paste-Sand-saturated-32-baseline-w32-s02,Sand,931,931,116827,118192
native-expanded,147-Paste-Sand-saturated-32-baseline-w32-s02,Water,93,93,11685,8832
native-expanded,147-Paste-Sand-saturated-32-baseline-w32-s02,Paste,512,512,51968,53456
native-expanded,147-Paste-Sand-saturated-32-baseline-w32-s03,Wall,324,324,20898,20898
native-expanded,147-Paste-Sand-saturated-32-baseline-w32-s03,Sand,931,931,104727,106089
native-expanded,147-Paste-Sand-saturated-32-baseline-w32-s03,Water,93,93,10473,7623
native-expanded,147-Paste-Sand-saturated-32-baseline-w32-s03,Paste,512,512,45312,46800
native-expanded,147-Paste-Sand-saturated-32-baseline-w32-s04,Wall,338,338,22984,22984
native-expanded,147-Paste-Sand-saturated-32-baseline-w32-s04,Sand,931,931,111253,112606
native-expanded,147-Paste-Sand-saturated-32-baseline-w32-s04,Water,93,93,11115,8274
native-expanded,147-Paste-Sand-saturated-32-baseline-w32-s04,Paste,512,512,48896,50384
native-expanded,148-Paste-Dust-packed-16-baseline-w32-s00,Wall,290,290,16240,16240
native-expanded,148-Paste-Dust-packed-16-baseline-w32-s00,Dust,512,512,52992,44800
native-expanded,148-Paste-Dust-packed-16-baseline-w32-s00,Paste,512,512,44800,52992
native-expanded,148-Paste-Dust-packed-16-baseline-w32-s01,Wall,304,304,18088,18088
native-expanded,148-Paste-Dust-packed-16-baseline-w32-s01,Dust,512,512,56576,48384
native-expanded,148-Paste-Dust-packed-16-baseline-w32-s01,Paste,512,512,48384,56576
native-expanded,148-Paste-Dust-packed-16-baseline-w32-s02,Wall,318,318,20034,20034
native-expanded,148-Paste-Dust-packed-16-baseline-w32-s02,Dust,512,512,60160,51968
native-expanded,148-Paste-Dust-packed-16-baseline-w32-s02,Paste,512,512,51968,60160
native-expanded,148-Paste-Dust-packed-16-baseline-w32-s03,Wall,292,292,16498,16498
native-expanded,148-Paste-Dust-packed-16-baseline-w32-s03,Dust,512,512,53504,45312
native-expanded,148-Paste-Dust-packed-16-baseline-w32-s03,Paste,512,512,45312,53504
native-expanded,148-Paste-Dust-packed-16-baseline-w32-s04,Wall,306,306,18360,18360
native-expanded,148-Paste-Dust-packed-16-baseline-w32-s04,Dust,512,512,57088,48896
native-expanded,148-Paste-Dust-packed-16-baseline-w32-s04,Paste,512,512,48896,57088
native-expanded,149-Paste-Dust-packed-64-baseline-w32-s00,Wall,386,386,30880,30880
native-expanded,149-Paste-Dust-packed-64-baseline-w32-s00,Dust,2048,2048,261120,228352
native-expanded,149-Paste-Dust-packed-64-baseline-w32-s00,Paste,512,512,44800,77568
native-expanded,149-Paste-Dust-packed-64-baseline-w32-s01,Wall,400,400,33400,33400
native-expanded,149-Paste-Dust-packed-64-baseline-w32-s01,Dust,2048,2048,275456,242688
native-expanded,149-Paste-Dust-packed-64-baseline-w32-s01,Paste,512,512,48384,81152
native-expanded,149-Paste-Dust-packed-64-baseline-w32-s02,Wall,414,414,36018,36018
native-expanded,149-Paste-Dust-packed-64-baseline-w32-s02,Dust,2048,2048,289792,257024
native-expanded,149-Paste-Dust-packed-64-baseline-w32-s02,Paste,512,512,51968,84736
native-expanded,149-Paste-Dust-packed-64-baseline-w32-s03,Wall,388,388,31234,31234
native-expanded,149-Paste-Dust-packed-64-baseline-w32-s03,Dust,2048,2048,263168,230400
native-expanded,149-Paste-Dust-packed-64-baseline-w32-s03,Paste,512,512,45312,78080
native-expanded,149-Paste-Dust-packed-64-baseline-w32-s04,Wall,402,402,33768,33768
native-expanded,149-Paste-Dust-packed-64-baseline-w32-s04,Dust,2048,2048,277504,244736
native-expanded,149-Paste-Dust-packed-64-baseline-w32-s04,Paste,512,512,48896,81664
native-expanded,150-Paste-Dust-open-32-baseline-w32-s00,Wall,386,386,24704,24704
native-expanded,150-Paste-Dust-open-32-baseline-w32-s00,Dust,1024,1024,114176,113504
native-expanded,150-Paste-Dust-open-32-baseline-w32-s00,Paste,512,512,44800,62034
native-expanded,150-Paste-Dust-open-32-baseline-w32-s01,Wall,400,400,27000,27000
native-expanded,150-Paste-Dust-open-32-baseline-w32-s01,Dust,1024,1024,121344,120891
native-expanded,150-Paste-Dust-open-32-baseline-w32-s01,Paste,512,512,48384,65690
native-expanded,150-Paste-Dust-open-32-baseline-w32-s02,Wall,414,414,29394,29394
native-expanded,150-Paste-Dust-open-32-baseline-w32-s02,Dust,1024,1024,128512,128075
native-expanded,150-Paste-Dust-open-32-baseline-w32-s02,Paste,512,512,51968,69333
native-expanded,150-Paste-Dust-open-32-baseline-w32-s03,Wall,388,388,25026,25026
native-expanded,150-Paste-Dust-open-32-baseline-w32-s03,Dust,1024,1024,115200,115149
native-expanded,150-Paste-Dust-open-32-baseline-w32-s03,Paste,512,512,45312,62684
native-expanded,150-Paste-Dust-open-32-baseline-w32-s04,Wall,402,402,27336,27336
native-expanded,150-Paste-Dust-open-32-baseline-w32-s04,Dust,1024,1024,122368,122630
native-expanded,150-Paste-Dust-open-32-baseline-w32-s04,Paste,512,512,48896,66255
native-expanded,151-Paste-Dust-saturated-32-baseline-w32-s00,Wall,322,322,20608,20608
native-expanded,151-Paste-Dust-saturated-32-baseline-w32-s00,Water,93,93,10368,10233
native-expanded,151-Paste-Dust-saturated-32-baseline-w32-s00,Dust,931,931,103808,87559
native-expanded,151-Paste-Dust-saturated-32-baseline-w32-s00,Paste,512,512,44800,61184
native-expanded,151-Paste-Dust-saturated-32-baseline-w32-s01,Wall,336,336,22680,22680
native-expanded,151-Paste-Dust-saturated-32-baseline-w32-s01,Water,93,93,11010,10884
native-expanded,151-Paste-Dust-saturated-32-baseline-w32-s01,Dust,931,931,110334,94076
native-expanded,151-Paste-Dust-saturated-32-baseline-w32-s01,Paste,512,512,48384,64768
native-expanded,151-Paste-Dust-saturated-32-baseline-w32-s02,Wall,350,350,24850,24850
native-expanded,151-Paste-Dust-saturated-32-baseline-w32-s02,Water,93,93,11685,11535
native-expanded,151-Paste-Dust-saturated-32-baseline-w32-s02,Dust,931,931,116827,100593
native-expanded,151-Paste-Dust-saturated-32-baseline-w32-s02,Paste,512,512,51968,68352
native-expanded,151-Paste-Dust-saturated-32-baseline-w32-s03,Wall,324,324,20898,20898
native-expanded,151-Paste-Dust-saturated-32-baseline-w32-s03,Water,93,93,10473,10326
native-expanded,151-Paste-Dust-saturated-32-baseline-w32-s03,Dust,931,931,104727,88490
native-expanded,151-Paste-Dust-saturated-32-baseline-w32-s03,Paste,512,512,45312,61696
native-expanded,151-Paste-Dust-saturated-32-baseline-w32-s04,Wall,338,338,22984,22984
native-expanded,151-Paste-Dust-saturated-32-baseline-w32-s04,Water,93,93,11115,10977
native-expanded,151-Paste-Dust-saturated-32-baseline-w32-s04,Dust,931,931,111253,95007
native-expanded,151-Paste-Dust-saturated-32-baseline-w32-s04,Paste,512,512,48896,65280
native-expanded,152-Lava-Sand-packed-16-baseline-w32-s00,Wall,290,290,16240,16240
native-expanded,152-Lava-Sand-packed-16-baseline-w32-s00,Sand,512,512,52992,44800
native-expanded,152-Lava-Sand-packed-16-baseline-w32-s00,Lava,512,512,44800,52992
native-expanded,152-Lava-Sand-packed-16-baseline-w32-s01,Wall,304,304,18088,18088
native-expanded,152-Lava-Sand-packed-16-baseline-w32-s01,Sand,512,512,56576,48384
native-expanded,152-Lava-Sand-packed-16-baseline-w32-s01,Lava,512,512,48384,56576
native-expanded,152-Lava-Sand-packed-16-baseline-w32-s02,Wall,318,318,20034,20034
native-expanded,152-Lava-Sand-packed-16-baseline-w32-s02,Sand,512,512,60160,51968
native-expanded,152-Lava-Sand-packed-16-baseline-w32-s02,Lava,512,512,51968,60160
native-expanded,152-Lava-Sand-packed-16-baseline-w32-s03,Wall,292,292,16498,16498
native-expanded,152-Lava-Sand-packed-16-baseline-w32-s03,Sand,512,512,53504,45312
native-expanded,152-Lava-Sand-packed-16-baseline-w32-s03,Lava,512,512,45312,53504
native-expanded,152-Lava-Sand-packed-16-baseline-w32-s04,Wall,306,306,18360,18360
native-expanded,152-Lava-Sand-packed-16-baseline-w32-s04,Sand,512,512,57088,48896
native-expanded,152-Lava-Sand-packed-16-baseline-w32-s04,Lava,512,512,48896,57088
native-expanded,153-Lava-Sand-packed-64-baseline-w32-s00,Wall,386,386,30880,30880
native-expanded,153-Lava-Sand-packed-64-baseline-w32-s00,Sand,2048,2048,261120,228352
native-expanded,153-Lava-Sand-packed-64-baseline-w32-s00,Lava,512,512,44800,77568
native-expanded,153-Lava-Sand-packed-64-baseline-w32-s01,Wall,400,400,33400,33400
native-expanded,153-Lava-Sand-packed-64-baseline-w32-s01,Sand,2048,2048,275456,242688
native-expanded,153-Lava-Sand-packed-64-baseline-w32-s01,Lava,512,512,48384,81152
native-expanded,153-Lava-Sand-packed-64-baseline-w32-s02,Wall,414,414,36018,36018
native-expanded,153-Lava-Sand-packed-64-baseline-w32-s02,Sand,2048,2048,289792,257024
native-expanded,153-Lava-Sand-packed-64-baseline-w32-s02,Lava,512,512,51968,84736
native-expanded,153-Lava-Sand-packed-64-baseline-w32-s03,Wall,388,388,31234,31234
native-expanded,153-Lava-Sand-packed-64-baseline-w32-s03,Sand,2048,2048,263168,230400
native-expanded,153-Lava-Sand-packed-64-baseline-w32-s03,Lava,512,512,45312,78080
native-expanded,153-Lava-Sand-packed-64-baseline-w32-s04,Wall,402,402,33768,33768
native-expanded,153-Lava-Sand-packed-64-baseline-w32-s04,Sand,2048,2048,277504,244736
native-expanded,153-Lava-Sand-packed-64-baseline-w32-s04,Lava,512,512,48896,81664
native-expanded,154-Lava-Sand-open-32-baseline-w32-s00,Wall,386,386,24704,24704
native-expanded,154-Lava-Sand-open-32-baseline-w32-s00,Sand,1024,1024,114176,113504
native-expanded,154-Lava-Sand-open-32-baseline-w32-s00,Lava,512,512,44800,62034
native-expanded,154-Lava-Sand-open-32-baseline-w32-s01,Wall,400,400,27000,27000
native-expanded,154-Lava-Sand-open-32-baseline-w32-s01,Sand,1024,1024,121344,120891
native-expanded,154-Lava-Sand-open-32-baseline-w32-s01,Lava,512,512,48384,65690
native-expanded,154-Lava-Sand-open-32-baseline-w32-s02,Wall,414,414,29394,29394
native-expanded,154-Lava-Sand-open-32-baseline-w32-s02,Sand,1024,1024,128512,128069
native-expanded,154-Lava-Sand-open-32-baseline-w32-s02,Lava,512,512,51968,69339
native-expanded,154-Lava-Sand-open-32-baseline-w32-s03,Wall,388,388,25026,25026
native-expanded,154-Lava-Sand-open-32-baseline-w32-s03,Sand,1024,1024,115200,115149
native-expanded,154-Lava-Sand-open-32-baseline-w32-s03,Lava,512,512,45312,62684
native-expanded,154-Lava-Sand-open-32-baseline-w32-s04,Wall,402,402,27336,27336
native-expanded,154-Lava-Sand-open-32-baseline-w32-s04,Sand,1024,1024,122368,122630
native-expanded,154-Lava-Sand-open-32-baseline-w32-s04,Lava,512,512,48896,66255
native-expanded,155-Lava-Sand-saturated-32-baseline-w32-s00,Wall,322,322,20608,20608
native-expanded,155-Lava-Sand-saturated-32-baseline-w32-s00,Sand,931,931,103808,90288
native-expanded,155-Lava-Sand-saturated-32-baseline-w32-s00,Water,93,108,10368,8715
native-expanded,155-Lava-Sand-saturated-32-baseline-w32-s00,Lava,512,419,44800,50678
native-expanded,155-Lava-Sand-saturated-32-baseline-w32-s00,Stone,0,93,0,10480
native-expanded,155-Lava-Sand-saturated-32-baseline-w32-s01,Wall,336,336,22680,22680
native-expanded,155-Lava-Sand-saturated-32-baseline-w32-s01,Sand,931,931,110334,96814
native-expanded,155-Lava-Sand-saturated-32-baseline-w32-s01,Water,93,108,11010,9472
native-expanded,155-Lava-Sand-saturated-32-baseline-w32-s01,Lava,512,419,48384,53607
native-expanded,155-Lava-Sand-saturated-32-baseline-w32-s01,Stone,0,93,0,11125
native-expanded,155-Lava-Sand-saturated-32-baseline-w32-s02,Wall,350,350,24850,24850
native-expanded,155-Lava-Sand-saturated-32-baseline-w32-s02,Sand,931,931,116827,103332
native-expanded,155-Lava-Sand-saturated-32-baseline-w32-s02,Water,93,108,11685,10227
native-expanded,155-Lava-Sand-saturated-32-baseline-w32-s02,Lava,512,419,51968,56541
native-expanded,155-Lava-Sand-saturated-32-baseline-w32-s02,Stone,0,93,0,11775
native-expanded,155-Lava-Sand-saturated-32-baseline-w32-s03,Wall,324,324,20898,20898
native-expanded,155-Lava-Sand-saturated-32-baseline-w32-s03,Sand,931,931,104727,91206
native-expanded,155-Lava-Sand-saturated-32-baseline-w32-s03,Water,93,108,10473,8823
native-expanded,155-Lava-Sand-saturated-32-baseline-w32-s03,Lava,512,419,45312,51095
native-expanded,155-Lava-Sand-saturated-32-baseline-w32-s03,Stone,0,93,0,10588
native-expanded,155-Lava-Sand-saturated-32-baseline-w32-s04,Wall,338,338,22984,22984
native-expanded,155-Lava-Sand-saturated-32-baseline-w32-s04,Sand,931,931,111253,97740
native-expanded,155-Lava-Sand-saturated-32-baseline-w32-s04,Water,93,108,11115,9579
native-expanded,155-Lava-Sand-saturated-32-baseline-w32-s04,Lava,512,419,48896,54029
native-expanded,155-Lava-Sand-saturated-32-baseline-w32-s04,Stone,0,93,0,11221
native-expanded,156-Lava-Dust-packed-16-baseline-w32-s00,Wall,290,290,16240,16240
native-expanded,156-Lava-Dust-packed-16-baseline-w32-s00,4,0,3,0,3
native-expanded,156-Lava-Dust-packed-16-baseline-w32-s00,Lava,512,512,44800,52992
native-expanded,156-Lava-Dust-packed-16-baseline-w32-s00,Dust,512,0,52992,0
native-expanded,156-Lava-Dust-packed-16-baseline-w32-s01,Wall,304,304,18088,18088
native-expanded,156-Lava-Dust-packed-16-baseline-w32-s01,4,0,4,0,4
native-expanded,156-Lava-Dust-packed-16-baseline-w32-s01,Lava,512,512,48384,56576
native-expanded,156-Lava-Dust-packed-16-baseline-w32-s01,Dust,512,0,56576,0
native-expanded,156-Lava-Dust-packed-16-baseline-w32-s02,Wall,318,318,20034,20034
native-expanded,156-Lava-Dust-packed-16-baseline-w32-s02,4,0,4,0,4
native-expanded,156-Lava-Dust-packed-16-baseline-w32-s02,Lava,512,512,51968,60160
native-expanded,156-Lava-Dust-packed-16-baseline-w32-s02,Dust,512,0,60160,0
native-expanded,156-Lava-Dust-packed-16-baseline-w32-s03,Wall,292,292,16498,16498
native-expanded,156-Lava-Dust-packed-16-baseline-w32-s03,4,0,4,0,4
native-expanded,156-Lava-Dust-packed-16-baseline-w32-s03,Lava,512,512,45312,53504
native-expanded,156-Lava-Dust-packed-16-baseline-w32-s03,Dust,512,0,53504,0
native-expanded,156-Lava-Dust-packed-16-baseline-w32-s04,Wall,306,306,18360,18360
native-expanded,156-Lava-Dust-packed-16-baseline-w32-s04,4,0,4,0,4
native-expanded,156-Lava-Dust-packed-16-baseline-w32-s04,Lava,512,512,48896,57088
native-expanded,156-Lava-Dust-packed-16-baseline-w32-s04,Dust,512,0,57088,0
native-expanded,157-Lava-Dust-packed-64-baseline-w32-s00,Wall,386,386,30880,30880
native-expanded,157-Lava-Dust-packed-64-baseline-w32-s00,4,0,4,0,4
native-expanded,157-Lava-Dust-packed-64-baseline-w32-s00,Lava,512,512,44800,77568
native-expanded,157-Lava-Dust-packed-64-baseline-w32-s00,Dust,2048,0,261120,0
native-expanded,157-Lava-Dust-packed-64-baseline-w32-s01,Wall,400,400,33400,33400
native-expanded,157-Lava-Dust-packed-64-baseline-w32-s01,4,0,4,0,4
native-expanded,157-Lava-Dust-packed-64-baseline-w32-s01,Lava,512,512,48384,81152
native-expanded,157-Lava-Dust-packed-64-baseline-w32-s01,Dust,2048,0,275456,0
native-expanded,157-Lava-Dust-packed-64-baseline-w32-s02,Wall,414,414,36018,36018
native-expanded,157-Lava-Dust-packed-64-baseline-w32-s02,4,0,5,0,5
native-expanded,157-Lava-Dust-packed-64-baseline-w32-s02,Lava,512,512,51968,84736
native-expanded,157-Lava-Dust-packed-64-baseline-w32-s02,Dust,2048,0,289792,0
native-expanded,157-Lava-Dust-packed-64-baseline-w32-s03,Wall,388,388,31234,31234
native-expanded,157-Lava-Dust-packed-64-baseline-w32-s03,4,0,5,0,5
native-expanded,157-Lava-Dust-packed-64-baseline-w32-s03,Lava,512,512,45312,78080
native-expanded,157-Lava-Dust-packed-64-baseline-w32-s03,Dust,2048,0,263168,0
native-expanded,157-Lava-Dust-packed-64-baseline-w32-s04,Wall,402,402,33768,33768
native-expanded,157-Lava-Dust-packed-64-baseline-w32-s04,4,0,4,0,4
native-expanded,157-Lava-Dust-packed-64-baseline-w32-s04,Lava,512,512,48896,81664
native-expanded,157-Lava-Dust-packed-64-baseline-w32-s04,Dust,2048,0,277504,0
native-expanded,158-Lava-Dust-open-32-baseline-w32-s00,Wall,386,386,24704,24704
native-expanded,158-Lava-Dust-open-32-baseline-w32-s00,4,0,2,0,2
native-expanded,158-Lava-Dust-open-32-baseline-w32-s00,Lava,512,512,44800,63232
native-expanded,158-Lava-Dust-open-32-baseline-w32-s00,Dust,1024,0,114176,0
native-expanded,158-Lava-Dust-open-32-baseline-w32-s01,Wall,400,400,27000,27000
native-expanded,158-Lava-Dust-open-32-baseline-w32-s01,4,0,2,0,2
native-expanded,158-Lava-Dust-open-32-baseline-w32-s01,Lava,512,512,48384,66816
native-expanded,158-Lava-Dust-open-32-baseline-w32-s01,Dust,1024,0,121344,0
native-expanded,158-Lava-Dust-open-32-baseline-w32-s02,Wall,414,414,29394,29394
native-expanded,158-Lava-Dust-open-32-baseline-w32-s02,4,0,3,0,3
native-expanded,158-Lava-Dust-open-32-baseline-w32-s02,Lava,512,512,51968,70400
native-expanded,158-Lava-Dust-open-32-baseline-w32-s02,Dust,1024,0,128512,0
native-expanded,158-Lava-Dust-open-32-baseline-w32-s03,Wall,388,388,25026,25026
native-expanded,158-Lava-Dust-open-32-baseline-w32-s03,4,0,2,0,2
native-expanded,158-Lava-Dust-open-32-baseline-w32-s03,Lava,512,512,45312,63743
native-expanded,158-Lava-Dust-open-32-baseline-w32-s03,Dust,1024,0,115200,0
native-expanded,158-Lava-Dust-open-32-baseline-w32-s04,Wall,402,402,27336,27336
native-expanded,158-Lava-Dust-open-32-baseline-w32-s04,4,0,3,0,3
native-expanded,158-Lava-Dust-open-32-baseline-w32-s04,Lava,512,512,48896,67328
native-expanded,158-Lava-Dust-open-32-baseline-w32-s04,Dust,1024,0,122368,0
native-expanded,159-Lava-Dust-saturated-32-baseline-w32-s00,Wall,322,322,20608,20608
native-expanded,159-Lava-Dust-saturated-32-baseline-w32-s00,Water,93,97,10368,10661
native-expanded,159-Lava-Dust-saturated-32-baseline-w32-s00,4,0,3,0,3
native-expanded,159-Lava-Dust-saturated-32-baseline-w32-s00,Lava,512,419,44800,50675
native-expanded,159-Lava-Dust-saturated-32-baseline-w32-s00,Stone,0,93,0,10505
native-expanded,159-Lava-Dust-saturated-32-baseline-w32-s00,Dust,931,13,103808,1409
native-expanded,159-Lava-Dust-saturated-32-baseline-w32-s01,Wall,336,336,22680,22680
native-expanded,159-Lava-Dust-saturated-32-baseline-w32-s01,Water,93,96,11010,11232
native-expanded,159-Lava-Dust-saturated-32-baseline-w32-s01,4,0,2,0,2
native-expanded,159-Lava-Dust-saturated-32-baseline-w32-s01,Lava,512,420,48384,53730
native-expanded,159-Lava-Dust-saturated-32-baseline-w32-s01,Stone,0,92,0,11038
native-expanded,159-Lava-Dust-saturated-32-baseline-w32-s01,Dust,931,2,110334,230
native-expanded,159-Lava-Dust-saturated-32-baseline-w32-s02,Wall,350,350,24850,24850
native-expanded,159-Lava-Dust-saturated-32-baseline-w32-s02,Water,93,96,11685,11904
native-expanded,159-Lava-Dust-saturated-32-baseline-w32-s02,4,0,6,0,6
native-expanded,159-Lava-Dust-saturated-32-baseline-w32-s02,Lava,512,419,51968,56543
native-expanded,159-Lava-Dust-saturated-32-baseline-w32-s02,Stone,0,93,0,11809
native-expanded,159-Lava-Dust-saturated-32-baseline-w32-s02,Dust,931,0,116827,0
native-expanded,159-Lava-Dust-saturated-32-baseline-w32-s03,Wall,324,324,20898,20898
native-expanded,159-Lava-Dust-saturated-32-baseline-w32-s03,Water,93,99,10473,10985
native-expanded,159-Lava-Dust-saturated-32-baseline-w32-s03,4,0,4,0,4
native-expanded,159-Lava-Dust-saturated-32-baseline-w32-s03,Lava,512,419,45312,51095
native-expanded,159-Lava-Dust-saturated-32-baseline-w32-s03,Stone,0,93,0,10598
native-expanded,159-Lava-Dust-saturated-32-baseline-w32-s03,Dust,931,3,104727,328
native-expanded,159-Lava-Dust-saturated-32-baseline-w32-s04,Wall,338,338,22984,22984
native-expanded,159-Lava-Dust-saturated-32-baseline-w32-s04,Water,93,96,11115,11328
native-expanded,159-Lava-Dust-saturated-32-baseline-w32-s04,4,0,2,0,2
native-expanded,159-Lava-Dust-saturated-32-baseline-w32-s04,Lava,512,419,48896,54030
native-expanded,159-Lava-Dust-saturated-32-baseline-w32-s04,Stone,0,93,0,11250
native-expanded,159-Lava-Dust-saturated-32-baseline-w32-s04,Dust,931,2,111253,232
native-expanded,160-Water-Salt-packed-32-baseline-w32-s00,Wall,322,322,20608,20608
native-expanded,160-Water-Salt-packed-32-baseline-w32-s00,Water,512,483,44800,42045
native-expanded,160-Water-Salt-packed-32-baseline-w32-s00,Salt,1024,995,114176,111392
native-expanded,160-Water-Salt-packed-32-baseline-w32-s00,Brine,0,58,0,5539
native-expanded,160-Water-Salt-packed-32-baseline-w32-s01,Wall,336,336,22680,22680
native-expanded,160-Water-Salt-packed-32-baseline-w32-s01,Water,512,481,48384,45222
native-expanded,160-Water-Salt-packed-32-baseline-w32-s01,Salt,1024,993,121344,118151
native-expanded,160-Water-Salt-packed-32-baseline-w32-s01,Brine,0,62,0,6355
native-expanded,160-Water-Salt-packed-32-baseline-w32-s02,Wall,350,350,24850,24850
native-expanded,160-Water-Salt-packed-32-baseline-w32-s02,Water,512,483,51968,48807
native-expanded,160-Water-Salt-packed-32-baseline-w32-s02,Salt,1024,995,128512,125322
native-expanded,160-Water-Salt-packed-32-baseline-w32-s02,Brine,0,58,0,6351
native-expanded,160-Water-Salt-packed-32-baseline-w32-s03,Wall,324,324,20898,20898
native-expanded,160-Water-Salt-packed-32-baseline-w32-s03,Water,512,483,45312,42528
native-expanded,160-Water-Salt-packed-32-baseline-w32-s03,Salt,1024,995,115200,112387
native-expanded,160-Water-Salt-packed-32-baseline-w32-s03,Brine,0,58,0,5597
native-expanded,160-Water-Salt-packed-32-baseline-w32-s04,Wall,338,338,22984,22984
native-expanded,160-Water-Salt-packed-32-baseline-w32-s04,Water,512,483,48896,45909
native-expanded,160-Water-Salt-packed-32-baseline-w32-s04,Salt,1024,995,122368,119352
native-expanded,160-Water-Salt-packed-32-baseline-w32-s04,Brine,0,58,0,6003
native-expanded,161-Lava-Water-packed-32-baseline-w32-s00,Wall,322,322,20608,20608
native-expanded,161-Lava-Water-packed-32-baseline-w32-s00,Water,1024,1039,114176,99422
native-expanded,161-Lava-Water-packed-32-baseline-w32-s00,Lava,512,0,44800,0
native-expanded,161-Lava-Water-packed-32-baseline-w32-s00,Stone,0,512,0,60739
native-expanded,161-Lava-Water-packed-32-baseline-w32-s01,Wall,336,336,22680,22680
native-expanded,161-Lava-Water-packed-32-baseline-w32-s01,Water,1024,1039,121344,107279
native-expanded,161-Lava-Water-packed-32-baseline-w32-s01,Lava,512,0,48384,0
native-expanded,161-Lava-Water-packed-32-baseline-w32-s01,Stone,0,512,0,63739
native-expanded,161-Lava-Water-packed-32-baseline-w32-s02,Wall,350,350,24850,24850
native-expanded,161-Lava-Water-packed-32-baseline-w32-s02,Water,1024,1037,128512,117163
native-expanded,161-Lava-Water-packed-32-baseline-w32-s02,Lava,512,0,51968,0
native-expanded,161-Lava-Water-packed-32-baseline-w32-s02,Stone,0,512,0,64526
native-expanded,161-Lava-Water-packed-32-baseline-w32-s03,Wall,324,324,20898,20898
native-expanded,161-Lava-Water-packed-32-baseline-w32-s03,Water,1024,1039,115200,100201
native-expanded,161-Lava-Water-packed-32-baseline-w32-s03,Lava,512,0,45312,0
native-expanded,161-Lava-Water-packed-32-baseline-w32-s03,Stone,0,512,0,61511
native-expanded,161-Lava-Water-packed-32-baseline-w32-s04,Wall,338,338,22984,22984
native-expanded,161-Lava-Water-packed-32-baseline-w32-s04,Water,1024,1039,122368,108504
native-expanded,161-Lava-Water-packed-32-baseline-w32-s04,Lava,512,0,48896,0
native-expanded,161-Lava-Water-packed-32-baseline-w32-s04,Stone,0,512,0,64065
native-controls,000-Sand-Dust-packed-32-baseline-w32-s00,Wall,322,322,20608,20608
native-controls,000-Sand-Dust-packed-32-baseline-w32-s00,Sand,512,512,44800,61184
native-controls,000-Sand-Dust-packed-32-baseline-w32-s00,Dust,1024,1024,114176,97792
native-controls,000-Sand-Dust-packed-32-baseline-w32-s01,Wall,336,336,22680,22680
native-controls,000-Sand-Dust-packed-32-baseline-w32-s01,Sand,512,512,48384,64768
native-controls,000-Sand-Dust-packed-32-baseline-w32-s01,Dust,1024,1024,121344,104960
native-controls,000-Sand-Dust-packed-32-baseline-w32-s02,Wall,350,350,24850,24850
native-controls,000-Sand-Dust-packed-32-baseline-w32-s02,Sand,512,512,51968,68352
native-controls,000-Sand-Dust-packed-32-baseline-w32-s02,Dust,1024,1024,128512,112128
native-controls,000-Sand-Dust-packed-32-baseline-w32-s03,Wall,324,324,20898,20898
native-controls,000-Sand-Dust-packed-32-baseline-w32-s03,Sand,512,512,45312,61696
native-controls,000-Sand-Dust-packed-32-baseline-w32-s03,Dust,1024,1024,115200,98816
native-controls,000-Sand-Dust-packed-32-baseline-w32-s04,Wall,338,338,22984,22984
native-controls,000-Sand-Dust-packed-32-baseline-w32-s04,Sand,512,512,48896,65280
native-controls,000-Sand-Dust-packed-32-baseline-w32-s04,Dust,1024,1024,122368,105984
native-controls,001-Dust-Sand-packed-32-baseline-w32-s00,Wall,322,322,20608,20608
native-controls,001-Dust-Sand-packed-32-baseline-w32-s00,Sand,1024,1024,114176,114176
native-controls,001-Dust-Sand-packed-32-baseline-w32-s00,Dust,512,512,44800,44800
native-controls,001-Dust-Sand-packed-32-baseline-w32-s01,Wall,336,336,22680,22680
native-controls,001-Dust-Sand-packed-32-baseline-w32-s01,Sand,1024,1024,121344,121344
native-controls,001-Dust-Sand-packed-32-baseline-w32-s01,Dust,512,512,48384,48384
native-controls,001-Dust-Sand-packed-32-baseline-w32-s02,Wall,350,350,24850,24850
native-controls,001-Dust-Sand-packed-32-baseline-w32-s02,Sand,1024,1024,128512,128512
native-controls,001-Dust-Sand-packed-32-baseline-w32-s02,Dust,512,512,51968,51968
native-controls,001-Dust-Sand-packed-32-baseline-w32-s03,Wall,324,324,20898,20898
native-controls,001-Dust-Sand-packed-32-baseline-w32-s03,Sand,1024,1024,115200,115200
native-controls,001-Dust-Sand-packed-32-baseline-w32-s03,Dust,512,512,45312,45312
native-controls,001-Dust-Sand-packed-32-baseline-w32-s04,Wall,338,338,22984,22984
native-controls,001-Dust-Sand-packed-32-baseline-w32-s04,Sand,1024,1024,122368,122368
native-controls,001-Dust-Sand-packed-32-baseline-w32-s04,Dust,512,512,48896,48896
native-controls,002-Stone-Sand-packed-32-baseline-w32-s00,Wall,322,322,20608,20608
native-controls,002-Stone-Sand-packed-32-baseline-w32-s00,Sand,1024,1024,114176,98240
native-controls,002-Stone-Sand-packed-32-baseline-w32-s00,Stone,512,512,44800,60736
native-controls,002-Stone-Sand-packed-32-baseline-w32-s01,Wall,336,336,22680,22680
native-controls,002-Stone-Sand-packed-32-baseline-w32-s01,Sand,1024,1024,121344,105956
native-controls,002-Stone-Sand-packed-32-baseline-w32-s01,Stone,512,512,48384,63772
native-controls,002-Stone-Sand-packed-32-baseline-w32-s02,Wall,350,350,24850,24850
native-controls,002-Stone-Sand-packed-32-baseline-w32-s02,Sand,1024,1024,128512,112824
native-controls,002-Stone-Sand-packed-32-baseline-w32-s02,Stone,512,512,51968,67656
native-controls,002-Stone-Sand-packed-32-baseline-w32-s03,Wall,324,324,20898,20898
native-controls,002-Stone-Sand-packed-32-baseline-w32-s03,Sand,1024,1024,115200,99264
native-controls,002-Stone-Sand-packed-32-baseline-w32-s03,Stone,512,512,45312,61248
native-controls,002-Stone-Sand-packed-32-baseline-w32-s04,Wall,338,338,22984,22984
native-controls,002-Stone-Sand-packed-32-baseline-w32-s04,Sand,1024,1024,122368,107050
native-controls,002-Stone-Sand-packed-32-baseline-w32-s04,Stone,512,512,48896,64214
native-controls,003-Sand-Stone-packed-32-baseline-w32-s00,Wall,322,322,20608,20608
native-controls,003-Sand-Stone-packed-32-baseline-w32-s00,Sand,512,512,44800,44800
native-controls,003-Sand-Stone-packed-32-baseline-w32-s00,Stone,1024,1024,114176,114176
native-controls,003-Sand-Stone-packed-32-baseline-w32-s01,Wall,336,336,22680,22680
native-controls,003-Sand-Stone-packed-32-baseline-w32-s01,Sand,512,512,48384,48384
native-controls,003-Sand-Stone-packed-32-baseline-w32-s01,Stone,1024,1024,121344,121344
native-controls,003-Sand-Stone-packed-32-baseline-w32-s02,Wall,350,350,24850,24850
native-controls,003-Sand-Stone-packed-32-baseline-w32-s02,Sand,512,512,51968,51968
native-controls,003-Sand-Stone-packed-32-baseline-w32-s02,Stone,1024,1024,128512,128512
native-controls,003-Sand-Stone-packed-32-baseline-w32-s03,Wall,324,324,20898,20898
native-controls,003-Sand-Stone-packed-32-baseline-w32-s03,Sand,512,512,45312,45312
native-controls,003-Sand-Stone-packed-32-baseline-w32-s03,Stone,1024,1024,115200,115200
native-controls,003-Sand-Stone-packed-32-baseline-w32-s04,Wall,338,338,22984,22984
native-controls,003-Sand-Stone-packed-32-baseline-w32-s04,Sand,512,512,48896,48896
native-controls,003-Sand-Stone-packed-32-baseline-w32-s04,Stone,1024,1024,122368,122368
native-controls,004-Rust-Sand-packed-32-baseline-w32-s00,Wall,322,322,20608,20608
native-controls,004-Rust-Sand-packed-32-baseline-w32-s00,Sand,1024,1024,114176,97792
native-controls,004-Rust-Sand-packed-32-baseline-w32-s00,Rust,512,512,44800,61184
native-controls,004-Rust-Sand-packed-32-baseline-w32-s01,Wall,336,336,22680,22680
native-controls,004-Rust-Sand-packed-32-baseline-w32-s01,Sand,1024,1024,121344,104960
native-controls,004-Rust-Sand-packed-32-baseline-w32-s01,Rust,512,512,48384,64768
native-controls,004-Rust-Sand-packed-32-baseline-w32-s02,Wall,350,350,24850,24850
native-controls,004-Rust-Sand-packed-32-baseline-w32-s02,Sand,1024,1024,128512,112128
native-controls,004-Rust-Sand-packed-32-baseline-w32-s02,Rust,512,512,51968,68352
native-controls,004-Rust-Sand-packed-32-baseline-w32-s03,Wall,324,324,20898,20898
native-controls,004-Rust-Sand-packed-32-baseline-w32-s03,Sand,1024,1024,115200,98816
native-controls,004-Rust-Sand-packed-32-baseline-w32-s03,Rust,512,512,45312,61696
native-controls,004-Rust-Sand-packed-32-baseline-w32-s04,Wall,338,338,22984,22984
native-controls,004-Rust-Sand-packed-32-baseline-w32-s04,Sand,1024,1024,122368,105984
native-controls,004-Rust-Sand-packed-32-baseline-w32-s04,Rust,512,512,48896,65280
native-controls,005-Sand-Rust-packed-32-baseline-w32-s00,Wall,322,322,20608,20608
native-controls,005-Sand-Rust-packed-32-baseline-w32-s00,Sand,512,512,44800,44800
native-controls,005-Sand-Rust-packed-32-baseline-w32-s00,Rust,1024,1024,114176,114176
native-controls,005-Sand-Rust-packed-32-baseline-w32-s01,Wall,336,336,22680,22680
native-controls,005-Sand-Rust-packed-32-baseline-w32-s01,Sand,512,512,48384,48384
native-controls,005-Sand-Rust-packed-32-baseline-w32-s01,Rust,1024,1024,121344,121344
native-controls,005-Sand-Rust-packed-32-baseline-w32-s02,Wall,350,350,24850,24850
native-controls,005-Sand-Rust-packed-32-baseline-w32-s02,Sand,512,512,51968,51968
native-controls,005-Sand-Rust-packed-32-baseline-w32-s02,Rust,1024,1024,128512,128512
native-controls,005-Sand-Rust-packed-32-baseline-w32-s03,Wall,324,324,20898,20898
native-controls,005-Sand-Rust-packed-32-baseline-w32-s03,Sand,512,512,45312,45312
native-controls,005-Sand-Rust-packed-32-baseline-w32-s03,Rust,1024,1024,115200,115200
native-controls,005-Sand-Rust-packed-32-baseline-w32-s04,Wall,338,338,22984,22984
native-controls,005-Sand-Rust-packed-32-baseline-w32-s04,Sand,512,512,48896,48896
native-controls,005-Sand-Rust-packed-32-baseline-w32-s04,Rust,1024,1024,122368,122368
native-controls,006-Mercury-Sand-packed-32-baseline-w32-s00,Wall,322,322,20608,20608
native-controls,006-Mercury-Sand-packed-32-baseline-w32-s00,Sand,1024,1024,114176,97792
native-controls,006-Mercury-Sand-packed-32-baseline-w32-s00,Mercury,512,512,44800,61184
native-controls,006-Mercury-Sand-packed-32-baseline-w32-s01,Wall,336,336,22680,22680
native-controls,006-Mercury-Sand-packed-32-baseline-w32-s01,Sand,1024,1024,121344,104960
native-controls,006-Mercury-Sand-packed-32-baseline-w32-s01,Mercury,512,512,48384,64768
native-controls,006-Mercury-Sand-packed-32-baseline-w32-s02,Wall,350,350,24850,24850
native-controls,006-Mercury-Sand-packed-32-baseline-w32-s02,Sand,1024,1024,128512,112128
native-controls,006-Mercury-Sand-packed-32-baseline-w32-s02,Mercury,512,512,51968,68352
native-controls,006-Mercury-Sand-packed-32-baseline-w32-s03,Wall,324,324,20898,20898
native-controls,006-Mercury-Sand-packed-32-baseline-w32-s03,Sand,1024,1024,115200,98816
native-controls,006-Mercury-Sand-packed-32-baseline-w32-s03,Mercury,512,512,45312,61696
native-controls,006-Mercury-Sand-packed-32-baseline-w32-s04,Wall,338,338,22984,22984
native-controls,006-Mercury-Sand-packed-32-baseline-w32-s04,Sand,1024,1024,122368,105984
native-controls,006-Mercury-Sand-packed-32-baseline-w32-s04,Mercury,512,512,48896,65280
native-controls,007-Sand-Mercury-packed-32-baseline-w32-s00,Wall,322,322,20608,20608
native-controls,007-Sand-Mercury-packed-32-baseline-w32-s00,Sand,512,512,44800,44800
native-controls,007-Sand-Mercury-packed-32-baseline-w32-s00,Mercury,1024,1024,114176,114176
native-controls,007-Sand-Mercury-packed-32-baseline-w32-s01,Wall,336,336,22680,22680
native-controls,007-Sand-Mercury-packed-32-baseline-w32-s01,Sand,512,512,48384,48384
native-controls,007-Sand-Mercury-packed-32-baseline-w32-s01,Mercury,1024,1024,121344,121344
native-controls,007-Sand-Mercury-packed-32-baseline-w32-s02,Wall,350,350,24850,24850
native-controls,007-Sand-Mercury-packed-32-baseline-w32-s02,Sand,512,512,51968,51968
native-controls,007-Sand-Mercury-packed-32-baseline-w32-s02,Mercury,1024,1024,128512,128512
native-controls,007-Sand-Mercury-packed-32-baseline-w32-s03,Wall,324,324,20898,20898
native-controls,007-Sand-Mercury-packed-32-baseline-w32-s03,Sand,512,512,45312,45312
native-controls,007-Sand-Mercury-packed-32-baseline-w32-s03,Mercury,1024,1024,115200,115200
native-controls,007-Sand-Mercury-packed-32-baseline-w32-s04,Wall,338,338,22984,22984
native-controls,007-Sand-Mercury-packed-32-baseline-w32-s04,Sand,512,512,48896,48896
native-controls,007-Sand-Mercury-packed-32-baseline-w32-s04,Mercury,1024,1024,122368,122368
native-controls,008-Mercury-Dust-packed-32-baseline-w32-s00,Wall,322,322,20608,20608
native-controls,008-Mercury-Dust-packed-32-baseline-w32-s00,Dust,1024,1024,114176,97792
native-controls,008-Mercury-Dust-packed-32-baseline-w32-s00,Mercury,512,512,44800,61184
native-controls,008-Mercury-Dust-packed-32-baseline-w32-s01,Wall,336,336,22680,22680
native-controls,008-Mercury-Dust-packed-32-baseline-w32-s01,Dust,1024,1024,121344,104960
native-controls,008-Mercury-Dust-packed-32-baseline-w32-s01,Mercury,512,512,48384,64768
native-controls,008-Mercury-Dust-packed-32-baseline-w32-s02,Wall,350,350,24850,24850
native-controls,008-Mercury-Dust-packed-32-baseline-w32-s02,Dust,1024,1024,128512,112128
native-controls,008-Mercury-Dust-packed-32-baseline-w32-s02,Mercury,512,512,51968,68352
native-controls,008-Mercury-Dust-packed-32-baseline-w32-s03,Wall,324,324,20898,20898
native-controls,008-Mercury-Dust-packed-32-baseline-w32-s03,Dust,1024,1024,115200,98816
native-controls,008-Mercury-Dust-packed-32-baseline-w32-s03,Mercury,512,512,45312,61696
native-controls,008-Mercury-Dust-packed-32-baseline-w32-s04,Wall,338,338,22984,22984
native-controls,008-Mercury-Dust-packed-32-baseline-w32-s04,Dust,1024,1024,122368,105984
native-controls,008-Mercury-Dust-packed-32-baseline-w32-s04,Mercury,512,512,48896,65280
native-controls,009-Dust-Mercury-packed-32-baseline-w32-s00,Wall,322,322,20608,20608
native-controls,009-Dust-Mercury-packed-32-baseline-w32-s00,Dust,512,512,44800,44800
native-controls,009-Dust-Mercury-packed-32-baseline-w32-s00,Mercury,1024,1024,114176,114176
native-controls,009-Dust-Mercury-packed-32-baseline-w32-s01,Wall,336,336,22680,22680
native-controls,009-Dust-Mercury-packed-32-baseline-w32-s01,Dust,512,512,48384,48384
native-controls,009-Dust-Mercury-packed-32-baseline-w32-s01,Mercury,1024,1024,121344,121344
native-controls,009-Dust-Mercury-packed-32-baseline-w32-s02,Wall,350,350,24850,24850
native-controls,009-Dust-Mercury-packed-32-baseline-w32-s02,Dust,512,512,51968,51968
native-controls,009-Dust-Mercury-packed-32-baseline-w32-s02,Mercury,1024,1024,128512,128512
native-controls,009-Dust-Mercury-packed-32-baseline-w32-s03,Wall,324,324,20898,20898
native-controls,009-Dust-Mercury-packed-32-baseline-w32-s03,Dust,512,512,45312,45312
native-controls,009-Dust-Mercury-packed-32-baseline-w32-s03,Mercury,1024,1024,115200,115200
native-controls,009-Dust-Mercury-packed-32-baseline-w32-s04,Wall,338,338,22984,22984
native-controls,009-Dust-Mercury-packed-32-baseline-w32-s04,Dust,512,512,48896,48896
native-controls,009-Dust-Mercury-packed-32-baseline-w32-s04,Mercury,1024,1024,122368,122368
native-controls,010-Water-Sand-packed-32-baseline-w32-s00,Wall,322,322,20608,20608
native-controls,010-Water-Sand-packed-32-baseline-w32-s00,Sand,1024,1024,114176,114176
native-controls,010-Water-Sand-packed-32-baseline-w32-s00,Water,512,512,44800,44800
native-controls,010-Water-Sand-packed-32-baseline-w32-s01,Wall,336,336,22680,22680
native-controls,010-Water-Sand-packed-32-baseline-w32-s01,Sand,1024,1024,121344,121344
native-controls,010-Water-Sand-packed-32-baseline-w32-s01,Water,512,512,48384,48384
native-controls,010-Water-Sand-packed-32-baseline-w32-s02,Wall,350,350,24850,24850
native-controls,010-Water-Sand-packed-32-baseline-w32-s02,Sand,1024,1024,128512,128512
native-controls,010-Water-Sand-packed-32-baseline-w32-s02,Water,512,512,51968,51968
native-controls,010-Water-Sand-packed-32-baseline-w32-s03,Wall,324,324,20898,20898
native-controls,010-Water-Sand-packed-32-baseline-w32-s03,Sand,1024,1024,115200,115200
native-controls,010-Water-Sand-packed-32-baseline-w32-s03,Water,512,512,45312,45312
native-controls,010-Water-Sand-packed-32-baseline-w32-s04,Wall,338,338,22984,22984
native-controls,010-Water-Sand-packed-32-baseline-w32-s04,Sand,1024,1024,122368,122368
native-controls,010-Water-Sand-packed-32-baseline-w32-s04,Water,512,512,48896,48896
native-controls,011-Sand-Water-packed-32-baseline-w32-s00,Wall,322,322,20608,20608
native-controls,011-Sand-Water-packed-32-baseline-w32-s00,Sand,512,512,44800,61184
native-controls,011-Sand-Water-packed-32-baseline-w32-s00,Water,1024,1024,114176,97792
native-controls,011-Sand-Water-packed-32-baseline-w32-s01,Wall,336,336,22680,22680
native-controls,011-Sand-Water-packed-32-baseline-w32-s01,Sand,512,512,48384,64768
native-controls,011-Sand-Water-packed-32-baseline-w32-s01,Water,1024,1024,121344,104960
native-controls,011-Sand-Water-packed-32-baseline-w32-s02,Wall,350,350,24850,24850
native-controls,011-Sand-Water-packed-32-baseline-w32-s02,Sand,512,512,51968,68352
native-controls,011-Sand-Water-packed-32-baseline-w32-s02,Water,1024,1024,128512,112128
native-controls,011-Sand-Water-packed-32-baseline-w32-s03,Wall,324,324,20898,20898
native-controls,011-Sand-Water-packed-32-baseline-w32-s03,Sand,512,512,45312,61696
native-controls,011-Sand-Water-packed-32-baseline-w32-s03,Water,1024,1024,115200,98816
native-controls,011-Sand-Water-packed-32-baseline-w32-s04,Wall,338,338,22984,22984
native-controls,011-Sand-Water-packed-32-baseline-w32-s04,Sand,512,512,48896,65280
native-controls,011-Sand-Water-packed-32-baseline-w32-s04,Water,1024,1024,122368,105984
native-controls,012-Water-Dust-packed-32-baseline-w32-s00,Wall,322,322,20608,20608
native-controls,012-Water-Dust-packed-32-baseline-w32-s00,Water,512,512,44800,61184
native-controls,012-Water-Dust-packed-32-baseline-w32-s00,Dust,1024,1024,114176,97792
native-controls,012-Water-Dust-packed-32-baseline-w32-s01,Wall,336,336,22680,22680
native-controls,012-Water-Dust-packed-32-baseline-w32-s01,Water,512,512,48384,64768
native-controls,012-Water-Dust-packed-32-baseline-w32-s01,Dust,1024,1024,121344,104960
native-controls,012-Water-Dust-packed-32-baseline-w32-s02,Wall,350,350,24850,24850
native-controls,012-Water-Dust-packed-32-baseline-w32-s02,Water,512,512,51968,68352
native-controls,012-Water-Dust-packed-32-baseline-w32-s02,Dust,1024,1024,128512,112128
native-controls,012-Water-Dust-packed-32-baseline-w32-s03,Wall,324,324,20898,20898
native-controls,012-Water-Dust-packed-32-baseline-w32-s03,Water,512,512,45312,61696
native-controls,012-Water-Dust-packed-32-baseline-w32-s03,Dust,1024,1024,115200,98816
native-controls,012-Water-Dust-packed-32-baseline-w32-s04,Wall,338,338,22984,22984
native-controls,012-Water-Dust-packed-32-baseline-w32-s04,Water,512,512,48896,65280
native-controls,012-Water-Dust-packed-32-baseline-w32-s04,Dust,1024,1024,122368,105984
native-controls,013-Dust-Water-packed-32-baseline-w32-s00,Wall,322,322,20608,20608
native-controls,013-Dust-Water-packed-32-baseline-w32-s00,Water,1024,1024,114176,114176
native-controls,013-Dust-Water-packed-32-baseline-w32-s00,Dust,512,512,44800,44800
native-controls,013-Dust-Water-packed-32-baseline-w32-s01,Wall,336,336,22680,22680
native-controls,013-Dust-Water-packed-32-baseline-w32-s01,Water,1024,1024,121344,121344
native-controls,013-Dust-Water-packed-32-baseline-w32-s01,Dust,512,512,48384,48384
native-controls,013-Dust-Water-packed-32-baseline-w32-s02,Wall,350,350,24850,24850
native-controls,013-Dust-Water-packed-32-baseline-w32-s02,Water,1024,1024,128512,128512
native-controls,013-Dust-Water-packed-32-baseline-w32-s02,Dust,512,512,51968,51968
native-controls,013-Dust-Water-packed-32-baseline-w32-s03,Wall,324,324,20898,20898
native-controls,013-Dust-Water-packed-32-baseline-w32-s03,Water,1024,1024,115200,115200
native-controls,013-Dust-Water-packed-32-baseline-w32-s03,Dust,512,512,45312,45312
native-controls,013-Dust-Water-packed-32-baseline-w32-s04,Wall,338,338,22984,22984
native-controls,013-Dust-Water-packed-32-baseline-w32-s04,Water,1024,1024,122368,122368
native-controls,013-Dust-Water-packed-32-baseline-w32-s04,Dust,512,512,48896,48896
native-controls,014-Oil-Sand-packed-32-baseline-w32-s00,Wall,322,322,20608,20608
native-controls,014-Oil-Sand-packed-32-baseline-w32-s00,Sand,1024,1024,114176,114176
native-controls,014-Oil-Sand-packed-32-baseline-w32-s00,Oil,512,512,44800,44800
native-controls,014-Oil-Sand-packed-32-baseline-w32-s01,Wall,336,336,22680,22680
native-controls,014-Oil-Sand-packed-32-baseline-w32-s01,Sand,1024,1024,121344,121344
native-controls,014-Oil-Sand-packed-32-baseline-w32-s01,Oil,512,512,48384,48384
native-controls,014-Oil-Sand-packed-32-baseline-w32-s02,Wall,350,350,24850,24850
native-controls,014-Oil-Sand-packed-32-baseline-w32-s02,Sand,1024,1024,128512,128512
native-controls,014-Oil-Sand-packed-32-baseline-w32-s02,Oil,512,512,51968,51968
native-controls,014-Oil-Sand-packed-32-baseline-w32-s03,Wall,324,324,20898,20898
native-controls,014-Oil-Sand-packed-32-baseline-w32-s03,Sand,1024,1024,115200,115200
native-controls,014-Oil-Sand-packed-32-baseline-w32-s03,Oil,512,512,45312,45312
native-controls,014-Oil-Sand-packed-32-baseline-w32-s04,Wall,338,338,22984,22984
native-controls,014-Oil-Sand-packed-32-baseline-w32-s04,Sand,1024,1024,122368,122368
native-controls,014-Oil-Sand-packed-32-baseline-w32-s04,Oil,512,512,48896,48896
native-controls,015-Sand-Oil-packed-32-baseline-w32-s00,Wall,322,322,20608,20608
native-controls,015-Sand-Oil-packed-32-baseline-w32-s00,Sand,512,512,44800,61184
native-controls,015-Sand-Oil-packed-32-baseline-w32-s00,Oil,1024,1024,114176,97792
native-controls,015-Sand-Oil-packed-32-baseline-w32-s01,Wall,336,336,22680,22680
native-controls,015-Sand-Oil-packed-32-baseline-w32-s01,Sand,512,512,48384,64768
native-controls,015-Sand-Oil-packed-32-baseline-w32-s01,Oil,1024,1024,121344,104960
native-controls,015-Sand-Oil-packed-32-baseline-w32-s02,Wall,350,350,24850,24850
native-controls,015-Sand-Oil-packed-32-baseline-w32-s02,Sand,512,512,51968,68352
native-controls,015-Sand-Oil-packed-32-baseline-w32-s02,Oil,1024,1024,128512,112128
native-controls,015-Sand-Oil-packed-32-baseline-w32-s03,Wall,324,324,20898,20898
native-controls,015-Sand-Oil-packed-32-baseline-w32-s03,Sand,512,512,45312,61696
native-controls,015-Sand-Oil-packed-32-baseline-w32-s03,Oil,1024,1024,115200,98816
native-controls,015-Sand-Oil-packed-32-baseline-w32-s04,Wall,338,338,22984,22984
native-controls,015-Sand-Oil-packed-32-baseline-w32-s04,Sand,512,512,48896,65280
native-controls,015-Sand-Oil-packed-32-baseline-w32-s04,Oil,1024,1024,122368,105984
native-controls,016-Oil-Dust-packed-32-baseline-w32-s00,Wall,322,322,20608,20608
native-controls,016-Oil-Dust-packed-32-baseline-w32-s00,Dust,1024,1024,114176,114176
native-controls,016-Oil-Dust-packed-32-baseline-w32-s00,Oil,512,512,44800,44800
native-controls,016-Oil-Dust-packed-32-baseline-w32-s01,Wall,336,336,22680,22680
native-controls,016-Oil-Dust-packed-32-baseline-w32-s01,Dust,1024,1024,121344,121344
native-controls,016-Oil-Dust-packed-32-baseline-w32-s01,Oil,512,512,48384,48384
native-controls,016-Oil-Dust-packed-32-baseline-w32-s02,Wall,350,350,24850,24850
native-controls,016-Oil-Dust-packed-32-baseline-w32-s02,Dust,1024,1024,128512,128512
native-controls,016-Oil-Dust-packed-32-baseline-w32-s02,Oil,512,512,51968,51968
native-controls,016-Oil-Dust-packed-32-baseline-w32-s03,Wall,324,324,20898,20898
native-controls,016-Oil-Dust-packed-32-baseline-w32-s03,Dust,1024,1024,115200,115200
native-controls,016-Oil-Dust-packed-32-baseline-w32-s03,Oil,512,512,45312,45312
native-controls,016-Oil-Dust-packed-32-baseline-w32-s04,Wall,338,338,22984,22984
native-controls,016-Oil-Dust-packed-32-baseline-w32-s04,Dust,1024,1024,122368,122368
native-controls,016-Oil-Dust-packed-32-baseline-w32-s04,Oil,512,512,48896,48896
native-controls,017-Dust-Oil-packed-32-baseline-w32-s00,Wall,322,322,20608,20608
native-controls,017-Dust-Oil-packed-32-baseline-w32-s00,Dust,512,512,44800,44800
native-controls,017-Dust-Oil-packed-32-baseline-w32-s00,Oil,1024,1024,114176,114176
native-controls,017-Dust-Oil-packed-32-baseline-w32-s01,Wall,336,336,22680,22680
native-controls,017-Dust-Oil-packed-32-baseline-w32-s01,Dust,512,512,48384,48384
native-controls,017-Dust-Oil-packed-32-baseline-w32-s01,Oil,1024,1024,121344,121344
native-controls,017-Dust-Oil-packed-32-baseline-w32-s02,Wall,350,350,24850,24850
native-controls,017-Dust-Oil-packed-32-baseline-w32-s02,Dust,512,512,51968,51968
native-controls,017-Dust-Oil-packed-32-baseline-w32-s02,Oil,1024,1024,128512,128512
native-controls,017-Dust-Oil-packed-32-baseline-w32-s03,Wall,324,324,20898,20898
native-controls,017-Dust-Oil-packed-32-baseline-w32-s03,Dust,512,512,45312,45312
native-controls,017-Dust-Oil-packed-32-baseline-w32-s03,Oil,1024,1024,115200,115200
native-controls,017-Dust-Oil-packed-32-baseline-w32-s04,Wall,338,338,22984,22984
native-controls,017-Dust-Oil-packed-32-baseline-w32-s04,Dust,512,512,48896,48896
native-controls,017-Dust-Oil-packed-32-baseline-w32-s04,Oil,1024,1024,122368,122368
native-controls,018-Brine-Sand-packed-32-baseline-w32-s00,Wall,322,322,20608,20608
native-controls,018-Brine-Sand-packed-32-baseline-w32-s00,Sand,1024,1024,114176,114176
native-controls,018-Brine-Sand-packed-32-baseline-w32-s00,Brine,512,512,44800,44800
native-controls,018-Brine-Sand-packed-32-baseline-w32-s01,Wall,336,336,22680,22680
native-controls,018-Brine-Sand-packed-32-baseline-w32-s01,Sand,1024,1024,121344,121344
native-controls,018-Brine-Sand-packed-32-baseline-w32-s01,Brine,512,512,48384,48384
native-controls,018-Brine-Sand-packed-32-baseline-w32-s02,Wall,350,350,24850,24850
native-controls,018-Brine-Sand-packed-32-baseline-w32-s02,Sand,1024,1024,128512,128512
native-controls,018-Brine-Sand-packed-32-baseline-w32-s02,Brine,512,512,51968,51968
native-controls,018-Brine-Sand-packed-32-baseline-w32-s03,Wall,324,324,20898,20898
native-controls,018-Brine-Sand-packed-32-baseline-w32-s03,Sand,1024,1024,115200,115200
native-controls,018-Brine-Sand-packed-32-baseline-w32-s03,Brine,512,512,45312,45312
native-controls,018-Brine-Sand-packed-32-baseline-w32-s04,Wall,338,338,22984,22984
native-controls,018-Brine-Sand-packed-32-baseline-w32-s04,Sand,1024,1024,122368,122368
native-controls,018-Brine-Sand-packed-32-baseline-w32-s04,Brine,512,512,48896,48896
native-controls,019-Sand-Brine-packed-32-baseline-w32-s00,Wall,322,322,20608,20608
native-controls,019-Sand-Brine-packed-32-baseline-w32-s00,Sand,512,512,44800,61184
native-controls,019-Sand-Brine-packed-32-baseline-w32-s00,Brine,1024,1024,114176,97792
native-controls,019-Sand-Brine-packed-32-baseline-w32-s01,Wall,336,336,22680,22680
native-controls,019-Sand-Brine-packed-32-baseline-w32-s01,Sand,512,512,48384,64768
native-controls,019-Sand-Brine-packed-32-baseline-w32-s01,Brine,1024,1024,121344,104960
native-controls,019-Sand-Brine-packed-32-baseline-w32-s02,Wall,350,350,24850,24850
native-controls,019-Sand-Brine-packed-32-baseline-w32-s02,Sand,512,512,51968,68352
native-controls,019-Sand-Brine-packed-32-baseline-w32-s02,Brine,1024,1024,128512,112128
native-controls,019-Sand-Brine-packed-32-baseline-w32-s03,Wall,324,324,20898,20898
native-controls,019-Sand-Brine-packed-32-baseline-w32-s03,Sand,512,512,45312,61696
native-controls,019-Sand-Brine-packed-32-baseline-w32-s03,Brine,1024,1024,115200,98816
native-controls,019-Sand-Brine-packed-32-baseline-w32-s04,Wall,338,338,22984,22984
native-controls,019-Sand-Brine-packed-32-baseline-w32-s04,Sand,512,512,48896,65280
native-controls,019-Sand-Brine-packed-32-baseline-w32-s04,Brine,1024,1024,122368,105984
native-controls,020-Brine-Dust-packed-32-baseline-w32-s00,Wall,322,322,20608,20608
native-controls,020-Brine-Dust-packed-32-baseline-w32-s00,Dust,1024,1024,114176,97792
native-controls,020-Brine-Dust-packed-32-baseline-w32-s00,Brine,512,512,44800,61184
native-controls,020-Brine-Dust-packed-32-baseline-w32-s01,Wall,336,336,22680,22680
native-controls,020-Brine-Dust-packed-32-baseline-w32-s01,Dust,1024,1024,121344,104960
native-controls,020-Brine-Dust-packed-32-baseline-w32-s01,Brine,512,512,48384,64768
native-controls,020-Brine-Dust-packed-32-baseline-w32-s02,Wall,350,350,24850,24850
native-controls,020-Brine-Dust-packed-32-baseline-w32-s02,Dust,1024,1024,128512,112128
native-controls,020-Brine-Dust-packed-32-baseline-w32-s02,Brine,512,512,51968,68352
native-controls,020-Brine-Dust-packed-32-baseline-w32-s03,Wall,324,324,20898,20898
native-controls,020-Brine-Dust-packed-32-baseline-w32-s03,Dust,1024,1024,115200,98816
native-controls,020-Brine-Dust-packed-32-baseline-w32-s03,Brine,512,512,45312,61696
native-controls,020-Brine-Dust-packed-32-baseline-w32-s04,Wall,338,338,22984,22984
native-controls,020-Brine-Dust-packed-32-baseline-w32-s04,Dust,1024,1024,122368,105984
native-controls,020-Brine-Dust-packed-32-baseline-w32-s04,Brine,512,512,48896,65280
native-controls,021-Dust-Brine-packed-32-baseline-w32-s00,Wall,322,322,20608,20608
native-controls,021-Dust-Brine-packed-32-baseline-w32-s00,Dust,512,512,44800,44800
native-controls,021-Dust-Brine-packed-32-baseline-w32-s00,Brine,1024,1024,114176,114176
native-controls,021-Dust-Brine-packed-32-baseline-w32-s01,Wall,336,336,22680,22680
native-controls,021-Dust-Brine-packed-32-baseline-w32-s01,Dust,512,512,48384,48384
native-controls,021-Dust-Brine-packed-32-baseline-w32-s01,Brine,1024,1024,121344,121344
native-controls,021-Dust-Brine-packed-32-baseline-w32-s02,Wall,350,350,24850,24850
native-controls,021-Dust-Brine-packed-32-baseline-w32-s02,Dust,512,512,51968,51968
native-controls,021-Dust-Brine-packed-32-baseline-w32-s02,Brine,1024,1024,128512,128512
native-controls,021-Dust-Brine-packed-32-baseline-w32-s03,Wall,324,324,20898,20898
native-controls,021-Dust-Brine-packed-32-baseline-w32-s03,Dust,512,512,45312,45312
native-controls,021-Dust-Brine-packed-32-baseline-w32-s03,Brine,1024,1024,115200,115200
native-controls,021-Dust-Brine-packed-32-baseline-w32-s04,Wall,338,338,22984,22984
native-controls,021-Dust-Brine-packed-32-baseline-w32-s04,Dust,512,512,48896,48896
native-controls,021-Dust-Brine-packed-32-baseline-w32-s04,Brine,1024,1024,122368,122368
native-controls,022-Paste-Sand-packed-32-baseline-w32-s00,Wall,322,322,20608,20608
native-controls,022-Paste-Sand-packed-32-baseline-w32-s00,Sand,1024,1024,114176,114176
native-controls,022-Paste-Sand-packed-32-baseline-w32-s00,Paste,512,512,44800,44800
native-controls,022-Paste-Sand-packed-32-baseline-w32-s01,Wall,336,336,22680,22680
native-controls,022-Paste-Sand-packed-32-baseline-w32-s01,Sand,1024,1024,121344,121344
native-controls,022-Paste-Sand-packed-32-baseline-w32-s01,Paste,512,512,48384,48384
native-controls,022-Paste-Sand-packed-32-baseline-w32-s02,Wall,350,350,24850,24850
native-controls,022-Paste-Sand-packed-32-baseline-w32-s02,Sand,1024,1024,128512,128512
native-controls,022-Paste-Sand-packed-32-baseline-w32-s02,Paste,512,512,51968,51968
native-controls,022-Paste-Sand-packed-32-baseline-w32-s03,Wall,324,324,20898,20898
native-controls,022-Paste-Sand-packed-32-baseline-w32-s03,Sand,1024,1024,115200,115200
native-controls,022-Paste-Sand-packed-32-baseline-w32-s03,Paste,512,512,45312,45312
native-controls,022-Paste-Sand-packed-32-baseline-w32-s04,Wall,338,338,22984,22984
native-controls,022-Paste-Sand-packed-32-baseline-w32-s04,Sand,1024,1024,122368,122368
native-controls,022-Paste-Sand-packed-32-baseline-w32-s04,Paste,512,512,48896,48896
native-controls,023-Sand-Paste-packed-32-baseline-w32-s00,Wall,322,322,20608,20608
native-controls,023-Sand-Paste-packed-32-baseline-w32-s00,Sand,512,512,44800,61184
native-controls,023-Sand-Paste-packed-32-baseline-w32-s00,Paste,1024,1024,114176,97792
native-controls,023-Sand-Paste-packed-32-baseline-w32-s01,Wall,336,336,22680,22680
native-controls,023-Sand-Paste-packed-32-baseline-w32-s01,Sand,512,512,48384,64768
native-controls,023-Sand-Paste-packed-32-baseline-w32-s01,Paste,1024,1024,121344,104960
native-controls,023-Sand-Paste-packed-32-baseline-w32-s02,Wall,350,350,24850,24850
native-controls,023-Sand-Paste-packed-32-baseline-w32-s02,Sand,512,512,51968,68352
native-controls,023-Sand-Paste-packed-32-baseline-w32-s02,Paste,1024,1024,128512,112128
native-controls,023-Sand-Paste-packed-32-baseline-w32-s03,Wall,324,324,20898,20898
native-controls,023-Sand-Paste-packed-32-baseline-w32-s03,Sand,512,512,45312,61696
native-controls,023-Sand-Paste-packed-32-baseline-w32-s03,Paste,1024,1024,115200,98816
native-controls,023-Sand-Paste-packed-32-baseline-w32-s04,Wall,338,338,22984,22984
native-controls,023-Sand-Paste-packed-32-baseline-w32-s04,Sand,512,512,48896,65280
native-controls,023-Sand-Paste-packed-32-baseline-w32-s04,Paste,1024,1024,122368,105984
native-controls,024-Paste-Dust-packed-32-baseline-w32-s00,Wall,322,322,20608,20608
native-controls,024-Paste-Dust-packed-32-baseline-w32-s00,Dust,1024,1024,114176,97792
native-controls,024-Paste-Dust-packed-32-baseline-w32-s00,Paste,512,512,44800,61184
native-controls,024-Paste-Dust-packed-32-baseline-w32-s01,Wall,336,336,22680,22680
native-controls,024-Paste-Dust-packed-32-baseline-w32-s01,Dust,1024,1024,121344,104960
native-controls,024-Paste-Dust-packed-32-baseline-w32-s01,Paste,512,512,48384,64768
native-controls,024-Paste-Dust-packed-32-baseline-w32-s02,Wall,350,350,24850,24850
native-controls,024-Paste-Dust-packed-32-baseline-w32-s02,Dust,1024,1024,128512,112128
native-controls,024-Paste-Dust-packed-32-baseline-w32-s02,Paste,512,512,51968,68352
native-controls,024-Paste-Dust-packed-32-baseline-w32-s03,Wall,324,324,20898,20898
native-controls,024-Paste-Dust-packed-32-baseline-w32-s03,Dust,1024,1024,115200,98816
native-controls,024-Paste-Dust-packed-32-baseline-w32-s03,Paste,512,512,45312,61696
native-controls,024-Paste-Dust-packed-32-baseline-w32-s04,Wall,338,338,22984,22984
native-controls,024-Paste-Dust-packed-32-baseline-w32-s04,Dust,1024,1024,122368,105984
native-controls,024-Paste-Dust-packed-32-baseline-w32-s04,Paste,512,512,48896,65280
native-controls,025-Dust-Paste-packed-32-baseline-w32-s00,Wall,322,322,20608,20608
native-controls,025-Dust-Paste-packed-32-baseline-w32-s00,Dust,512,512,44800,44800
native-controls,025-Dust-Paste-packed-32-baseline-w32-s00,Paste,1024,1024,114176,114176
native-controls,025-Dust-Paste-packed-32-baseline-w32-s01,Wall,336,336,22680,22680
native-controls,025-Dust-Paste-packed-32-baseline-w32-s01,Dust,512,512,48384,48384
native-controls,025-Dust-Paste-packed-32-baseline-w32-s01,Paste,1024,1024,121344,121344
native-controls,025-Dust-Paste-packed-32-baseline-w32-s02,Wall,350,350,24850,24850
native-controls,025-Dust-Paste-packed-32-baseline-w32-s02,Dust,512,512,51968,51968
native-controls,025-Dust-Paste-packed-32-baseline-w32-s02,Paste,1024,1024,128512,128512
native-controls,025-Dust-Paste-packed-32-baseline-w32-s03,Wall,324,324,20898,20898
native-controls,025-Dust-Paste-packed-32-baseline-w32-s03,Dust,512,512,45312,45312
native-controls,025-Dust-Paste-packed-32-baseline-w32-s03,Paste,1024,1024,115200,115200
native-controls,025-Dust-Paste-packed-32-baseline-w32-s04,Wall,338,338,22984,22984
native-controls,025-Dust-Paste-packed-32-baseline-w32-s04,Dust,512,512,48896,48896
native-controls,025-Dust-Paste-packed-32-baseline-w32-s04,Paste,1024,1024,122368,122368
native-controls,026-Lava-Sand-packed-32-baseline-w32-s00,Wall,322,322,20608,20608
native-controls,026-Lava-Sand-packed-32-baseline-w32-s00,Sand,1024,1024,114176,97792
native-controls,026-Lava-Sand-packed-32-baseline-w32-s00,Lava,512,512,44800,61184
native-controls,026-Lava-Sand-packed-32-baseline-w32-s01,Wall,336,336,22680,22680
native-controls,026-Lava-Sand-packed-32-baseline-w32-s01,Sand,1024,1024,121344,104960
native-controls,026-Lava-Sand-packed-32-baseline-w32-s01,Lava,512,512,48384,64768
native-controls,026-Lava-Sand-packed-32-baseline-w32-s02,Wall,350,350,24850,24850
native-controls,026-Lava-Sand-packed-32-baseline-w32-s02,Sand,1024,1024,128512,112128
native-controls,026-Lava-Sand-packed-32-baseline-w32-s02,Lava,512,512,51968,68352
native-controls,026-Lava-Sand-packed-32-baseline-w32-s03,Wall,324,324,20898,20898
native-controls,026-Lava-Sand-packed-32-baseline-w32-s03,Sand,1024,1024,115200,98816
native-controls,026-Lava-Sand-packed-32-baseline-w32-s03,Lava,512,512,45312,61696
native-controls,026-Lava-Sand-packed-32-baseline-w32-s04,Wall,338,338,22984,22984
native-controls,026-Lava-Sand-packed-32-baseline-w32-s04,Sand,1024,1024,122368,105984
native-controls,026-Lava-Sand-packed-32-baseline-w32-s04,Lava,512,512,48896,65280
native-controls,027-Sand-Lava-packed-32-baseline-w32-s00,Wall,322,322,20608,20608
native-controls,027-Sand-Lava-packed-32-baseline-w32-s00,Sand,512,512,44800,44800
native-controls,027-Sand-Lava-packed-32-baseline-w32-s00,Lava,1024,1024,114176,114176
native-controls,027-Sand-Lava-packed-32-baseline-w32-s01,Wall,336,336,22680,22680
native-controls,027-Sand-Lava-packed-32-baseline-w32-s01,Sand,512,512,48384,48384
native-controls,027-Sand-Lava-packed-32-baseline-w32-s01,Lava,1024,1024,121344,121344
native-controls,027-Sand-Lava-packed-32-baseline-w32-s02,Wall,350,350,24850,24850
native-controls,027-Sand-Lava-packed-32-baseline-w32-s02,Sand,512,512,51968,51968
native-controls,027-Sand-Lava-packed-32-baseline-w32-s02,Lava,1024,1024,128512,128512
native-controls,027-Sand-Lava-packed-32-baseline-w32-s03,Wall,324,324,20898,20898
native-controls,027-Sand-Lava-packed-32-baseline-w32-s03,Sand,512,512,45312,45312
native-controls,027-Sand-Lava-packed-32-baseline-w32-s03,Lava,1024,1024,115200,115200
native-controls,027-Sand-Lava-packed-32-baseline-w32-s04,Wall,338,338,22984,22984
native-controls,027-Sand-Lava-packed-32-baseline-w32-s04,Sand,512,512,48896,48896
native-controls,027-Sand-Lava-packed-32-baseline-w32-s04,Lava,1024,1024,122368,122368
native-controls,028-Lava-Dust-packed-32-baseline-w32-s00,Wall,322,322,20608,20608
native-controls,028-Lava-Dust-packed-32-baseline-w32-s00,4,0,4,0,4
native-controls,028-Lava-Dust-packed-32-baseline-w32-s00,Lava,512,512,44800,61184
native-controls,028-Lava-Dust-packed-32-baseline-w32-s00,Dust,1024,0,114176,0
native-controls,028-Lava-Dust-packed-32-baseline-w32-s01,Wall,336,336,22680,22680
native-controls,028-Lava-Dust-packed-32-baseline-w32-s01,4,0,4,0,4
native-controls,028-Lava-Dust-packed-32-baseline-w32-s01,Lava,512,512,48384,64768
native-controls,028-Lava-Dust-packed-32-baseline-w32-s01,Dust,1024,0,121344,0
native-controls,028-Lava-Dust-packed-32-baseline-w32-s02,Wall,350,350,24850,24850
native-controls,028-Lava-Dust-packed-32-baseline-w32-s02,4,0,4,0,4
native-controls,028-Lava-Dust-packed-32-baseline-w32-s02,Lava,512,512,51968,68352
native-controls,028-Lava-Dust-packed-32-baseline-w32-s02,Dust,1024,0,128512,0
native-controls,028-Lava-Dust-packed-32-baseline-w32-s03,Wall,324,324,20898,20898
native-controls,028-Lava-Dust-packed-32-baseline-w32-s03,4,0,5,0,5
native-controls,028-Lava-Dust-packed-32-baseline-w32-s03,Lava,512,512,45312,61696
native-controls,028-Lava-Dust-packed-32-baseline-w32-s03,Dust,1024,0,115200,0
native-controls,028-Lava-Dust-packed-32-baseline-w32-s04,Wall,338,338,22984,22984
native-controls,028-Lava-Dust-packed-32-baseline-w32-s04,4,0,4,0,4
native-controls,028-Lava-Dust-packed-32-baseline-w32-s04,Lava,512,512,48896,65280
native-controls,028-Lava-Dust-packed-32-baseline-w32-s04,Dust,1024,0,122368,0
native-controls,029-Dust-Lava-packed-32-baseline-w32-s00,Wall,322,322,20608,20608
native-controls,029-Dust-Lava-packed-32-baseline-w32-s00,4,0,4,0,4
native-controls,029-Dust-Lava-packed-32-baseline-w32-s00,Lava,1024,1024,114176,114176
native-controls,029-Dust-Lava-packed-32-baseline-w32-s00,Dust,512,0,44800,0
native-controls,029-Dust-Lava-packed-32-baseline-w32-s01,Wall,336,336,22680,22680
native-controls,029-Dust-Lava-packed-32-baseline-w32-s01,4,0,4,0,4
native-controls,029-Dust-Lava-packed-32-baseline-w32-s01,Lava,1024,1024,121344,121344
native-controls,029-Dust-Lava-packed-32-baseline-w32-s01,Dust,512,0,48384,0
native-controls,029-Dust-Lava-packed-32-baseline-w32-s02,Wall,350,350,24850,24850
native-controls,029-Dust-Lava-packed-32-baseline-w32-s02,4,0,4,0,4
native-controls,029-Dust-Lava-packed-32-baseline-w32-s02,Lava,1024,1024,128512,128512
native-controls,029-Dust-Lava-packed-32-baseline-w32-s02,Dust,512,0,51968,0
native-controls,029-Dust-Lava-packed-32-baseline-w32-s03,Wall,324,324,20898,20898
native-controls,029-Dust-Lava-packed-32-baseline-w32-s03,4,0,3,0,3
native-controls,029-Dust-Lava-packed-32-baseline-w32-s03,Lava,1024,1024,115200,115200
native-controls,029-Dust-Lava-packed-32-baseline-w32-s03,Dust,512,0,45312,0
native-controls,029-Dust-Lava-packed-32-baseline-w32-s04,Wall,338,338,22984,22984
native-controls,029-Dust-Lava-packed-32-baseline-w32-s04,4,0,4,0,4
native-controls,029-Dust-Lava-packed-32-baseline-w32-s04,Lava,1024,1024,122368,122368
native-controls,029-Dust-Lava-packed-32-baseline-w32-s04,Dust,512,0,48896,0
native-controls,030-Sand-Wall-packed-32-baseline-w32-s00,Wall,1346,1346,134784,134784
native-controls,030-Sand-Wall-packed-32-baseline-w32-s00,Sand,512,512,44800,44800
native-controls,030-Sand-Wall-packed-32-baseline-w32-s01,Wall,1360,1360,144024,144024
native-controls,030-Sand-Wall-packed-32-baseline-w32-s01,Sand,512,512,48384,48384
native-controls,030-Sand-Wall-packed-32-baseline-w32-s02,Wall,1374,1374,153362,153362
native-controls,030-Sand-Wall-packed-32-baseline-w32-s02,Sand,512,512,51968,51968
native-controls,030-Sand-Wall-packed-32-baseline-w32-s03,Wall,1348,1348,136098,136098
native-controls,030-Sand-Wall-packed-32-baseline-w32-s03,Sand,512,512,45312,45312
native-controls,030-Sand-Wall-packed-32-baseline-w32-s04,Wall,1362,1362,145352,145352
native-controls,030-Sand-Wall-packed-32-baseline-w32-s04,Sand,512,512,48896,48896
native-controls,031-Mercury-Wall-packed-32-baseline-w32-s00,Wall,1346,1346,134784,134784
native-controls,031-Mercury-Wall-packed-32-baseline-w32-s00,Mercury,512,512,44800,44800
native-controls,031-Mercury-Wall-packed-32-baseline-w32-s01,Wall,1360,1360,144024,144024
native-controls,031-Mercury-Wall-packed-32-baseline-w32-s01,Mercury,512,512,48384,48384
native-controls,031-Mercury-Wall-packed-32-baseline-w32-s02,Wall,1374,1374,153362,153362
native-controls,031-Mercury-Wall-packed-32-baseline-w32-s02,Mercury,512,512,51968,51968
native-controls,031-Mercury-Wall-packed-32-baseline-w32-s03,Wall,1348,1348,136098,136098
native-controls,031-Mercury-Wall-packed-32-baseline-w32-s03,Mercury,512,512,45312,45312
native-controls,031-Mercury-Wall-packed-32-baseline-w32-s04,Wall,1362,1362,145352,145352
native-controls,031-Mercury-Wall-packed-32-baseline-w32-s04,Mercury,512,512,48896,48896
native-controls,032-Sand-Concrete-packed-32-baseline-w32-s00,Wall,322,322,20608,20608
native-controls,032-Sand-Concrete-packed-32-baseline-w32-s00,Sand,512,512,44800,44800
native-controls,032-Sand-Concrete-packed-32-baseline-w32-s00,Concrete,1024,1024,114176,114176
native-controls,032-Sand-Concrete-packed-32-baseline-w32-s01,Wall,336,336,22680,22680
native-controls,032-Sand-Concrete-packed-32-baseline-w32-s01,Sand,512,512,48384,48384
native-controls,032-Sand-Concrete-packed-32-baseline-w32-s01,Concrete,1024,1024,121344,121344
native-controls,032-Sand-Concrete-packed-32-baseline-w32-s02,Wall,350,350,24850,24850
native-controls,032-Sand-Concrete-packed-32-baseline-w32-s02,Sand,512,512,51968,51968
native-controls,032-Sand-Concrete-packed-32-baseline-w32-s02,Concrete,1024,1024,128512,128512
native-controls,032-Sand-Concrete-packed-32-baseline-w32-s03,Wall,324,324,20898,20898
native-controls,032-Sand-Concrete-packed-32-baseline-w32-s03,Sand,512,512,45312,45312
native-controls,032-Sand-Concrete-packed-32-baseline-w32-s03,Concrete,1024,1024,115200,115200
native-controls,032-Sand-Concrete-packed-32-baseline-w32-s04,Wall,338,338,22984,22984
native-controls,032-Sand-Concrete-packed-32-baseline-w32-s04,Sand,512,512,48896,48896
native-controls,032-Sand-Concrete-packed-32-baseline-w32-s04,Concrete,1024,1024,122368,122368
native-controls,033-Mercury-Concrete-packed-32-baseline-w32-s00,Wall,322,322,20608,20608
native-controls,033-Mercury-Concrete-packed-32-baseline-w32-s00,Concrete,1024,1024,114176,114176
native-controls,033-Mercury-Concrete-packed-32-baseline-w32-s00,Mercury,512,512,44800,44800
native-controls,033-Mercury-Concrete-packed-32-baseline-w32-s01,Wall,336,336,22680,22680
native-controls,033-Mercury-Concrete-packed-32-baseline-w32-s01,Concrete,1024,1024,121344,121344
native-controls,033-Mercury-Concrete-packed-32-baseline-w32-s01,Mercury,512,512,48384,48384
native-controls,033-Mercury-Concrete-packed-32-baseline-w32-s02,Wall,350,350,24850,24850
native-controls,033-Mercury-Concrete-packed-32-baseline-w32-s02,Concrete,1024,1024,128512,128512
native-controls,033-Mercury-Concrete-packed-32-baseline-w32-s02,Mercury,512,512,51968,51968
native-controls,033-Mercury-Concrete-packed-32-baseline-w32-s03,Wall,324,324,20898,20898
native-controls,033-Mercury-Concrete-packed-32-baseline-w32-s03,Concrete,1024,1024,115200,115200
native-controls,033-Mercury-Concrete-packed-32-baseline-w32-s03,Mercury,512,512,45312,45312
native-controls,033-Mercury-Concrete-packed-32-baseline-w32-s04,Wall,338,338,22984,22984
native-controls,033-Mercury-Concrete-packed-32-baseline-w32-s04,Concrete,1024,1024,122368,122368
native-controls,033-Mercury-Concrete-packed-32-baseline-w32-s04,Mercury,512,512,48896,48896
native-controls,034-Sand-Dust-packed-32-exchange_off-w32-s00,Wall,322,322,20608,20608
native-controls,034-Sand-Dust-packed-32-exchange_off-w32-s00,Sand,512,512,44800,44800
native-controls,034-Sand-Dust-packed-32-exchange_off-w32-s00,Dust,1024,1024,114176,114176
native-controls,034-Sand-Dust-packed-32-exchange_off-w32-s01,Wall,336,336,22680,22680
native-controls,034-Sand-Dust-packed-32-exchange_off-w32-s01,Sand,512,512,48384,48384
native-controls,034-Sand-Dust-packed-32-exchange_off-w32-s01,Dust,1024,1024,121344,121344
native-controls,034-Sand-Dust-packed-32-exchange_off-w32-s02,Wall,350,350,24850,24850
native-controls,034-Sand-Dust-packed-32-exchange_off-w32-s02,Sand,512,512,51968,51968
native-controls,034-Sand-Dust-packed-32-exchange_off-w32-s02,Dust,1024,1024,128512,128512
native-controls,034-Sand-Dust-packed-32-exchange_off-w32-s03,Wall,324,324,20898,20898
native-controls,034-Sand-Dust-packed-32-exchange_off-w32-s03,Sand,512,512,45312,45312
native-controls,034-Sand-Dust-packed-32-exchange_off-w32-s03,Dust,1024,1024,115200,115200
native-controls,034-Sand-Dust-packed-32-exchange_off-w32-s04,Wall,338,338,22984,22984
native-controls,034-Sand-Dust-packed-32-exchange_off-w32-s04,Sand,512,512,48896,48896
native-controls,034-Sand-Dust-packed-32-exchange_off-w32-s04,Dust,1024,1024,122368,122368
native-controls,035-Stone-Sand-packed-32-exchange_off-w32-s00,Wall,322,322,20608,20608
native-controls,035-Stone-Sand-packed-32-exchange_off-w32-s00,Sand,1024,1024,114176,114176
native-controls,035-Stone-Sand-packed-32-exchange_off-w32-s00,Stone,512,512,44800,44800
native-controls,035-Stone-Sand-packed-32-exchange_off-w32-s01,Wall,336,336,22680,22680
native-controls,035-Stone-Sand-packed-32-exchange_off-w32-s01,Sand,1024,1024,121344,121344
native-controls,035-Stone-Sand-packed-32-exchange_off-w32-s01,Stone,512,512,48384,48384
native-controls,035-Stone-Sand-packed-32-exchange_off-w32-s02,Wall,350,350,24850,24850
native-controls,035-Stone-Sand-packed-32-exchange_off-w32-s02,Sand,1024,1024,128512,128512
native-controls,035-Stone-Sand-packed-32-exchange_off-w32-s02,Stone,512,512,51968,51968
native-controls,035-Stone-Sand-packed-32-exchange_off-w32-s03,Wall,324,324,20898,20898
native-controls,035-Stone-Sand-packed-32-exchange_off-w32-s03,Sand,1024,1024,115200,115200
native-controls,035-Stone-Sand-packed-32-exchange_off-w32-s03,Stone,512,512,45312,45312
native-controls,035-Stone-Sand-packed-32-exchange_off-w32-s04,Wall,338,338,22984,22984
native-controls,035-Stone-Sand-packed-32-exchange_off-w32-s04,Sand,1024,1024,122368,122368
native-controls,035-Stone-Sand-packed-32-exchange_off-w32-s04,Stone,512,512,48896,48896
native-controls,036-Rust-Sand-packed-32-exchange_off-w32-s00,Wall,322,322,20608,20608
native-controls,036-Rust-Sand-packed-32-exchange_off-w32-s00,Sand,1024,1024,114176,114176
native-controls,036-Rust-Sand-packed-32-exchange_off-w32-s00,Rust,512,512,44800,44800
native-controls,036-Rust-Sand-packed-32-exchange_off-w32-s01,Wall,336,336,22680,22680
native-controls,036-Rust-Sand-packed-32-exchange_off-w32-s01,Sand,1024,1024,121344,121344
native-controls,036-Rust-Sand-packed-32-exchange_off-w32-s01,Rust,512,512,48384,48384
native-controls,036-Rust-Sand-packed-32-exchange_off-w32-s02,Wall,350,350,24850,24850
native-controls,036-Rust-Sand-packed-32-exchange_off-w32-s02,Sand,1024,1024,128512,128512
native-controls,036-Rust-Sand-packed-32-exchange_off-w32-s02,Rust,512,512,51968,51968
native-controls,036-Rust-Sand-packed-32-exchange_off-w32-s03,Wall,324,324,20898,20898
native-controls,036-Rust-Sand-packed-32-exchange_off-w32-s03,Sand,1024,1024,115200,115200
native-controls,036-Rust-Sand-packed-32-exchange_off-w32-s03,Rust,512,512,45312,45312
native-controls,036-Rust-Sand-packed-32-exchange_off-w32-s04,Wall,338,338,22984,22984
native-controls,036-Rust-Sand-packed-32-exchange_off-w32-s04,Sand,1024,1024,122368,122368
native-controls,036-Rust-Sand-packed-32-exchange_off-w32-s04,Rust,512,512,48896,48896
native-controls,037-Mercury-Sand-packed-32-viscosity_96-w32-s00,Wall,322,322,20608,20608
native-controls,037-Mercury-Sand-packed-32-viscosity_96-w32-s00,Sand,1024,1024,114176,97792
native-controls,037-Mercury-Sand-packed-32-viscosity_96-w32-s00,Mercury,512,512,44800,61184
native-controls,037-Mercury-Sand-packed-32-viscosity_96-w32-s01,Wall,336,336,22680,22680
native-controls,037-Mercury-Sand-packed-32-viscosity_96-w32-s01,Sand,1024,1024,121344,104960
native-controls,037-Mercury-Sand-packed-32-viscosity_96-w32-s01,Mercury,512,512,48384,64768
native-controls,037-Mercury-Sand-packed-32-viscosity_96-w32-s02,Wall,350,350,24850,24850
native-controls,037-Mercury-Sand-packed-32-viscosity_96-w32-s02,Sand,1024,1024,128512,112128
native-controls,037-Mercury-Sand-packed-32-viscosity_96-w32-s02,Mercury,512,512,51968,68352
native-controls,037-Mercury-Sand-packed-32-viscosity_96-w32-s03,Wall,324,324,20898,20898
native-controls,037-Mercury-Sand-packed-32-viscosity_96-w32-s03,Sand,1024,1024,115200,98816
native-controls,037-Mercury-Sand-packed-32-viscosity_96-w32-s03,Mercury,512,512,45312,61696
native-controls,037-Mercury-Sand-packed-32-viscosity_96-w32-s04,Wall,338,338,22984,22984
native-controls,037-Mercury-Sand-packed-32-viscosity_96-w32-s04,Sand,1024,1024,122368,105984
native-controls,037-Mercury-Sand-packed-32-viscosity_96-w32-s04,Mercury,512,512,48896,65280
native-controls,038-Mercury-Sand-packed-32-viscosity_96-w1-s00,Wall,260,260,16640,16640
native-controls,038-Mercury-Sand-packed-32-viscosity_96-w1-s00,Sand,32,32,3568,3056
native-controls,038-Mercury-Sand-packed-32-viscosity_96-w1-s00,Mercury,16,16,1400,1912
native-controls,038-Mercury-Sand-packed-32-viscosity_96-w1-s01,Wall,274,274,18495,18495
native-controls,038-Mercury-Sand-packed-32-viscosity_96-w1-s01,Sand,32,32,3792,3280
native-controls,038-Mercury-Sand-packed-32-viscosity_96-w1-s01,Mercury,16,16,1512,2024
native-controls,038-Mercury-Sand-packed-32-viscosity_96-w1-s02,Wall,288,288,20448,20448
native-controls,038-Mercury-Sand-packed-32-viscosity_96-w1-s02,Sand,32,32,4016,3504
native-controls,038-Mercury-Sand-packed-32-viscosity_96-w1-s02,Mercury,16,16,1624,2136
native-controls,038-Mercury-Sand-packed-32-viscosity_96-w1-s03,Wall,262,262,16899,16899
native-controls,038-Mercury-Sand-packed-32-viscosity_96-w1-s03,Sand,32,32,3600,3088
native-controls,038-Mercury-Sand-packed-32-viscosity_96-w1-s03,Mercury,16,16,1416,1928
native-controls,038-Mercury-Sand-packed-32-viscosity_96-w1-s04,Wall,276,276,18768,18768
native-controls,038-Mercury-Sand-packed-32-viscosity_96-w1-s04,Sand,32,32,3824,3312
native-controls,038-Mercury-Sand-packed-32-viscosity_96-w1-s04,Mercury,16,16,1528,2040
native-controls,039-Mercury-Sand-packed-32-viscosity_160-w32-s00,Wall,322,322,20608,20608
native-controls,039-Mercury-Sand-packed-32-viscosity_160-w32-s00,Sand,1024,1024,114176,97792
native-controls,039-Mercury-Sand-packed-32-viscosity_160-w32-s00,Mercury,512,512,44800,61184
native-controls,039-Mercury-Sand-packed-32-viscosity_160-w32-s01,Wall,336,336,22680,22680
native-controls,039-Mercury-Sand-packed-32-viscosity_160-w32-s01,Sand,1024,1024,121344,104960
native-controls,039-Mercury-Sand-packed-32-viscosity_160-w32-s01,Mercury,512,512,48384,64768
native-controls,039-Mercury-Sand-packed-32-viscosity_160-w32-s02,Wall,350,350,24850,24850
native-controls,039-Mercury-Sand-packed-32-viscosity_160-w32-s02,Sand,1024,1024,128512,112128
native-controls,039-Mercury-Sand-packed-32-viscosity_160-w32-s02,Mercury,512,512,51968,68352
native-controls,039-Mercury-Sand-packed-32-viscosity_160-w32-s03,Wall,324,324,20898,20898
native-controls,039-Mercury-Sand-packed-32-viscosity_160-w32-s03,Sand,1024,1024,115200,98816
native-controls,039-Mercury-Sand-packed-32-viscosity_160-w32-s03,Mercury,512,512,45312,61696
native-controls,039-Mercury-Sand-packed-32-viscosity_160-w32-s04,Wall,338,338,22984,22984
native-controls,039-Mercury-Sand-packed-32-viscosity_160-w32-s04,Sand,1024,1024,122368,105984
native-controls,039-Mercury-Sand-packed-32-viscosity_160-w32-s04,Mercury,512,512,48896,65280
native-controls,040-Mercury-Sand-packed-32-viscosity_160-w1-s00,Wall,260,260,16640,16640
native-controls,040-Mercury-Sand-packed-32-viscosity_160-w1-s00,Sand,32,32,3568,3056
native-controls,040-Mercury-Sand-packed-32-viscosity_160-w1-s00,Mercury,16,16,1400,1912
native-controls,040-Mercury-Sand-packed-32-viscosity_160-w1-s01,Wall,274,274,18495,18495
native-controls,040-Mercury-Sand-packed-32-viscosity_160-w1-s01,Sand,32,32,3792,3280
native-controls,040-Mercury-Sand-packed-32-viscosity_160-w1-s01,Mercury,16,16,1512,2024
native-controls,040-Mercury-Sand-packed-32-viscosity_160-w1-s02,Wall,288,288,20448,20448
native-controls,040-Mercury-Sand-packed-32-viscosity_160-w1-s02,Sand,32,32,4016,3504
native-controls,040-Mercury-Sand-packed-32-viscosity_160-w1-s02,Mercury,16,16,1624,2136
native-controls,040-Mercury-Sand-packed-32-viscosity_160-w1-s03,Wall,262,262,16899,16899
native-controls,040-Mercury-Sand-packed-32-viscosity_160-w1-s03,Sand,32,32,3600,3088
native-controls,040-Mercury-Sand-packed-32-viscosity_160-w1-s03,Mercury,16,16,1416,1928
native-controls,040-Mercury-Sand-packed-32-viscosity_160-w1-s04,Wall,276,276,18768,18768
native-controls,040-Mercury-Sand-packed-32-viscosity_160-w1-s04,Sand,32,32,3824,3312
native-controls,040-Mercury-Sand-packed-32-viscosity_160-w1-s04,Mercury,16,16,1528,2040
native-controls,041-Mercury-Sand-packed-32-viscosity_224-w32-s00,Wall,322,322,20608,20608
native-controls,041-Mercury-Sand-packed-32-viscosity_224-w32-s00,Sand,1024,1024,114176,97792
native-controls,041-Mercury-Sand-packed-32-viscosity_224-w32-s00,Mercury,512,512,44800,61184
native-controls,041-Mercury-Sand-packed-32-viscosity_224-w32-s01,Wall,336,336,22680,22680
native-controls,041-Mercury-Sand-packed-32-viscosity_224-w32-s01,Sand,1024,1024,121344,104960
native-controls,041-Mercury-Sand-packed-32-viscosity_224-w32-s01,Mercury,512,512,48384,64768
native-controls,041-Mercury-Sand-packed-32-viscosity_224-w32-s02,Wall,350,350,24850,24850
native-controls,041-Mercury-Sand-packed-32-viscosity_224-w32-s02,Sand,1024,1024,128512,112128
native-controls,041-Mercury-Sand-packed-32-viscosity_224-w32-s02,Mercury,512,512,51968,68352
native-controls,041-Mercury-Sand-packed-32-viscosity_224-w32-s03,Wall,324,324,20898,20898
native-controls,041-Mercury-Sand-packed-32-viscosity_224-w32-s03,Sand,1024,1024,115200,98816
native-controls,041-Mercury-Sand-packed-32-viscosity_224-w32-s03,Mercury,512,512,45312,61696
native-controls,041-Mercury-Sand-packed-32-viscosity_224-w32-s04,Wall,338,338,22984,22984
native-controls,041-Mercury-Sand-packed-32-viscosity_224-w32-s04,Sand,1024,1024,122368,105984
native-controls,041-Mercury-Sand-packed-32-viscosity_224-w32-s04,Mercury,512,512,48896,65280
native-controls,042-Mercury-Sand-packed-32-viscosity_224-w1-s00,Wall,260,260,16640,16640
native-controls,042-Mercury-Sand-packed-32-viscosity_224-w1-s00,Sand,32,32,3568,3056
native-controls,042-Mercury-Sand-packed-32-viscosity_224-w1-s00,Mercury,16,16,1400,1912
native-controls,042-Mercury-Sand-packed-32-viscosity_224-w1-s01,Wall,274,274,18495,18495
native-controls,042-Mercury-Sand-packed-32-viscosity_224-w1-s01,Sand,32,32,3792,3280
native-controls,042-Mercury-Sand-packed-32-viscosity_224-w1-s01,Mercury,16,16,1512,2024
native-controls,042-Mercury-Sand-packed-32-viscosity_224-w1-s02,Wall,288,288,20448,20448
native-controls,042-Mercury-Sand-packed-32-viscosity_224-w1-s02,Sand,32,32,4016,3504
native-controls,042-Mercury-Sand-packed-32-viscosity_224-w1-s02,Mercury,16,16,1624,2136
native-controls,042-Mercury-Sand-packed-32-viscosity_224-w1-s03,Wall,262,262,16899,16899
native-controls,042-Mercury-Sand-packed-32-viscosity_224-w1-s03,Sand,32,32,3600,3088
native-controls,042-Mercury-Sand-packed-32-viscosity_224-w1-s03,Mercury,16,16,1416,1928
native-controls,042-Mercury-Sand-packed-32-viscosity_224-w1-s04,Wall,276,276,18768,18768
native-controls,042-Mercury-Sand-packed-32-viscosity_224-w1-s04,Sand,32,32,3824,3312
native-controls,042-Mercury-Sand-packed-32-viscosity_224-w1-s04,Mercury,16,16,1528,2040
native-controls,043-Mercury-Sand-packed-32-viscosity_248-w32-s00,Wall,322,322,20608,20608
native-controls,043-Mercury-Sand-packed-32-viscosity_248-w32-s00,Sand,1024,1024,114176,97792
native-controls,043-Mercury-Sand-packed-32-viscosity_248-w32-s00,Mercury,512,512,44800,61184
native-controls,043-Mercury-Sand-packed-32-viscosity_248-w32-s01,Wall,336,336,22680,22680
native-controls,043-Mercury-Sand-packed-32-viscosity_248-w32-s01,Sand,1024,1024,121344,104960
native-controls,043-Mercury-Sand-packed-32-viscosity_248-w32-s01,Mercury,512,512,48384,64768
native-controls,043-Mercury-Sand-packed-32-viscosity_248-w32-s02,Wall,350,350,24850,24850
native-controls,043-Mercury-Sand-packed-32-viscosity_248-w32-s02,Sand,1024,1024,128512,112128
native-controls,043-Mercury-Sand-packed-32-viscosity_248-w32-s02,Mercury,512,512,51968,68352
native-controls,043-Mercury-Sand-packed-32-viscosity_248-w32-s03,Wall,324,324,20898,20898
native-controls,043-Mercury-Sand-packed-32-viscosity_248-w32-s03,Sand,1024,1024,115200,98816
native-controls,043-Mercury-Sand-packed-32-viscosity_248-w32-s03,Mercury,512,512,45312,61696
native-controls,043-Mercury-Sand-packed-32-viscosity_248-w32-s04,Wall,338,338,22984,22984
native-controls,043-Mercury-Sand-packed-32-viscosity_248-w32-s04,Sand,1024,1024,122368,105984
native-controls,043-Mercury-Sand-packed-32-viscosity_248-w32-s04,Mercury,512,512,48896,65280
native-controls,044-Mercury-Sand-packed-32-viscosity_248-w1-s00,Wall,260,260,16640,16640
native-controls,044-Mercury-Sand-packed-32-viscosity_248-w1-s00,Sand,32,32,3568,3056
native-controls,044-Mercury-Sand-packed-32-viscosity_248-w1-s00,Mercury,16,16,1400,1912
native-controls,044-Mercury-Sand-packed-32-viscosity_248-w1-s01,Wall,274,274,18495,18495
native-controls,044-Mercury-Sand-packed-32-viscosity_248-w1-s01,Sand,32,32,3792,3280
native-controls,044-Mercury-Sand-packed-32-viscosity_248-w1-s01,Mercury,16,16,1512,2024
native-controls,044-Mercury-Sand-packed-32-viscosity_248-w1-s02,Wall,288,288,20448,20448
native-controls,044-Mercury-Sand-packed-32-viscosity_248-w1-s02,Sand,32,32,4016,3504
native-controls,044-Mercury-Sand-packed-32-viscosity_248-w1-s02,Mercury,16,16,1624,2136
native-controls,044-Mercury-Sand-packed-32-viscosity_248-w1-s03,Wall,262,262,16899,16899
native-controls,044-Mercury-Sand-packed-32-viscosity_248-w1-s03,Sand,32,32,3600,3088
native-controls,044-Mercury-Sand-packed-32-viscosity_248-w1-s03,Mercury,16,16,1416,1928
native-controls,044-Mercury-Sand-packed-32-viscosity_248-w1-s04,Wall,276,276,18768,18768
native-controls,044-Mercury-Sand-packed-32-viscosity_248-w1-s04,Sand,32,32,3824,3312
native-controls,044-Mercury-Sand-packed-32-viscosity_248-w1-s04,Mercury,16,16,1528,2040
native-controls,045-Mercury-Sand-packed-32-exchange_off-w32-s00,Wall,322,322,20608,20608
native-controls,045-Mercury-Sand-packed-32-exchange_off-w32-s00,Sand,1024,1024,114176,114176
native-controls,045-Mercury-Sand-packed-32-exchange_off-w32-s00,Mercury,512,512,44800,44800
native-controls,045-Mercury-Sand-packed-32-exchange_off-w32-s01,Wall,336,336,22680,22680
native-controls,045-Mercury-Sand-packed-32-exchange_off-w32-s01,Sand,1024,1024,121344,121344
native-controls,045-Mercury-Sand-packed-32-exchange_off-w32-s01,Mercury,512,512,48384,48384
native-controls,045-Mercury-Sand-packed-32-exchange_off-w32-s02,Wall,350,350,24850,24850
native-controls,045-Mercury-Sand-packed-32-exchange_off-w32-s02,Sand,1024,1024,128512,128512
native-controls,045-Mercury-Sand-packed-32-exchange_off-w32-s02,Mercury,512,512,51968,51968
native-controls,045-Mercury-Sand-packed-32-exchange_off-w32-s03,Wall,324,324,20898,20898
native-controls,045-Mercury-Sand-packed-32-exchange_off-w32-s03,Sand,1024,1024,115200,115200
native-controls,045-Mercury-Sand-packed-32-exchange_off-w32-s03,Mercury,512,512,45312,45312
native-controls,045-Mercury-Sand-packed-32-exchange_off-w32-s04,Wall,338,338,22984,22984
native-controls,045-Mercury-Sand-packed-32-exchange_off-w32-s04,Sand,1024,1024,122368,122368
native-controls,045-Mercury-Sand-packed-32-exchange_off-w32-s04,Mercury,512,512,48896,48896
native-controls,046-Sand-Dust-reentry-32-baseline-w32-s00,Wall,322,322,20608,20608
native-controls,046-Sand-Dust-reentry-32-baseline-w32-s00,Sand,512,512,44800,61184
native-controls,046-Sand-Dust-reentry-32-baseline-w32-s00,Dust,1024,1024,114176,97792
native-controls,046-Sand-Dust-reentry-32-baseline-w32-s01,Wall,336,336,22680,22680
native-controls,046-Sand-Dust-reentry-32-baseline-w32-s01,Sand,512,512,48384,64768
native-controls,046-Sand-Dust-reentry-32-baseline-w32-s01,Dust,1024,1024,121344,104960
native-controls,046-Sand-Dust-reentry-32-baseline-w32-s02,Wall,350,350,24850,24850
native-controls,046-Sand-Dust-reentry-32-baseline-w32-s02,Sand,512,512,51968,68352
native-controls,046-Sand-Dust-reentry-32-baseline-w32-s02,Dust,1024,1024,128512,112128
native-controls,046-Sand-Dust-reentry-32-baseline-w32-s03,Wall,324,324,20898,20898
native-controls,046-Sand-Dust-reentry-32-baseline-w32-s03,Sand,512,512,45312,61696
native-controls,046-Sand-Dust-reentry-32-baseline-w32-s03,Dust,1024,1024,115200,98816
native-controls,046-Sand-Dust-reentry-32-baseline-w32-s04,Wall,338,338,22984,22984
native-controls,046-Sand-Dust-reentry-32-baseline-w32-s04,Sand,512,512,48896,65280
native-controls,046-Sand-Dust-reentry-32-baseline-w32-s04,Dust,1024,1024,122368,105984
native-controls,047-Sand-Dust-excavate-32-baseline-w32-s00,Wall,322,314,20608,19584
native-controls,047-Sand-Dust-excavate-32-baseline-w32-s00,Sand,512,132,44800,16324
native-controls,047-Sand-Dust-excavate-32-baseline-w32-s00,Dust,1024,0,114176,0
native-controls,047-Sand-Dust-excavate-32-baseline-w32-s01,Wall,336,328,22680,21600
native-controls,047-Sand-Dust-excavate-32-baseline-w32-s01,Sand,512,132,48384,17248
native-controls,047-Sand-Dust-excavate-32-baseline-w32-s01,Dust,1024,0,121344,0
native-controls,047-Sand-Dust-excavate-32-baseline-w32-s02,Wall,350,342,24850,23714
native-controls,047-Sand-Dust-excavate-32-baseline-w32-s02,Sand,512,132,51968,18172
native-controls,047-Sand-Dust-excavate-32-baseline-w32-s02,Dust,1024,0,128512,0
native-controls,047-Sand-Dust-excavate-32-baseline-w32-s03,Wall,324,316,20898,19866
native-controls,047-Sand-Dust-excavate-32-baseline-w32-s03,Sand,512,132,45312,16456
native-controls,047-Sand-Dust-excavate-32-baseline-w32-s03,Dust,1024,0,115200,0
native-controls,047-Sand-Dust-excavate-32-baseline-w32-s04,Wall,338,330,22984,21896
native-controls,047-Sand-Dust-excavate-32-baseline-w32-s04,Sand,512,132,48896,17380
native-controls,047-Sand-Dust-excavate-32-baseline-w32-s04,Dust,1024,0,122368,0
native-controls,048-Sand-Dust-packed-32-baseline-w32-s00,Wall,322,322,20608,20608
native-controls,048-Sand-Dust-packed-32-baseline-w32-s00,Sand,512,512,44800,61184
native-controls,048-Sand-Dust-packed-32-baseline-w32-s00,Dust,1024,1024,114176,97792
native-controls,048-Sand-Dust-packed-32-baseline-w32-s01,Wall,336,336,22680,22680
native-controls,048-Sand-Dust-packed-32-baseline-w32-s01,Sand,512,512,48384,64768
native-controls,048-Sand-Dust-packed-32-baseline-w32-s01,Dust,1024,1024,121344,104960
native-controls,048-Sand-Dust-packed-32-baseline-w32-s02,Wall,350,350,24850,24850
native-controls,048-Sand-Dust-packed-32-baseline-w32-s02,Sand,512,512,51968,68352
native-controls,048-Sand-Dust-packed-32-baseline-w32-s02,Dust,1024,1024,128512,112128
native-controls,048-Sand-Dust-packed-32-baseline-w32-s03,Wall,324,324,20898,20898
native-controls,048-Sand-Dust-packed-32-baseline-w32-s03,Sand,512,512,45312,61696
native-controls,048-Sand-Dust-packed-32-baseline-w32-s03,Dust,1024,1024,115200,98816
native-controls,048-Sand-Dust-packed-32-baseline-w32-s04,Wall,338,338,22984,22984
native-controls,048-Sand-Dust-packed-32-baseline-w32-s04,Sand,512,512,48896,65280
native-controls,048-Sand-Dust-packed-32-baseline-w32-s04,Dust,1024,1024,122368,105984
native-controls,049-Mercury-Sand-packed-32-baseline-w32-s00,Wall,322,322,20608,20608
native-controls,049-Mercury-Sand-packed-32-baseline-w32-s00,Sand,1024,1024,114176,97792
native-controls,049-Mercury-Sand-packed-32-baseline-w32-s00,Mercury,512,512,44800,61184
native-controls,049-Mercury-Sand-packed-32-baseline-w32-s01,Wall,336,336,22680,22680
native-controls,049-Mercury-Sand-packed-32-baseline-w32-s01,Sand,1024,1024,121344,104960
native-controls,049-Mercury-Sand-packed-32-baseline-w32-s01,Mercury,512,512,48384,64768
native-controls,049-Mercury-Sand-packed-32-baseline-w32-s02,Wall,350,350,24850,24850
native-controls,049-Mercury-Sand-packed-32-baseline-w32-s02,Sand,1024,1024,128512,112128
native-controls,049-Mercury-Sand-packed-32-baseline-w32-s02,Mercury,512,512,51968,68352
native-controls,049-Mercury-Sand-packed-32-baseline-w32-s03,Wall,324,324,20898,20898
native-controls,049-Mercury-Sand-packed-32-baseline-w32-s03,Sand,1024,1024,115200,98816
native-controls,049-Mercury-Sand-packed-32-baseline-w32-s03,Mercury,512,512,45312,61696
native-controls,049-Mercury-Sand-packed-32-baseline-w32-s04,Wall,338,338,22984,22984
native-controls,049-Mercury-Sand-packed-32-baseline-w32-s04,Sand,1024,1024,122368,105984
native-controls,049-Mercury-Sand-packed-32-baseline-w32-s04,Mercury,512,512,48896,65280
native-controls,050-Sand-Dust-packed-32-baseline-w32-s00,Wall,322,322,20608,20608
native-controls,050-Sand-Dust-packed-32-baseline-w32-s00,Sand,512,512,44800,61184
native-controls,050-Sand-Dust-packed-32-baseline-w32-s00,Dust,1024,1024,114176,97792
native-controls,050-Sand-Dust-packed-32-baseline-w32-s01,Wall,336,336,22680,22680
native-controls,050-Sand-Dust-packed-32-baseline-w32-s01,Sand,512,512,48384,64768
native-controls,050-Sand-Dust-packed-32-baseline-w32-s01,Dust,1024,1024,121344,104960
native-controls,050-Sand-Dust-packed-32-baseline-w32-s02,Wall,350,350,24850,24850
native-controls,050-Sand-Dust-packed-32-baseline-w32-s02,Sand,512,512,51968,68352
native-controls,050-Sand-Dust-packed-32-baseline-w32-s02,Dust,1024,1024,128512,112128
native-controls,050-Sand-Dust-packed-32-baseline-w32-s03,Wall,324,324,20898,20898
native-controls,050-Sand-Dust-packed-32-baseline-w32-s03,Sand,512,512,45312,61696
native-controls,050-Sand-Dust-packed-32-baseline-w32-s03,Dust,1024,1024,115200,98816
native-controls,050-Sand-Dust-packed-32-baseline-w32-s04,Wall,338,338,22984,22984
native-controls,050-Sand-Dust-packed-32-baseline-w32-s04,Sand,512,512,48896,65280
native-controls,050-Sand-Dust-packed-32-baseline-w32-s04,Dust,1024,1024,122368,105984
native-controls,051-Mercury-Sand-packed-32-baseline-w32-s00,Wall,322,322,20608,20608
native-controls,051-Mercury-Sand-packed-32-baseline-w32-s00,Sand,1024,1024,114176,97792
native-controls,051-Mercury-Sand-packed-32-baseline-w32-s00,Mercury,512,512,44800,61184
native-controls,051-Mercury-Sand-packed-32-baseline-w32-s01,Wall,336,336,22680,22680
native-controls,051-Mercury-Sand-packed-32-baseline-w32-s01,Sand,1024,1024,121344,104960
native-controls,051-Mercury-Sand-packed-32-baseline-w32-s01,Mercury,512,512,48384,64768
native-controls,051-Mercury-Sand-packed-32-baseline-w32-s02,Wall,350,350,24850,24850
native-controls,051-Mercury-Sand-packed-32-baseline-w32-s02,Sand,1024,1024,128512,112128
native-controls,051-Mercury-Sand-packed-32-baseline-w32-s02,Mercury,512,512,51968,68352
native-controls,051-Mercury-Sand-packed-32-baseline-w32-s03,Wall,324,324,20898,20898
native-controls,051-Mercury-Sand-packed-32-baseline-w32-s03,Sand,1024,1024,115200,98816
native-controls,051-Mercury-Sand-packed-32-baseline-w32-s03,Mercury,512,512,45312,61696
native-controls,051-Mercury-Sand-packed-32-baseline-w32-s04,Wall,338,338,22984,22984
native-controls,051-Mercury-Sand-packed-32-baseline-w32-s04,Sand,1024,1024,122368,105984
native-controls,051-Mercury-Sand-packed-32-baseline-w32-s04,Mercury,512,512,48896,65280
native-controls,052-Sand-Dust-packed-32-baseline-w32-s00,Wall,322,322,20608,20608
native-controls,052-Sand-Dust-packed-32-baseline-w32-s00,Sand,512,512,44800,61184
native-controls,052-Sand-Dust-packed-32-baseline-w32-s00,Dust,1024,1024,114176,97792
native-controls,052-Sand-Dust-packed-32-baseline-w32-s01,Wall,336,336,22680,22680
native-controls,052-Sand-Dust-packed-32-baseline-w32-s01,Sand,512,512,48384,64768
native-controls,052-Sand-Dust-packed-32-baseline-w32-s01,Dust,1024,1024,121344,104960
native-controls,052-Sand-Dust-packed-32-baseline-w32-s02,Wall,350,350,24850,24850
native-controls,052-Sand-Dust-packed-32-baseline-w32-s02,Sand,512,512,51968,68352
native-controls,052-Sand-Dust-packed-32-baseline-w32-s02,Dust,1024,1024,128512,112128
native-controls,052-Sand-Dust-packed-32-baseline-w32-s03,Wall,324,324,20898,20898
native-controls,052-Sand-Dust-packed-32-baseline-w32-s03,Sand,512,512,45312,61696
native-controls,052-Sand-Dust-packed-32-baseline-w32-s03,Dust,1024,1024,115200,98816
native-controls,052-Sand-Dust-packed-32-baseline-w32-s04,Wall,338,338,22984,22984
native-controls,052-Sand-Dust-packed-32-baseline-w32-s04,Sand,512,512,48896,65280
native-controls,052-Sand-Dust-packed-32-baseline-w32-s04,Dust,1024,1024,122368,105984
native-controls,053-Mercury-Sand-packed-32-baseline-w32-s00,Wall,322,322,20608,20608
native-controls,053-Mercury-Sand-packed-32-baseline-w32-s00,Sand,1024,1024,114176,97792
native-controls,053-Mercury-Sand-packed-32-baseline-w32-s00,Mercury,512,512,44800,61184
native-controls,053-Mercury-Sand-packed-32-baseline-w32-s01,Wall,336,336,22680,22680
native-controls,053-Mercury-Sand-packed-32-baseline-w32-s01,Sand,1024,1024,121344,104960
native-controls,053-Mercury-Sand-packed-32-baseline-w32-s01,Mercury,512,512,48384,64768
native-controls,053-Mercury-Sand-packed-32-baseline-w32-s02,Wall,350,350,24850,24850
native-controls,053-Mercury-Sand-packed-32-baseline-w32-s02,Sand,1024,1024,128512,112128
native-controls,053-Mercury-Sand-packed-32-baseline-w32-s02,Mercury,512,512,51968,68352
native-controls,053-Mercury-Sand-packed-32-baseline-w32-s03,Wall,324,324,20898,20898
native-controls,053-Mercury-Sand-packed-32-baseline-w32-s03,Sand,1024,1024,115200,98816
native-controls,053-Mercury-Sand-packed-32-baseline-w32-s03,Mercury,512,512,45312,61696
native-controls,053-Mercury-Sand-packed-32-baseline-w32-s04,Wall,338,338,22984,22984
native-controls,053-Mercury-Sand-packed-32-baseline-w32-s04,Sand,1024,1024,122368,105984
native-controls,053-Mercury-Sand-packed-32-baseline-w32-s04,Mercury,512,512,48896,65280
native-finalists,000-Sand-Dust-packed-32-exchange_off-w32-s00,Wall,322,322,20608,20608
native-finalists,000-Sand-Dust-packed-32-exchange_off-w32-s00,Sand,512,512,44800,44800
native-finalists,000-Sand-Dust-packed-32-exchange_off-w32-s00,Dust,1024,1024,114176,114176
native-finalists,000-Sand-Dust-packed-32-exchange_off-w32-s01,Wall,336,336,22680,22680
native-finalists,000-Sand-Dust-packed-32-exchange_off-w32-s01,Sand,512,512,48384,48384
native-finalists,000-Sand-Dust-packed-32-exchange_off-w32-s01,Dust,1024,1024,121344,121344
native-finalists,000-Sand-Dust-packed-32-exchange_off-w32-s02,Wall,350,350,24850,24850
native-finalists,000-Sand-Dust-packed-32-exchange_off-w32-s02,Sand,512,512,51968,51968
native-finalists,000-Sand-Dust-packed-32-exchange_off-w32-s02,Dust,1024,1024,128512,128512
native-finalists,000-Sand-Dust-packed-32-exchange_off-w32-s03,Wall,324,324,20898,20898
native-finalists,000-Sand-Dust-packed-32-exchange_off-w32-s03,Sand,512,512,45312,45312
native-finalists,000-Sand-Dust-packed-32-exchange_off-w32-s03,Dust,1024,1024,115200,115200
native-finalists,000-Sand-Dust-packed-32-exchange_off-w32-s04,Wall,338,338,22984,22984
native-finalists,000-Sand-Dust-packed-32-exchange_off-w32-s04,Sand,512,512,48896,48896
native-finalists,000-Sand-Dust-packed-32-exchange_off-w32-s04,Dust,1024,1024,122368,122368
native-finalists,000-Sand-Dust-packed-32-exchange_off-w32-s05,Wall,352,352,25168,25168
native-finalists,000-Sand-Dust-packed-32-exchange_off-w32-s05,Sand,512,512,52480,52480
native-finalists,000-Sand-Dust-packed-32-exchange_off-w32-s05,Dust,1024,1024,129536,129536
native-finalists,000-Sand-Dust-packed-32-exchange_off-w32-s06,Wall,326,326,21190,21190
native-finalists,000-Sand-Dust-packed-32-exchange_off-w32-s06,Sand,512,512,45824,45824
native-finalists,000-Sand-Dust-packed-32-exchange_off-w32-s06,Dust,1024,1024,116224,116224
native-finalists,000-Sand-Dust-packed-32-exchange_off-w32-s07,Wall,340,340,23290,23290
native-finalists,000-Sand-Dust-packed-32-exchange_off-w32-s07,Sand,512,512,49408,49408
native-finalists,000-Sand-Dust-packed-32-exchange_off-w32-s07,Dust,1024,1024,123392,123392
native-finalists,000-Sand-Dust-packed-32-exchange_off-w32-s08,Wall,354,354,25488,25488
native-finalists,000-Sand-Dust-packed-32-exchange_off-w32-s08,Sand,512,512,52992,52992
native-finalists,000-Sand-Dust-packed-32-exchange_off-w32-s08,Dust,1024,1024,130560,130560
native-finalists,000-Sand-Dust-packed-32-exchange_off-w32-s09,Wall,328,328,21484,21484
native-finalists,000-Sand-Dust-packed-32-exchange_off-w32-s09,Sand,512,512,46336,46336
native-finalists,000-Sand-Dust-packed-32-exchange_off-w32-s09,Dust,1024,1024,117248,117248
native-finalists,000-Sand-Dust-packed-32-exchange_off-w32-s10,Wall,342,342,23598,23598
native-finalists,000-Sand-Dust-packed-32-exchange_off-w32-s10,Sand,512,512,49920,49920
native-finalists,000-Sand-Dust-packed-32-exchange_off-w32-s10,Dust,1024,1024,124416,124416
native-finalists,000-Sand-Dust-packed-32-exchange_off-w32-s11,Wall,356,356,25810,25810
native-finalists,000-Sand-Dust-packed-32-exchange_off-w32-s11,Sand,512,512,53504,53504
native-finalists,000-Sand-Dust-packed-32-exchange_off-w32-s11,Dust,1024,1024,131584,131584
native-finalists,000-Sand-Dust-packed-32-exchange_off-w32-s12,Wall,330,330,21780,21780
native-finalists,000-Sand-Dust-packed-32-exchange_off-w32-s12,Sand,512,512,46848,46848
native-finalists,000-Sand-Dust-packed-32-exchange_off-w32-s12,Dust,1024,1024,118272,118272
native-finalists,000-Sand-Dust-packed-32-exchange_off-w32-s13,Wall,344,344,23908,23908
native-finalists,000-Sand-Dust-packed-32-exchange_off-w32-s13,Sand,512,512,50432,50432
native-finalists,000-Sand-Dust-packed-32-exchange_off-w32-s13,Dust,1024,1024,125440,125440
native-finalists,000-Sand-Dust-packed-32-exchange_off-w32-s14,Wall,358,358,26134,26134
native-finalists,000-Sand-Dust-packed-32-exchange_off-w32-s14,Sand,512,512,54016,54016
native-finalists,000-Sand-Dust-packed-32-exchange_off-w32-s14,Dust,1024,1024,132608,132608
native-finalists,000-Sand-Dust-packed-32-exchange_off-w32-s15,Wall,332,332,22078,22078
native-finalists,000-Sand-Dust-packed-32-exchange_off-w32-s15,Sand,512,512,47360,47360
native-finalists,000-Sand-Dust-packed-32-exchange_off-w32-s15,Dust,1024,1024,119296,119296
native-finalists,000-Sand-Dust-packed-32-exchange_off-w32-s16,Wall,346,346,24220,24220
native-finalists,000-Sand-Dust-packed-32-exchange_off-w32-s16,Sand,512,512,50944,50944
native-finalists,000-Sand-Dust-packed-32-exchange_off-w32-s16,Dust,1024,1024,126464,126464
native-finalists,000-Sand-Dust-packed-32-exchange_off-w32-s17,Wall,360,360,26460,26460
native-finalists,000-Sand-Dust-packed-32-exchange_off-w32-s17,Sand,512,512,54528,54528
native-finalists,000-Sand-Dust-packed-32-exchange_off-w32-s17,Dust,1024,1024,133632,133632
native-finalists,000-Sand-Dust-packed-32-exchange_off-w32-s18,Wall,334,334,22378,22378
native-finalists,000-Sand-Dust-packed-32-exchange_off-w32-s18,Sand,512,512,47872,47872
native-finalists,000-Sand-Dust-packed-32-exchange_off-w32-s18,Dust,1024,1024,120320,120320
native-finalists,000-Sand-Dust-packed-32-exchange_off-w32-s19,Wall,348,348,24534,24534
native-finalists,000-Sand-Dust-packed-32-exchange_off-w32-s19,Sand,512,512,51456,51456
native-finalists,000-Sand-Dust-packed-32-exchange_off-w32-s19,Dust,1024,1024,127488,127488
native-finalists,001-Stone-Sand-packed-32-exchange_off-w32-s00,Wall,322,322,20608,20608
native-finalists,001-Stone-Sand-packed-32-exchange_off-w32-s00,Sand,1024,1024,114176,114176
native-finalists,001-Stone-Sand-packed-32-exchange_off-w32-s00,Stone,512,512,44800,44800
native-finalists,001-Stone-Sand-packed-32-exchange_off-w32-s01,Wall,336,336,22680,22680
native-finalists,001-Stone-Sand-packed-32-exchange_off-w32-s01,Sand,1024,1024,121344,121344
native-finalists,001-Stone-Sand-packed-32-exchange_off-w32-s01,Stone,512,512,48384,48384
native-finalists,001-Stone-Sand-packed-32-exchange_off-w32-s02,Wall,350,350,24850,24850
native-finalists,001-Stone-Sand-packed-32-exchange_off-w32-s02,Sand,1024,1024,128512,128512
native-finalists,001-Stone-Sand-packed-32-exchange_off-w32-s02,Stone,512,512,51968,51968
native-finalists,001-Stone-Sand-packed-32-exchange_off-w32-s03,Wall,324,324,20898,20898
native-finalists,001-Stone-Sand-packed-32-exchange_off-w32-s03,Sand,1024,1024,115200,115200
native-finalists,001-Stone-Sand-packed-32-exchange_off-w32-s03,Stone,512,512,45312,45312
native-finalists,001-Stone-Sand-packed-32-exchange_off-w32-s04,Wall,338,338,22984,22984
native-finalists,001-Stone-Sand-packed-32-exchange_off-w32-s04,Sand,1024,1024,122368,122368
native-finalists,001-Stone-Sand-packed-32-exchange_off-w32-s04,Stone,512,512,48896,48896
native-finalists,001-Stone-Sand-packed-32-exchange_off-w32-s05,Wall,352,352,25168,25168
native-finalists,001-Stone-Sand-packed-32-exchange_off-w32-s05,Sand,1024,1024,129536,129536
native-finalists,001-Stone-Sand-packed-32-exchange_off-w32-s05,Stone,512,512,52480,52480
native-finalists,001-Stone-Sand-packed-32-exchange_off-w32-s06,Wall,326,326,21190,21190
native-finalists,001-Stone-Sand-packed-32-exchange_off-w32-s06,Sand,1024,1024,116224,116224
native-finalists,001-Stone-Sand-packed-32-exchange_off-w32-s06,Stone,512,512,45824,45824
native-finalists,001-Stone-Sand-packed-32-exchange_off-w32-s07,Wall,340,340,23290,23290
native-finalists,001-Stone-Sand-packed-32-exchange_off-w32-s07,Sand,1024,1024,123392,123392
native-finalists,001-Stone-Sand-packed-32-exchange_off-w32-s07,Stone,512,512,49408,49408
native-finalists,001-Stone-Sand-packed-32-exchange_off-w32-s08,Wall,354,354,25488,25488
native-finalists,001-Stone-Sand-packed-32-exchange_off-w32-s08,Sand,1024,1024,130560,130560
native-finalists,001-Stone-Sand-packed-32-exchange_off-w32-s08,Stone,512,512,52992,52992
native-finalists,001-Stone-Sand-packed-32-exchange_off-w32-s09,Wall,328,328,21484,21484
native-finalists,001-Stone-Sand-packed-32-exchange_off-w32-s09,Sand,1024,1024,117248,117248
native-finalists,001-Stone-Sand-packed-32-exchange_off-w32-s09,Stone,512,512,46336,46336
native-finalists,001-Stone-Sand-packed-32-exchange_off-w32-s10,Wall,342,342,23598,23598
native-finalists,001-Stone-Sand-packed-32-exchange_off-w32-s10,Sand,1024,1024,124416,124416
native-finalists,001-Stone-Sand-packed-32-exchange_off-w32-s10,Stone,512,512,49920,49920
native-finalists,001-Stone-Sand-packed-32-exchange_off-w32-s11,Wall,356,356,25810,25810
native-finalists,001-Stone-Sand-packed-32-exchange_off-w32-s11,Sand,1024,1024,131584,131584
native-finalists,001-Stone-Sand-packed-32-exchange_off-w32-s11,Stone,512,512,53504,53504
native-finalists,001-Stone-Sand-packed-32-exchange_off-w32-s12,Wall,330,330,21780,21780
native-finalists,001-Stone-Sand-packed-32-exchange_off-w32-s12,Sand,1024,1024,118272,118272
native-finalists,001-Stone-Sand-packed-32-exchange_off-w32-s12,Stone,512,512,46848,46848
native-finalists,001-Stone-Sand-packed-32-exchange_off-w32-s13,Wall,344,344,23908,23908
native-finalists,001-Stone-Sand-packed-32-exchange_off-w32-s13,Sand,1024,1024,125440,125440
native-finalists,001-Stone-Sand-packed-32-exchange_off-w32-s13,Stone,512,512,50432,50432
native-finalists,001-Stone-Sand-packed-32-exchange_off-w32-s14,Wall,358,358,26134,26134
native-finalists,001-Stone-Sand-packed-32-exchange_off-w32-s14,Sand,1024,1024,132608,132608
native-finalists,001-Stone-Sand-packed-32-exchange_off-w32-s14,Stone,512,512,54016,54016
native-finalists,001-Stone-Sand-packed-32-exchange_off-w32-s15,Wall,332,332,22078,22078
native-finalists,001-Stone-Sand-packed-32-exchange_off-w32-s15,Sand,1024,1024,119296,119296
native-finalists,001-Stone-Sand-packed-32-exchange_off-w32-s15,Stone,512,512,47360,47360
native-finalists,001-Stone-Sand-packed-32-exchange_off-w32-s16,Wall,346,346,24220,24220
native-finalists,001-Stone-Sand-packed-32-exchange_off-w32-s16,Sand,1024,1024,126464,126464
native-finalists,001-Stone-Sand-packed-32-exchange_off-w32-s16,Stone,512,512,50944,50944
native-finalists,001-Stone-Sand-packed-32-exchange_off-w32-s17,Wall,360,360,26460,26460
native-finalists,001-Stone-Sand-packed-32-exchange_off-w32-s17,Sand,1024,1024,133632,133632
native-finalists,001-Stone-Sand-packed-32-exchange_off-w32-s17,Stone,512,512,54528,54528
native-finalists,001-Stone-Sand-packed-32-exchange_off-w32-s18,Wall,334,334,22378,22378
native-finalists,001-Stone-Sand-packed-32-exchange_off-w32-s18,Sand,1024,1024,120320,120320
native-finalists,001-Stone-Sand-packed-32-exchange_off-w32-s18,Stone,512,512,47872,47872
native-finalists,001-Stone-Sand-packed-32-exchange_off-w32-s19,Wall,348,348,24534,24534
native-finalists,001-Stone-Sand-packed-32-exchange_off-w32-s19,Sand,1024,1024,127488,127488
native-finalists,001-Stone-Sand-packed-32-exchange_off-w32-s19,Stone,512,512,51456,51456
native-finalists,002-Rust-Sand-packed-32-exchange_off-w32-s00,Wall,322,322,20608,20608
native-finalists,002-Rust-Sand-packed-32-exchange_off-w32-s00,Sand,1024,1024,114176,114176
native-finalists,002-Rust-Sand-packed-32-exchange_off-w32-s00,Rust,512,512,44800,44800
native-finalists,002-Rust-Sand-packed-32-exchange_off-w32-s01,Wall,336,336,22680,22680
native-finalists,002-Rust-Sand-packed-32-exchange_off-w32-s01,Sand,1024,1024,121344,121344
native-finalists,002-Rust-Sand-packed-32-exchange_off-w32-s01,Rust,512,512,48384,48384
native-finalists,002-Rust-Sand-packed-32-exchange_off-w32-s02,Wall,350,350,24850,24850
native-finalists,002-Rust-Sand-packed-32-exchange_off-w32-s02,Sand,1024,1024,128512,128512
native-finalists,002-Rust-Sand-packed-32-exchange_off-w32-s02,Rust,512,512,51968,51968
native-finalists,002-Rust-Sand-packed-32-exchange_off-w32-s03,Wall,324,324,20898,20898
native-finalists,002-Rust-Sand-packed-32-exchange_off-w32-s03,Sand,1024,1024,115200,115200
native-finalists,002-Rust-Sand-packed-32-exchange_off-w32-s03,Rust,512,512,45312,45312
native-finalists,002-Rust-Sand-packed-32-exchange_off-w32-s04,Wall,338,338,22984,22984
native-finalists,002-Rust-Sand-packed-32-exchange_off-w32-s04,Sand,1024,1024,122368,122368
native-finalists,002-Rust-Sand-packed-32-exchange_off-w32-s04,Rust,512,512,48896,48896
native-finalists,002-Rust-Sand-packed-32-exchange_off-w32-s05,Wall,352,352,25168,25168
native-finalists,002-Rust-Sand-packed-32-exchange_off-w32-s05,Sand,1024,1024,129536,129536
native-finalists,002-Rust-Sand-packed-32-exchange_off-w32-s05,Rust,512,512,52480,52480
native-finalists,002-Rust-Sand-packed-32-exchange_off-w32-s06,Wall,326,326,21190,21190
native-finalists,002-Rust-Sand-packed-32-exchange_off-w32-s06,Sand,1024,1024,116224,116224
native-finalists,002-Rust-Sand-packed-32-exchange_off-w32-s06,Rust,512,512,45824,45824
native-finalists,002-Rust-Sand-packed-32-exchange_off-w32-s07,Wall,340,340,23290,23290
native-finalists,002-Rust-Sand-packed-32-exchange_off-w32-s07,Sand,1024,1024,123392,123392
native-finalists,002-Rust-Sand-packed-32-exchange_off-w32-s07,Rust,512,512,49408,49408
native-finalists,002-Rust-Sand-packed-32-exchange_off-w32-s08,Wall,354,354,25488,25488
native-finalists,002-Rust-Sand-packed-32-exchange_off-w32-s08,Sand,1024,1024,130560,130560
native-finalists,002-Rust-Sand-packed-32-exchange_off-w32-s08,Rust,512,512,52992,52992
native-finalists,002-Rust-Sand-packed-32-exchange_off-w32-s09,Wall,328,328,21484,21484
native-finalists,002-Rust-Sand-packed-32-exchange_off-w32-s09,Sand,1024,1024,117248,117248
native-finalists,002-Rust-Sand-packed-32-exchange_off-w32-s09,Rust,512,512,46336,46336
native-finalists,002-Rust-Sand-packed-32-exchange_off-w32-s10,Wall,342,342,23598,23598
native-finalists,002-Rust-Sand-packed-32-exchange_off-w32-s10,Sand,1024,1024,124416,124416
native-finalists,002-Rust-Sand-packed-32-exchange_off-w32-s10,Rust,512,512,49920,49920
native-finalists,002-Rust-Sand-packed-32-exchange_off-w32-s11,Wall,356,356,25810,25810
native-finalists,002-Rust-Sand-packed-32-exchange_off-w32-s11,Sand,1024,1024,131584,131584
native-finalists,002-Rust-Sand-packed-32-exchange_off-w32-s11,Rust,512,512,53504,53504
native-finalists,002-Rust-Sand-packed-32-exchange_off-w32-s12,Wall,330,330,21780,21780
native-finalists,002-Rust-Sand-packed-32-exchange_off-w32-s12,Sand,1024,1024,118272,118272
native-finalists,002-Rust-Sand-packed-32-exchange_off-w32-s12,Rust,512,512,46848,46848
native-finalists,002-Rust-Sand-packed-32-exchange_off-w32-s13,Wall,344,344,23908,23908
native-finalists,002-Rust-Sand-packed-32-exchange_off-w32-s13,Sand,1024,1024,125440,125440
native-finalists,002-Rust-Sand-packed-32-exchange_off-w32-s13,Rust,512,512,50432,50432
native-finalists,002-Rust-Sand-packed-32-exchange_off-w32-s14,Wall,358,358,26134,26134
native-finalists,002-Rust-Sand-packed-32-exchange_off-w32-s14,Sand,1024,1024,132608,132608
native-finalists,002-Rust-Sand-packed-32-exchange_off-w32-s14,Rust,512,512,54016,54016
native-finalists,002-Rust-Sand-packed-32-exchange_off-w32-s15,Wall,332,332,22078,22078
native-finalists,002-Rust-Sand-packed-32-exchange_off-w32-s15,Sand,1024,1024,119296,119296
native-finalists,002-Rust-Sand-packed-32-exchange_off-w32-s15,Rust,512,512,47360,47360
native-finalists,002-Rust-Sand-packed-32-exchange_off-w32-s16,Wall,346,346,24220,24220
native-finalists,002-Rust-Sand-packed-32-exchange_off-w32-s16,Sand,1024,1024,126464,126464
native-finalists,002-Rust-Sand-packed-32-exchange_off-w32-s16,Rust,512,512,50944,50944
native-finalists,002-Rust-Sand-packed-32-exchange_off-w32-s17,Wall,360,360,26460,26460
native-finalists,002-Rust-Sand-packed-32-exchange_off-w32-s17,Sand,1024,1024,133632,133632
native-finalists,002-Rust-Sand-packed-32-exchange_off-w32-s17,Rust,512,512,54528,54528
native-finalists,002-Rust-Sand-packed-32-exchange_off-w32-s18,Wall,334,334,22378,22378
native-finalists,002-Rust-Sand-packed-32-exchange_off-w32-s18,Sand,1024,1024,120320,120320
native-finalists,002-Rust-Sand-packed-32-exchange_off-w32-s18,Rust,512,512,47872,47872
native-finalists,002-Rust-Sand-packed-32-exchange_off-w32-s19,Wall,348,348,24534,24534
native-finalists,002-Rust-Sand-packed-32-exchange_off-w32-s19,Sand,1024,1024,127488,127488
native-finalists,002-Rust-Sand-packed-32-exchange_off-w32-s19,Rust,512,512,51456,51456
native-finalists,003-Mercury-Sand-packed-32-viscosity_96-w32-s00,Wall,322,322,20608,20608
native-finalists,003-Mercury-Sand-packed-32-viscosity_96-w32-s00,Sand,1024,1024,114176,97792
native-finalists,003-Mercury-Sand-packed-32-viscosity_96-w32-s00,Mercury,512,512,44800,61184
native-finalists,003-Mercury-Sand-packed-32-viscosity_96-w32-s01,Wall,336,336,22680,22680
native-finalists,003-Mercury-Sand-packed-32-viscosity_96-w32-s01,Sand,1024,1024,121344,104960
native-finalists,003-Mercury-Sand-packed-32-viscosity_96-w32-s01,Mercury,512,512,48384,64768
native-finalists,003-Mercury-Sand-packed-32-viscosity_96-w32-s02,Wall,350,350,24850,24850
native-finalists,003-Mercury-Sand-packed-32-viscosity_96-w32-s02,Sand,1024,1024,128512,112128
native-finalists,003-Mercury-Sand-packed-32-viscosity_96-w32-s02,Mercury,512,512,51968,68352
native-finalists,003-Mercury-Sand-packed-32-viscosity_96-w32-s03,Wall,324,324,20898,20898
native-finalists,003-Mercury-Sand-packed-32-viscosity_96-w32-s03,Sand,1024,1024,115200,98816
native-finalists,003-Mercury-Sand-packed-32-viscosity_96-w32-s03,Mercury,512,512,45312,61696
native-finalists,003-Mercury-Sand-packed-32-viscosity_96-w32-s04,Wall,338,338,22984,22984
native-finalists,003-Mercury-Sand-packed-32-viscosity_96-w32-s04,Sand,1024,1024,122368,105984
native-finalists,003-Mercury-Sand-packed-32-viscosity_96-w32-s04,Mercury,512,512,48896,65280
native-finalists,003-Mercury-Sand-packed-32-viscosity_96-w32-s05,Wall,352,352,25168,25168
native-finalists,003-Mercury-Sand-packed-32-viscosity_96-w32-s05,Sand,1024,1024,129536,113152
native-finalists,003-Mercury-Sand-packed-32-viscosity_96-w32-s05,Mercury,512,512,52480,68864
native-finalists,003-Mercury-Sand-packed-32-viscosity_96-w32-s06,Wall,326,326,21190,21190
native-finalists,003-Mercury-Sand-packed-32-viscosity_96-w32-s06,Sand,1024,1024,116224,99840
native-finalists,003-Mercury-Sand-packed-32-viscosity_96-w32-s06,Mercury,512,512,45824,62208
native-finalists,003-Mercury-Sand-packed-32-viscosity_96-w32-s07,Wall,340,340,23290,23290
native-finalists,003-Mercury-Sand-packed-32-viscosity_96-w32-s07,Sand,1024,1024,123392,107008
native-finalists,003-Mercury-Sand-packed-32-viscosity_96-w32-s07,Mercury,512,512,49408,65792
native-finalists,003-Mercury-Sand-packed-32-viscosity_96-w32-s08,Wall,354,354,25488,25488
native-finalists,003-Mercury-Sand-packed-32-viscosity_96-w32-s08,Sand,1024,1024,130560,114176
native-finalists,003-Mercury-Sand-packed-32-viscosity_96-w32-s08,Mercury,512,512,52992,69376
native-finalists,003-Mercury-Sand-packed-32-viscosity_96-w32-s09,Wall,328,328,21484,21484
native-finalists,003-Mercury-Sand-packed-32-viscosity_96-w32-s09,Sand,1024,1024,117248,100864
native-finalists,003-Mercury-Sand-packed-32-viscosity_96-w32-s09,Mercury,512,512,46336,62720
native-finalists,003-Mercury-Sand-packed-32-viscosity_96-w32-s10,Wall,342,342,23598,23598
native-finalists,003-Mercury-Sand-packed-32-viscosity_96-w32-s10,Sand,1024,1024,124416,108032
native-finalists,003-Mercury-Sand-packed-32-viscosity_96-w32-s10,Mercury,512,512,49920,66304
native-finalists,003-Mercury-Sand-packed-32-viscosity_96-w32-s11,Wall,356,356,25810,25810
native-finalists,003-Mercury-Sand-packed-32-viscosity_96-w32-s11,Sand,1024,1024,131584,115202
native-finalists,003-Mercury-Sand-packed-32-viscosity_96-w32-s11,Mercury,512,512,53504,69886
native-finalists,003-Mercury-Sand-packed-32-viscosity_96-w32-s12,Wall,330,330,21780,21780
native-finalists,003-Mercury-Sand-packed-32-viscosity_96-w32-s12,Sand,1024,1024,118272,101888
native-finalists,003-Mercury-Sand-packed-32-viscosity_96-w32-s12,Mercury,512,512,46848,63232
native-finalists,003-Mercury-Sand-packed-32-viscosity_96-w32-s13,Wall,344,344,23908,23908
native-finalists,003-Mercury-Sand-packed-32-viscosity_96-w32-s13,Sand,1024,1024,125440,109058
native-finalists,003-Mercury-Sand-packed-32-viscosity_96-w32-s13,Mercury,512,512,50432,66814
native-finalists,003-Mercury-Sand-packed-32-viscosity_96-w32-s14,Wall,358,358,26134,26134
native-finalists,003-Mercury-Sand-packed-32-viscosity_96-w32-s14,Sand,1024,1024,132608,116227
native-finalists,003-Mercury-Sand-packed-32-viscosity_96-w32-s14,Mercury,512,512,54016,70397
native-finalists,003-Mercury-Sand-packed-32-viscosity_96-w32-s15,Wall,332,332,22078,22078
native-finalists,003-Mercury-Sand-packed-32-viscosity_96-w32-s15,Sand,1024,1024,119296,102913
native-finalists,003-Mercury-Sand-packed-32-viscosity_96-w32-s15,Mercury,512,512,47360,63743
native-finalists,003-Mercury-Sand-packed-32-viscosity_96-w32-s16,Wall,346,346,24220,24220
native-finalists,003-Mercury-Sand-packed-32-viscosity_96-w32-s16,Sand,1024,1024,126464,110081
native-finalists,003-Mercury-Sand-packed-32-viscosity_96-w32-s16,Mercury,512,512,50944,67327
native-finalists,003-Mercury-Sand-packed-32-viscosity_96-w32-s17,Wall,360,360,26460,26460
native-finalists,003-Mercury-Sand-packed-32-viscosity_96-w32-s17,Sand,1024,1024,133632,117250
native-finalists,003-Mercury-Sand-packed-32-viscosity_96-w32-s17,Mercury,512,512,54528,70910
native-finalists,003-Mercury-Sand-packed-32-viscosity_96-w32-s18,Wall,334,334,22378,22378
native-finalists,003-Mercury-Sand-packed-32-viscosity_96-w32-s18,Sand,1024,1024,120320,103937
native-finalists,003-Mercury-Sand-packed-32-viscosity_96-w32-s18,Mercury,512,512,47872,64255
native-finalists,003-Mercury-Sand-packed-32-viscosity_96-w32-s19,Wall,348,348,24534,24534
native-finalists,003-Mercury-Sand-packed-32-viscosity_96-w32-s19,Sand,1024,1024,127488,111106
native-finalists,003-Mercury-Sand-packed-32-viscosity_96-w32-s19,Mercury,512,512,51456,67838
native-finalists,004-Mercury-Sand-packed-32-viscosity_96-w1-s00,Wall,260,260,16640,16640
native-finalists,004-Mercury-Sand-packed-32-viscosity_96-w1-s00,Sand,32,32,3568,3056
native-finalists,004-Mercury-Sand-packed-32-viscosity_96-w1-s00,Mercury,16,16,1400,1912
native-finalists,004-Mercury-Sand-packed-32-viscosity_96-w1-s01,Wall,274,274,18495,18495
native-finalists,004-Mercury-Sand-packed-32-viscosity_96-w1-s01,Sand,32,32,3792,3280
native-finalists,004-Mercury-Sand-packed-32-viscosity_96-w1-s01,Mercury,16,16,1512,2024
native-finalists,004-Mercury-Sand-packed-32-viscosity_96-w1-s02,Wall,288,288,20448,20448
native-finalists,004-Mercury-Sand-packed-32-viscosity_96-w1-s02,Sand,32,32,4016,3504
native-finalists,004-Mercury-Sand-packed-32-viscosity_96-w1-s02,Mercury,16,16,1624,2136
native-finalists,004-Mercury-Sand-packed-32-viscosity_96-w1-s03,Wall,262,262,16899,16899
native-finalists,004-Mercury-Sand-packed-32-viscosity_96-w1-s03,Sand,32,32,3600,3088
native-finalists,004-Mercury-Sand-packed-32-viscosity_96-w1-s03,Mercury,16,16,1416,1928
native-finalists,004-Mercury-Sand-packed-32-viscosity_96-w1-s04,Wall,276,276,18768,18768
native-finalists,004-Mercury-Sand-packed-32-viscosity_96-w1-s04,Sand,32,32,3824,3312
native-finalists,004-Mercury-Sand-packed-32-viscosity_96-w1-s04,Mercury,16,16,1528,2040
native-finalists,004-Mercury-Sand-packed-32-viscosity_96-w1-s05,Wall,290,290,20735,20735
native-finalists,004-Mercury-Sand-packed-32-viscosity_96-w1-s05,Sand,32,32,4048,3536
native-finalists,004-Mercury-Sand-packed-32-viscosity_96-w1-s05,Mercury,16,16,1640,2152
native-finalists,004-Mercury-Sand-packed-32-viscosity_96-w1-s06,Wall,264,264,17160,17160
native-finalists,004-Mercury-Sand-packed-32-viscosity_96-w1-s06,Sand,32,32,3632,3120
native-finalists,004-Mercury-Sand-packed-32-viscosity_96-w1-s06,Mercury,16,16,1432,1944
native-finalists,004-Mercury-Sand-packed-32-viscosity_96-w1-s07,Wall,278,278,19043,19043
native-finalists,004-Mercury-Sand-packed-32-viscosity_96-w1-s07,Sand,32,32,3856,3344
native-finalists,004-Mercury-Sand-packed-32-viscosity_96-w1-s07,Mercury,16,16,1544,2056
native-finalists,004-Mercury-Sand-packed-32-viscosity_96-w1-s08,Wall,292,292,21024,21024
native-finalists,004-Mercury-Sand-packed-32-viscosity_96-w1-s08,Sand,32,32,4080,3568
native-finalists,004-Mercury-Sand-packed-32-viscosity_96-w1-s08,Mercury,16,16,1656,2168
native-finalists,004-Mercury-Sand-packed-32-viscosity_96-w1-s09,Wall,266,266,17423,17423
native-finalists,004-Mercury-Sand-packed-32-viscosity_96-w1-s09,Sand,32,32,3664,3152
native-finalists,004-Mercury-Sand-packed-32-viscosity_96-w1-s09,Mercury,16,16,1448,1960
native-finalists,004-Mercury-Sand-packed-32-viscosity_96-w1-s10,Wall,280,280,19320,19320
native-finalists,004-Mercury-Sand-packed-32-viscosity_96-w1-s10,Sand,32,32,3888,3376
native-finalists,004-Mercury-Sand-packed-32-viscosity_96-w1-s10,Mercury,16,16,1560,2072
native-finalists,004-Mercury-Sand-packed-32-viscosity_96-w1-s11,Wall,294,294,21315,21315
native-finalists,004-Mercury-Sand-packed-32-viscosity_96-w1-s11,Sand,32,32,4112,3600
native-finalists,004-Mercury-Sand-packed-32-viscosity_96-w1-s11,Mercury,16,16,1672,2184
native-finalists,004-Mercury-Sand-packed-32-viscosity_96-w1-s12,Wall,268,268,17688,17688
native-finalists,004-Mercury-Sand-packed-32-viscosity_96-w1-s12,Sand,32,32,3696,3184
native-finalists,004-Mercury-Sand-packed-32-viscosity_96-w1-s12,Mercury,16,16,1464,1976
native-finalists,004-Mercury-Sand-packed-32-viscosity_96-w1-s13,Wall,282,282,19599,19599
native-finalists,004-Mercury-Sand-packed-32-viscosity_96-w1-s13,Sand,32,32,3920,3408
native-finalists,004-Mercury-Sand-packed-32-viscosity_96-w1-s13,Mercury,16,16,1576,2088
native-finalists,004-Mercury-Sand-packed-32-viscosity_96-w1-s14,Wall,296,296,21608,21608
native-finalists,004-Mercury-Sand-packed-32-viscosity_96-w1-s14,Sand,32,32,4144,3632
native-finalists,004-Mercury-Sand-packed-32-viscosity_96-w1-s14,Mercury,16,16,1688,2200
native-finalists,004-Mercury-Sand-packed-32-viscosity_96-w1-s15,Wall,270,270,17955,17955
native-finalists,004-Mercury-Sand-packed-32-viscosity_96-w1-s15,Sand,32,32,3728,3216
native-finalists,004-Mercury-Sand-packed-32-viscosity_96-w1-s15,Mercury,16,16,1480,1992
native-finalists,004-Mercury-Sand-packed-32-viscosity_96-w1-s16,Wall,284,284,19880,19880
native-finalists,004-Mercury-Sand-packed-32-viscosity_96-w1-s16,Sand,32,32,3952,3440
native-finalists,004-Mercury-Sand-packed-32-viscosity_96-w1-s16,Mercury,16,16,1592,2104
native-finalists,004-Mercury-Sand-packed-32-viscosity_96-w1-s17,Wall,298,298,21903,21903
native-finalists,004-Mercury-Sand-packed-32-viscosity_96-w1-s17,Sand,32,32,4176,3664
native-finalists,004-Mercury-Sand-packed-32-viscosity_96-w1-s17,Mercury,16,16,1704,2216
native-finalists,004-Mercury-Sand-packed-32-viscosity_96-w1-s18,Wall,272,272,18224,18224
native-finalists,004-Mercury-Sand-packed-32-viscosity_96-w1-s18,Sand,32,32,3760,3248
native-finalists,004-Mercury-Sand-packed-32-viscosity_96-w1-s18,Mercury,16,16,1496,2008
native-finalists,004-Mercury-Sand-packed-32-viscosity_96-w1-s19,Wall,286,286,20163,20163
native-finalists,004-Mercury-Sand-packed-32-viscosity_96-w1-s19,Sand,32,32,3984,3472
native-finalists,004-Mercury-Sand-packed-32-viscosity_96-w1-s19,Mercury,16,16,1608,2120
native-finalists,005-Mercury-Sand-packed-32-viscosity_160-w32-s00,Wall,322,322,20608,20608
native-finalists,005-Mercury-Sand-packed-32-viscosity_160-w32-s00,Sand,1024,1024,114176,97792
native-finalists,005-Mercury-Sand-packed-32-viscosity_160-w32-s00,Mercury,512,512,44800,61184
native-finalists,005-Mercury-Sand-packed-32-viscosity_160-w32-s01,Wall,336,336,22680,22680
native-finalists,005-Mercury-Sand-packed-32-viscosity_160-w32-s01,Sand,1024,1024,121344,104960
native-finalists,005-Mercury-Sand-packed-32-viscosity_160-w32-s01,Mercury,512,512,48384,64768
native-finalists,005-Mercury-Sand-packed-32-viscosity_160-w32-s02,Wall,350,350,24850,24850
native-finalists,005-Mercury-Sand-packed-32-viscosity_160-w32-s02,Sand,1024,1024,128512,112128
native-finalists,005-Mercury-Sand-packed-32-viscosity_160-w32-s02,Mercury,512,512,51968,68352
native-finalists,005-Mercury-Sand-packed-32-viscosity_160-w32-s03,Wall,324,324,20898,20898
native-finalists,005-Mercury-Sand-packed-32-viscosity_160-w32-s03,Sand,1024,1024,115200,98816
native-finalists,005-Mercury-Sand-packed-32-viscosity_160-w32-s03,Mercury,512,512,45312,61696
native-finalists,005-Mercury-Sand-packed-32-viscosity_160-w32-s04,Wall,338,338,22984,22984
native-finalists,005-Mercury-Sand-packed-32-viscosity_160-w32-s04,Sand,1024,1024,122368,105984
native-finalists,005-Mercury-Sand-packed-32-viscosity_160-w32-s04,Mercury,512,512,48896,65280
native-finalists,005-Mercury-Sand-packed-32-viscosity_160-w32-s05,Wall,352,352,25168,25168
native-finalists,005-Mercury-Sand-packed-32-viscosity_160-w32-s05,Sand,1024,1024,129536,113152
native-finalists,005-Mercury-Sand-packed-32-viscosity_160-w32-s05,Mercury,512,512,52480,68864
native-finalists,005-Mercury-Sand-packed-32-viscosity_160-w32-s06,Wall,326,326,21190,21190
native-finalists,005-Mercury-Sand-packed-32-viscosity_160-w32-s06,Sand,1024,1024,116224,99840
native-finalists,005-Mercury-Sand-packed-32-viscosity_160-w32-s06,Mercury,512,512,45824,62208
native-finalists,005-Mercury-Sand-packed-32-viscosity_160-w32-s07,Wall,340,340,23290,23290
native-finalists,005-Mercury-Sand-packed-32-viscosity_160-w32-s07,Sand,1024,1024,123392,107008
native-finalists,005-Mercury-Sand-packed-32-viscosity_160-w32-s07,Mercury,512,512,49408,65792
native-finalists,005-Mercury-Sand-packed-32-viscosity_160-w32-s08,Wall,354,354,25488,25488
native-finalists,005-Mercury-Sand-packed-32-viscosity_160-w32-s08,Sand,1024,1024,130560,114176
native-finalists,005-Mercury-Sand-packed-32-viscosity_160-w32-s08,Mercury,512,512,52992,69376
native-finalists,005-Mercury-Sand-packed-32-viscosity_160-w32-s09,Wall,328,328,21484,21484
native-finalists,005-Mercury-Sand-packed-32-viscosity_160-w32-s09,Sand,1024,1024,117248,100864
native-finalists,005-Mercury-Sand-packed-32-viscosity_160-w32-s09,Mercury,512,512,46336,62720
native-finalists,005-Mercury-Sand-packed-32-viscosity_160-w32-s10,Wall,342,342,23598,23598
native-finalists,005-Mercury-Sand-packed-32-viscosity_160-w32-s10,Sand,1024,1024,124416,108032
native-finalists,005-Mercury-Sand-packed-32-viscosity_160-w32-s10,Mercury,512,512,49920,66304
native-finalists,005-Mercury-Sand-packed-32-viscosity_160-w32-s11,Wall,356,356,25810,25810
native-finalists,005-Mercury-Sand-packed-32-viscosity_160-w32-s11,Sand,1024,1024,131584,115202
native-finalists,005-Mercury-Sand-packed-32-viscosity_160-w32-s11,Mercury,512,512,53504,69886
native-finalists,005-Mercury-Sand-packed-32-viscosity_160-w32-s12,Wall,330,330,21780,21780
native-finalists,005-Mercury-Sand-packed-32-viscosity_160-w32-s12,Sand,1024,1024,118272,101888
native-finalists,005-Mercury-Sand-packed-32-viscosity_160-w32-s12,Mercury,512,512,46848,63232
native-finalists,005-Mercury-Sand-packed-32-viscosity_160-w32-s13,Wall,344,344,23908,23908
native-finalists,005-Mercury-Sand-packed-32-viscosity_160-w32-s13,Sand,1024,1024,125440,109058
native-finalists,005-Mercury-Sand-packed-32-viscosity_160-w32-s13,Mercury,512,512,50432,66814
native-finalists,005-Mercury-Sand-packed-32-viscosity_160-w32-s14,Wall,358,358,26134,26134
native-finalists,005-Mercury-Sand-packed-32-viscosity_160-w32-s14,Sand,1024,1024,132608,116227
native-finalists,005-Mercury-Sand-packed-32-viscosity_160-w32-s14,Mercury,512,512,54016,70397
native-finalists,005-Mercury-Sand-packed-32-viscosity_160-w32-s15,Wall,332,332,22078,22078
native-finalists,005-Mercury-Sand-packed-32-viscosity_160-w32-s15,Sand,1024,1024,119296,102913
native-finalists,005-Mercury-Sand-packed-32-viscosity_160-w32-s15,Mercury,512,512,47360,63743
native-finalists,005-Mercury-Sand-packed-32-viscosity_160-w32-s16,Wall,346,346,24220,24220
native-finalists,005-Mercury-Sand-packed-32-viscosity_160-w32-s16,Sand,1024,1024,126464,110081
native-finalists,005-Mercury-Sand-packed-32-viscosity_160-w32-s16,Mercury,512,512,50944,67327
native-finalists,005-Mercury-Sand-packed-32-viscosity_160-w32-s17,Wall,360,360,26460,26460
native-finalists,005-Mercury-Sand-packed-32-viscosity_160-w32-s17,Sand,1024,1024,133632,117250
native-finalists,005-Mercury-Sand-packed-32-viscosity_160-w32-s17,Mercury,512,512,54528,70910
native-finalists,005-Mercury-Sand-packed-32-viscosity_160-w32-s18,Wall,334,334,22378,22378
native-finalists,005-Mercury-Sand-packed-32-viscosity_160-w32-s18,Sand,1024,1024,120320,103937
native-finalists,005-Mercury-Sand-packed-32-viscosity_160-w32-s18,Mercury,512,512,47872,64255
native-finalists,005-Mercury-Sand-packed-32-viscosity_160-w32-s19,Wall,348,348,24534,24534
native-finalists,005-Mercury-Sand-packed-32-viscosity_160-w32-s19,Sand,1024,1024,127488,111106
native-finalists,005-Mercury-Sand-packed-32-viscosity_160-w32-s19,Mercury,512,512,51456,67838
native-finalists,006-Mercury-Sand-packed-32-viscosity_160-w1-s00,Wall,260,260,16640,16640
native-finalists,006-Mercury-Sand-packed-32-viscosity_160-w1-s00,Sand,32,32,3568,3056
native-finalists,006-Mercury-Sand-packed-32-viscosity_160-w1-s00,Mercury,16,16,1400,1912
native-finalists,006-Mercury-Sand-packed-32-viscosity_160-w1-s01,Wall,274,274,18495,18495
native-finalists,006-Mercury-Sand-packed-32-viscosity_160-w1-s01,Sand,32,32,3792,3280
native-finalists,006-Mercury-Sand-packed-32-viscosity_160-w1-s01,Mercury,16,16,1512,2024
native-finalists,006-Mercury-Sand-packed-32-viscosity_160-w1-s02,Wall,288,288,20448,20448
native-finalists,006-Mercury-Sand-packed-32-viscosity_160-w1-s02,Sand,32,32,4016,3504
native-finalists,006-Mercury-Sand-packed-32-viscosity_160-w1-s02,Mercury,16,16,1624,2136
native-finalists,006-Mercury-Sand-packed-32-viscosity_160-w1-s03,Wall,262,262,16899,16899
native-finalists,006-Mercury-Sand-packed-32-viscosity_160-w1-s03,Sand,32,32,3600,3088
native-finalists,006-Mercury-Sand-packed-32-viscosity_160-w1-s03,Mercury,16,16,1416,1928
native-finalists,006-Mercury-Sand-packed-32-viscosity_160-w1-s04,Wall,276,276,18768,18768
native-finalists,006-Mercury-Sand-packed-32-viscosity_160-w1-s04,Sand,32,32,3824,3312
native-finalists,006-Mercury-Sand-packed-32-viscosity_160-w1-s04,Mercury,16,16,1528,2040
native-finalists,006-Mercury-Sand-packed-32-viscosity_160-w1-s05,Wall,290,290,20735,20735
native-finalists,006-Mercury-Sand-packed-32-viscosity_160-w1-s05,Sand,32,32,4048,3536
native-finalists,006-Mercury-Sand-packed-32-viscosity_160-w1-s05,Mercury,16,16,1640,2152
native-finalists,006-Mercury-Sand-packed-32-viscosity_160-w1-s06,Wall,264,264,17160,17160
native-finalists,006-Mercury-Sand-packed-32-viscosity_160-w1-s06,Sand,32,32,3632,3120
native-finalists,006-Mercury-Sand-packed-32-viscosity_160-w1-s06,Mercury,16,16,1432,1944
native-finalists,006-Mercury-Sand-packed-32-viscosity_160-w1-s07,Wall,278,278,19043,19043
native-finalists,006-Mercury-Sand-packed-32-viscosity_160-w1-s07,Sand,32,32,3856,3344
native-finalists,006-Mercury-Sand-packed-32-viscosity_160-w1-s07,Mercury,16,16,1544,2056
native-finalists,006-Mercury-Sand-packed-32-viscosity_160-w1-s08,Wall,292,292,21024,21024
native-finalists,006-Mercury-Sand-packed-32-viscosity_160-w1-s08,Sand,32,32,4080,3568
native-finalists,006-Mercury-Sand-packed-32-viscosity_160-w1-s08,Mercury,16,16,1656,2168
native-finalists,006-Mercury-Sand-packed-32-viscosity_160-w1-s09,Wall,266,266,17423,17423
native-finalists,006-Mercury-Sand-packed-32-viscosity_160-w1-s09,Sand,32,32,3664,3152
native-finalists,006-Mercury-Sand-packed-32-viscosity_160-w1-s09,Mercury,16,16,1448,1960
native-finalists,006-Mercury-Sand-packed-32-viscosity_160-w1-s10,Wall,280,280,19320,19320
native-finalists,006-Mercury-Sand-packed-32-viscosity_160-w1-s10,Sand,32,32,3888,3376
native-finalists,006-Mercury-Sand-packed-32-viscosity_160-w1-s10,Mercury,16,16,1560,2072
native-finalists,006-Mercury-Sand-packed-32-viscosity_160-w1-s11,Wall,294,294,21315,21315
native-finalists,006-Mercury-Sand-packed-32-viscosity_160-w1-s11,Sand,32,32,4112,3600
native-finalists,006-Mercury-Sand-packed-32-viscosity_160-w1-s11,Mercury,16,16,1672,2184
native-finalists,006-Mercury-Sand-packed-32-viscosity_160-w1-s12,Wall,268,268,17688,17688
native-finalists,006-Mercury-Sand-packed-32-viscosity_160-w1-s12,Sand,32,32,3696,3184
native-finalists,006-Mercury-Sand-packed-32-viscosity_160-w1-s12,Mercury,16,16,1464,1976
native-finalists,006-Mercury-Sand-packed-32-viscosity_160-w1-s13,Wall,282,282,19599,19599
native-finalists,006-Mercury-Sand-packed-32-viscosity_160-w1-s13,Sand,32,32,3920,3408
native-finalists,006-Mercury-Sand-packed-32-viscosity_160-w1-s13,Mercury,16,16,1576,2088
native-finalists,006-Mercury-Sand-packed-32-viscosity_160-w1-s14,Wall,296,296,21608,21608
native-finalists,006-Mercury-Sand-packed-32-viscosity_160-w1-s14,Sand,32,32,4144,3632
native-finalists,006-Mercury-Sand-packed-32-viscosity_160-w1-s14,Mercury,16,16,1688,2200
native-finalists,006-Mercury-Sand-packed-32-viscosity_160-w1-s15,Wall,270,270,17955,17955
native-finalists,006-Mercury-Sand-packed-32-viscosity_160-w1-s15,Sand,32,32,3728,3216
native-finalists,006-Mercury-Sand-packed-32-viscosity_160-w1-s15,Mercury,16,16,1480,1992
native-finalists,006-Mercury-Sand-packed-32-viscosity_160-w1-s16,Wall,284,284,19880,19880
native-finalists,006-Mercury-Sand-packed-32-viscosity_160-w1-s16,Sand,32,32,3952,3440
native-finalists,006-Mercury-Sand-packed-32-viscosity_160-w1-s16,Mercury,16,16,1592,2104
native-finalists,006-Mercury-Sand-packed-32-viscosity_160-w1-s17,Wall,298,298,21903,21903
native-finalists,006-Mercury-Sand-packed-32-viscosity_160-w1-s17,Sand,32,32,4176,3664
native-finalists,006-Mercury-Sand-packed-32-viscosity_160-w1-s17,Mercury,16,16,1704,2216
native-finalists,006-Mercury-Sand-packed-32-viscosity_160-w1-s18,Wall,272,272,18224,18224
native-finalists,006-Mercury-Sand-packed-32-viscosity_160-w1-s18,Sand,32,32,3760,3248
native-finalists,006-Mercury-Sand-packed-32-viscosity_160-w1-s18,Mercury,16,16,1496,2008
native-finalists,006-Mercury-Sand-packed-32-viscosity_160-w1-s19,Wall,286,286,20163,20163
native-finalists,006-Mercury-Sand-packed-32-viscosity_160-w1-s19,Sand,32,32,3984,3472
native-finalists,006-Mercury-Sand-packed-32-viscosity_160-w1-s19,Mercury,16,16,1608,2120
native-finalists,007-Mercury-Sand-packed-32-viscosity_224-w32-s00,Wall,322,322,20608,20608
native-finalists,007-Mercury-Sand-packed-32-viscosity_224-w32-s00,Sand,1024,1024,114176,97792
native-finalists,007-Mercury-Sand-packed-32-viscosity_224-w32-s00,Mercury,512,512,44800,61184
native-finalists,007-Mercury-Sand-packed-32-viscosity_224-w32-s01,Wall,336,336,22680,22680
native-finalists,007-Mercury-Sand-packed-32-viscosity_224-w32-s01,Sand,1024,1024,121344,104960
native-finalists,007-Mercury-Sand-packed-32-viscosity_224-w32-s01,Mercury,512,512,48384,64768
native-finalists,007-Mercury-Sand-packed-32-viscosity_224-w32-s02,Wall,350,350,24850,24850
native-finalists,007-Mercury-Sand-packed-32-viscosity_224-w32-s02,Sand,1024,1024,128512,112128
native-finalists,007-Mercury-Sand-packed-32-viscosity_224-w32-s02,Mercury,512,512,51968,68352
native-finalists,007-Mercury-Sand-packed-32-viscosity_224-w32-s03,Wall,324,324,20898,20898
native-finalists,007-Mercury-Sand-packed-32-viscosity_224-w32-s03,Sand,1024,1024,115200,98816
native-finalists,007-Mercury-Sand-packed-32-viscosity_224-w32-s03,Mercury,512,512,45312,61696
native-finalists,007-Mercury-Sand-packed-32-viscosity_224-w32-s04,Wall,338,338,22984,22984
native-finalists,007-Mercury-Sand-packed-32-viscosity_224-w32-s04,Sand,1024,1024,122368,105984
native-finalists,007-Mercury-Sand-packed-32-viscosity_224-w32-s04,Mercury,512,512,48896,65280
native-finalists,007-Mercury-Sand-packed-32-viscosity_224-w32-s05,Wall,352,352,25168,25168
native-finalists,007-Mercury-Sand-packed-32-viscosity_224-w32-s05,Sand,1024,1024,129536,113152
native-finalists,007-Mercury-Sand-packed-32-viscosity_224-w32-s05,Mercury,512,512,52480,68864
native-finalists,007-Mercury-Sand-packed-32-viscosity_224-w32-s06,Wall,326,326,21190,21190
native-finalists,007-Mercury-Sand-packed-32-viscosity_224-w32-s06,Sand,1024,1024,116224,99840
native-finalists,007-Mercury-Sand-packed-32-viscosity_224-w32-s06,Mercury,512,512,45824,62208
native-finalists,007-Mercury-Sand-packed-32-viscosity_224-w32-s07,Wall,340,340,23290,23290
native-finalists,007-Mercury-Sand-packed-32-viscosity_224-w32-s07,Sand,1024,1024,123392,107008
native-finalists,007-Mercury-Sand-packed-32-viscosity_224-w32-s07,Mercury,512,512,49408,65792
native-finalists,007-Mercury-Sand-packed-32-viscosity_224-w32-s08,Wall,354,354,25488,25488
native-finalists,007-Mercury-Sand-packed-32-viscosity_224-w32-s08,Sand,1024,1024,130560,114176
native-finalists,007-Mercury-Sand-packed-32-viscosity_224-w32-s08,Mercury,512,512,52992,69376
native-finalists,007-Mercury-Sand-packed-32-viscosity_224-w32-s09,Wall,328,328,21484,21484
native-finalists,007-Mercury-Sand-packed-32-viscosity_224-w32-s09,Sand,1024,1024,117248,100864
native-finalists,007-Mercury-Sand-packed-32-viscosity_224-w32-s09,Mercury,512,512,46336,62720
native-finalists,007-Mercury-Sand-packed-32-viscosity_224-w32-s10,Wall,342,342,23598,23598
native-finalists,007-Mercury-Sand-packed-32-viscosity_224-w32-s10,Sand,1024,1024,124416,108032
native-finalists,007-Mercury-Sand-packed-32-viscosity_224-w32-s10,Mercury,512,512,49920,66304
native-finalists,007-Mercury-Sand-packed-32-viscosity_224-w32-s11,Wall,356,356,25810,25810
native-finalists,007-Mercury-Sand-packed-32-viscosity_224-w32-s11,Sand,1024,1024,131584,115202
native-finalists,007-Mercury-Sand-packed-32-viscosity_224-w32-s11,Mercury,512,512,53504,69886
native-finalists,007-Mercury-Sand-packed-32-viscosity_224-w32-s12,Wall,330,330,21780,21780
native-finalists,007-Mercury-Sand-packed-32-viscosity_224-w32-s12,Sand,1024,1024,118272,101888
native-finalists,007-Mercury-Sand-packed-32-viscosity_224-w32-s12,Mercury,512,512,46848,63232
native-finalists,007-Mercury-Sand-packed-32-viscosity_224-w32-s13,Wall,344,344,23908,23908
native-finalists,007-Mercury-Sand-packed-32-viscosity_224-w32-s13,Sand,1024,1024,125440,109058
native-finalists,007-Mercury-Sand-packed-32-viscosity_224-w32-s13,Mercury,512,512,50432,66814
native-finalists,007-Mercury-Sand-packed-32-viscosity_224-w32-s14,Wall,358,358,26134,26134
native-finalists,007-Mercury-Sand-packed-32-viscosity_224-w32-s14,Sand,1024,1024,132608,116227
native-finalists,007-Mercury-Sand-packed-32-viscosity_224-w32-s14,Mercury,512,512,54016,70397
native-finalists,007-Mercury-Sand-packed-32-viscosity_224-w32-s15,Wall,332,332,22078,22078
native-finalists,007-Mercury-Sand-packed-32-viscosity_224-w32-s15,Sand,1024,1024,119296,102913
native-finalists,007-Mercury-Sand-packed-32-viscosity_224-w32-s15,Mercury,512,512,47360,63743
native-finalists,007-Mercury-Sand-packed-32-viscosity_224-w32-s16,Wall,346,346,24220,24220
native-finalists,007-Mercury-Sand-packed-32-viscosity_224-w32-s16,Sand,1024,1024,126464,110081
native-finalists,007-Mercury-Sand-packed-32-viscosity_224-w32-s16,Mercury,512,512,50944,67327
native-finalists,007-Mercury-Sand-packed-32-viscosity_224-w32-s17,Wall,360,360,26460,26460
native-finalists,007-Mercury-Sand-packed-32-viscosity_224-w32-s17,Sand,1024,1024,133632,117250
native-finalists,007-Mercury-Sand-packed-32-viscosity_224-w32-s17,Mercury,512,512,54528,70910
native-finalists,007-Mercury-Sand-packed-32-viscosity_224-w32-s18,Wall,334,334,22378,22378
native-finalists,007-Mercury-Sand-packed-32-viscosity_224-w32-s18,Sand,1024,1024,120320,103937
native-finalists,007-Mercury-Sand-packed-32-viscosity_224-w32-s18,Mercury,512,512,47872,64255
native-finalists,007-Mercury-Sand-packed-32-viscosity_224-w32-s19,Wall,348,348,24534,24534
native-finalists,007-Mercury-Sand-packed-32-viscosity_224-w32-s19,Sand,1024,1024,127488,111106
native-finalists,007-Mercury-Sand-packed-32-viscosity_224-w32-s19,Mercury,512,512,51456,67838
native-finalists,008-Mercury-Sand-packed-32-viscosity_224-w1-s00,Wall,260,260,16640,16640
native-finalists,008-Mercury-Sand-packed-32-viscosity_224-w1-s00,Sand,32,32,3568,3056
native-finalists,008-Mercury-Sand-packed-32-viscosity_224-w1-s00,Mercury,16,16,1400,1912
native-finalists,008-Mercury-Sand-packed-32-viscosity_224-w1-s01,Wall,274,274,18495,18495
native-finalists,008-Mercury-Sand-packed-32-viscosity_224-w1-s01,Sand,32,32,3792,3280
native-finalists,008-Mercury-Sand-packed-32-viscosity_224-w1-s01,Mercury,16,16,1512,2024
native-finalists,008-Mercury-Sand-packed-32-viscosity_224-w1-s02,Wall,288,288,20448,20448
native-finalists,008-Mercury-Sand-packed-32-viscosity_224-w1-s02,Sand,32,32,4016,3504
native-finalists,008-Mercury-Sand-packed-32-viscosity_224-w1-s02,Mercury,16,16,1624,2136
native-finalists,008-Mercury-Sand-packed-32-viscosity_224-w1-s03,Wall,262,262,16899,16899
native-finalists,008-Mercury-Sand-packed-32-viscosity_224-w1-s03,Sand,32,32,3600,3088
native-finalists,008-Mercury-Sand-packed-32-viscosity_224-w1-s03,Mercury,16,16,1416,1928
native-finalists,008-Mercury-Sand-packed-32-viscosity_224-w1-s04,Wall,276,276,18768,18768
native-finalists,008-Mercury-Sand-packed-32-viscosity_224-w1-s04,Sand,32,32,3824,3312
native-finalists,008-Mercury-Sand-packed-32-viscosity_224-w1-s04,Mercury,16,16,1528,2040
native-finalists,008-Mercury-Sand-packed-32-viscosity_224-w1-s05,Wall,290,290,20735,20735
native-finalists,008-Mercury-Sand-packed-32-viscosity_224-w1-s05,Sand,32,32,4048,3536
native-finalists,008-Mercury-Sand-packed-32-viscosity_224-w1-s05,Mercury,16,16,1640,2152
native-finalists,008-Mercury-Sand-packed-32-viscosity_224-w1-s06,Wall,264,264,17160,17160
native-finalists,008-Mercury-Sand-packed-32-viscosity_224-w1-s06,Sand,32,32,3632,3120
native-finalists,008-Mercury-Sand-packed-32-viscosity_224-w1-s06,Mercury,16,16,1432,1944
native-finalists,008-Mercury-Sand-packed-32-viscosity_224-w1-s07,Wall,278,278,19043,19043
native-finalists,008-Mercury-Sand-packed-32-viscosity_224-w1-s07,Sand,32,32,3856,3344
native-finalists,008-Mercury-Sand-packed-32-viscosity_224-w1-s07,Mercury,16,16,1544,2056
native-finalists,008-Mercury-Sand-packed-32-viscosity_224-w1-s08,Wall,292,292,21024,21024
native-finalists,008-Mercury-Sand-packed-32-viscosity_224-w1-s08,Sand,32,32,4080,3568
native-finalists,008-Mercury-Sand-packed-32-viscosity_224-w1-s08,Mercury,16,16,1656,2168
native-finalists,008-Mercury-Sand-packed-32-viscosity_224-w1-s09,Wall,266,266,17423,17423
native-finalists,008-Mercury-Sand-packed-32-viscosity_224-w1-s09,Sand,32,32,3664,3152
native-finalists,008-Mercury-Sand-packed-32-viscosity_224-w1-s09,Mercury,16,16,1448,1960
native-finalists,008-Mercury-Sand-packed-32-viscosity_224-w1-s10,Wall,280,280,19320,19320
native-finalists,008-Mercury-Sand-packed-32-viscosity_224-w1-s10,Sand,32,32,3888,3376
native-finalists,008-Mercury-Sand-packed-32-viscosity_224-w1-s10,Mercury,16,16,1560,2072
native-finalists,008-Mercury-Sand-packed-32-viscosity_224-w1-s11,Wall,294,294,21315,21315
native-finalists,008-Mercury-Sand-packed-32-viscosity_224-w1-s11,Sand,32,32,4112,3600
native-finalists,008-Mercury-Sand-packed-32-viscosity_224-w1-s11,Mercury,16,16,1672,2184
native-finalists,008-Mercury-Sand-packed-32-viscosity_224-w1-s12,Wall,268,268,17688,17688
native-finalists,008-Mercury-Sand-packed-32-viscosity_224-w1-s12,Sand,32,32,3696,3184
native-finalists,008-Mercury-Sand-packed-32-viscosity_224-w1-s12,Mercury,16,16,1464,1976
native-finalists,008-Mercury-Sand-packed-32-viscosity_224-w1-s13,Wall,282,282,19599,19599
native-finalists,008-Mercury-Sand-packed-32-viscosity_224-w1-s13,Sand,32,32,3920,3408
native-finalists,008-Mercury-Sand-packed-32-viscosity_224-w1-s13,Mercury,16,16,1576,2088
native-finalists,008-Mercury-Sand-packed-32-viscosity_224-w1-s14,Wall,296,296,21608,21608
native-finalists,008-Mercury-Sand-packed-32-viscosity_224-w1-s14,Sand,32,32,4144,3632
native-finalists,008-Mercury-Sand-packed-32-viscosity_224-w1-s14,Mercury,16,16,1688,2200
native-finalists,008-Mercury-Sand-packed-32-viscosity_224-w1-s15,Wall,270,270,17955,17955
native-finalists,008-Mercury-Sand-packed-32-viscosity_224-w1-s15,Sand,32,32,3728,3216
native-finalists,008-Mercury-Sand-packed-32-viscosity_224-w1-s15,Mercury,16,16,1480,1992
native-finalists,008-Mercury-Sand-packed-32-viscosity_224-w1-s16,Wall,284,284,19880,19880
native-finalists,008-Mercury-Sand-packed-32-viscosity_224-w1-s16,Sand,32,32,3952,3440
native-finalists,008-Mercury-Sand-packed-32-viscosity_224-w1-s16,Mercury,16,16,1592,2104
native-finalists,008-Mercury-Sand-packed-32-viscosity_224-w1-s17,Wall,298,298,21903,21903
native-finalists,008-Mercury-Sand-packed-32-viscosity_224-w1-s17,Sand,32,32,4176,3664
native-finalists,008-Mercury-Sand-packed-32-viscosity_224-w1-s17,Mercury,16,16,1704,2216
native-finalists,008-Mercury-Sand-packed-32-viscosity_224-w1-s18,Wall,272,272,18224,18224
native-finalists,008-Mercury-Sand-packed-32-viscosity_224-w1-s18,Sand,32,32,3760,3248
native-finalists,008-Mercury-Sand-packed-32-viscosity_224-w1-s18,Mercury,16,16,1496,2008
native-finalists,008-Mercury-Sand-packed-32-viscosity_224-w1-s19,Wall,286,286,20163,20163
native-finalists,008-Mercury-Sand-packed-32-viscosity_224-w1-s19,Sand,32,32,3984,3472
native-finalists,008-Mercury-Sand-packed-32-viscosity_224-w1-s19,Mercury,16,16,1608,2120
native-finalists,009-Mercury-Sand-packed-32-viscosity_248-w32-s00,Wall,322,322,20608,20608
native-finalists,009-Mercury-Sand-packed-32-viscosity_248-w32-s00,Sand,1024,1024,114176,97792
native-finalists,009-Mercury-Sand-packed-32-viscosity_248-w32-s00,Mercury,512,512,44800,61184
native-finalists,009-Mercury-Sand-packed-32-viscosity_248-w32-s01,Wall,336,336,22680,22680
native-finalists,009-Mercury-Sand-packed-32-viscosity_248-w32-s01,Sand,1024,1024,121344,104960
native-finalists,009-Mercury-Sand-packed-32-viscosity_248-w32-s01,Mercury,512,512,48384,64768
native-finalists,009-Mercury-Sand-packed-32-viscosity_248-w32-s02,Wall,350,350,24850,24850
native-finalists,009-Mercury-Sand-packed-32-viscosity_248-w32-s02,Sand,1024,1024,128512,112128
native-finalists,009-Mercury-Sand-packed-32-viscosity_248-w32-s02,Mercury,512,512,51968,68352
native-finalists,009-Mercury-Sand-packed-32-viscosity_248-w32-s03,Wall,324,324,20898,20898
native-finalists,009-Mercury-Sand-packed-32-viscosity_248-w32-s03,Sand,1024,1024,115200,98816
native-finalists,009-Mercury-Sand-packed-32-viscosity_248-w32-s03,Mercury,512,512,45312,61696
native-finalists,009-Mercury-Sand-packed-32-viscosity_248-w32-s04,Wall,338,338,22984,22984
native-finalists,009-Mercury-Sand-packed-32-viscosity_248-w32-s04,Sand,1024,1024,122368,105984
native-finalists,009-Mercury-Sand-packed-32-viscosity_248-w32-s04,Mercury,512,512,48896,65280
native-finalists,009-Mercury-Sand-packed-32-viscosity_248-w32-s05,Wall,352,352,25168,25168
native-finalists,009-Mercury-Sand-packed-32-viscosity_248-w32-s05,Sand,1024,1024,129536,113152
native-finalists,009-Mercury-Sand-packed-32-viscosity_248-w32-s05,Mercury,512,512,52480,68864
native-finalists,009-Mercury-Sand-packed-32-viscosity_248-w32-s06,Wall,326,326,21190,21190
native-finalists,009-Mercury-Sand-packed-32-viscosity_248-w32-s06,Sand,1024,1024,116224,99840
native-finalists,009-Mercury-Sand-packed-32-viscosity_248-w32-s06,Mercury,512,512,45824,62208
native-finalists,009-Mercury-Sand-packed-32-viscosity_248-w32-s07,Wall,340,340,23290,23290
native-finalists,009-Mercury-Sand-packed-32-viscosity_248-w32-s07,Sand,1024,1024,123392,107008
native-finalists,009-Mercury-Sand-packed-32-viscosity_248-w32-s07,Mercury,512,512,49408,65792
native-finalists,009-Mercury-Sand-packed-32-viscosity_248-w32-s08,Wall,354,354,25488,25488
native-finalists,009-Mercury-Sand-packed-32-viscosity_248-w32-s08,Sand,1024,1024,130560,114176
native-finalists,009-Mercury-Sand-packed-32-viscosity_248-w32-s08,Mercury,512,512,52992,69376
native-finalists,009-Mercury-Sand-packed-32-viscosity_248-w32-s09,Wall,328,328,21484,21484
native-finalists,009-Mercury-Sand-packed-32-viscosity_248-w32-s09,Sand,1024,1024,117248,100864
native-finalists,009-Mercury-Sand-packed-32-viscosity_248-w32-s09,Mercury,512,512,46336,62720
native-finalists,009-Mercury-Sand-packed-32-viscosity_248-w32-s10,Wall,342,342,23598,23598
native-finalists,009-Mercury-Sand-packed-32-viscosity_248-w32-s10,Sand,1024,1024,124416,108032
native-finalists,009-Mercury-Sand-packed-32-viscosity_248-w32-s10,Mercury,512,512,49920,66304
native-finalists,009-Mercury-Sand-packed-32-viscosity_248-w32-s11,Wall,356,356,25810,25810
native-finalists,009-Mercury-Sand-packed-32-viscosity_248-w32-s11,Sand,1024,1024,131584,115202
native-finalists,009-Mercury-Sand-packed-32-viscosity_248-w32-s11,Mercury,512,512,53504,69886
native-finalists,009-Mercury-Sand-packed-32-viscosity_248-w32-s12,Wall,330,330,21780,21780
native-finalists,009-Mercury-Sand-packed-32-viscosity_248-w32-s12,Sand,1024,1024,118272,101888
native-finalists,009-Mercury-Sand-packed-32-viscosity_248-w32-s12,Mercury,512,512,46848,63232
native-finalists,009-Mercury-Sand-packed-32-viscosity_248-w32-s13,Wall,344,344,23908,23908
native-finalists,009-Mercury-Sand-packed-32-viscosity_248-w32-s13,Sand,1024,1024,125440,109058
native-finalists,009-Mercury-Sand-packed-32-viscosity_248-w32-s13,Mercury,512,512,50432,66814
native-finalists,009-Mercury-Sand-packed-32-viscosity_248-w32-s14,Wall,358,358,26134,26134
native-finalists,009-Mercury-Sand-packed-32-viscosity_248-w32-s14,Sand,1024,1024,132608,116227
native-finalists,009-Mercury-Sand-packed-32-viscosity_248-w32-s14,Mercury,512,512,54016,70397
native-finalists,009-Mercury-Sand-packed-32-viscosity_248-w32-s15,Wall,332,332,22078,22078
native-finalists,009-Mercury-Sand-packed-32-viscosity_248-w32-s15,Sand,1024,1024,119296,102913
native-finalists,009-Mercury-Sand-packed-32-viscosity_248-w32-s15,Mercury,512,512,47360,63743
native-finalists,009-Mercury-Sand-packed-32-viscosity_248-w32-s16,Wall,346,346,24220,24220
native-finalists,009-Mercury-Sand-packed-32-viscosity_248-w32-s16,Sand,1024,1024,126464,110081
native-finalists,009-Mercury-Sand-packed-32-viscosity_248-w32-s16,Mercury,512,512,50944,67327
native-finalists,009-Mercury-Sand-packed-32-viscosity_248-w32-s17,Wall,360,360,26460,26460
native-finalists,009-Mercury-Sand-packed-32-viscosity_248-w32-s17,Sand,1024,1024,133632,117250
native-finalists,009-Mercury-Sand-packed-32-viscosity_248-w32-s17,Mercury,512,512,54528,70910
native-finalists,009-Mercury-Sand-packed-32-viscosity_248-w32-s18,Wall,334,334,22378,22378
native-finalists,009-Mercury-Sand-packed-32-viscosity_248-w32-s18,Sand,1024,1024,120320,103937
native-finalists,009-Mercury-Sand-packed-32-viscosity_248-w32-s18,Mercury,512,512,47872,64255
native-finalists,009-Mercury-Sand-packed-32-viscosity_248-w32-s19,Wall,348,348,24534,24534
native-finalists,009-Mercury-Sand-packed-32-viscosity_248-w32-s19,Sand,1024,1024,127488,111106
native-finalists,009-Mercury-Sand-packed-32-viscosity_248-w32-s19,Mercury,512,512,51456,67838
native-finalists,010-Mercury-Sand-packed-32-viscosity_248-w1-s00,Wall,260,260,16640,16640
native-finalists,010-Mercury-Sand-packed-32-viscosity_248-w1-s00,Sand,32,32,3568,3056
native-finalists,010-Mercury-Sand-packed-32-viscosity_248-w1-s00,Mercury,16,16,1400,1912
native-finalists,010-Mercury-Sand-packed-32-viscosity_248-w1-s01,Wall,274,274,18495,18495
native-finalists,010-Mercury-Sand-packed-32-viscosity_248-w1-s01,Sand,32,32,3792,3280
native-finalists,010-Mercury-Sand-packed-32-viscosity_248-w1-s01,Mercury,16,16,1512,2024
native-finalists,010-Mercury-Sand-packed-32-viscosity_248-w1-s02,Wall,288,288,20448,20448
native-finalists,010-Mercury-Sand-packed-32-viscosity_248-w1-s02,Sand,32,32,4016,3504
native-finalists,010-Mercury-Sand-packed-32-viscosity_248-w1-s02,Mercury,16,16,1624,2136
native-finalists,010-Mercury-Sand-packed-32-viscosity_248-w1-s03,Wall,262,262,16899,16899
native-finalists,010-Mercury-Sand-packed-32-viscosity_248-w1-s03,Sand,32,32,3600,3088
native-finalists,010-Mercury-Sand-packed-32-viscosity_248-w1-s03,Mercury,16,16,1416,1928
native-finalists,010-Mercury-Sand-packed-32-viscosity_248-w1-s04,Wall,276,276,18768,18768
native-finalists,010-Mercury-Sand-packed-32-viscosity_248-w1-s04,Sand,32,32,3824,3312
native-finalists,010-Mercury-Sand-packed-32-viscosity_248-w1-s04,Mercury,16,16,1528,2040
native-finalists,010-Mercury-Sand-packed-32-viscosity_248-w1-s05,Wall,290,290,20735,20735
native-finalists,010-Mercury-Sand-packed-32-viscosity_248-w1-s05,Sand,32,32,4048,3536
native-finalists,010-Mercury-Sand-packed-32-viscosity_248-w1-s05,Mercury,16,16,1640,2152
native-finalists,010-Mercury-Sand-packed-32-viscosity_248-w1-s06,Wall,264,264,17160,17160
native-finalists,010-Mercury-Sand-packed-32-viscosity_248-w1-s06,Sand,32,32,3632,3120
native-finalists,010-Mercury-Sand-packed-32-viscosity_248-w1-s06,Mercury,16,16,1432,1944
native-finalists,010-Mercury-Sand-packed-32-viscosity_248-w1-s07,Wall,278,278,19043,19043
native-finalists,010-Mercury-Sand-packed-32-viscosity_248-w1-s07,Sand,32,32,3856,3344
native-finalists,010-Mercury-Sand-packed-32-viscosity_248-w1-s07,Mercury,16,16,1544,2056
native-finalists,010-Mercury-Sand-packed-32-viscosity_248-w1-s08,Wall,292,292,21024,21024
native-finalists,010-Mercury-Sand-packed-32-viscosity_248-w1-s08,Sand,32,32,4080,3568
native-finalists,010-Mercury-Sand-packed-32-viscosity_248-w1-s08,Mercury,16,16,1656,2168
native-finalists,010-Mercury-Sand-packed-32-viscosity_248-w1-s09,Wall,266,266,17423,17423
native-finalists,010-Mercury-Sand-packed-32-viscosity_248-w1-s09,Sand,32,32,3664,3152
native-finalists,010-Mercury-Sand-packed-32-viscosity_248-w1-s09,Mercury,16,16,1448,1960
native-finalists,010-Mercury-Sand-packed-32-viscosity_248-w1-s10,Wall,280,280,19320,19320
native-finalists,010-Mercury-Sand-packed-32-viscosity_248-w1-s10,Sand,32,32,3888,3376
native-finalists,010-Mercury-Sand-packed-32-viscosity_248-w1-s10,Mercury,16,16,1560,2072
native-finalists,010-Mercury-Sand-packed-32-viscosity_248-w1-s11,Wall,294,294,21315,21315
native-finalists,010-Mercury-Sand-packed-32-viscosity_248-w1-s11,Sand,32,32,4112,3600
native-finalists,010-Mercury-Sand-packed-32-viscosity_248-w1-s11,Mercury,16,16,1672,2184
native-finalists,010-Mercury-Sand-packed-32-viscosity_248-w1-s12,Wall,268,268,17688,17688
native-finalists,010-Mercury-Sand-packed-32-viscosity_248-w1-s12,Sand,32,32,3696,3184
native-finalists,010-Mercury-Sand-packed-32-viscosity_248-w1-s12,Mercury,16,16,1464,1976
native-finalists,010-Mercury-Sand-packed-32-viscosity_248-w1-s13,Wall,282,282,19599,19599
native-finalists,010-Mercury-Sand-packed-32-viscosity_248-w1-s13,Sand,32,32,3920,3408
native-finalists,010-Mercury-Sand-packed-32-viscosity_248-w1-s13,Mercury,16,16,1576,2088
native-finalists,010-Mercury-Sand-packed-32-viscosity_248-w1-s14,Wall,296,296,21608,21608
native-finalists,010-Mercury-Sand-packed-32-viscosity_248-w1-s14,Sand,32,32,4144,3632
native-finalists,010-Mercury-Sand-packed-32-viscosity_248-w1-s14,Mercury,16,16,1688,2200
native-finalists,010-Mercury-Sand-packed-32-viscosity_248-w1-s15,Wall,270,270,17955,17955
native-finalists,010-Mercury-Sand-packed-32-viscosity_248-w1-s15,Sand,32,32,3728,3216
native-finalists,010-Mercury-Sand-packed-32-viscosity_248-w1-s15,Mercury,16,16,1480,1992
native-finalists,010-Mercury-Sand-packed-32-viscosity_248-w1-s16,Wall,284,284,19880,19880
native-finalists,010-Mercury-Sand-packed-32-viscosity_248-w1-s16,Sand,32,32,3952,3440
native-finalists,010-Mercury-Sand-packed-32-viscosity_248-w1-s16,Mercury,16,16,1592,2104
native-finalists,010-Mercury-Sand-packed-32-viscosity_248-w1-s17,Wall,298,298,21903,21903
native-finalists,010-Mercury-Sand-packed-32-viscosity_248-w1-s17,Sand,32,32,4176,3664
native-finalists,010-Mercury-Sand-packed-32-viscosity_248-w1-s17,Mercury,16,16,1704,2216
native-finalists,010-Mercury-Sand-packed-32-viscosity_248-w1-s18,Wall,272,272,18224,18224
native-finalists,010-Mercury-Sand-packed-32-viscosity_248-w1-s18,Sand,32,32,3760,3248
native-finalists,010-Mercury-Sand-packed-32-viscosity_248-w1-s18,Mercury,16,16,1496,2008
native-finalists,010-Mercury-Sand-packed-32-viscosity_248-w1-s19,Wall,286,286,20163,20163
native-finalists,010-Mercury-Sand-packed-32-viscosity_248-w1-s19,Sand,32,32,3984,3472
native-finalists,010-Mercury-Sand-packed-32-viscosity_248-w1-s19,Mercury,16,16,1608,2120
native-finalists,011-Mercury-Sand-packed-32-exchange_off-w32-s00,Wall,322,322,20608,20608
native-finalists,011-Mercury-Sand-packed-32-exchange_off-w32-s00,Sand,1024,1024,114176,114176
native-finalists,011-Mercury-Sand-packed-32-exchange_off-w32-s00,Mercury,512,512,44800,44800
native-finalists,011-Mercury-Sand-packed-32-exchange_off-w32-s01,Wall,336,336,22680,22680
native-finalists,011-Mercury-Sand-packed-32-exchange_off-w32-s01,Sand,1024,1024,121344,121344
native-finalists,011-Mercury-Sand-packed-32-exchange_off-w32-s01,Mercury,512,512,48384,48384
native-finalists,011-Mercury-Sand-packed-32-exchange_off-w32-s02,Wall,350,350,24850,24850
native-finalists,011-Mercury-Sand-packed-32-exchange_off-w32-s02,Sand,1024,1024,128512,128512
native-finalists,011-Mercury-Sand-packed-32-exchange_off-w32-s02,Mercury,512,512,51968,51968
native-finalists,011-Mercury-Sand-packed-32-exchange_off-w32-s03,Wall,324,324,20898,20898
native-finalists,011-Mercury-Sand-packed-32-exchange_off-w32-s03,Sand,1024,1024,115200,115200
native-finalists,011-Mercury-Sand-packed-32-exchange_off-w32-s03,Mercury,512,512,45312,45312
native-finalists,011-Mercury-Sand-packed-32-exchange_off-w32-s04,Wall,338,338,22984,22984
native-finalists,011-Mercury-Sand-packed-32-exchange_off-w32-s04,Sand,1024,1024,122368,122368
native-finalists,011-Mercury-Sand-packed-32-exchange_off-w32-s04,Mercury,512,512,48896,48896
native-finalists,011-Mercury-Sand-packed-32-exchange_off-w32-s05,Wall,352,352,25168,25168
native-finalists,011-Mercury-Sand-packed-32-exchange_off-w32-s05,Sand,1024,1024,129536,129536
native-finalists,011-Mercury-Sand-packed-32-exchange_off-w32-s05,Mercury,512,512,52480,52480
native-finalists,011-Mercury-Sand-packed-32-exchange_off-w32-s06,Wall,326,326,21190,21190
native-finalists,011-Mercury-Sand-packed-32-exchange_off-w32-s06,Sand,1024,1024,116224,116224
native-finalists,011-Mercury-Sand-packed-32-exchange_off-w32-s06,Mercury,512,512,45824,45824
native-finalists,011-Mercury-Sand-packed-32-exchange_off-w32-s07,Wall,340,340,23290,23290
native-finalists,011-Mercury-Sand-packed-32-exchange_off-w32-s07,Sand,1024,1024,123392,123392
native-finalists,011-Mercury-Sand-packed-32-exchange_off-w32-s07,Mercury,512,512,49408,49408
native-finalists,011-Mercury-Sand-packed-32-exchange_off-w32-s08,Wall,354,354,25488,25488
native-finalists,011-Mercury-Sand-packed-32-exchange_off-w32-s08,Sand,1024,1024,130560,130560
native-finalists,011-Mercury-Sand-packed-32-exchange_off-w32-s08,Mercury,512,512,52992,52992
native-finalists,011-Mercury-Sand-packed-32-exchange_off-w32-s09,Wall,328,328,21484,21484
native-finalists,011-Mercury-Sand-packed-32-exchange_off-w32-s09,Sand,1024,1024,117248,117248
native-finalists,011-Mercury-Sand-packed-32-exchange_off-w32-s09,Mercury,512,512,46336,46336
native-finalists,011-Mercury-Sand-packed-32-exchange_off-w32-s10,Wall,342,342,23598,23598
native-finalists,011-Mercury-Sand-packed-32-exchange_off-w32-s10,Sand,1024,1024,124416,124416
native-finalists,011-Mercury-Sand-packed-32-exchange_off-w32-s10,Mercury,512,512,49920,49920
native-finalists,011-Mercury-Sand-packed-32-exchange_off-w32-s11,Wall,356,356,25810,25810
native-finalists,011-Mercury-Sand-packed-32-exchange_off-w32-s11,Sand,1024,1024,131584,131584
native-finalists,011-Mercury-Sand-packed-32-exchange_off-w32-s11,Mercury,512,512,53504,53504
native-finalists,011-Mercury-Sand-packed-32-exchange_off-w32-s12,Wall,330,330,21780,21780
native-finalists,011-Mercury-Sand-packed-32-exchange_off-w32-s12,Sand,1024,1024,118272,118272
native-finalists,011-Mercury-Sand-packed-32-exchange_off-w32-s12,Mercury,512,512,46848,46848
native-finalists,011-Mercury-Sand-packed-32-exchange_off-w32-s13,Wall,344,344,23908,23908
native-finalists,011-Mercury-Sand-packed-32-exchange_off-w32-s13,Sand,1024,1024,125440,125440
native-finalists,011-Mercury-Sand-packed-32-exchange_off-w32-s13,Mercury,512,512,50432,50432
native-finalists,011-Mercury-Sand-packed-32-exchange_off-w32-s14,Wall,358,358,26134,26134
native-finalists,011-Mercury-Sand-packed-32-exchange_off-w32-s14,Sand,1024,1024,132608,132608
native-finalists,011-Mercury-Sand-packed-32-exchange_off-w32-s14,Mercury,512,512,54016,54016
native-finalists,011-Mercury-Sand-packed-32-exchange_off-w32-s15,Wall,332,332,22078,22078
native-finalists,011-Mercury-Sand-packed-32-exchange_off-w32-s15,Sand,1024,1024,119296,119296
native-finalists,011-Mercury-Sand-packed-32-exchange_off-w32-s15,Mercury,512,512,47360,47360
native-finalists,011-Mercury-Sand-packed-32-exchange_off-w32-s16,Wall,346,346,24220,24220
native-finalists,011-Mercury-Sand-packed-32-exchange_off-w32-s16,Sand,1024,1024,126464,126464
native-finalists,011-Mercury-Sand-packed-32-exchange_off-w32-s16,Mercury,512,512,50944,50944
native-finalists,011-Mercury-Sand-packed-32-exchange_off-w32-s17,Wall,360,360,26460,26460
native-finalists,011-Mercury-Sand-packed-32-exchange_off-w32-s17,Sand,1024,1024,133632,133632
native-finalists,011-Mercury-Sand-packed-32-exchange_off-w32-s17,Mercury,512,512,54528,54528
native-finalists,011-Mercury-Sand-packed-32-exchange_off-w32-s18,Wall,334,334,22378,22378
native-finalists,011-Mercury-Sand-packed-32-exchange_off-w32-s18,Sand,1024,1024,120320,120320
native-finalists,011-Mercury-Sand-packed-32-exchange_off-w32-s18,Mercury,512,512,47872,47872
native-finalists,011-Mercury-Sand-packed-32-exchange_off-w32-s19,Wall,348,348,24534,24534
native-finalists,011-Mercury-Sand-packed-32-exchange_off-w32-s19,Sand,1024,1024,127488,127488
native-finalists,011-Mercury-Sand-packed-32-exchange_off-w32-s19,Mercury,512,512,51456,51456
native-finalists,012-Sand-Dust-reentry-32-baseline-w32-s00,Wall,322,322,20608,20608
native-finalists,012-Sand-Dust-reentry-32-baseline-w32-s00,Sand,512,512,44800,61184
native-finalists,012-Sand-Dust-reentry-32-baseline-w32-s00,Dust,1024,1024,114176,97792
native-finalists,012-Sand-Dust-reentry-32-baseline-w32-s01,Wall,336,336,22680,22680
native-finalists,012-Sand-Dust-reentry-32-baseline-w32-s01,Sand,512,512,48384,64768
native-finalists,012-Sand-Dust-reentry-32-baseline-w32-s01,Dust,1024,1024,121344,104960
native-finalists,012-Sand-Dust-reentry-32-baseline-w32-s02,Wall,350,350,24850,24850
native-finalists,012-Sand-Dust-reentry-32-baseline-w32-s02,Sand,512,512,51968,68352
native-finalists,012-Sand-Dust-reentry-32-baseline-w32-s02,Dust,1024,1024,128512,112128
native-finalists,012-Sand-Dust-reentry-32-baseline-w32-s03,Wall,324,324,20898,20898
native-finalists,012-Sand-Dust-reentry-32-baseline-w32-s03,Sand,512,512,45312,61696
native-finalists,012-Sand-Dust-reentry-32-baseline-w32-s03,Dust,1024,1024,115200,98816
native-finalists,012-Sand-Dust-reentry-32-baseline-w32-s04,Wall,338,338,22984,22984
native-finalists,012-Sand-Dust-reentry-32-baseline-w32-s04,Sand,512,512,48896,65280
native-finalists,012-Sand-Dust-reentry-32-baseline-w32-s04,Dust,1024,1024,122368,105984
native-finalists,012-Sand-Dust-reentry-32-baseline-w32-s05,Wall,352,352,25168,25168
native-finalists,012-Sand-Dust-reentry-32-baseline-w32-s05,Sand,512,512,52480,68864
native-finalists,012-Sand-Dust-reentry-32-baseline-w32-s05,Dust,1024,1024,129536,113152
native-finalists,012-Sand-Dust-reentry-32-baseline-w32-s06,Wall,326,326,21190,21190
native-finalists,012-Sand-Dust-reentry-32-baseline-w32-s06,Sand,512,512,45824,62208
native-finalists,012-Sand-Dust-reentry-32-baseline-w32-s06,Dust,1024,1024,116224,99840
native-finalists,012-Sand-Dust-reentry-32-baseline-w32-s07,Wall,340,340,23290,23290
native-finalists,012-Sand-Dust-reentry-32-baseline-w32-s07,Sand,512,512,49408,65792
native-finalists,012-Sand-Dust-reentry-32-baseline-w32-s07,Dust,1024,1024,123392,107008
native-finalists,012-Sand-Dust-reentry-32-baseline-w32-s08,Wall,354,354,25488,25488
native-finalists,012-Sand-Dust-reentry-32-baseline-w32-s08,Sand,512,512,52992,69376
native-finalists,012-Sand-Dust-reentry-32-baseline-w32-s08,Dust,1024,1024,130560,114176
native-finalists,012-Sand-Dust-reentry-32-baseline-w32-s09,Wall,328,328,21484,21484
native-finalists,012-Sand-Dust-reentry-32-baseline-w32-s09,Sand,512,512,46336,62720
native-finalists,012-Sand-Dust-reentry-32-baseline-w32-s09,Dust,1024,1024,117248,100864
native-finalists,012-Sand-Dust-reentry-32-baseline-w32-s10,Wall,342,342,23598,23598
native-finalists,012-Sand-Dust-reentry-32-baseline-w32-s10,Sand,512,512,49920,66304
native-finalists,012-Sand-Dust-reentry-32-baseline-w32-s10,Dust,1024,1024,124416,108032
native-finalists,012-Sand-Dust-reentry-32-baseline-w32-s11,Wall,356,356,25810,25810
native-finalists,012-Sand-Dust-reentry-32-baseline-w32-s11,Sand,512,512,53504,69886
native-finalists,012-Sand-Dust-reentry-32-baseline-w32-s11,Dust,1024,1024,131584,115202
native-finalists,012-Sand-Dust-reentry-32-baseline-w32-s12,Wall,330,330,21780,21780
native-finalists,012-Sand-Dust-reentry-32-baseline-w32-s12,Sand,512,512,46848,63232
native-finalists,012-Sand-Dust-reentry-32-baseline-w32-s12,Dust,1024,1024,118272,101888
native-finalists,012-Sand-Dust-reentry-32-baseline-w32-s13,Wall,344,344,23908,23908
native-finalists,012-Sand-Dust-reentry-32-baseline-w32-s13,Sand,512,512,50432,66814
native-finalists,012-Sand-Dust-reentry-32-baseline-w32-s13,Dust,1024,1024,125440,109058
native-finalists,012-Sand-Dust-reentry-32-baseline-w32-s14,Wall,358,358,26134,26134
native-finalists,012-Sand-Dust-reentry-32-baseline-w32-s14,Sand,512,512,54016,70397
native-finalists,012-Sand-Dust-reentry-32-baseline-w32-s14,Dust,1024,1024,132608,116227
native-finalists,012-Sand-Dust-reentry-32-baseline-w32-s15,Wall,332,332,22078,22078
native-finalists,012-Sand-Dust-reentry-32-baseline-w32-s15,Sand,512,512,47360,63743
native-finalists,012-Sand-Dust-reentry-32-baseline-w32-s15,Dust,1024,1024,119296,102913
native-finalists,012-Sand-Dust-reentry-32-baseline-w32-s16,Wall,346,346,24220,24220
native-finalists,012-Sand-Dust-reentry-32-baseline-w32-s16,Sand,512,512,50944,67327
native-finalists,012-Sand-Dust-reentry-32-baseline-w32-s16,Dust,1024,1024,126464,110081
native-finalists,012-Sand-Dust-reentry-32-baseline-w32-s17,Wall,360,360,26460,26460
native-finalists,012-Sand-Dust-reentry-32-baseline-w32-s17,Sand,512,512,54528,70910
native-finalists,012-Sand-Dust-reentry-32-baseline-w32-s17,Dust,1024,1024,133632,117250
native-finalists,012-Sand-Dust-reentry-32-baseline-w32-s18,Wall,334,334,22378,22378
native-finalists,012-Sand-Dust-reentry-32-baseline-w32-s18,Sand,512,512,47872,64255
native-finalists,012-Sand-Dust-reentry-32-baseline-w32-s18,Dust,1024,1024,120320,103937
native-finalists,012-Sand-Dust-reentry-32-baseline-w32-s19,Wall,348,348,24534,24534
native-finalists,012-Sand-Dust-reentry-32-baseline-w32-s19,Sand,512,512,51456,67838
native-finalists,012-Sand-Dust-reentry-32-baseline-w32-s19,Dust,1024,1024,127488,111106
native-finalists,013-Sand-Dust-excavate-32-baseline-w32-s00,Wall,322,314,20608,19584
native-finalists,013-Sand-Dust-excavate-32-baseline-w32-s00,Sand,512,132,44800,16324
native-finalists,013-Sand-Dust-excavate-32-baseline-w32-s00,Dust,1024,0,114176,0
native-finalists,013-Sand-Dust-excavate-32-baseline-w32-s01,Wall,336,328,22680,21600
native-finalists,013-Sand-Dust-excavate-32-baseline-w32-s01,Sand,512,132,48384,17248
native-finalists,013-Sand-Dust-excavate-32-baseline-w32-s01,Dust,1024,0,121344,0
native-finalists,013-Sand-Dust-excavate-32-baseline-w32-s02,Wall,350,342,24850,23714
native-finalists,013-Sand-Dust-excavate-32-baseline-w32-s02,Sand,512,132,51968,18172
native-finalists,013-Sand-Dust-excavate-32-baseline-w32-s02,Dust,1024,0,128512,0
native-finalists,013-Sand-Dust-excavate-32-baseline-w32-s03,Wall,324,316,20898,19866
native-finalists,013-Sand-Dust-excavate-32-baseline-w32-s03,Sand,512,132,45312,16456
native-finalists,013-Sand-Dust-excavate-32-baseline-w32-s03,Dust,1024,0,115200,0
native-finalists,013-Sand-Dust-excavate-32-baseline-w32-s04,Wall,338,330,22984,21896
native-finalists,013-Sand-Dust-excavate-32-baseline-w32-s04,Sand,512,132,48896,17380
native-finalists,013-Sand-Dust-excavate-32-baseline-w32-s04,Dust,1024,0,122368,0
native-finalists,013-Sand-Dust-excavate-32-baseline-w32-s05,Wall,352,344,25168,24024
native-finalists,013-Sand-Dust-excavate-32-baseline-w32-s05,Sand,512,132,52480,18304
native-finalists,013-Sand-Dust-excavate-32-baseline-w32-s05,Dust,1024,0,129536,0
native-finalists,013-Sand-Dust-excavate-32-baseline-w32-s06,Wall,326,318,21190,20150
native-finalists,013-Sand-Dust-excavate-32-baseline-w32-s06,Sand,512,132,45824,16588
native-finalists,013-Sand-Dust-excavate-32-baseline-w32-s06,Dust,1024,0,116224,0
native-finalists,013-Sand-Dust-excavate-32-baseline-w32-s07,Wall,340,332,23290,22194
native-finalists,013-Sand-Dust-excavate-32-baseline-w32-s07,Sand,512,132,49408,17512
native-finalists,013-Sand-Dust-excavate-32-baseline-w32-s07,Dust,1024,0,123392,0
native-finalists,013-Sand-Dust-excavate-32-baseline-w32-s08,Wall,354,346,25488,24336
native-finalists,013-Sand-Dust-excavate-32-baseline-w32-s08,Sand,512,132,52992,18436
native-finalists,013-Sand-Dust-excavate-32-baseline-w32-s08,Dust,1024,0,130560,0
native-finalists,013-Sand-Dust-excavate-32-baseline-w32-s09,Wall,328,320,21484,20436
native-finalists,013-Sand-Dust-excavate-32-baseline-w32-s09,Sand,512,132,46336,16720
native-finalists,013-Sand-Dust-excavate-32-baseline-w32-s09,Dust,1024,0,117248,0
native-finalists,013-Sand-Dust-excavate-32-baseline-w32-s10,Wall,342,334,23598,22494
native-finalists,013-Sand-Dust-excavate-32-baseline-w32-s10,Sand,512,132,49920,17644
native-finalists,013-Sand-Dust-excavate-32-baseline-w32-s10,Dust,1024,0,124416,0
native-finalists,013-Sand-Dust-excavate-32-baseline-w32-s11,Wall,356,348,25810,24650
native-finalists,013-Sand-Dust-excavate-32-baseline-w32-s11,Sand,512,132,53504,18568
native-finalists,013-Sand-Dust-excavate-32-baseline-w32-s11,Dust,1024,0,131584,0
native-finalists,013-Sand-Dust-excavate-32-baseline-w32-s12,Wall,330,322,21780,20724
native-finalists,013-Sand-Dust-excavate-32-baseline-w32-s12,Sand,512,132,46848,16852
native-finalists,013-Sand-Dust-excavate-32-baseline-w32-s12,Dust,1024,0,118272,0
native-finalists,013-Sand-Dust-excavate-32-baseline-w32-s13,Wall,344,336,23908,22796
native-finalists,013-Sand-Dust-excavate-32-baseline-w32-s13,Sand,512,132,50432,17776
native-finalists,013-Sand-Dust-excavate-32-baseline-w32-s13,Dust,1024,0,125440,0
native-finalists,013-Sand-Dust-excavate-32-baseline-w32-s14,Wall,358,350,26134,24966
native-finalists,013-Sand-Dust-excavate-32-baseline-w32-s14,Sand,512,132,54016,18700
native-finalists,013-Sand-Dust-excavate-32-baseline-w32-s14,Dust,1024,0,132608,0
native-finalists,013-Sand-Dust-excavate-32-baseline-w32-s15,Wall,332,324,22078,21014
native-finalists,013-Sand-Dust-excavate-32-baseline-w32-s15,Sand,512,132,47360,16984
native-finalists,013-Sand-Dust-excavate-32-baseline-w32-s15,Dust,1024,0,119296,0
native-finalists,013-Sand-Dust-excavate-32-baseline-w32-s16,Wall,346,338,24220,23100
native-finalists,013-Sand-Dust-excavate-32-baseline-w32-s16,Sand,512,132,50944,17908
native-finalists,013-Sand-Dust-excavate-32-baseline-w32-s16,Dust,1024,0,126464,0
native-finalists,013-Sand-Dust-excavate-32-baseline-w32-s17,Wall,360,352,26460,25284
native-finalists,013-Sand-Dust-excavate-32-baseline-w32-s17,Sand,512,132,54528,18832
native-finalists,013-Sand-Dust-excavate-32-baseline-w32-s17,Dust,1024,0,133632,0
native-finalists,013-Sand-Dust-excavate-32-baseline-w32-s18,Wall,334,326,22378,21306
native-finalists,013-Sand-Dust-excavate-32-baseline-w32-s18,Sand,512,132,47872,17116
native-finalists,013-Sand-Dust-excavate-32-baseline-w32-s18,Dust,1024,0,120320,0
native-finalists,013-Sand-Dust-excavate-32-baseline-w32-s19,Wall,348,340,24534,23406
native-finalists,013-Sand-Dust-excavate-32-baseline-w32-s19,Sand,512,132,51456,18040
native-finalists,013-Sand-Dust-excavate-32-baseline-w32-s19,Dust,1024,0,127488,0
native-finalists,014-Sand-Dust-packed-32-baseline-w32-s00,Wall,322,322,20608,20608
native-finalists,014-Sand-Dust-packed-32-baseline-w32-s00,Sand,512,512,44800,61184
native-finalists,014-Sand-Dust-packed-32-baseline-w32-s00,Dust,1024,1024,114176,97792
native-finalists,014-Sand-Dust-packed-32-baseline-w32-s01,Wall,336,336,22680,22680
native-finalists,014-Sand-Dust-packed-32-baseline-w32-s01,Sand,512,512,48384,64768
native-finalists,014-Sand-Dust-packed-32-baseline-w32-s01,Dust,1024,1024,121344,104960
native-finalists,014-Sand-Dust-packed-32-baseline-w32-s02,Wall,350,350,24850,24850
native-finalists,014-Sand-Dust-packed-32-baseline-w32-s02,Sand,512,512,51968,68352
native-finalists,014-Sand-Dust-packed-32-baseline-w32-s02,Dust,1024,1024,128512,112128
native-finalists,014-Sand-Dust-packed-32-baseline-w32-s03,Wall,324,324,20898,20898
native-finalists,014-Sand-Dust-packed-32-baseline-w32-s03,Sand,512,512,45312,61696
native-finalists,014-Sand-Dust-packed-32-baseline-w32-s03,Dust,1024,1024,115200,98816
native-finalists,014-Sand-Dust-packed-32-baseline-w32-s04,Wall,338,338,22984,22984
native-finalists,014-Sand-Dust-packed-32-baseline-w32-s04,Sand,512,512,48896,65280
native-finalists,014-Sand-Dust-packed-32-baseline-w32-s04,Dust,1024,1024,122368,105984
native-finalists,014-Sand-Dust-packed-32-baseline-w32-s05,Wall,352,352,25168,25168
native-finalists,014-Sand-Dust-packed-32-baseline-w32-s05,Sand,512,512,52480,68864
native-finalists,014-Sand-Dust-packed-32-baseline-w32-s05,Dust,1024,1024,129536,113152
native-finalists,014-Sand-Dust-packed-32-baseline-w32-s06,Wall,326,326,21190,21190
native-finalists,014-Sand-Dust-packed-32-baseline-w32-s06,Sand,512,512,45824,62208
native-finalists,014-Sand-Dust-packed-32-baseline-w32-s06,Dust,1024,1024,116224,99840
native-finalists,014-Sand-Dust-packed-32-baseline-w32-s07,Wall,340,340,23290,23290
native-finalists,014-Sand-Dust-packed-32-baseline-w32-s07,Sand,512,512,49408,65792
native-finalists,014-Sand-Dust-packed-32-baseline-w32-s07,Dust,1024,1024,123392,107008
native-finalists,014-Sand-Dust-packed-32-baseline-w32-s08,Wall,354,354,25488,25488
native-finalists,014-Sand-Dust-packed-32-baseline-w32-s08,Sand,512,512,52992,69376
native-finalists,014-Sand-Dust-packed-32-baseline-w32-s08,Dust,1024,1024,130560,114176
native-finalists,014-Sand-Dust-packed-32-baseline-w32-s09,Wall,328,328,21484,21484
native-finalists,014-Sand-Dust-packed-32-baseline-w32-s09,Sand,512,512,46336,62720
native-finalists,014-Sand-Dust-packed-32-baseline-w32-s09,Dust,1024,1024,117248,100864
native-finalists,014-Sand-Dust-packed-32-baseline-w32-s10,Wall,342,342,23598,23598
native-finalists,014-Sand-Dust-packed-32-baseline-w32-s10,Sand,512,512,49920,66304
native-finalists,014-Sand-Dust-packed-32-baseline-w32-s10,Dust,1024,1024,124416,108032
native-finalists,014-Sand-Dust-packed-32-baseline-w32-s11,Wall,356,356,25810,25810
native-finalists,014-Sand-Dust-packed-32-baseline-w32-s11,Sand,512,512,53504,69886
native-finalists,014-Sand-Dust-packed-32-baseline-w32-s11,Dust,1024,1024,131584,115202
native-finalists,014-Sand-Dust-packed-32-baseline-w32-s12,Wall,330,330,21780,21780
native-finalists,014-Sand-Dust-packed-32-baseline-w32-s12,Sand,512,512,46848,63232
native-finalists,014-Sand-Dust-packed-32-baseline-w32-s12,Dust,1024,1024,118272,101888
native-finalists,014-Sand-Dust-packed-32-baseline-w32-s13,Wall,344,344,23908,23908
native-finalists,014-Sand-Dust-packed-32-baseline-w32-s13,Sand,512,512,50432,66814
native-finalists,014-Sand-Dust-packed-32-baseline-w32-s13,Dust,1024,1024,125440,109058
native-finalists,014-Sand-Dust-packed-32-baseline-w32-s14,Wall,358,358,26134,26134
native-finalists,014-Sand-Dust-packed-32-baseline-w32-s14,Sand,512,512,54016,70397
native-finalists,014-Sand-Dust-packed-32-baseline-w32-s14,Dust,1024,1024,132608,116227
native-finalists,014-Sand-Dust-packed-32-baseline-w32-s15,Wall,332,332,22078,22078
native-finalists,014-Sand-Dust-packed-32-baseline-w32-s15,Sand,512,512,47360,63743
native-finalists,014-Sand-Dust-packed-32-baseline-w32-s15,Dust,1024,1024,119296,102913
native-finalists,014-Sand-Dust-packed-32-baseline-w32-s16,Wall,346,346,24220,24220
native-finalists,014-Sand-Dust-packed-32-baseline-w32-s16,Sand,512,512,50944,67327
native-finalists,014-Sand-Dust-packed-32-baseline-w32-s16,Dust,1024,1024,126464,110081
native-finalists,014-Sand-Dust-packed-32-baseline-w32-s17,Wall,360,360,26460,26460
native-finalists,014-Sand-Dust-packed-32-baseline-w32-s17,Sand,512,512,54528,70910
native-finalists,014-Sand-Dust-packed-32-baseline-w32-s17,Dust,1024,1024,133632,117250
native-finalists,014-Sand-Dust-packed-32-baseline-w32-s18,Wall,334,334,22378,22378
native-finalists,014-Sand-Dust-packed-32-baseline-w32-s18,Sand,512,512,47872,64255
native-finalists,014-Sand-Dust-packed-32-baseline-w32-s18,Dust,1024,1024,120320,103937
native-finalists,014-Sand-Dust-packed-32-baseline-w32-s19,Wall,348,348,24534,24534
native-finalists,014-Sand-Dust-packed-32-baseline-w32-s19,Sand,512,512,51456,67838
native-finalists,014-Sand-Dust-packed-32-baseline-w32-s19,Dust,1024,1024,127488,111106
native-finalists,015-Mercury-Sand-packed-32-baseline-w32-s00,Wall,322,322,20608,20608
native-finalists,015-Mercury-Sand-packed-32-baseline-w32-s00,Sand,1024,1024,114176,97792
native-finalists,015-Mercury-Sand-packed-32-baseline-w32-s00,Mercury,512,512,44800,61184
native-finalists,015-Mercury-Sand-packed-32-baseline-w32-s01,Wall,336,336,22680,22680
native-finalists,015-Mercury-Sand-packed-32-baseline-w32-s01,Sand,1024,1024,121344,104960
native-finalists,015-Mercury-Sand-packed-32-baseline-w32-s01,Mercury,512,512,48384,64768
native-finalists,015-Mercury-Sand-packed-32-baseline-w32-s02,Wall,350,350,24850,24850
native-finalists,015-Mercury-Sand-packed-32-baseline-w32-s02,Sand,1024,1024,128512,112128
native-finalists,015-Mercury-Sand-packed-32-baseline-w32-s02,Mercury,512,512,51968,68352
native-finalists,015-Mercury-Sand-packed-32-baseline-w32-s03,Wall,324,324,20898,20898
native-finalists,015-Mercury-Sand-packed-32-baseline-w32-s03,Sand,1024,1024,115200,98816
native-finalists,015-Mercury-Sand-packed-32-baseline-w32-s03,Mercury,512,512,45312,61696
native-finalists,015-Mercury-Sand-packed-32-baseline-w32-s04,Wall,338,338,22984,22984
native-finalists,015-Mercury-Sand-packed-32-baseline-w32-s04,Sand,1024,1024,122368,105984
native-finalists,015-Mercury-Sand-packed-32-baseline-w32-s04,Mercury,512,512,48896,65280
native-finalists,015-Mercury-Sand-packed-32-baseline-w32-s05,Wall,352,352,25168,25168
native-finalists,015-Mercury-Sand-packed-32-baseline-w32-s05,Sand,1024,1024,129536,113152
native-finalists,015-Mercury-Sand-packed-32-baseline-w32-s05,Mercury,512,512,52480,68864
native-finalists,015-Mercury-Sand-packed-32-baseline-w32-s06,Wall,326,326,21190,21190
native-finalists,015-Mercury-Sand-packed-32-baseline-w32-s06,Sand,1024,1024,116224,99840
native-finalists,015-Mercury-Sand-packed-32-baseline-w32-s06,Mercury,512,512,45824,62208
native-finalists,015-Mercury-Sand-packed-32-baseline-w32-s07,Wall,340,340,23290,23290
native-finalists,015-Mercury-Sand-packed-32-baseline-w32-s07,Sand,1024,1024,123392,107008
native-finalists,015-Mercury-Sand-packed-32-baseline-w32-s07,Mercury,512,512,49408,65792
native-finalists,015-Mercury-Sand-packed-32-baseline-w32-s08,Wall,354,354,25488,25488
native-finalists,015-Mercury-Sand-packed-32-baseline-w32-s08,Sand,1024,1024,130560,114176
native-finalists,015-Mercury-Sand-packed-32-baseline-w32-s08,Mercury,512,512,52992,69376
native-finalists,015-Mercury-Sand-packed-32-baseline-w32-s09,Wall,328,328,21484,21484
native-finalists,015-Mercury-Sand-packed-32-baseline-w32-s09,Sand,1024,1024,117248,100864
native-finalists,015-Mercury-Sand-packed-32-baseline-w32-s09,Mercury,512,512,46336,62720
native-finalists,015-Mercury-Sand-packed-32-baseline-w32-s10,Wall,342,342,23598,23598
native-finalists,015-Mercury-Sand-packed-32-baseline-w32-s10,Sand,1024,1024,124416,108032
native-finalists,015-Mercury-Sand-packed-32-baseline-w32-s10,Mercury,512,512,49920,66304
native-finalists,015-Mercury-Sand-packed-32-baseline-w32-s11,Wall,356,356,25810,25810
native-finalists,015-Mercury-Sand-packed-32-baseline-w32-s11,Sand,1024,1024,131584,115202
native-finalists,015-Mercury-Sand-packed-32-baseline-w32-s11,Mercury,512,512,53504,69886
native-finalists,015-Mercury-Sand-packed-32-baseline-w32-s12,Wall,330,330,21780,21780
native-finalists,015-Mercury-Sand-packed-32-baseline-w32-s12,Sand,1024,1024,118272,101888
native-finalists,015-Mercury-Sand-packed-32-baseline-w32-s12,Mercury,512,512,46848,63232
native-finalists,015-Mercury-Sand-packed-32-baseline-w32-s13,Wall,344,344,23908,23908
native-finalists,015-Mercury-Sand-packed-32-baseline-w32-s13,Sand,1024,1024,125440,109058
native-finalists,015-Mercury-Sand-packed-32-baseline-w32-s13,Mercury,512,512,50432,66814
native-finalists,015-Mercury-Sand-packed-32-baseline-w32-s14,Wall,358,358,26134,26134
native-finalists,015-Mercury-Sand-packed-32-baseline-w32-s14,Sand,1024,1024,132608,116227
native-finalists,015-Mercury-Sand-packed-32-baseline-w32-s14,Mercury,512,512,54016,70397
native-finalists,015-Mercury-Sand-packed-32-baseline-w32-s15,Wall,332,332,22078,22078
native-finalists,015-Mercury-Sand-packed-32-baseline-w32-s15,Sand,1024,1024,119296,102913
native-finalists,015-Mercury-Sand-packed-32-baseline-w32-s15,Mercury,512,512,47360,63743
native-finalists,015-Mercury-Sand-packed-32-baseline-w32-s16,Wall,346,346,24220,24220
native-finalists,015-Mercury-Sand-packed-32-baseline-w32-s16,Sand,1024,1024,126464,110081
native-finalists,015-Mercury-Sand-packed-32-baseline-w32-s16,Mercury,512,512,50944,67327
native-finalists,015-Mercury-Sand-packed-32-baseline-w32-s17,Wall,360,360,26460,26460
native-finalists,015-Mercury-Sand-packed-32-baseline-w32-s17,Sand,1024,1024,133632,117250
native-finalists,015-Mercury-Sand-packed-32-baseline-w32-s17,Mercury,512,512,54528,70910
native-finalists,015-Mercury-Sand-packed-32-baseline-w32-s18,Wall,334,334,22378,22378
native-finalists,015-Mercury-Sand-packed-32-baseline-w32-s18,Sand,1024,1024,120320,103937
native-finalists,015-Mercury-Sand-packed-32-baseline-w32-s18,Mercury,512,512,47872,64255
native-finalists,015-Mercury-Sand-packed-32-baseline-w32-s19,Wall,348,348,24534,24534
native-finalists,015-Mercury-Sand-packed-32-baseline-w32-s19,Sand,1024,1024,127488,111106
native-finalists,015-Mercury-Sand-packed-32-baseline-w32-s19,Mercury,512,512,51456,67838
native-finalists,016-Sand-Dust-packed-32-baseline-w32-s00,Wall,322,322,20608,20608
native-finalists,016-Sand-Dust-packed-32-baseline-w32-s00,Sand,512,512,44800,61184
native-finalists,016-Sand-Dust-packed-32-baseline-w32-s00,Dust,1024,1024,114176,97792
native-finalists,016-Sand-Dust-packed-32-baseline-w32-s01,Wall,336,336,22680,22680
native-finalists,016-Sand-Dust-packed-32-baseline-w32-s01,Sand,512,512,48384,64768
native-finalists,016-Sand-Dust-packed-32-baseline-w32-s01,Dust,1024,1024,121344,104960
native-finalists,016-Sand-Dust-packed-32-baseline-w32-s02,Wall,350,350,24850,24850
native-finalists,016-Sand-Dust-packed-32-baseline-w32-s02,Sand,512,512,51968,68352
native-finalists,016-Sand-Dust-packed-32-baseline-w32-s02,Dust,1024,1024,128512,112128
native-finalists,016-Sand-Dust-packed-32-baseline-w32-s03,Wall,324,324,20898,20898
native-finalists,016-Sand-Dust-packed-32-baseline-w32-s03,Sand,512,512,45312,61696
native-finalists,016-Sand-Dust-packed-32-baseline-w32-s03,Dust,1024,1024,115200,98816
native-finalists,016-Sand-Dust-packed-32-baseline-w32-s04,Wall,338,338,22984,22984
native-finalists,016-Sand-Dust-packed-32-baseline-w32-s04,Sand,512,512,48896,65280
native-finalists,016-Sand-Dust-packed-32-baseline-w32-s04,Dust,1024,1024,122368,105984
native-finalists,016-Sand-Dust-packed-32-baseline-w32-s05,Wall,352,352,25168,25168
native-finalists,016-Sand-Dust-packed-32-baseline-w32-s05,Sand,512,512,52480,68864
native-finalists,016-Sand-Dust-packed-32-baseline-w32-s05,Dust,1024,1024,129536,113152
native-finalists,016-Sand-Dust-packed-32-baseline-w32-s06,Wall,326,326,21190,21190
native-finalists,016-Sand-Dust-packed-32-baseline-w32-s06,Sand,512,512,45824,62208
native-finalists,016-Sand-Dust-packed-32-baseline-w32-s06,Dust,1024,1024,116224,99840
native-finalists,016-Sand-Dust-packed-32-baseline-w32-s07,Wall,340,340,23290,23290
native-finalists,016-Sand-Dust-packed-32-baseline-w32-s07,Sand,512,512,49408,65792
native-finalists,016-Sand-Dust-packed-32-baseline-w32-s07,Dust,1024,1024,123392,107008
native-finalists,016-Sand-Dust-packed-32-baseline-w32-s08,Wall,354,354,25488,25488
native-finalists,016-Sand-Dust-packed-32-baseline-w32-s08,Sand,512,512,52992,69376
native-finalists,016-Sand-Dust-packed-32-baseline-w32-s08,Dust,1024,1024,130560,114176
native-finalists,016-Sand-Dust-packed-32-baseline-w32-s09,Wall,328,328,21484,21484
native-finalists,016-Sand-Dust-packed-32-baseline-w32-s09,Sand,512,512,46336,62720
native-finalists,016-Sand-Dust-packed-32-baseline-w32-s09,Dust,1024,1024,117248,100864
native-finalists,016-Sand-Dust-packed-32-baseline-w32-s10,Wall,342,342,23598,23598
native-finalists,016-Sand-Dust-packed-32-baseline-w32-s10,Sand,512,512,49920,66304
native-finalists,016-Sand-Dust-packed-32-baseline-w32-s10,Dust,1024,1024,124416,108032
native-finalists,016-Sand-Dust-packed-32-baseline-w32-s11,Wall,356,356,25810,25810
native-finalists,016-Sand-Dust-packed-32-baseline-w32-s11,Sand,512,512,53504,69886
native-finalists,016-Sand-Dust-packed-32-baseline-w32-s11,Dust,1024,1024,131584,115202
native-finalists,016-Sand-Dust-packed-32-baseline-w32-s12,Wall,330,330,21780,21780
native-finalists,016-Sand-Dust-packed-32-baseline-w32-s12,Sand,512,512,46848,63232
native-finalists,016-Sand-Dust-packed-32-baseline-w32-s12,Dust,1024,1024,118272,101888
native-finalists,016-Sand-Dust-packed-32-baseline-w32-s13,Wall,344,344,23908,23908
native-finalists,016-Sand-Dust-packed-32-baseline-w32-s13,Sand,512,512,50432,66814
native-finalists,016-Sand-Dust-packed-32-baseline-w32-s13,Dust,1024,1024,125440,109058
native-finalists,016-Sand-Dust-packed-32-baseline-w32-s14,Wall,358,358,26134,26134
native-finalists,016-Sand-Dust-packed-32-baseline-w32-s14,Sand,512,512,54016,70397
native-finalists,016-Sand-Dust-packed-32-baseline-w32-s14,Dust,1024,1024,132608,116227
native-finalists,016-Sand-Dust-packed-32-baseline-w32-s15,Wall,332,332,22078,22078
native-finalists,016-Sand-Dust-packed-32-baseline-w32-s15,Sand,512,512,47360,63743
native-finalists,016-Sand-Dust-packed-32-baseline-w32-s15,Dust,1024,1024,119296,102913
native-finalists,016-Sand-Dust-packed-32-baseline-w32-s16,Wall,346,346,24220,24220
native-finalists,016-Sand-Dust-packed-32-baseline-w32-s16,Sand,512,512,50944,67327
native-finalists,016-Sand-Dust-packed-32-baseline-w32-s16,Dust,1024,1024,126464,110081
native-finalists,016-Sand-Dust-packed-32-baseline-w32-s17,Wall,360,360,26460,26460
native-finalists,016-Sand-Dust-packed-32-baseline-w32-s17,Sand,512,512,54528,70910
native-finalists,016-Sand-Dust-packed-32-baseline-w32-s17,Dust,1024,1024,133632,117250
native-finalists,016-Sand-Dust-packed-32-baseline-w32-s18,Wall,334,334,22378,22378
native-finalists,016-Sand-Dust-packed-32-baseline-w32-s18,Sand,512,512,47872,64255
native-finalists,016-Sand-Dust-packed-32-baseline-w32-s18,Dust,1024,1024,120320,103937
native-finalists,016-Sand-Dust-packed-32-baseline-w32-s19,Wall,348,348,24534,24534
native-finalists,016-Sand-Dust-packed-32-baseline-w32-s19,Sand,512,512,51456,67838
native-finalists,016-Sand-Dust-packed-32-baseline-w32-s19,Dust,1024,1024,127488,111106
native-finalists,017-Mercury-Sand-packed-32-baseline-w32-s00,Wall,322,322,20608,20608
native-finalists,017-Mercury-Sand-packed-32-baseline-w32-s00,Sand,1024,1024,114176,97792
native-finalists,017-Mercury-Sand-packed-32-baseline-w32-s00,Mercury,512,512,44800,61184
native-finalists,017-Mercury-Sand-packed-32-baseline-w32-s01,Wall,336,336,22680,22680
native-finalists,017-Mercury-Sand-packed-32-baseline-w32-s01,Sand,1024,1024,121344,104960
native-finalists,017-Mercury-Sand-packed-32-baseline-w32-s01,Mercury,512,512,48384,64768
native-finalists,017-Mercury-Sand-packed-32-baseline-w32-s02,Wall,350,350,24850,24850
native-finalists,017-Mercury-Sand-packed-32-baseline-w32-s02,Sand,1024,1024,128512,112128
native-finalists,017-Mercury-Sand-packed-32-baseline-w32-s02,Mercury,512,512,51968,68352
native-finalists,017-Mercury-Sand-packed-32-baseline-w32-s03,Wall,324,324,20898,20898
native-finalists,017-Mercury-Sand-packed-32-baseline-w32-s03,Sand,1024,1024,115200,98816
native-finalists,017-Mercury-Sand-packed-32-baseline-w32-s03,Mercury,512,512,45312,61696
native-finalists,017-Mercury-Sand-packed-32-baseline-w32-s04,Wall,338,338,22984,22984
native-finalists,017-Mercury-Sand-packed-32-baseline-w32-s04,Sand,1024,1024,122368,105984
native-finalists,017-Mercury-Sand-packed-32-baseline-w32-s04,Mercury,512,512,48896,65280
native-finalists,017-Mercury-Sand-packed-32-baseline-w32-s05,Wall,352,352,25168,25168
native-finalists,017-Mercury-Sand-packed-32-baseline-w32-s05,Sand,1024,1024,129536,113152
native-finalists,017-Mercury-Sand-packed-32-baseline-w32-s05,Mercury,512,512,52480,68864
native-finalists,017-Mercury-Sand-packed-32-baseline-w32-s06,Wall,326,326,21190,21190
native-finalists,017-Mercury-Sand-packed-32-baseline-w32-s06,Sand,1024,1024,116224,99840
native-finalists,017-Mercury-Sand-packed-32-baseline-w32-s06,Mercury,512,512,45824,62208
native-finalists,017-Mercury-Sand-packed-32-baseline-w32-s07,Wall,340,340,23290,23290
native-finalists,017-Mercury-Sand-packed-32-baseline-w32-s07,Sand,1024,1024,123392,107008
native-finalists,017-Mercury-Sand-packed-32-baseline-w32-s07,Mercury,512,512,49408,65792
native-finalists,017-Mercury-Sand-packed-32-baseline-w32-s08,Wall,354,354,25488,25488
native-finalists,017-Mercury-Sand-packed-32-baseline-w32-s08,Sand,1024,1024,130560,114176
native-finalists,017-Mercury-Sand-packed-32-baseline-w32-s08,Mercury,512,512,52992,69376
native-finalists,017-Mercury-Sand-packed-32-baseline-w32-s09,Wall,328,328,21484,21484
native-finalists,017-Mercury-Sand-packed-32-baseline-w32-s09,Sand,1024,1024,117248,100864
native-finalists,017-Mercury-Sand-packed-32-baseline-w32-s09,Mercury,512,512,46336,62720
native-finalists,017-Mercury-Sand-packed-32-baseline-w32-s10,Wall,342,342,23598,23598
native-finalists,017-Mercury-Sand-packed-32-baseline-w32-s10,Sand,1024,1024,124416,108032
native-finalists,017-Mercury-Sand-packed-32-baseline-w32-s10,Mercury,512,512,49920,66304
native-finalists,017-Mercury-Sand-packed-32-baseline-w32-s11,Wall,356,356,25810,25810
native-finalists,017-Mercury-Sand-packed-32-baseline-w32-s11,Sand,1024,1024,131584,115202
native-finalists,017-Mercury-Sand-packed-32-baseline-w32-s11,Mercury,512,512,53504,69886
native-finalists,017-Mercury-Sand-packed-32-baseline-w32-s12,Wall,330,330,21780,21780
native-finalists,017-Mercury-Sand-packed-32-baseline-w32-s12,Sand,1024,1024,118272,101888
native-finalists,017-Mercury-Sand-packed-32-baseline-w32-s12,Mercury,512,512,46848,63232
native-finalists,017-Mercury-Sand-packed-32-baseline-w32-s13,Wall,344,344,23908,23908
native-finalists,017-Mercury-Sand-packed-32-baseline-w32-s13,Sand,1024,1024,125440,109058
native-finalists,017-Mercury-Sand-packed-32-baseline-w32-s13,Mercury,512,512,50432,66814
native-finalists,017-Mercury-Sand-packed-32-baseline-w32-s14,Wall,358,358,26134,26134
native-finalists,017-Mercury-Sand-packed-32-baseline-w32-s14,Sand,1024,1024,132608,116227
native-finalists,017-Mercury-Sand-packed-32-baseline-w32-s14,Mercury,512,512,54016,70397
native-finalists,017-Mercury-Sand-packed-32-baseline-w32-s15,Wall,332,332,22078,22078
native-finalists,017-Mercury-Sand-packed-32-baseline-w32-s15,Sand,1024,1024,119296,102913
native-finalists,017-Mercury-Sand-packed-32-baseline-w32-s15,Mercury,512,512,47360,63743
native-finalists,017-Mercury-Sand-packed-32-baseline-w32-s16,Wall,346,346,24220,24220
native-finalists,017-Mercury-Sand-packed-32-baseline-w32-s16,Sand,1024,1024,126464,110081
native-finalists,017-Mercury-Sand-packed-32-baseline-w32-s16,Mercury,512,512,50944,67327
native-finalists,017-Mercury-Sand-packed-32-baseline-w32-s17,Wall,360,360,26460,26460
native-finalists,017-Mercury-Sand-packed-32-baseline-w32-s17,Sand,1024,1024,133632,117250
native-finalists,017-Mercury-Sand-packed-32-baseline-w32-s17,Mercury,512,512,54528,70910
native-finalists,017-Mercury-Sand-packed-32-baseline-w32-s18,Wall,334,334,22378,22378
native-finalists,017-Mercury-Sand-packed-32-baseline-w32-s18,Sand,1024,1024,120320,103937
native-finalists,017-Mercury-Sand-packed-32-baseline-w32-s18,Mercury,512,512,47872,64255
native-finalists,017-Mercury-Sand-packed-32-baseline-w32-s19,Wall,348,348,24534,24534
native-finalists,017-Mercury-Sand-packed-32-baseline-w32-s19,Sand,1024,1024,127488,111106
native-finalists,017-Mercury-Sand-packed-32-baseline-w32-s19,Mercury,512,512,51456,67838
native-finalists,018-Sand-Dust-packed-32-baseline-w32-s00,Wall,322,322,20608,20608
native-finalists,018-Sand-Dust-packed-32-baseline-w32-s00,Sand,512,512,44800,61184
native-finalists,018-Sand-Dust-packed-32-baseline-w32-s00,Dust,1024,1024,114176,97792
native-finalists,018-Sand-Dust-packed-32-baseline-w32-s01,Wall,336,336,22680,22680
native-finalists,018-Sand-Dust-packed-32-baseline-w32-s01,Sand,512,512,48384,64768
native-finalists,018-Sand-Dust-packed-32-baseline-w32-s01,Dust,1024,1024,121344,104960
native-finalists,018-Sand-Dust-packed-32-baseline-w32-s02,Wall,350,350,24850,24850
native-finalists,018-Sand-Dust-packed-32-baseline-w32-s02,Sand,512,512,51968,68352
native-finalists,018-Sand-Dust-packed-32-baseline-w32-s02,Dust,1024,1024,128512,112128
native-finalists,018-Sand-Dust-packed-32-baseline-w32-s03,Wall,324,324,20898,20898
native-finalists,018-Sand-Dust-packed-32-baseline-w32-s03,Sand,512,512,45312,61696
native-finalists,018-Sand-Dust-packed-32-baseline-w32-s03,Dust,1024,1024,115200,98816
native-finalists,018-Sand-Dust-packed-32-baseline-w32-s04,Wall,338,338,22984,22984
native-finalists,018-Sand-Dust-packed-32-baseline-w32-s04,Sand,512,512,48896,65280
native-finalists,018-Sand-Dust-packed-32-baseline-w32-s04,Dust,1024,1024,122368,105984
native-finalists,018-Sand-Dust-packed-32-baseline-w32-s05,Wall,352,352,25168,25168
native-finalists,018-Sand-Dust-packed-32-baseline-w32-s05,Sand,512,512,52480,68864
native-finalists,018-Sand-Dust-packed-32-baseline-w32-s05,Dust,1024,1024,129536,113152
native-finalists,018-Sand-Dust-packed-32-baseline-w32-s06,Wall,326,326,21190,21190
native-finalists,018-Sand-Dust-packed-32-baseline-w32-s06,Sand,512,512,45824,62208
native-finalists,018-Sand-Dust-packed-32-baseline-w32-s06,Dust,1024,1024,116224,99840
native-finalists,018-Sand-Dust-packed-32-baseline-w32-s07,Wall,340,340,23290,23290
native-finalists,018-Sand-Dust-packed-32-baseline-w32-s07,Sand,512,512,49408,65792
native-finalists,018-Sand-Dust-packed-32-baseline-w32-s07,Dust,1024,1024,123392,107008
native-finalists,018-Sand-Dust-packed-32-baseline-w32-s08,Wall,354,354,25488,25488
native-finalists,018-Sand-Dust-packed-32-baseline-w32-s08,Sand,512,512,52992,69376
native-finalists,018-Sand-Dust-packed-32-baseline-w32-s08,Dust,1024,1024,130560,114176
native-finalists,018-Sand-Dust-packed-32-baseline-w32-s09,Wall,328,328,21484,21484
native-finalists,018-Sand-Dust-packed-32-baseline-w32-s09,Sand,512,512,46336,62720
native-finalists,018-Sand-Dust-packed-32-baseline-w32-s09,Dust,1024,1024,117248,100864
native-finalists,018-Sand-Dust-packed-32-baseline-w32-s10,Wall,342,342,23598,23598
native-finalists,018-Sand-Dust-packed-32-baseline-w32-s10,Sand,512,512,49920,66304
native-finalists,018-Sand-Dust-packed-32-baseline-w32-s10,Dust,1024,1024,124416,108032
native-finalists,018-Sand-Dust-packed-32-baseline-w32-s11,Wall,356,356,25810,25810
native-finalists,018-Sand-Dust-packed-32-baseline-w32-s11,Sand,512,512,53504,69888
native-finalists,018-Sand-Dust-packed-32-baseline-w32-s11,Dust,1024,1024,131584,115200
native-finalists,018-Sand-Dust-packed-32-baseline-w32-s12,Wall,330,330,21780,21780
native-finalists,018-Sand-Dust-packed-32-baseline-w32-s12,Sand,512,512,46848,63232
native-finalists,018-Sand-Dust-packed-32-baseline-w32-s12,Dust,1024,1024,118272,101888
native-finalists,018-Sand-Dust-packed-32-baseline-w32-s13,Wall,344,344,23908,23908
native-finalists,018-Sand-Dust-packed-32-baseline-w32-s13,Sand,512,512,50432,66816
native-finalists,018-Sand-Dust-packed-32-baseline-w32-s13,Dust,1024,1024,125440,109056
native-finalists,018-Sand-Dust-packed-32-baseline-w32-s14,Wall,358,358,26134,26134
native-finalists,018-Sand-Dust-packed-32-baseline-w32-s14,Sand,512,512,54016,70400
native-finalists,018-Sand-Dust-packed-32-baseline-w32-s14,Dust,1024,1024,132608,116224
native-finalists,018-Sand-Dust-packed-32-baseline-w32-s15,Wall,332,332,22078,22078
native-finalists,018-Sand-Dust-packed-32-baseline-w32-s15,Sand,512,512,47360,63744
native-finalists,018-Sand-Dust-packed-32-baseline-w32-s15,Dust,1024,1024,119296,102912
native-finalists,018-Sand-Dust-packed-32-baseline-w32-s16,Wall,346,346,24220,24220
native-finalists,018-Sand-Dust-packed-32-baseline-w32-s16,Sand,512,512,50944,67328
native-finalists,018-Sand-Dust-packed-32-baseline-w32-s16,Dust,1024,1024,126464,110080
native-finalists,018-Sand-Dust-packed-32-baseline-w32-s17,Wall,360,360,26460,26460
native-finalists,018-Sand-Dust-packed-32-baseline-w32-s17,Sand,512,512,54528,70912
native-finalists,018-Sand-Dust-packed-32-baseline-w32-s17,Dust,1024,1024,133632,117248
native-finalists,018-Sand-Dust-packed-32-baseline-w32-s18,Wall,334,334,22378,22378
native-finalists,018-Sand-Dust-packed-32-baseline-w32-s18,Sand,512,512,47872,64256
native-finalists,018-Sand-Dust-packed-32-baseline-w32-s18,Dust,1024,1024,120320,103936
native-finalists,018-Sand-Dust-packed-32-baseline-w32-s19,Wall,348,348,24534,24534
native-finalists,018-Sand-Dust-packed-32-baseline-w32-s19,Sand,512,512,51456,67840
native-finalists,018-Sand-Dust-packed-32-baseline-w32-s19,Dust,1024,1024,127488,111104
native-finalists,019-Mercury-Sand-packed-32-baseline-w32-s00,Wall,322,322,20608,20608
native-finalists,019-Mercury-Sand-packed-32-baseline-w32-s00,Sand,1024,1024,114176,97792
native-finalists,019-Mercury-Sand-packed-32-baseline-w32-s00,Mercury,512,512,44800,61184
native-finalists,019-Mercury-Sand-packed-32-baseline-w32-s01,Wall,336,336,22680,22680
native-finalists,019-Mercury-Sand-packed-32-baseline-w32-s01,Sand,1024,1024,121344,104960
native-finalists,019-Mercury-Sand-packed-32-baseline-w32-s01,Mercury,512,512,48384,64768
native-finalists,019-Mercury-Sand-packed-32-baseline-w32-s02,Wall,350,350,24850,24850
native-finalists,019-Mercury-Sand-packed-32-baseline-w32-s02,Sand,1024,1024,128512,112128
native-finalists,019-Mercury-Sand-packed-32-baseline-w32-s02,Mercury,512,512,51968,68352
native-finalists,019-Mercury-Sand-packed-32-baseline-w32-s03,Wall,324,324,20898,20898
native-finalists,019-Mercury-Sand-packed-32-baseline-w32-s03,Sand,1024,1024,115200,98816
native-finalists,019-Mercury-Sand-packed-32-baseline-w32-s03,Mercury,512,512,45312,61696
native-finalists,019-Mercury-Sand-packed-32-baseline-w32-s04,Wall,338,338,22984,22984
native-finalists,019-Mercury-Sand-packed-32-baseline-w32-s04,Sand,1024,1024,122368,105984
native-finalists,019-Mercury-Sand-packed-32-baseline-w32-s04,Mercury,512,512,48896,65280
native-finalists,019-Mercury-Sand-packed-32-baseline-w32-s05,Wall,352,352,25168,25168
native-finalists,019-Mercury-Sand-packed-32-baseline-w32-s05,Sand,1024,1024,129536,113152
native-finalists,019-Mercury-Sand-packed-32-baseline-w32-s05,Mercury,512,512,52480,68864
native-finalists,019-Mercury-Sand-packed-32-baseline-w32-s06,Wall,326,326,21190,21190
native-finalists,019-Mercury-Sand-packed-32-baseline-w32-s06,Sand,1024,1024,116224,99840
native-finalists,019-Mercury-Sand-packed-32-baseline-w32-s06,Mercury,512,512,45824,62208
native-finalists,019-Mercury-Sand-packed-32-baseline-w32-s07,Wall,340,340,23290,23290
native-finalists,019-Mercury-Sand-packed-32-baseline-w32-s07,Sand,1024,1024,123392,107008
native-finalists,019-Mercury-Sand-packed-32-baseline-w32-s07,Mercury,512,512,49408,65792
native-finalists,019-Mercury-Sand-packed-32-baseline-w32-s08,Wall,354,354,25488,25488
native-finalists,019-Mercury-Sand-packed-32-baseline-w32-s08,Sand,1024,1024,130560,114176
native-finalists,019-Mercury-Sand-packed-32-baseline-w32-s08,Mercury,512,512,52992,69376
native-finalists,019-Mercury-Sand-packed-32-baseline-w32-s09,Wall,328,328,21484,21484
native-finalists,019-Mercury-Sand-packed-32-baseline-w32-s09,Sand,1024,1024,117248,100864
native-finalists,019-Mercury-Sand-packed-32-baseline-w32-s09,Mercury,512,512,46336,62720
native-finalists,019-Mercury-Sand-packed-32-baseline-w32-s10,Wall,342,342,23598,23598
native-finalists,019-Mercury-Sand-packed-32-baseline-w32-s10,Sand,1024,1024,124416,108032
native-finalists,019-Mercury-Sand-packed-32-baseline-w32-s10,Mercury,512,512,49920,66304
native-finalists,019-Mercury-Sand-packed-32-baseline-w32-s11,Wall,356,356,25810,25810
native-finalists,019-Mercury-Sand-packed-32-baseline-w32-s11,Sand,1024,1024,131584,115200
native-finalists,019-Mercury-Sand-packed-32-baseline-w32-s11,Mercury,512,512,53504,69888
native-finalists,019-Mercury-Sand-packed-32-baseline-w32-s12,Wall,330,330,21780,21780
native-finalists,019-Mercury-Sand-packed-32-baseline-w32-s12,Sand,1024,1024,118272,101888
native-finalists,019-Mercury-Sand-packed-32-baseline-w32-s12,Mercury,512,512,46848,63232
native-finalists,019-Mercury-Sand-packed-32-baseline-w32-s13,Wall,344,344,23908,23908
native-finalists,019-Mercury-Sand-packed-32-baseline-w32-s13,Sand,1024,1024,125440,109056
native-finalists,019-Mercury-Sand-packed-32-baseline-w32-s13,Mercury,512,512,50432,66816
native-finalists,019-Mercury-Sand-packed-32-baseline-w32-s14,Wall,358,358,26134,26134
native-finalists,019-Mercury-Sand-packed-32-baseline-w32-s14,Sand,1024,1024,132608,116224
native-finalists,019-Mercury-Sand-packed-32-baseline-w32-s14,Mercury,512,512,54016,70400
native-finalists,019-Mercury-Sand-packed-32-baseline-w32-s15,Wall,332,332,22078,22078
native-finalists,019-Mercury-Sand-packed-32-baseline-w32-s15,Sand,1024,1024,119296,102912
native-finalists,019-Mercury-Sand-packed-32-baseline-w32-s15,Mercury,512,512,47360,63744
native-finalists,019-Mercury-Sand-packed-32-baseline-w32-s16,Wall,346,346,24220,24220
native-finalists,019-Mercury-Sand-packed-32-baseline-w32-s16,Sand,1024,1024,126464,110080
native-finalists,019-Mercury-Sand-packed-32-baseline-w32-s16,Mercury,512,512,50944,67328
native-finalists,019-Mercury-Sand-packed-32-baseline-w32-s17,Wall,360,360,26460,26460
native-finalists,019-Mercury-Sand-packed-32-baseline-w32-s17,Sand,1024,1024,133632,117248
native-finalists,019-Mercury-Sand-packed-32-baseline-w32-s17,Mercury,512,512,54528,70912
native-finalists,019-Mercury-Sand-packed-32-baseline-w32-s18,Wall,334,334,22378,22378
native-finalists,019-Mercury-Sand-packed-32-baseline-w32-s18,Sand,1024,1024,120320,103936
native-finalists,019-Mercury-Sand-packed-32-baseline-w32-s18,Mercury,512,512,47872,64256
native-finalists,019-Mercury-Sand-packed-32-baseline-w32-s19,Wall,348,348,24534,24534
native-finalists,019-Mercury-Sand-packed-32-baseline-w32-s19,Sand,1024,1024,127488,111104
native-finalists,019-Mercury-Sand-packed-32-baseline-w32-s19,Mercury,512,512,51456,67840
native-finalists,020-Sand-Dust-packed-32-baseline-w32-s00,Wall,322,322,20608,20608
native-finalists,020-Sand-Dust-packed-32-baseline-w32-s00,Sand,512,512,44800,61184
native-finalists,020-Sand-Dust-packed-32-baseline-w32-s00,Dust,1024,1024,114176,97792
native-finalists,020-Sand-Dust-packed-32-baseline-w32-s01,Wall,336,336,22680,22680
native-finalists,020-Sand-Dust-packed-32-baseline-w32-s01,Sand,512,512,48384,64768
native-finalists,020-Sand-Dust-packed-32-baseline-w32-s01,Dust,1024,1024,121344,104960
native-finalists,020-Sand-Dust-packed-32-baseline-w32-s02,Wall,350,350,24850,24850
native-finalists,020-Sand-Dust-packed-32-baseline-w32-s02,Sand,512,512,51968,68352
native-finalists,020-Sand-Dust-packed-32-baseline-w32-s02,Dust,1024,1024,128512,112128
native-finalists,020-Sand-Dust-packed-32-baseline-w32-s03,Wall,324,324,20898,20898
native-finalists,020-Sand-Dust-packed-32-baseline-w32-s03,Sand,512,512,45312,61696
native-finalists,020-Sand-Dust-packed-32-baseline-w32-s03,Dust,1024,1024,115200,98816
native-finalists,020-Sand-Dust-packed-32-baseline-w32-s04,Wall,338,338,22984,22984
native-finalists,020-Sand-Dust-packed-32-baseline-w32-s04,Sand,512,512,48896,65280
native-finalists,020-Sand-Dust-packed-32-baseline-w32-s04,Dust,1024,1024,122368,105984
native-finalists,020-Sand-Dust-packed-32-baseline-w32-s05,Wall,352,352,25168,25168
native-finalists,020-Sand-Dust-packed-32-baseline-w32-s05,Sand,512,512,52480,68864
native-finalists,020-Sand-Dust-packed-32-baseline-w32-s05,Dust,1024,1024,129536,113152
native-finalists,020-Sand-Dust-packed-32-baseline-w32-s06,Wall,326,326,21190,21190
native-finalists,020-Sand-Dust-packed-32-baseline-w32-s06,Sand,512,512,45824,62208
native-finalists,020-Sand-Dust-packed-32-baseline-w32-s06,Dust,1024,1024,116224,99840
native-finalists,020-Sand-Dust-packed-32-baseline-w32-s07,Wall,340,340,23290,23290
native-finalists,020-Sand-Dust-packed-32-baseline-w32-s07,Sand,512,512,49408,65792
native-finalists,020-Sand-Dust-packed-32-baseline-w32-s07,Dust,1024,1024,123392,107008
native-finalists,020-Sand-Dust-packed-32-baseline-w32-s08,Wall,354,354,25488,25488
native-finalists,020-Sand-Dust-packed-32-baseline-w32-s08,Sand,512,512,52992,69376
native-finalists,020-Sand-Dust-packed-32-baseline-w32-s08,Dust,1024,1024,130560,114176
native-finalists,020-Sand-Dust-packed-32-baseline-w32-s09,Wall,328,328,21484,21484
native-finalists,020-Sand-Dust-packed-32-baseline-w32-s09,Sand,512,512,46336,62720
native-finalists,020-Sand-Dust-packed-32-baseline-w32-s09,Dust,1024,1024,117248,100864
native-finalists,020-Sand-Dust-packed-32-baseline-w32-s10,Wall,342,342,23598,23598
native-finalists,020-Sand-Dust-packed-32-baseline-w32-s10,Sand,512,512,49920,66304
native-finalists,020-Sand-Dust-packed-32-baseline-w32-s10,Dust,1024,1024,124416,108032
native-finalists,020-Sand-Dust-packed-32-baseline-w32-s11,Wall,356,356,25810,25810
native-finalists,020-Sand-Dust-packed-32-baseline-w32-s11,Sand,512,512,53504,69886
native-finalists,020-Sand-Dust-packed-32-baseline-w32-s11,Dust,1024,1024,131584,115202
native-finalists,020-Sand-Dust-packed-32-baseline-w32-s12,Wall,330,330,21780,21780
native-finalists,020-Sand-Dust-packed-32-baseline-w32-s12,Sand,512,512,46848,63232
native-finalists,020-Sand-Dust-packed-32-baseline-w32-s12,Dust,1024,1024,118272,101888
native-finalists,020-Sand-Dust-packed-32-baseline-w32-s13,Wall,344,344,23908,23908
native-finalists,020-Sand-Dust-packed-32-baseline-w32-s13,Sand,512,512,50432,66814
native-finalists,020-Sand-Dust-packed-32-baseline-w32-s13,Dust,1024,1024,125440,109058
native-finalists,020-Sand-Dust-packed-32-baseline-w32-s14,Wall,358,358,26134,26134
native-finalists,020-Sand-Dust-packed-32-baseline-w32-s14,Sand,512,512,54016,70397
native-finalists,020-Sand-Dust-packed-32-baseline-w32-s14,Dust,1024,1024,132608,116227
native-finalists,020-Sand-Dust-packed-32-baseline-w32-s15,Wall,332,332,22078,22078
native-finalists,020-Sand-Dust-packed-32-baseline-w32-s15,Sand,512,512,47360,63743
native-finalists,020-Sand-Dust-packed-32-baseline-w32-s15,Dust,1024,1024,119296,102913
native-finalists,020-Sand-Dust-packed-32-baseline-w32-s16,Wall,346,346,24220,24220
native-finalists,020-Sand-Dust-packed-32-baseline-w32-s16,Sand,512,512,50944,67327
native-finalists,020-Sand-Dust-packed-32-baseline-w32-s16,Dust,1024,1024,126464,110081
native-finalists,020-Sand-Dust-packed-32-baseline-w32-s17,Wall,360,360,26460,26460
native-finalists,020-Sand-Dust-packed-32-baseline-w32-s17,Sand,512,512,54528,70910
native-finalists,020-Sand-Dust-packed-32-baseline-w32-s17,Dust,1024,1024,133632,117250
native-finalists,020-Sand-Dust-packed-32-baseline-w32-s18,Wall,334,334,22378,22378
native-finalists,020-Sand-Dust-packed-32-baseline-w32-s18,Sand,512,512,47872,64255
native-finalists,020-Sand-Dust-packed-32-baseline-w32-s18,Dust,1024,1024,120320,103937
native-finalists,020-Sand-Dust-packed-32-baseline-w32-s19,Wall,348,348,24534,24534
native-finalists,020-Sand-Dust-packed-32-baseline-w32-s19,Sand,512,512,51456,67838
native-finalists,020-Sand-Dust-packed-32-baseline-w32-s19,Dust,1024,1024,127488,111106
native-finalists,021-Mercury-Sand-packed-32-baseline-w32-s00,Wall,322,322,20608,20608
native-finalists,021-Mercury-Sand-packed-32-baseline-w32-s00,Sand,1024,1024,114176,97792
native-finalists,021-Mercury-Sand-packed-32-baseline-w32-s00,Mercury,512,512,44800,61184
native-finalists,021-Mercury-Sand-packed-32-baseline-w32-s01,Wall,336,336,22680,22680
native-finalists,021-Mercury-Sand-packed-32-baseline-w32-s01,Sand,1024,1024,121344,104960
native-finalists,021-Mercury-Sand-packed-32-baseline-w32-s01,Mercury,512,512,48384,64768
native-finalists,021-Mercury-Sand-packed-32-baseline-w32-s02,Wall,350,350,24850,24850
native-finalists,021-Mercury-Sand-packed-32-baseline-w32-s02,Sand,1024,1024,128512,112128
native-finalists,021-Mercury-Sand-packed-32-baseline-w32-s02,Mercury,512,512,51968,68352
native-finalists,021-Mercury-Sand-packed-32-baseline-w32-s03,Wall,324,324,20898,20898
native-finalists,021-Mercury-Sand-packed-32-baseline-w32-s03,Sand,1024,1024,115200,98816
native-finalists,021-Mercury-Sand-packed-32-baseline-w32-s03,Mercury,512,512,45312,61696
native-finalists,021-Mercury-Sand-packed-32-baseline-w32-s04,Wall,338,338,22984,22984
native-finalists,021-Mercury-Sand-packed-32-baseline-w32-s04,Sand,1024,1024,122368,105984
native-finalists,021-Mercury-Sand-packed-32-baseline-w32-s04,Mercury,512,512,48896,65280
native-finalists,021-Mercury-Sand-packed-32-baseline-w32-s05,Wall,352,352,25168,25168
native-finalists,021-Mercury-Sand-packed-32-baseline-w32-s05,Sand,1024,1024,129536,113152
native-finalists,021-Mercury-Sand-packed-32-baseline-w32-s05,Mercury,512,512,52480,68864
native-finalists,021-Mercury-Sand-packed-32-baseline-w32-s06,Wall,326,326,21190,21190
native-finalists,021-Mercury-Sand-packed-32-baseline-w32-s06,Sand,1024,1024,116224,99840
native-finalists,021-Mercury-Sand-packed-32-baseline-w32-s06,Mercury,512,512,45824,62208
native-finalists,021-Mercury-Sand-packed-32-baseline-w32-s07,Wall,340,340,23290,23290
native-finalists,021-Mercury-Sand-packed-32-baseline-w32-s07,Sand,1024,1024,123392,107008
native-finalists,021-Mercury-Sand-packed-32-baseline-w32-s07,Mercury,512,512,49408,65792
native-finalists,021-Mercury-Sand-packed-32-baseline-w32-s08,Wall,354,354,25488,25488
native-finalists,021-Mercury-Sand-packed-32-baseline-w32-s08,Sand,1024,1024,130560,114176
native-finalists,021-Mercury-Sand-packed-32-baseline-w32-s08,Mercury,512,512,52992,69376
native-finalists,021-Mercury-Sand-packed-32-baseline-w32-s09,Wall,328,328,21484,21484
native-finalists,021-Mercury-Sand-packed-32-baseline-w32-s09,Sand,1024,1024,117248,100864
native-finalists,021-Mercury-Sand-packed-32-baseline-w32-s09,Mercury,512,512,46336,62720
native-finalists,021-Mercury-Sand-packed-32-baseline-w32-s10,Wall,342,342,23598,23598
native-finalists,021-Mercury-Sand-packed-32-baseline-w32-s10,Sand,1024,1024,124416,108032
native-finalists,021-Mercury-Sand-packed-32-baseline-w32-s10,Mercury,512,512,49920,66304
native-finalists,021-Mercury-Sand-packed-32-baseline-w32-s11,Wall,356,356,25810,25810
native-finalists,021-Mercury-Sand-packed-32-baseline-w32-s11,Sand,1024,1024,131584,115202
native-finalists,021-Mercury-Sand-packed-32-baseline-w32-s11,Mercury,512,512,53504,69886
native-finalists,021-Mercury-Sand-packed-32-baseline-w32-s12,Wall,330,330,21780,21780
native-finalists,021-Mercury-Sand-packed-32-baseline-w32-s12,Sand,1024,1024,118272,101888
native-finalists,021-Mercury-Sand-packed-32-baseline-w32-s12,Mercury,512,512,46848,63232
native-finalists,021-Mercury-Sand-packed-32-baseline-w32-s13,Wall,344,344,23908,23908
native-finalists,021-Mercury-Sand-packed-32-baseline-w32-s13,Sand,1024,1024,125440,109058
native-finalists,021-Mercury-Sand-packed-32-baseline-w32-s13,Mercury,512,512,50432,66814
native-finalists,021-Mercury-Sand-packed-32-baseline-w32-s14,Wall,358,358,26134,26134
native-finalists,021-Mercury-Sand-packed-32-baseline-w32-s14,Sand,1024,1024,132608,116227
native-finalists,021-Mercury-Sand-packed-32-baseline-w32-s14,Mercury,512,512,54016,70397
native-finalists,021-Mercury-Sand-packed-32-baseline-w32-s15,Wall,332,332,22078,22078
native-finalists,021-Mercury-Sand-packed-32-baseline-w32-s15,Sand,1024,1024,119296,102913
native-finalists,021-Mercury-Sand-packed-32-baseline-w32-s15,Mercury,512,512,47360,63743
native-finalists,021-Mercury-Sand-packed-32-baseline-w32-s16,Wall,346,346,24220,24220
native-finalists,021-Mercury-Sand-packed-32-baseline-w32-s16,Sand,1024,1024,126464,110081
native-finalists,021-Mercury-Sand-packed-32-baseline-w32-s16,Mercury,512,512,50944,67327
native-finalists,021-Mercury-Sand-packed-32-baseline-w32-s17,Wall,360,360,26460,26460
native-finalists,021-Mercury-Sand-packed-32-baseline-w32-s17,Sand,1024,1024,133632,117250
native-finalists,021-Mercury-Sand-packed-32-baseline-w32-s17,Mercury,512,512,54528,70910
native-finalists,021-Mercury-Sand-packed-32-baseline-w32-s18,Wall,334,334,22378,22378
native-finalists,021-Mercury-Sand-packed-32-baseline-w32-s18,Sand,1024,1024,120320,103937
native-finalists,021-Mercury-Sand-packed-32-baseline-w32-s18,Mercury,512,512,47872,64255
native-finalists,021-Mercury-Sand-packed-32-baseline-w32-s19,Wall,348,348,24534,24534
native-finalists,021-Mercury-Sand-packed-32-baseline-w32-s19,Sand,1024,1024,127488,111106
native-finalists,021-Mercury-Sand-packed-32-baseline-w32-s19,Mercury,512,512,51456,67838
godot-controls-final,000-player-Sand-flat-s00,Wall,1122,1122,,
godot-controls-final,000-player-Sand-flat-s00,Sand,36864,36864,,
godot-controls-final,000-player-Sand-flat-s01,Wall,1122,1122,,
godot-controls-final,000-player-Sand-flat-s01,Sand,36864,36864,,
godot-controls-final,000-player-Sand-flat-s02,Wall,1122,1122,,
godot-controls-final,000-player-Sand-flat-s02,Sand,36864,36864,,
godot-controls-final,000-player-Sand-flat-s03,Wall,1122,1122,,
godot-controls-final,000-player-Sand-flat-s03,Sand,36864,36864,,
godot-controls-final,000-player-Sand-flat-s04,Wall,1122,1122,,
godot-controls-final,000-player-Sand-flat-s04,Sand,36864,36864,,
godot-controls-final,001-player-Stone-flat-s00,Wall,1122,1122,,
godot-controls-final,001-player-Stone-flat-s00,Stone,36864,36864,,
godot-controls-final,001-player-Stone-flat-s01,Wall,1122,1122,,
godot-controls-final,001-player-Stone-flat-s01,Stone,36864,36864,,
godot-controls-final,001-player-Stone-flat-s02,Wall,1122,1122,,
godot-controls-final,001-player-Stone-flat-s02,Stone,36864,36864,,
godot-controls-final,001-player-Stone-flat-s03,Wall,1122,1122,,
godot-controls-final,001-player-Stone-flat-s03,Stone,36864,36864,,
godot-controls-final,001-player-Stone-flat-s04,Wall,1122,1122,,
godot-controls-final,001-player-Stone-flat-s04,Stone,36864,36864,,
godot-controls-final,002-player-Dust-flat-s00,Wall,1122,1122,,
godot-controls-final,002-player-Dust-flat-s00,Dust,36864,36864,,
godot-controls-final,002-player-Dust-flat-s01,Wall,1122,1122,,
godot-controls-final,002-player-Dust-flat-s01,Dust,36864,36864,,
godot-controls-final,002-player-Dust-flat-s02,Wall,1122,1122,,
godot-controls-final,002-player-Dust-flat-s02,Dust,36864,36864,,
godot-controls-final,002-player-Dust-flat-s03,Wall,1122,1122,,
godot-controls-final,002-player-Dust-flat-s03,Dust,36864,36864,,
godot-controls-final,002-player-Dust-flat-s04,Wall,1122,1122,,
godot-controls-final,002-player-Dust-flat-s04,Dust,36864,36864,,
godot-controls-final,003-player-Seed-flat-s00,Wall,1122,1122,,
godot-controls-final,003-player-Seed-flat-s00,Seed,36864,36864,,
godot-controls-final,003-player-Seed-flat-s01,Wall,1122,1122,,
godot-controls-final,003-player-Seed-flat-s01,Seed,36864,36864,,
godot-controls-final,003-player-Seed-flat-s02,Wall,1122,1122,,
godot-controls-final,003-player-Seed-flat-s02,Seed,36864,36864,,
godot-controls-final,003-player-Seed-flat-s03,Wall,1122,1122,,
godot-controls-final,003-player-Seed-flat-s03,Seed,36864,36864,,
godot-controls-final,003-player-Seed-flat-s04,Wall,1122,1122,,
godot-controls-final,003-player-Seed-flat-s04,Seed,36864,36864,,
godot-controls-final,004-player-Salt-flat-s00,Wall,1122,1122,,
godot-controls-final,004-player-Salt-flat-s00,Salt,36864,36864,,
godot-controls-final,004-player-Salt-flat-s01,Wall,1122,1122,,
godot-controls-final,004-player-Salt-flat-s01,Salt,36864,36864,,
godot-controls-final,004-player-Salt-flat-s02,Wall,1122,1122,,
godot-controls-final,004-player-Salt-flat-s02,Salt,36864,36864,,
godot-controls-final,004-player-Salt-flat-s03,Wall,1122,1122,,
godot-controls-final,004-player-Salt-flat-s03,Salt,36864,36864,,
godot-controls-final,004-player-Salt-flat-s04,Wall,1122,1122,,
godot-controls-final,004-player-Salt-flat-s04,Salt,36864,36864,,
godot-controls-final,005-player-Sodium-flat-s00,Wall,1122,1122,,
godot-controls-final,005-player-Sodium-flat-s00,Sodium,36864,36864,,
godot-controls-final,005-player-Sodium-flat-s01,Wall,1122,1122,,
godot-controls-final,005-player-Sodium-flat-s01,Sodium,36864,36864,,
godot-controls-final,005-player-Sodium-flat-s02,Wall,1122,1122,,
godot-controls-final,005-player-Sodium-flat-s02,Sodium,36864,36864,,
godot-controls-final,005-player-Sodium-flat-s03,Wall,1122,1122,,
godot-controls-final,005-player-Sodium-flat-s03,Sodium,36864,36864,,
godot-controls-final,005-player-Sodium-flat-s04,Wall,1122,1122,,
godot-controls-final,005-player-Sodium-flat-s04,Sodium,36864,36864,,
godot-controls-final,006-player-Gunpowder-flat-s00,Wall,1122,1122,,
godot-controls-final,006-player-Gunpowder-flat-s00,Gunpowder,36864,36864,,
godot-controls-final,006-player-Gunpowder-flat-s01,Wall,1122,1122,,
godot-controls-final,006-player-Gunpowder-flat-s01,Gunpowder,36864,36864,,
godot-controls-final,006-player-Gunpowder-flat-s02,Wall,1122,1122,,
godot-controls-final,006-player-Gunpowder-flat-s02,Gunpowder,36864,36864,,
godot-controls-final,006-player-Gunpowder-flat-s03,Wall,1122,1122,,
godot-controls-final,006-player-Gunpowder-flat-s03,Gunpowder,36864,36864,,
godot-controls-final,006-player-Gunpowder-flat-s04,Wall,1122,1122,,
godot-controls-final,006-player-Gunpowder-flat-s04,Gunpowder,36864,36864,,
godot-controls-final,007-player-Coal-flat-s00,Wall,1122,1122,,
godot-controls-final,007-player-Coal-flat-s00,Coal,36864,36864,,
godot-controls-final,007-player-Coal-flat-s01,Wall,1122,1122,,
godot-controls-final,007-player-Coal-flat-s01,Coal,36864,36864,,
godot-controls-final,007-player-Coal-flat-s02,Wall,1122,1122,,
godot-controls-final,007-player-Coal-flat-s02,Coal,36864,36864,,
godot-controls-final,007-player-Coal-flat-s03,Wall,1122,1122,,
godot-controls-final,007-player-Coal-flat-s03,Coal,36864,36864,,
godot-controls-final,007-player-Coal-flat-s04,Wall,1122,1122,,
godot-controls-final,007-player-Coal-flat-s04,Coal,36864,36864,,
godot-controls-final,008-player-Rust-flat-s00,Wall,1122,1122,,
godot-controls-final,008-player-Rust-flat-s00,Rust,36864,36864,,
godot-controls-final,008-player-Rust-flat-s01,Wall,1122,1122,,
godot-controls-final,008-player-Rust-flat-s01,Rust,36864,36864,,
godot-controls-final,008-player-Rust-flat-s02,Wall,1122,1122,,
godot-controls-final,008-player-Rust-flat-s02,Rust,36864,36864,,
godot-controls-final,008-player-Rust-flat-s03,Wall,1122,1122,,
godot-controls-final,008-player-Rust-flat-s03,Rust,36864,36864,,
godot-controls-final,008-player-Rust-flat-s04,Wall,1122,1122,,
godot-controls-final,008-player-Rust-flat-s04,Rust,36864,36864,,
godot-controls-final,009-barrel-Sand-flat-s00,Wall,1122,1122,,
godot-controls-final,009-barrel-Sand-flat-s00,Sand,36864,36799,,
godot-controls-final,009-barrel-Sand-flat-s01,Wall,1122,1122,,
godot-controls-final,009-barrel-Sand-flat-s01,Sand,36864,36819,,
godot-controls-final,009-barrel-Sand-flat-s02,Wall,1122,1122,,
godot-controls-final,009-barrel-Sand-flat-s02,Sand,36864,36827,,
godot-controls-final,009-barrel-Sand-flat-s03,Wall,1122,1122,,
godot-controls-final,009-barrel-Sand-flat-s03,Sand,36864,36826,,
godot-controls-final,009-barrel-Sand-flat-s04,Wall,1122,1122,,
godot-controls-final,009-barrel-Sand-flat-s04,Sand,36864,36819,,
godot-controls-final,010-barrel-Dust-flat-s00,Wall,1122,1122,,
godot-controls-final,010-barrel-Dust-flat-s00,Dust,36864,36819,,
godot-controls-final,010-barrel-Dust-flat-s01,Wall,1122,1122,,
godot-controls-final,010-barrel-Dust-flat-s01,Dust,36864,36822,,
godot-controls-final,010-barrel-Dust-flat-s02,Wall,1122,1122,,
godot-controls-final,010-barrel-Dust-flat-s02,Dust,36864,36794,,
godot-controls-final,010-barrel-Dust-flat-s03,Wall,1122,1122,,
godot-controls-final,010-barrel-Dust-flat-s03,Dust,36864,36826,,
godot-controls-final,010-barrel-Dust-flat-s04,Wall,1122,1122,,
godot-controls-final,010-barrel-Dust-flat-s04,Dust,36864,36823,,
godot-controls-final,011-barrel-Salt-flat-s00,Wall,1122,1122,,
godot-controls-final,011-barrel-Salt-flat-s00,Salt,36864,36799,,
godot-controls-final,011-barrel-Salt-flat-s01,Wall,1122,1122,,
godot-controls-final,011-barrel-Salt-flat-s01,Salt,36864,36819,,
godot-controls-final,011-barrel-Salt-flat-s02,Wall,1122,1122,,
godot-controls-final,011-barrel-Salt-flat-s02,Salt,36864,36827,,
godot-controls-final,011-barrel-Salt-flat-s03,Wall,1122,1122,,
godot-controls-final,011-barrel-Salt-flat-s03,Salt,36864,36826,,
godot-controls-final,011-barrel-Salt-flat-s04,Wall,1122,1122,,
godot-controls-final,011-barrel-Salt-flat-s04,Salt,36864,36819,,
godot-controls-final,012-barrel-Water-flat-s00,Wall,1122,1122,,
godot-controls-final,012-barrel-Water-flat-s00,Water,36864,36852,,
godot-controls-final,012-barrel-Water-flat-s01,Wall,1122,1122,,
godot-controls-final,012-barrel-Water-flat-s01,Water,36864,36317,,
godot-controls-final,012-barrel-Water-flat-s02,Wall,1122,1122,,
godot-controls-final,012-barrel-Water-flat-s02,Water,36864,35241,,
godot-controls-final,012-barrel-Water-flat-s03,Wall,1122,1122,,
godot-controls-final,012-barrel-Water-flat-s03,Water,36864,36798,,
godot-controls-final,012-barrel-Water-flat-s04,Wall,1122,1122,,
godot-controls-final,012-barrel-Water-flat-s04,Water,36864,36847,,
godot-controls-final,013-barrel-Oil-flat-s00,Wall,1122,1122,,
godot-controls-final,013-barrel-Oil-flat-s00,Oil,36864,36022,,
godot-controls-final,013-barrel-Oil-flat-s01,Wall,1122,1122,,
godot-controls-final,013-barrel-Oil-flat-s01,Oil,36864,36827,,
godot-controls-final,013-barrel-Oil-flat-s02,Wall,1122,1122,,
godot-controls-final,013-barrel-Oil-flat-s02,Oil,36864,36817,,
godot-controls-final,013-barrel-Oil-flat-s03,Wall,1122,1122,,
godot-controls-final,013-barrel-Oil-flat-s03,Oil,36864,36819,,
godot-controls-final,013-barrel-Oil-flat-s04,Wall,1122,1122,,
godot-controls-final,013-barrel-Oil-flat-s04,Oil,36864,36823,,
godot-controls-final,014-barrel-Mercury-flat-s00,Wall,1122,1122,,
godot-controls-final,014-barrel-Mercury-flat-s00,Mercury,36864,36623,,
godot-controls-final,014-barrel-Mercury-flat-s01,Wall,1122,1122,,
godot-controls-final,014-barrel-Mercury-flat-s01,Mercury,36864,36827,,
godot-controls-final,014-barrel-Mercury-flat-s02,Wall,1122,1122,,
godot-controls-final,014-barrel-Mercury-flat-s02,Mercury,36864,36820,,
godot-controls-final,014-barrel-Mercury-flat-s03,Wall,1122,1122,,
godot-controls-final,014-barrel-Mercury-flat-s03,Mercury,36864,36823,,
godot-controls-final,014-barrel-Mercury-flat-s04,Wall,1122,1122,,
godot-controls-final,014-barrel-Mercury-flat-s04,Mercury,36864,36823,,
godot-controls-final,015-barrel-Empty-hard-s00,Wall,1218,1218,,
godot-controls-final,015-barrel-Empty-hard-s01,Wall,1218,1218,,
godot-controls-final,015-barrel-Empty-hard-s02,Wall,1218,1218,,
godot-controls-final,015-barrel-Empty-hard-s03,Wall,1218,1218,,
godot-controls-final,015-barrel-Empty-hard-s04,Wall,1218,1218,,
godot-controls-final,016-freefall-s00,Wall,1122,1122,,
godot-controls-final,016-freefall-s01,Wall,1122,1122,,
godot-controls-final,016-freefall-s02,Wall,1122,1122,,
godot-controls-final,016-freefall-s03,Wall,1122,1122,,
godot-controls-final,016-freefall-s04,Wall,1122,1122,,
godot-controls-final,017-barrel-Sand-mixed-s00,Wall,1122,1122,,
godot-controls-final,017-barrel-Sand-mixed-s00,Sand,27648,27612,,
godot-controls-final,017-barrel-Sand-mixed-s00,Dust,9216,9216,,
godot-controls-final,017-barrel-Sand-mixed-s01,Wall,1122,1122,,
godot-controls-final,017-barrel-Sand-mixed-s01,Sand,27648,27608,,
godot-controls-final,017-barrel-Sand-mixed-s01,Dust,9216,9216,,
godot-controls-final,017-barrel-Sand-mixed-s02,Wall,1122,1122,,
godot-controls-final,017-barrel-Sand-mixed-s02,Sand,27648,27604,,
godot-controls-final,017-barrel-Sand-mixed-s02,Dust,9216,9216,,
godot-controls-final,017-barrel-Sand-mixed-s03,Wall,1122,1122,,
godot-controls-final,017-barrel-Sand-mixed-s03,Sand,27648,27607,,
godot-controls-final,017-barrel-Sand-mixed-s03,Dust,9216,9216,,
godot-controls-final,017-barrel-Sand-mixed-s04,Wall,1122,1122,,
godot-controls-final,017-barrel-Sand-mixed-s04,Sand,27648,27603,,
godot-controls-final,017-barrel-Sand-mixed-s04,Dust,9216,9216,,
godot-controls-final,018-barrel-Sand-flat-s00,Wall,1122,1122,,
godot-controls-final,018-barrel-Sand-flat-s00,Sand,36864,36818,,
godot-controls-final,018-barrel-Sand-flat-s01,Wall,1122,1122,,
godot-controls-final,018-barrel-Sand-flat-s01,Sand,36864,36824,,
godot-controls-final,018-barrel-Sand-flat-s02,Wall,1122,1122,,
godot-controls-final,018-barrel-Sand-flat-s02,Sand,36864,36823,,
godot-controls-final,018-barrel-Sand-flat-s03,Wall,1122,1122,,
godot-controls-final,018-barrel-Sand-flat-s03,Sand,36864,36823,,
godot-controls-final,018-barrel-Sand-flat-s04,Wall,1122,1122,,
godot-controls-final,018-barrel-Sand-flat-s04,Sand,36864,36828,,
godot-controls-final,019-barrel-Sand-flat-s00,Wall,1122,1122,,
godot-controls-final,019-barrel-Sand-flat-s00,Sand,36864,36827,,
godot-controls-final,019-barrel-Sand-flat-s01,Wall,1122,1122,,
godot-controls-final,019-barrel-Sand-flat-s01,Sand,36864,36821,,
godot-controls-final,019-barrel-Sand-flat-s02,Wall,1122,1122,,
godot-controls-final,019-barrel-Sand-flat-s02,Sand,36864,36827,,
godot-controls-final,019-barrel-Sand-flat-s03,Wall,1122,1122,,
godot-controls-final,019-barrel-Sand-flat-s03,Sand,36864,36818,,
godot-controls-final,019-barrel-Sand-flat-s04,Wall,1122,1122,,
godot-controls-final,019-barrel-Sand-flat-s04,Sand,36864,36819,,
godot-controls-final,020-barrel-Sand-flat-s00,Wall,1122,1122,,
godot-controls-final,020-barrel-Sand-flat-s00,Sand,36864,36731,,
godot-controls-final,020-barrel-Sand-flat-s01,Wall,1122,1122,,
godot-controls-final,020-barrel-Sand-flat-s01,Sand,36864,36819,,
godot-controls-final,020-barrel-Sand-flat-s02,Wall,1122,1122,,
godot-controls-final,020-barrel-Sand-flat-s02,Sand,36864,36627,,
godot-controls-final,020-barrel-Sand-flat-s03,Wall,1122,1122,,
godot-controls-final,020-barrel-Sand-flat-s03,Sand,36864,36819,,
godot-controls-final,020-barrel-Sand-flat-s04,Wall,1122,1122,,
godot-controls-final,020-barrel-Sand-flat-s04,Sand,36864,36827,,
godot-controls-final,021-barrel-Sand-flat-s00,Wall,1122,1122,,
godot-controls-final,021-barrel-Sand-flat-s00,Sand,36864,36607,,
godot-controls-final,021-barrel-Sand-flat-s01,Wall,1122,1122,,
godot-controls-final,021-barrel-Sand-flat-s01,Sand,36864,36824,,
godot-controls-final,021-barrel-Sand-flat-s02,Wall,1122,1122,,
godot-controls-final,021-barrel-Sand-flat-s02,Sand,36864,36804,,
godot-controls-final,021-barrel-Sand-flat-s03,Wall,1122,1122,,
godot-controls-final,021-barrel-Sand-flat-s03,Sand,36864,36826,,
godot-controls-final,021-barrel-Sand-flat-s04,Wall,1122,1122,,
godot-controls-final,021-barrel-Sand-flat-s04,Sand,36864,36834,,
godot-controls-final,022-barrel-Sand-flat-s00,Wall,1122,1122,,
godot-controls-final,022-barrel-Sand-flat-s00,Sand,36864,36590,,
godot-controls-final,022-barrel-Sand-flat-s01,Wall,1122,1122,,
godot-controls-final,022-barrel-Sand-flat-s01,Sand,36864,36822,,
godot-controls-final,022-barrel-Sand-flat-s02,Wall,1122,1122,,
godot-controls-final,022-barrel-Sand-flat-s02,Sand,36864,36819,,
godot-controls-final,022-barrel-Sand-flat-s03,Wall,1122,1122,,
godot-controls-final,022-barrel-Sand-flat-s03,Sand,36864,36818,,
godot-controls-final,022-barrel-Sand-flat-s04,Wall,1122,1122,,
godot-controls-final,022-barrel-Sand-flat-s04,Sand,36864,36823,,
godot-controls-final,023-barrel-Sand-flat-s00,Wall,1122,1122,,
godot-controls-final,023-barrel-Sand-flat-s00,Sand,36864,36823,,
godot-controls-final,023-barrel-Sand-flat-s01,Wall,1122,1122,,
godot-controls-final,023-barrel-Sand-flat-s01,Sand,36864,36820,,
godot-controls-final,023-barrel-Sand-flat-s02,Wall,1122,1122,,
godot-controls-final,023-barrel-Sand-flat-s02,Sand,36864,36819,,
godot-controls-final,023-barrel-Sand-flat-s03,Wall,1122,1122,,
godot-controls-final,023-barrel-Sand-flat-s03,Sand,36864,36824,,
godot-controls-final,023-barrel-Sand-flat-s04,Wall,1122,1122,,
godot-controls-final,023-barrel-Sand-flat-s04,Sand,36864,36823,,
godot-controls-final,024-barrel-Sand-flat-s00,Wall,1122,1122,,
godot-controls-final,024-barrel-Sand-flat-s00,Sand,36864,36864,,
godot-controls-final,024-barrel-Sand-flat-s01,Wall,1122,1122,,
godot-controls-final,024-barrel-Sand-flat-s01,Sand,36864,36864,,
godot-controls-final,024-barrel-Sand-flat-s02,Wall,1122,1122,,
godot-controls-final,024-barrel-Sand-flat-s02,Sand,36864,36864,,
godot-controls-final,024-barrel-Sand-flat-s03,Wall,1122,1122,,
godot-controls-final,024-barrel-Sand-flat-s03,Sand,36864,36864,,
godot-controls-final,024-barrel-Sand-flat-s04,Wall,1122,1122,,
godot-controls-final,024-barrel-Sand-flat-s04,Sand,36864,36864,,
godot-controls-final,025-barrel-Sand-flat-s00,Wall,1122,1122,,
godot-controls-final,025-barrel-Sand-flat-s00,Sand,36864,36828,,
godot-controls-final,025-barrel-Sand-flat-s01,Wall,1122,1122,,
godot-controls-final,025-barrel-Sand-flat-s01,Sand,36864,36820,,
godot-controls-final,025-barrel-Sand-flat-s02,Wall,1122,1122,,
godot-controls-final,025-barrel-Sand-flat-s02,Sand,36864,36814,,
godot-controls-final,025-barrel-Sand-flat-s03,Wall,1122,1122,,
godot-controls-final,025-barrel-Sand-flat-s03,Sand,36864,36816,,
godot-controls-final,025-barrel-Sand-flat-s04,Wall,1122,1122,,
godot-controls-final,025-barrel-Sand-flat-s04,Sand,36864,36819,,
godot-controls-final,026-barrel-Sand-flat-s00,Wall,1122,1122,,
godot-controls-final,026-barrel-Sand-flat-s00,Sand,36864,36819,,
godot-controls-final,026-barrel-Sand-flat-s01,Wall,1122,1122,,
godot-controls-final,026-barrel-Sand-flat-s01,Sand,36864,36819,,
godot-controls-final,026-barrel-Sand-flat-s02,Wall,1122,1122,,
godot-controls-final,026-barrel-Sand-flat-s02,Sand,36864,36817,,
godot-controls-final,026-barrel-Sand-flat-s03,Wall,1122,1122,,
godot-controls-final,026-barrel-Sand-flat-s03,Sand,36864,36826,,
godot-controls-final,026-barrel-Sand-flat-s04,Wall,1122,1122,,
godot-controls-final,026-barrel-Sand-flat-s04,Sand,36864,36820,,
godot-controls-final,027-barrel-Sand-flat-s00,Wall,1122,1122,,
godot-controls-final,027-barrel-Sand-flat-s00,Sand,36864,36827,,
godot-controls-final,027-barrel-Sand-flat-s01,Wall,1122,1122,,
godot-controls-final,027-barrel-Sand-flat-s01,Sand,36864,36822,,
godot-controls-final,027-barrel-Sand-flat-s02,Wall,1122,1122,,
godot-controls-final,027-barrel-Sand-flat-s02,Sand,36864,36814,,
godot-controls-final,027-barrel-Sand-flat-s03,Wall,1122,1122,,
godot-controls-final,027-barrel-Sand-flat-s03,Sand,36864,36811,,
godot-controls-final,027-barrel-Sand-flat-s04,Wall,1122,1122,,
godot-controls-final,027-barrel-Sand-flat-s04,Sand,36864,36819,,
godot-controls-final,028-barrel-Sand-flat-s00,Wall,1122,1122,,
godot-controls-final,028-barrel-Sand-flat-s00,Sand,36864,36363,,
godot-controls-final,028-barrel-Sand-flat-s01,Wall,1122,1122,,
godot-controls-final,028-barrel-Sand-flat-s01,Sand,36864,36834,,
godot-controls-final,028-barrel-Sand-flat-s02,Wall,1122,1122,,
godot-controls-final,028-barrel-Sand-flat-s02,Sand,36864,35751,,
godot-controls-final,028-barrel-Sand-flat-s03,Wall,1122,1122,,
godot-controls-final,028-barrel-Sand-flat-s03,Sand,36864,36686,,
godot-controls-final,028-barrel-Sand-flat-s04,Wall,1122,1122,,
godot-controls-final,028-barrel-Sand-flat-s04,Sand,36864,34733,,
godot-controls-final,029-barrel-Sand-flat-s00,Wall,1122,1122,,
godot-controls-final,029-barrel-Sand-flat-s00,Sand,36864,36799,,
godot-controls-final,029-barrel-Sand-flat-s01,Wall,1122,1122,,
godot-controls-final,029-barrel-Sand-flat-s01,Sand,36864,36819,,
godot-controls-final,029-barrel-Sand-flat-s02,Wall,1122,1122,,
godot-controls-final,029-barrel-Sand-flat-s02,Sand,36864,36827,,
godot-controls-final,029-barrel-Sand-flat-s03,Wall,1122,1122,,
godot-controls-final,029-barrel-Sand-flat-s03,Sand,36864,36826,,
godot-controls-final,029-barrel-Sand-flat-s04,Wall,1122,1122,,
godot-controls-final,029-barrel-Sand-flat-s04,Sand,36864,36819,,
godot-controls-final,030-barrel-Sand-flat-s00,Wall,1122,1122,,
godot-controls-final,030-barrel-Sand-flat-s00,Sand,36864,36820,,
godot-controls-final,030-barrel-Sand-flat-s01,Wall,1122,1122,,
godot-controls-final,030-barrel-Sand-flat-s01,Sand,36864,36834,,
godot-controls-final,030-barrel-Sand-flat-s02,Wall,1122,1122,,
godot-controls-final,030-barrel-Sand-flat-s02,Sand,36864,36722,,
godot-controls-final,030-barrel-Sand-flat-s03,Wall,1122,1122,,
godot-controls-final,030-barrel-Sand-flat-s03,Sand,36864,36839,,
godot-controls-final,030-barrel-Sand-flat-s04,Wall,1122,1122,,
godot-controls-final,030-barrel-Sand-flat-s04,Sand,36864,36864,,
godot-controls-final,031-barrel-Sand-flat-s00,Wall,1122,1122,,
godot-controls-final,031-barrel-Sand-flat-s00,Sand,36864,36827,,
godot-controls-final,031-barrel-Sand-flat-s01,Wall,1122,1122,,
godot-controls-final,031-barrel-Sand-flat-s01,Sand,36864,36818,,
godot-controls-final,031-barrel-Sand-flat-s02,Wall,1122,1122,,
godot-controls-final,031-barrel-Sand-flat-s02,Sand,36864,36818,,
godot-controls-final,031-barrel-Sand-flat-s03,Wall,1122,1122,,
godot-controls-final,031-barrel-Sand-flat-s03,Sand,36864,36818,,
godot-controls-final,031-barrel-Sand-flat-s04,Wall,1122,1122,,
godot-controls-final,031-barrel-Sand-flat-s04,Sand,36864,36819,,
godot-controls-final,032-barrel-Sand-flat-s00,Wall,1122,1122,,
godot-controls-final,032-barrel-Sand-flat-s00,Sand,36864,36735,,
godot-controls-final,032-barrel-Sand-flat-s01,Wall,1122,1122,,
godot-controls-final,032-barrel-Sand-flat-s01,Sand,36864,36826,,
godot-controls-final,032-barrel-Sand-flat-s02,Wall,1122,1122,,
godot-controls-final,032-barrel-Sand-flat-s02,Sand,36864,36823,,
godot-controls-final,032-barrel-Sand-flat-s03,Wall,1122,1122,,
godot-controls-final,032-barrel-Sand-flat-s03,Sand,36864,36828,,
godot-controls-final,032-barrel-Sand-flat-s04,Wall,1122,1122,,
godot-controls-final,032-barrel-Sand-flat-s04,Sand,36864,36818,,
godot-controls-final,033-barrel-Sand-flat-s00,Wall,1122,1122,,
godot-controls-final,033-barrel-Sand-flat-s00,Sand,36864,36799,,
godot-controls-final,033-barrel-Sand-flat-s01,Wall,1122,1122,,
godot-controls-final,033-barrel-Sand-flat-s01,Sand,36864,36815,,
godot-controls-final,033-barrel-Sand-flat-s02,Wall,1122,1122,,
godot-controls-final,033-barrel-Sand-flat-s02,Sand,36864,36827,,
godot-controls-final,033-barrel-Sand-flat-s03,Wall,1122,1122,,
godot-controls-final,033-barrel-Sand-flat-s03,Sand,36864,36818,,
godot-controls-final,033-barrel-Sand-flat-s04,Wall,1122,1122,,
godot-controls-final,033-barrel-Sand-flat-s04,Sand,36864,36818,,
godot-controls-final,034-barrel-Sand-flat-s00,Wall,1122,1122,,
godot-controls-final,034-barrel-Sand-flat-s00,Sand,36864,36798,,
godot-controls-final,034-barrel-Sand-flat-s01,Wall,1122,1122,,
godot-controls-final,034-barrel-Sand-flat-s01,Sand,36864,36819,,
godot-controls-final,034-barrel-Sand-flat-s02,Wall,1122,1122,,
godot-controls-final,034-barrel-Sand-flat-s02,Sand,36864,36827,,
godot-controls-final,034-barrel-Sand-flat-s03,Wall,1122,1122,,
godot-controls-final,034-barrel-Sand-flat-s03,Sand,36864,36826,,
godot-controls-final,034-barrel-Sand-flat-s04,Wall,1122,1122,,
godot-controls-final,034-barrel-Sand-flat-s04,Sand,36864,36819,,
godot-controls-final,035-barrel-Sand-flat-s00,Wall,1122,1122,,
godot-controls-final,035-barrel-Sand-flat-s00,Sand,36864,36799,,
godot-controls-final,035-barrel-Sand-flat-s01,Wall,1122,1122,,
godot-controls-final,035-barrel-Sand-flat-s01,Sand,36864,36819,,
godot-controls-final,035-barrel-Sand-flat-s02,Wall,1122,1122,,
godot-controls-final,035-barrel-Sand-flat-s02,Sand,36864,36827,,
godot-controls-final,035-barrel-Sand-flat-s03,Wall,1122,1122,,
godot-controls-final,035-barrel-Sand-flat-s03,Sand,36864,36826,,
godot-controls-final,035-barrel-Sand-flat-s04,Wall,1122,1122,,
godot-controls-final,035-barrel-Sand-flat-s04,Sand,36864,36819,,
godot-controls-final,036-barrel-Sand-flat-s00,Wall,1122,1122,,
godot-controls-final,036-barrel-Sand-flat-s00,Sand,36864,36819,,
godot-controls-final,036-barrel-Sand-flat-s01,Wall,1122,1122,,
godot-controls-final,036-barrel-Sand-flat-s01,Sand,36864,36827,,
godot-controls-final,036-barrel-Sand-flat-s02,Wall,1122,1122,,
godot-controls-final,036-barrel-Sand-flat-s02,Sand,36864,36824,,
godot-controls-final,036-barrel-Sand-flat-s03,Wall,1122,1122,,
godot-controls-final,036-barrel-Sand-flat-s03,Sand,36864,36820,,
godot-controls-final,036-barrel-Sand-flat-s04,Wall,1122,1122,,
godot-controls-final,036-barrel-Sand-flat-s04,Sand,36864,36816,,
godot-controls-final,037-barrel-Sand-flat-s00,Wall,1122,1122,,
godot-controls-final,037-barrel-Sand-flat-s00,Sand,36864,36826,,
godot-controls-final,037-barrel-Sand-flat-s01,Wall,1122,1122,,
godot-controls-final,037-barrel-Sand-flat-s01,Sand,36864,36821,,
godot-controls-final,037-barrel-Sand-flat-s02,Wall,1122,1122,,
godot-controls-final,037-barrel-Sand-flat-s02,Sand,36864,36805,,
godot-controls-final,037-barrel-Sand-flat-s03,Wall,1122,1122,,
godot-controls-final,037-barrel-Sand-flat-s03,Sand,36864,36813,,
godot-controls-final,037-barrel-Sand-flat-s04,Wall,1122,1122,,
godot-controls-final,037-barrel-Sand-flat-s04,Sand,36864,36818,,
godot-controls-final,038-barrel-Sand-flat-s00,Wall,1122,1122,,
godot-controls-final,038-barrel-Sand-flat-s00,Sand,36864,36813,,
godot-controls-final,038-barrel-Sand-flat-s01,Wall,1122,1122,,
godot-controls-final,038-barrel-Sand-flat-s01,Sand,36864,36815,,
godot-controls-final,038-barrel-Sand-flat-s02,Wall,1122,1122,,
godot-controls-final,038-barrel-Sand-flat-s02,Sand,36864,36823,,
godot-controls-final,038-barrel-Sand-flat-s03,Wall,1122,1122,,
godot-controls-final,038-barrel-Sand-flat-s03,Sand,36864,36815,,
godot-controls-final,038-barrel-Sand-flat-s04,Wall,1122,1122,,
godot-controls-final,038-barrel-Sand-flat-s04,Sand,36864,36815,,
godot-controls-final,039-barrel-Sand-flat-s00,Wall,1122,1122,,
godot-controls-final,039-barrel-Sand-flat-s00,Sand,36864,36820,,
godot-controls-final,039-barrel-Sand-flat-s01,Wall,1122,1122,,
godot-controls-final,039-barrel-Sand-flat-s01,Sand,36864,36818,,
godot-controls-final,039-barrel-Sand-flat-s02,Wall,1122,1122,,
godot-controls-final,039-barrel-Sand-flat-s02,Sand,36864,36815,,
godot-controls-final,039-barrel-Sand-flat-s03,Wall,1122,1122,,
godot-controls-final,039-barrel-Sand-flat-s03,Sand,36864,36818,,
godot-controls-final,039-barrel-Sand-flat-s04,Wall,1122,1122,,
godot-controls-final,039-barrel-Sand-flat-s04,Sand,36864,36826,,
godot-controls-final,040-barrel-Sand-flat-s00,Wall,1122,1122,,
godot-controls-final,040-barrel-Sand-flat-s00,Sand,36864,36816,,
godot-controls-final,040-barrel-Sand-flat-s01,Wall,1122,1122,,
godot-controls-final,040-barrel-Sand-flat-s01,Sand,36864,36816,,
godot-controls-final,040-barrel-Sand-flat-s02,Wall,1122,1122,,
godot-controls-final,040-barrel-Sand-flat-s02,Sand,36864,36816,,
godot-controls-final,040-barrel-Sand-flat-s03,Wall,1122,1122,,
godot-controls-final,040-barrel-Sand-flat-s03,Sand,36864,36816,,
godot-controls-final,040-barrel-Sand-flat-s04,Wall,1122,1122,,
godot-controls-final,040-barrel-Sand-flat-s04,Sand,36864,36816,,
godot-controls-final,041-barrel-Sand-flat-s00,Wall,1122,1122,,
godot-controls-final,041-barrel-Sand-flat-s00,Sand,36864,36799,,
godot-controls-final,041-barrel-Sand-flat-s01,Wall,1122,1122,,
godot-controls-final,041-barrel-Sand-flat-s01,Sand,36864,36819,,
godot-controls-final,041-barrel-Sand-flat-s02,Wall,1122,1122,,
godot-controls-final,041-barrel-Sand-flat-s02,Sand,36864,36827,,
godot-controls-final,041-barrel-Sand-flat-s03,Wall,1122,1122,,
godot-controls-final,041-barrel-Sand-flat-s03,Sand,36864,36826,,
godot-controls-final,041-barrel-Sand-flat-s04,Wall,1122,1122,,
godot-controls-final,041-barrel-Sand-flat-s04,Sand,36864,36819,,
godot-controls-final,042-barrel-Sand-flat-s00,Wall,1122,1122,,
godot-controls-final,042-barrel-Sand-flat-s00,Sand,36864,36799,,
godot-controls-final,042-barrel-Sand-flat-s01,Wall,1122,1122,,
godot-controls-final,042-barrel-Sand-flat-s01,Sand,36864,36819,,
godot-controls-final,042-barrel-Sand-flat-s02,Wall,1122,1122,,
godot-controls-final,042-barrel-Sand-flat-s02,Sand,36864,36827,,
godot-controls-final,042-barrel-Sand-flat-s03,Wall,1122,1122,,
godot-controls-final,042-barrel-Sand-flat-s03,Sand,36864,36826,,
godot-controls-final,042-barrel-Sand-flat-s04,Wall,1122,1122,,
godot-controls-final,042-barrel-Sand-flat-s04,Sand,36864,36819,,
godot-controls-final,043-barrel-Sand-flat-s00,Wall,1122,1122,,
godot-controls-final,043-barrel-Sand-flat-s00,Sand,36864,36799,,
godot-controls-final,043-barrel-Sand-flat-s01,Wall,1122,1122,,
godot-controls-final,043-barrel-Sand-flat-s01,Sand,36864,36819,,
godot-controls-final,043-barrel-Sand-flat-s02,Wall,1122,1122,,
godot-controls-final,043-barrel-Sand-flat-s02,Sand,36864,36827,,
godot-controls-final,043-barrel-Sand-flat-s03,Wall,1122,1122,,
godot-controls-final,043-barrel-Sand-flat-s03,Sand,36864,36826,,
godot-controls-final,043-barrel-Sand-flat-s04,Wall,1122,1122,,
godot-controls-final,043-barrel-Sand-flat-s04,Sand,36864,36819,,
godot-controls-final,044-barrel-Sand-flat-s00,Wall,1122,1122,,
godot-controls-final,044-barrel-Sand-flat-s00,Sand,36864,36822,,
godot-controls-final,044-barrel-Sand-flat-s01,Wall,1122,1122,,
godot-controls-final,044-barrel-Sand-flat-s01,Sand,36864,36819,,
godot-controls-final,044-barrel-Sand-flat-s02,Wall,1122,1122,,
godot-controls-final,044-barrel-Sand-flat-s02,Sand,36864,36824,,
godot-controls-final,044-barrel-Sand-flat-s03,Wall,1122,1122,,
godot-controls-final,044-barrel-Sand-flat-s03,Sand,36864,36824,,
godot-controls-final,044-barrel-Sand-flat-s04,Wall,1122,1122,,
godot-controls-final,044-barrel-Sand-flat-s04,Sand,36864,36828,,
godot-controls-final,045-barrel-Sand-flat-s00,Wall,1122,1122,,
godot-controls-final,045-barrel-Sand-flat-s00,Sand,36864,36820,,
godot-controls-final,046-player-Sand-flat-s00,Wall,1122,1122,,
godot-controls-final,046-player-Sand-flat-s00,Sand,36864,36864,,
godot-controls-final,047-barrel-Dust-flat-s00,Wall,1122,1122,,
godot-controls-final,047-barrel-Dust-flat-s00,Dust,36864,36864,,
godot-controls-final,048-player-Dust-flat-s00,Wall,1122,1122,,
godot-controls-final,048-player-Dust-flat-s00,Dust,36864,36864,,
godot-controls-final,049-barrel-Mercury-flat-s00,Wall,1122,1122,,
godot-controls-final,049-barrel-Mercury-flat-s00,Mercury,36864,36864,,
godot-controls-final,050-player-Mercury-flat-s00,Wall,1122,1122,,
godot-controls-final,050-player-Mercury-flat-s00,Mercury,36864,36864,,
godot-expanded,000-player-Sand-flat-s00,Wall,1122,1122,,
godot-expanded,000-player-Sand-flat-s00,Sand,36864,36864,,
godot-expanded,000-player-Sand-flat-s01,Wall,1122,1122,,
godot-expanded,000-player-Sand-flat-s01,Sand,36864,36864,,
godot-expanded,000-player-Sand-flat-s02,Wall,1122,1122,,
godot-expanded,000-player-Sand-flat-s02,Sand,36864,36864,,
godot-expanded,000-player-Sand-flat-s03,Wall,1122,1122,,
godot-expanded,000-player-Sand-flat-s03,Sand,36864,36864,,
godot-expanded,000-player-Sand-flat-s04,Wall,1122,1122,,
godot-expanded,000-player-Sand-flat-s04,Sand,36864,36864,,
godot-expanded,001-player-Stone-flat-s00,Wall,1122,1122,,
godot-expanded,001-player-Stone-flat-s00,Stone,36864,36864,,
godot-expanded,001-player-Stone-flat-s01,Wall,1122,1122,,
godot-expanded,001-player-Stone-flat-s01,Stone,36864,36864,,
godot-expanded,001-player-Stone-flat-s02,Wall,1122,1122,,
godot-expanded,001-player-Stone-flat-s02,Stone,36864,36864,,
godot-expanded,001-player-Stone-flat-s03,Wall,1122,1122,,
godot-expanded,001-player-Stone-flat-s03,Stone,36864,36864,,
godot-expanded,001-player-Stone-flat-s04,Wall,1122,1122,,
godot-expanded,001-player-Stone-flat-s04,Stone,36864,36864,,
godot-expanded,002-player-Dust-flat-s00,Wall,1122,1122,,
godot-expanded,002-player-Dust-flat-s00,Dust,36864,36864,,
godot-expanded,002-player-Dust-flat-s01,Wall,1122,1122,,
godot-expanded,002-player-Dust-flat-s01,Dust,36864,36864,,
godot-expanded,002-player-Dust-flat-s02,Wall,1122,1122,,
godot-expanded,002-player-Dust-flat-s02,Dust,36864,36864,,
godot-expanded,002-player-Dust-flat-s03,Wall,1122,1122,,
godot-expanded,002-player-Dust-flat-s03,Dust,36864,36864,,
godot-expanded,002-player-Dust-flat-s04,Wall,1122,1122,,
godot-expanded,002-player-Dust-flat-s04,Dust,36864,36864,,
godot-expanded,003-player-Seed-flat-s00,Wall,1122,1122,,
godot-expanded,003-player-Seed-flat-s00,Seed,36864,36864,,
godot-expanded,003-player-Seed-flat-s01,Wall,1122,1122,,
godot-expanded,003-player-Seed-flat-s01,Seed,36864,36864,,
godot-expanded,003-player-Seed-flat-s02,Wall,1122,1122,,
godot-expanded,003-player-Seed-flat-s02,Seed,36864,36864,,
godot-expanded,003-player-Seed-flat-s03,Wall,1122,1122,,
godot-expanded,003-player-Seed-flat-s03,Seed,36864,36864,,
godot-expanded,003-player-Seed-flat-s04,Wall,1122,1122,,
godot-expanded,003-player-Seed-flat-s04,Seed,36864,36864,,
godot-expanded,004-player-Salt-flat-s00,Wall,1122,1122,,
godot-expanded,004-player-Salt-flat-s00,Salt,36864,36864,,
godot-expanded,004-player-Salt-flat-s01,Wall,1122,1122,,
godot-expanded,004-player-Salt-flat-s01,Salt,36864,36864,,
godot-expanded,004-player-Salt-flat-s02,Wall,1122,1122,,
godot-expanded,004-player-Salt-flat-s02,Salt,36864,36864,,
godot-expanded,004-player-Salt-flat-s03,Wall,1122,1122,,
godot-expanded,004-player-Salt-flat-s03,Salt,36864,36864,,
godot-expanded,004-player-Salt-flat-s04,Wall,1122,1122,,
godot-expanded,004-player-Salt-flat-s04,Salt,36864,36864,,
godot-expanded,005-player-Sodium-flat-s00,Wall,1122,1122,,
godot-expanded,005-player-Sodium-flat-s00,Sodium,36864,36864,,
godot-expanded,005-player-Sodium-flat-s01,Wall,1122,1122,,
godot-expanded,005-player-Sodium-flat-s01,Sodium,36864,36864,,
godot-expanded,005-player-Sodium-flat-s02,Wall,1122,1122,,
godot-expanded,005-player-Sodium-flat-s02,Sodium,36864,36864,,
godot-expanded,005-player-Sodium-flat-s03,Wall,1122,1122,,
godot-expanded,005-player-Sodium-flat-s03,Sodium,36864,36864,,
godot-expanded,005-player-Sodium-flat-s04,Wall,1122,1122,,
godot-expanded,005-player-Sodium-flat-s04,Sodium,36864,36864,,
godot-expanded,006-player-Gunpowder-flat-s00,Wall,1122,1122,,
godot-expanded,006-player-Gunpowder-flat-s00,Gunpowder,36864,36864,,
godot-expanded,006-player-Gunpowder-flat-s01,Wall,1122,1122,,
godot-expanded,006-player-Gunpowder-flat-s01,Gunpowder,36864,36864,,
godot-expanded,006-player-Gunpowder-flat-s02,Wall,1122,1122,,
godot-expanded,006-player-Gunpowder-flat-s02,Gunpowder,36864,36864,,
godot-expanded,006-player-Gunpowder-flat-s03,Wall,1122,1122,,
godot-expanded,006-player-Gunpowder-flat-s03,Gunpowder,36864,36864,,
godot-expanded,006-player-Gunpowder-flat-s04,Wall,1122,1122,,
godot-expanded,006-player-Gunpowder-flat-s04,Gunpowder,36864,36864,,
godot-expanded,007-player-Coal-flat-s00,Wall,1122,1122,,
godot-expanded,007-player-Coal-flat-s00,Coal,36864,36864,,
godot-expanded,007-player-Coal-flat-s01,Wall,1122,1122,,
godot-expanded,007-player-Coal-flat-s01,Coal,36864,36864,,
godot-expanded,007-player-Coal-flat-s02,Wall,1122,1122,,
godot-expanded,007-player-Coal-flat-s02,Coal,36864,36864,,
godot-expanded,007-player-Coal-flat-s03,Wall,1122,1122,,
godot-expanded,007-player-Coal-flat-s03,Coal,36864,36864,,
godot-expanded,007-player-Coal-flat-s04,Wall,1122,1122,,
godot-expanded,007-player-Coal-flat-s04,Coal,36864,36864,,
godot-expanded,008-player-Rust-flat-s00,Wall,1122,1122,,
godot-expanded,008-player-Rust-flat-s00,Rust,36864,36864,,
godot-expanded,008-player-Rust-flat-s01,Wall,1122,1122,,
godot-expanded,008-player-Rust-flat-s01,Rust,36864,36864,,
godot-expanded,008-player-Rust-flat-s02,Wall,1122,1122,,
godot-expanded,008-player-Rust-flat-s02,Rust,36864,36864,,
godot-expanded,008-player-Rust-flat-s03,Wall,1122,1122,,
godot-expanded,008-player-Rust-flat-s03,Rust,36864,36864,,
godot-expanded,008-player-Rust-flat-s04,Wall,1122,1122,,
godot-expanded,008-player-Rust-flat-s04,Rust,36864,36864,,
godot-expanded,009-barrel-Sand-flat-s00,Wall,1122,1122,,
godot-expanded,009-barrel-Sand-flat-s00,Sand,36864,36799,,
godot-expanded,009-barrel-Sand-flat-s01,Wall,1122,1122,,
godot-expanded,009-barrel-Sand-flat-s01,Sand,36864,36819,,
godot-expanded,009-barrel-Sand-flat-s02,Wall,1122,1122,,
godot-expanded,009-barrel-Sand-flat-s02,Sand,36864,36827,,
godot-expanded,009-barrel-Sand-flat-s03,Wall,1122,1122,,
godot-expanded,009-barrel-Sand-flat-s03,Sand,36864,36826,,
godot-expanded,009-barrel-Sand-flat-s04,Wall,1122,1122,,
godot-expanded,009-barrel-Sand-flat-s04,Sand,36864,36819,,
godot-expanded,010-barrel-Dust-flat-s00,Wall,1122,1122,,
godot-expanded,010-barrel-Dust-flat-s00,Dust,36864,36819,,
godot-expanded,010-barrel-Dust-flat-s01,Wall,1122,1122,,
godot-expanded,010-barrel-Dust-flat-s01,Dust,36864,36822,,
godot-expanded,010-barrel-Dust-flat-s02,Wall,1122,1122,,
godot-expanded,010-barrel-Dust-flat-s02,Dust,36864,36794,,
godot-expanded,010-barrel-Dust-flat-s03,Wall,1122,1122,,
godot-expanded,010-barrel-Dust-flat-s03,Dust,36864,36826,,
godot-expanded,010-barrel-Dust-flat-s04,Wall,1122,1122,,
godot-expanded,010-barrel-Dust-flat-s04,Dust,36864,36823,,
godot-expanded,011-barrel-Salt-flat-s00,Wall,1122,1122,,
godot-expanded,011-barrel-Salt-flat-s00,Salt,36864,36799,,
godot-expanded,011-barrel-Salt-flat-s01,Wall,1122,1122,,
godot-expanded,011-barrel-Salt-flat-s01,Salt,36864,36819,,
godot-expanded,011-barrel-Salt-flat-s02,Wall,1122,1122,,
godot-expanded,011-barrel-Salt-flat-s02,Salt,36864,36827,,
godot-expanded,011-barrel-Salt-flat-s03,Wall,1122,1122,,
godot-expanded,011-barrel-Salt-flat-s03,Salt,36864,36826,,
godot-expanded,011-barrel-Salt-flat-s04,Wall,1122,1122,,
godot-expanded,011-barrel-Salt-flat-s04,Salt,36864,36819,,
godot-expanded,012-barrel-Water-flat-s00,Wall,1122,1122,,
godot-expanded,012-barrel-Water-flat-s00,Water,36864,36852,,
godot-expanded,012-barrel-Water-flat-s01,Wall,1122,1122,,
godot-expanded,012-barrel-Water-flat-s01,Water,36864,36317,,
godot-expanded,012-barrel-Water-flat-s02,Wall,1122,1122,,
godot-expanded,012-barrel-Water-flat-s02,Water,36864,35241,,
godot-expanded,012-barrel-Water-flat-s03,Wall,1122,1122,,
godot-expanded,012-barrel-Water-flat-s03,Water,36864,36798,,
godot-expanded,012-barrel-Water-flat-s04,Wall,1122,1122,,
godot-expanded,012-barrel-Water-flat-s04,Water,36864,36847,,
godot-expanded,013-barrel-Oil-flat-s00,Wall,1122,1122,,
godot-expanded,013-barrel-Oil-flat-s00,Oil,36864,36022,,
godot-expanded,013-barrel-Oil-flat-s01,Wall,1122,1122,,
godot-expanded,013-barrel-Oil-flat-s01,Oil,36864,36827,,
godot-expanded,013-barrel-Oil-flat-s02,Wall,1122,1122,,
godot-expanded,013-barrel-Oil-flat-s02,Oil,36864,36817,,
godot-expanded,013-barrel-Oil-flat-s03,Wall,1122,1122,,
godot-expanded,013-barrel-Oil-flat-s03,Oil,36864,36819,,
godot-expanded,013-barrel-Oil-flat-s04,Wall,1122,1122,,
godot-expanded,013-barrel-Oil-flat-s04,Oil,36864,36823,,
godot-expanded,014-barrel-Mercury-flat-s00,Wall,1122,1122,,
godot-expanded,014-barrel-Mercury-flat-s00,Mercury,36864,36623,,
godot-expanded,014-barrel-Mercury-flat-s01,Wall,1122,1122,,
godot-expanded,014-barrel-Mercury-flat-s01,Mercury,36864,36827,,
godot-expanded,014-barrel-Mercury-flat-s02,Wall,1122,1122,,
godot-expanded,014-barrel-Mercury-flat-s02,Mercury,36864,36820,,
godot-expanded,014-barrel-Mercury-flat-s03,Wall,1122,1122,,
godot-expanded,014-barrel-Mercury-flat-s03,Mercury,36864,36823,,
godot-expanded,014-barrel-Mercury-flat-s04,Wall,1122,1122,,
godot-expanded,014-barrel-Mercury-flat-s04,Mercury,36864,36823,,
godot-expanded,015-barrel-Empty-hard-s00,Wall,1218,1218,,
godot-expanded,015-barrel-Empty-hard-s01,Wall,1218,1218,,
godot-expanded,015-barrel-Empty-hard-s02,Wall,1218,1218,,
godot-expanded,015-barrel-Empty-hard-s03,Wall,1218,1218,,
godot-expanded,015-barrel-Empty-hard-s04,Wall,1218,1218,,
godot-expanded,016-freefall-s00,Wall,1122,1122,,
godot-expanded,016-freefall-s01,Wall,1122,1122,,
godot-expanded,016-freefall-s02,Wall,1122,1122,,
godot-expanded,016-freefall-s03,Wall,1122,1122,,
godot-expanded,016-freefall-s04,Wall,1122,1122,,
godot-expanded,017-barrel-Sand-mixed-s00,Wall,1122,1122,,
godot-expanded,017-barrel-Sand-mixed-s00,Sand,27648,27612,,
godot-expanded,017-barrel-Sand-mixed-s00,Dust,9216,9216,,
godot-expanded,017-barrel-Sand-mixed-s01,Wall,1122,1122,,
godot-expanded,017-barrel-Sand-mixed-s01,Sand,27648,27608,,
godot-expanded,017-barrel-Sand-mixed-s01,Dust,9216,9216,,
godot-expanded,017-barrel-Sand-mixed-s02,Wall,1122,1122,,
godot-expanded,017-barrel-Sand-mixed-s02,Sand,27648,27604,,
godot-expanded,017-barrel-Sand-mixed-s02,Dust,9216,9216,,
godot-expanded,017-barrel-Sand-mixed-s03,Wall,1122,1122,,
godot-expanded,017-barrel-Sand-mixed-s03,Sand,27648,27607,,
godot-expanded,017-barrel-Sand-mixed-s03,Dust,9216,9216,,
godot-expanded,017-barrel-Sand-mixed-s04,Wall,1122,1122,,
godot-expanded,017-barrel-Sand-mixed-s04,Sand,27648,27603,,
godot-expanded,017-barrel-Sand-mixed-s04,Dust,9216,9216,,
godot-expanded,018-player-Sand-walk-s00,Wall,1122,1122,,
godot-expanded,018-player-Sand-walk-s00,Sand,36864,36864,,
godot-expanded,018-player-Sand-walk-s01,Wall,1122,1122,,
godot-expanded,018-player-Sand-walk-s01,Sand,36864,36864,,
godot-expanded,018-player-Sand-walk-s02,Wall,1122,1122,,
godot-expanded,018-player-Sand-walk-s02,Sand,36864,36864,,
godot-expanded,018-player-Sand-walk-s03,Wall,1122,1122,,
godot-expanded,018-player-Sand-walk-s03,Sand,36864,36864,,
godot-expanded,018-player-Sand-walk-s04,Wall,1122,1122,,
godot-expanded,018-player-Sand-walk-s04,Sand,36864,36864,,
godot-expanded,019-player-Sand-slope-s00,Wall,1122,1122,,
godot-expanded,019-player-Sand-slope-s00,Sand,35760,35760,,
godot-expanded,019-player-Sand-slope-s01,Wall,1122,1122,,
godot-expanded,019-player-Sand-slope-s01,Sand,35760,35760,,
godot-expanded,019-player-Sand-slope-s02,Wall,1122,1122,,
godot-expanded,019-player-Sand-slope-s02,Sand,35760,35760,,
godot-expanded,019-player-Sand-slope-s03,Wall,1122,1122,,
godot-expanded,019-player-Sand-slope-s03,Sand,35760,35760,,
godot-expanded,019-player-Sand-slope-s04,Wall,1122,1122,,
godot-expanded,019-player-Sand-slope-s04,Sand,35760,35760,,
godot-expanded,020-player-Sand-side-s00,Wall,1122,1122,,
godot-expanded,020-player-Sand-side-s00,Sand,37536,37536,,
godot-expanded,020-player-Sand-side-s01,Wall,1122,1122,,
godot-expanded,020-player-Sand-side-s01,Sand,37536,37536,,
godot-expanded,020-player-Sand-side-s02,Wall,1122,1122,,
godot-expanded,020-player-Sand-side-s02,Sand,37536,37536,,
godot-expanded,020-player-Sand-side-s03,Wall,1122,1122,,
godot-expanded,020-player-Sand-side-s03,Sand,37536,37536,,
godot-expanded,020-player-Sand-side-s04,Wall,1122,1122,,
godot-expanded,020-player-Sand-side-s04,Sand,37536,37536,,
godot-expanded,021-player-Sand-film-s00,Wall,1122,1122,,
godot-expanded,021-player-Sand-film-s00,Sand,96,96,,
godot-expanded,021-player-Sand-film-s01,Wall,1122,1122,,
godot-expanded,021-player-Sand-film-s01,Sand,96,96,,
godot-expanded,021-player-Sand-film-s02,Wall,1122,1122,,
godot-expanded,021-player-Sand-film-s02,Sand,96,96,,
godot-expanded,021-player-Sand-film-s03,Wall,1122,1122,,
godot-expanded,021-player-Sand-film-s03,Sand,96,96,,
godot-expanded,021-player-Sand-film-s04,Wall,1122,1122,,
godot-expanded,021-player-Sand-film-s04,Sand,96,96,,
godot-expanded,022-player-Sand-enclosed-s00,Wall,1122,1122,,
godot-expanded,022-player-Sand-enclosed-s00,Sand,36864,36864,,
godot-expanded,022-player-Sand-enclosed-s01,Wall,1122,1122,,
godot-expanded,022-player-Sand-enclosed-s01,Sand,36864,36864,,
godot-expanded,022-player-Sand-enclosed-s02,Wall,1122,1122,,
godot-expanded,022-player-Sand-enclosed-s02,Sand,36864,36864,,
godot-expanded,022-player-Sand-enclosed-s03,Wall,1122,1122,,
godot-expanded,022-player-Sand-enclosed-s03,Sand,36864,36864,,
godot-expanded,022-player-Sand-enclosed-s04,Wall,1122,1122,,
godot-expanded,022-player-Sand-enclosed-s04,Sand,36864,36864,,
godot-expanded,023-player-Sand-falling-s00,Wall,1122,1122,,
godot-expanded,023-player-Sand-falling-s00,Sand,768,768,,
godot-expanded,023-player-Sand-falling-s01,Wall,1122,1122,,
godot-expanded,023-player-Sand-falling-s01,Sand,768,768,,
godot-expanded,023-player-Sand-falling-s02,Wall,1122,1122,,
godot-expanded,023-player-Sand-falling-s02,Sand,768,768,,
godot-expanded,023-player-Sand-falling-s03,Wall,1122,1122,,
godot-expanded,023-player-Sand-falling-s03,Sand,768,768,,
godot-expanded,023-player-Sand-falling-s04,Wall,1122,1122,,
godot-expanded,023-player-Sand-falling-s04,Sand,768,768,,
godot-expanded,024-player-Stone-walk-s00,Wall,1122,1122,,
godot-expanded,024-player-Stone-walk-s00,Stone,36864,36864,,
godot-expanded,024-player-Stone-walk-s01,Wall,1122,1122,,
godot-expanded,024-player-Stone-walk-s01,Stone,36864,36864,,
godot-expanded,024-player-Stone-walk-s02,Wall,1122,1122,,
godot-expanded,024-player-Stone-walk-s02,Stone,36864,36864,,
godot-expanded,024-player-Stone-walk-s03,Wall,1122,1122,,
godot-expanded,024-player-Stone-walk-s03,Stone,36864,36864,,
godot-expanded,024-player-Stone-walk-s04,Wall,1122,1122,,
godot-expanded,024-player-Stone-walk-s04,Stone,36864,36864,,
godot-expanded,025-player-Stone-slope-s00,Wall,1122,1122,,
godot-expanded,025-player-Stone-slope-s00,Stone,35760,35760,,
godot-expanded,025-player-Stone-slope-s01,Wall,1122,1122,,
godot-expanded,025-player-Stone-slope-s01,Stone,35760,35760,,
godot-expanded,025-player-Stone-slope-s02,Wall,1122,1122,,
godot-expanded,025-player-Stone-slope-s02,Stone,35760,35760,,
godot-expanded,025-player-Stone-slope-s03,Wall,1122,1122,,
godot-expanded,025-player-Stone-slope-s03,Stone,35760,35760,,
godot-expanded,025-player-Stone-slope-s04,Wall,1122,1122,,
godot-expanded,025-player-Stone-slope-s04,Stone,35760,35760,,
godot-expanded,026-player-Stone-side-s00,Wall,1122,1122,,
godot-expanded,026-player-Stone-side-s00,Stone,37536,37536,,
godot-expanded,026-player-Stone-side-s01,Wall,1122,1122,,
godot-expanded,026-player-Stone-side-s01,Stone,37536,37536,,
godot-expanded,026-player-Stone-side-s02,Wall,1122,1122,,
godot-expanded,026-player-Stone-side-s02,Stone,37536,37536,,
godot-expanded,026-player-Stone-side-s03,Wall,1122,1122,,
godot-expanded,026-player-Stone-side-s03,Stone,37536,37536,,
godot-expanded,026-player-Stone-side-s04,Wall,1122,1122,,
godot-expanded,026-player-Stone-side-s04,Stone,37536,37536,,
godot-expanded,027-player-Stone-film-s00,Wall,1122,1122,,
godot-expanded,027-player-Stone-film-s00,Stone,96,96,,
godot-expanded,027-player-Stone-film-s01,Wall,1122,1122,,
godot-expanded,027-player-Stone-film-s01,Stone,96,96,,
godot-expanded,027-player-Stone-film-s02,Wall,1122,1122,,
godot-expanded,027-player-Stone-film-s02,Stone,96,96,,
godot-expanded,027-player-Stone-film-s03,Wall,1122,1122,,
godot-expanded,027-player-Stone-film-s03,Stone,96,96,,
godot-expanded,027-player-Stone-film-s04,Wall,1122,1122,,
godot-expanded,027-player-Stone-film-s04,Stone,96,96,,
godot-expanded,028-player-Stone-enclosed-s00,Wall,1122,1122,,
godot-expanded,028-player-Stone-enclosed-s00,Stone,36864,36864,,
godot-expanded,028-player-Stone-enclosed-s01,Wall,1122,1122,,
godot-expanded,028-player-Stone-enclosed-s01,Stone,36864,36864,,
godot-expanded,028-player-Stone-enclosed-s02,Wall,1122,1122,,
godot-expanded,028-player-Stone-enclosed-s02,Stone,36864,36864,,
godot-expanded,028-player-Stone-enclosed-s03,Wall,1122,1122,,
godot-expanded,028-player-Stone-enclosed-s03,Stone,36864,36864,,
godot-expanded,028-player-Stone-enclosed-s04,Wall,1122,1122,,
godot-expanded,028-player-Stone-enclosed-s04,Stone,36864,36864,,
godot-expanded,029-player-Stone-falling-s00,Wall,1122,1122,,
godot-expanded,029-player-Stone-falling-s00,Stone,768,768,,
godot-expanded,029-player-Stone-falling-s01,Wall,1122,1122,,
godot-expanded,029-player-Stone-falling-s01,Stone,768,768,,
godot-expanded,029-player-Stone-falling-s02,Wall,1122,1122,,
godot-expanded,029-player-Stone-falling-s02,Stone,768,768,,
godot-expanded,029-player-Stone-falling-s03,Wall,1122,1122,,
godot-expanded,029-player-Stone-falling-s03,Stone,768,768,,
godot-expanded,029-player-Stone-falling-s04,Wall,1122,1122,,
godot-expanded,029-player-Stone-falling-s04,Stone,768,768,,
godot-expanded,030-player-Dust-walk-s00,Wall,1122,1122,,
godot-expanded,030-player-Dust-walk-s00,Dust,36864,36864,,
godot-expanded,030-player-Dust-walk-s01,Wall,1122,1122,,
godot-expanded,030-player-Dust-walk-s01,Dust,36864,36864,,
godot-expanded,030-player-Dust-walk-s02,Wall,1122,1122,,
godot-expanded,030-player-Dust-walk-s02,Dust,36864,36864,,
godot-expanded,030-player-Dust-walk-s03,Wall,1122,1122,,
godot-expanded,030-player-Dust-walk-s03,Dust,36864,36864,,
godot-expanded,030-player-Dust-walk-s04,Wall,1122,1122,,
godot-expanded,030-player-Dust-walk-s04,Dust,36864,36864,,
godot-expanded,031-player-Dust-slope-s00,Wall,1122,1122,,
godot-expanded,031-player-Dust-slope-s00,Dust,35760,35760,,
godot-expanded,031-player-Dust-slope-s01,Wall,1122,1122,,
godot-expanded,031-player-Dust-slope-s01,Dust,35760,35760,,
godot-expanded,031-player-Dust-slope-s02,Wall,1122,1122,,
godot-expanded,031-player-Dust-slope-s02,Dust,35760,35760,,
godot-expanded,031-player-Dust-slope-s03,Wall,1122,1122,,
godot-expanded,031-player-Dust-slope-s03,Dust,35760,35760,,
godot-expanded,031-player-Dust-slope-s04,Wall,1122,1122,,
godot-expanded,031-player-Dust-slope-s04,Dust,35760,35760,,
godot-expanded,032-player-Dust-side-s00,Wall,1122,1122,,
godot-expanded,032-player-Dust-side-s00,Dust,37536,37536,,
godot-expanded,032-player-Dust-side-s01,Wall,1122,1122,,
godot-expanded,032-player-Dust-side-s01,Dust,37536,37536,,
godot-expanded,032-player-Dust-side-s02,Wall,1122,1122,,
godot-expanded,032-player-Dust-side-s02,Dust,37536,37536,,
godot-expanded,032-player-Dust-side-s03,Wall,1122,1122,,
godot-expanded,032-player-Dust-side-s03,Dust,37536,37536,,
godot-expanded,032-player-Dust-side-s04,Wall,1122,1122,,
godot-expanded,032-player-Dust-side-s04,Dust,37536,37536,,
godot-expanded,033-player-Dust-film-s00,Wall,1122,1122,,
godot-expanded,033-player-Dust-film-s00,Dust,96,96,,
godot-expanded,033-player-Dust-film-s01,Wall,1122,1122,,
godot-expanded,033-player-Dust-film-s01,Dust,96,96,,
godot-expanded,033-player-Dust-film-s02,Wall,1122,1122,,
godot-expanded,033-player-Dust-film-s02,Dust,96,96,,
godot-expanded,033-player-Dust-film-s03,Wall,1122,1122,,
godot-expanded,033-player-Dust-film-s03,Dust,96,96,,
godot-expanded,033-player-Dust-film-s04,Wall,1122,1122,,
godot-expanded,033-player-Dust-film-s04,Dust,96,96,,
godot-expanded,034-player-Dust-enclosed-s00,Wall,1122,1122,,
godot-expanded,034-player-Dust-enclosed-s00,Dust,36864,36864,,
godot-expanded,034-player-Dust-enclosed-s01,Wall,1122,1122,,
godot-expanded,034-player-Dust-enclosed-s01,Dust,36864,36864,,
godot-expanded,034-player-Dust-enclosed-s02,Wall,1122,1122,,
godot-expanded,034-player-Dust-enclosed-s02,Dust,36864,36864,,
godot-expanded,034-player-Dust-enclosed-s03,Wall,1122,1122,,
godot-expanded,034-player-Dust-enclosed-s03,Dust,36864,36864,,
godot-expanded,034-player-Dust-enclosed-s04,Wall,1122,1122,,
godot-expanded,034-player-Dust-enclosed-s04,Dust,36864,36864,,
godot-expanded,035-player-Dust-falling-s00,Wall,1122,1122,,
godot-expanded,035-player-Dust-falling-s00,Dust,768,768,,
godot-expanded,035-player-Dust-falling-s01,Wall,1122,1122,,
godot-expanded,035-player-Dust-falling-s01,Dust,768,768,,
godot-expanded,035-player-Dust-falling-s02,Wall,1122,1122,,
godot-expanded,035-player-Dust-falling-s02,Dust,768,768,,
godot-expanded,035-player-Dust-falling-s03,Wall,1122,1122,,
godot-expanded,035-player-Dust-falling-s03,Dust,768,768,,
godot-expanded,035-player-Dust-falling-s04,Wall,1122,1122,,
godot-expanded,035-player-Dust-falling-s04,Dust,768,768,,
godot-expanded,036-player-Seed-walk-s00,Wall,1122,1122,,
godot-expanded,036-player-Seed-walk-s00,Seed,36864,36864,,
godot-expanded,036-player-Seed-walk-s01,Wall,1122,1122,,
godot-expanded,036-player-Seed-walk-s01,Seed,36864,36864,,
godot-expanded,036-player-Seed-walk-s02,Wall,1122,1122,,
godot-expanded,036-player-Seed-walk-s02,Seed,36864,36864,,
godot-expanded,036-player-Seed-walk-s03,Wall,1122,1122,,
godot-expanded,036-player-Seed-walk-s03,Seed,36864,36864,,
godot-expanded,036-player-Seed-walk-s04,Wall,1122,1122,,
godot-expanded,036-player-Seed-walk-s04,Seed,36864,36864,,
godot-expanded,037-player-Seed-slope-s00,Wall,1122,1122,,
godot-expanded,037-player-Seed-slope-s00,Seed,35760,35760,,
godot-expanded,037-player-Seed-slope-s01,Wall,1122,1122,,
godot-expanded,037-player-Seed-slope-s01,Seed,35760,35760,,
godot-expanded,037-player-Seed-slope-s02,Wall,1122,1122,,
godot-expanded,037-player-Seed-slope-s02,Seed,35760,35760,,
godot-expanded,037-player-Seed-slope-s03,Wall,1122,1122,,
godot-expanded,037-player-Seed-slope-s03,Seed,35760,35760,,
godot-expanded,037-player-Seed-slope-s04,Wall,1122,1122,,
godot-expanded,037-player-Seed-slope-s04,Seed,35760,35760,,
godot-expanded,038-player-Seed-side-s00,Wall,1122,1122,,
godot-expanded,038-player-Seed-side-s00,Seed,37536,37536,,
godot-expanded,038-player-Seed-side-s01,Wall,1122,1122,,
godot-expanded,038-player-Seed-side-s01,Seed,37536,37536,,
godot-expanded,038-player-Seed-side-s02,Wall,1122,1122,,
godot-expanded,038-player-Seed-side-s02,Seed,37536,37536,,
godot-expanded,038-player-Seed-side-s03,Wall,1122,1122,,
godot-expanded,038-player-Seed-side-s03,Seed,37536,37536,,
godot-expanded,038-player-Seed-side-s04,Wall,1122,1122,,
godot-expanded,038-player-Seed-side-s04,Seed,37536,37536,,
godot-expanded,039-player-Seed-film-s00,Wall,1122,1122,,
godot-expanded,039-player-Seed-film-s00,Seed,96,96,,
godot-expanded,039-player-Seed-film-s01,Wall,1122,1122,,
godot-expanded,039-player-Seed-film-s01,Seed,96,96,,
godot-expanded,039-player-Seed-film-s02,Wall,1122,1122,,
godot-expanded,039-player-Seed-film-s02,Seed,96,96,,
godot-expanded,039-player-Seed-film-s03,Wall,1122,1122,,
godot-expanded,039-player-Seed-film-s03,Seed,96,96,,
godot-expanded,039-player-Seed-film-s04,Wall,1122,1122,,
godot-expanded,039-player-Seed-film-s04,Seed,96,96,,
godot-expanded,040-player-Seed-enclosed-s00,Wall,1122,1122,,
godot-expanded,040-player-Seed-enclosed-s00,Seed,36864,36864,,
godot-expanded,040-player-Seed-enclosed-s01,Wall,1122,1122,,
godot-expanded,040-player-Seed-enclosed-s01,Seed,36864,36864,,
godot-expanded,040-player-Seed-enclosed-s02,Wall,1122,1122,,
godot-expanded,040-player-Seed-enclosed-s02,Seed,36864,36864,,
godot-expanded,040-player-Seed-enclosed-s03,Wall,1122,1122,,
godot-expanded,040-player-Seed-enclosed-s03,Seed,36864,36864,,
godot-expanded,040-player-Seed-enclosed-s04,Wall,1122,1122,,
godot-expanded,040-player-Seed-enclosed-s04,Seed,36864,36864,,
godot-expanded,041-player-Seed-falling-s00,Wall,1122,1122,,
godot-expanded,041-player-Seed-falling-s00,Seed,768,768,,
godot-expanded,041-player-Seed-falling-s01,Wall,1122,1122,,
godot-expanded,041-player-Seed-falling-s01,Seed,768,768,,
godot-expanded,041-player-Seed-falling-s02,Wall,1122,1122,,
godot-expanded,041-player-Seed-falling-s02,Seed,768,768,,
godot-expanded,041-player-Seed-falling-s03,Wall,1122,1122,,
godot-expanded,041-player-Seed-falling-s03,Seed,768,768,,
godot-expanded,041-player-Seed-falling-s04,Wall,1122,1122,,
godot-expanded,041-player-Seed-falling-s04,Seed,768,768,,
godot-expanded,042-player-Salt-walk-s00,Wall,1122,1122,,
godot-expanded,042-player-Salt-walk-s00,Salt,36864,36864,,
godot-expanded,042-player-Salt-walk-s01,Wall,1122,1122,,
godot-expanded,042-player-Salt-walk-s01,Salt,36864,36864,,
godot-expanded,042-player-Salt-walk-s02,Wall,1122,1122,,
godot-expanded,042-player-Salt-walk-s02,Salt,36864,36864,,
godot-expanded,042-player-Salt-walk-s03,Wall,1122,1122,,
godot-expanded,042-player-Salt-walk-s03,Salt,36864,36864,,
godot-expanded,042-player-Salt-walk-s04,Wall,1122,1122,,
godot-expanded,042-player-Salt-walk-s04,Salt,36864,36864,,
godot-expanded,043-player-Salt-slope-s00,Wall,1122,1122,,
godot-expanded,043-player-Salt-slope-s00,Salt,35760,35760,,
godot-expanded,043-player-Salt-slope-s01,Wall,1122,1122,,
godot-expanded,043-player-Salt-slope-s01,Salt,35760,35760,,
godot-expanded,043-player-Salt-slope-s02,Wall,1122,1122,,
godot-expanded,043-player-Salt-slope-s02,Salt,35760,35760,,
godot-expanded,043-player-Salt-slope-s03,Wall,1122,1122,,
godot-expanded,043-player-Salt-slope-s03,Salt,35760,35760,,
godot-expanded,043-player-Salt-slope-s04,Wall,1122,1122,,
godot-expanded,043-player-Salt-slope-s04,Salt,35760,35760,,
godot-expanded,044-player-Salt-side-s00,Wall,1122,1122,,
godot-expanded,044-player-Salt-side-s00,Salt,37536,37536,,
godot-expanded,044-player-Salt-side-s01,Wall,1122,1122,,
godot-expanded,044-player-Salt-side-s01,Salt,37536,37536,,
godot-expanded,044-player-Salt-side-s02,Wall,1122,1122,,
godot-expanded,044-player-Salt-side-s02,Salt,37536,37536,,
godot-expanded,044-player-Salt-side-s03,Wall,1122,1122,,
godot-expanded,044-player-Salt-side-s03,Salt,37536,37536,,
godot-expanded,044-player-Salt-side-s04,Wall,1122,1122,,
godot-expanded,044-player-Salt-side-s04,Salt,37536,37536,,
godot-expanded,045-player-Salt-film-s00,Wall,1122,1122,,
godot-expanded,045-player-Salt-film-s00,Salt,96,96,,
godot-expanded,045-player-Salt-film-s01,Wall,1122,1122,,
godot-expanded,045-player-Salt-film-s01,Salt,96,96,,
godot-expanded,045-player-Salt-film-s02,Wall,1122,1122,,
godot-expanded,045-player-Salt-film-s02,Salt,96,96,,
godot-expanded,045-player-Salt-film-s03,Wall,1122,1122,,
godot-expanded,045-player-Salt-film-s03,Salt,96,96,,
godot-expanded,045-player-Salt-film-s04,Wall,1122,1122,,
godot-expanded,045-player-Salt-film-s04,Salt,96,96,,
godot-expanded,046-player-Salt-enclosed-s00,Wall,1122,1122,,
godot-expanded,046-player-Salt-enclosed-s00,Salt,36864,36864,,
godot-expanded,046-player-Salt-enclosed-s01,Wall,1122,1122,,
godot-expanded,046-player-Salt-enclosed-s01,Salt,36864,36864,,
godot-expanded,046-player-Salt-enclosed-s02,Wall,1122,1122,,
godot-expanded,046-player-Salt-enclosed-s02,Salt,36864,36864,,
godot-expanded,046-player-Salt-enclosed-s03,Wall,1122,1122,,
godot-expanded,046-player-Salt-enclosed-s03,Salt,36864,36864,,
godot-expanded,046-player-Salt-enclosed-s04,Wall,1122,1122,,
godot-expanded,046-player-Salt-enclosed-s04,Salt,36864,36864,,
godot-expanded,047-player-Salt-falling-s00,Wall,1122,1122,,
godot-expanded,047-player-Salt-falling-s00,Salt,768,768,,
godot-expanded,047-player-Salt-falling-s01,Wall,1122,1122,,
godot-expanded,047-player-Salt-falling-s01,Salt,768,768,,
godot-expanded,047-player-Salt-falling-s02,Wall,1122,1122,,
godot-expanded,047-player-Salt-falling-s02,Salt,768,768,,
godot-expanded,047-player-Salt-falling-s03,Wall,1122,1122,,
godot-expanded,047-player-Salt-falling-s03,Salt,768,768,,
godot-expanded,047-player-Salt-falling-s04,Wall,1122,1122,,
godot-expanded,047-player-Salt-falling-s04,Salt,768,768,,
godot-expanded,048-player-Sodium-walk-s00,Wall,1122,1122,,
godot-expanded,048-player-Sodium-walk-s00,Sodium,36864,36864,,
godot-expanded,048-player-Sodium-walk-s01,Wall,1122,1122,,
godot-expanded,048-player-Sodium-walk-s01,Sodium,36864,36864,,
godot-expanded,048-player-Sodium-walk-s02,Wall,1122,1122,,
godot-expanded,048-player-Sodium-walk-s02,Sodium,36864,36864,,
godot-expanded,048-player-Sodium-walk-s03,Wall,1122,1122,,
godot-expanded,048-player-Sodium-walk-s03,Sodium,36864,36864,,
godot-expanded,048-player-Sodium-walk-s04,Wall,1122,1122,,
godot-expanded,048-player-Sodium-walk-s04,Sodium,36864,36864,,
godot-expanded,049-player-Sodium-slope-s00,Wall,1122,1122,,
godot-expanded,049-player-Sodium-slope-s00,Sodium,35760,35760,,
godot-expanded,049-player-Sodium-slope-s01,Wall,1122,1122,,
godot-expanded,049-player-Sodium-slope-s01,Sodium,35760,35760,,
godot-expanded,049-player-Sodium-slope-s02,Wall,1122,1122,,
godot-expanded,049-player-Sodium-slope-s02,Sodium,35760,35760,,
godot-expanded,049-player-Sodium-slope-s03,Wall,1122,1122,,
godot-expanded,049-player-Sodium-slope-s03,Sodium,35760,35760,,
godot-expanded,049-player-Sodium-slope-s04,Wall,1122,1122,,
godot-expanded,049-player-Sodium-slope-s04,Sodium,35760,35760,,
godot-expanded,050-player-Sodium-side-s00,Wall,1122,1122,,
godot-expanded,050-player-Sodium-side-s00,Sodium,37536,37536,,
godot-expanded,050-player-Sodium-side-s01,Wall,1122,1122,,
godot-expanded,050-player-Sodium-side-s01,Sodium,37536,37536,,
godot-expanded,050-player-Sodium-side-s02,Wall,1122,1122,,
godot-expanded,050-player-Sodium-side-s02,Sodium,37536,37536,,
godot-expanded,050-player-Sodium-side-s03,Wall,1122,1122,,
godot-expanded,050-player-Sodium-side-s03,Sodium,37536,37536,,
godot-expanded,050-player-Sodium-side-s04,Wall,1122,1122,,
godot-expanded,050-player-Sodium-side-s04,Sodium,37536,37536,,
godot-expanded,051-player-Sodium-film-s00,Wall,1122,1122,,
godot-expanded,051-player-Sodium-film-s00,Sodium,96,96,,
godot-expanded,051-player-Sodium-film-s01,Wall,1122,1122,,
godot-expanded,051-player-Sodium-film-s01,Sodium,96,96,,
godot-expanded,051-player-Sodium-film-s02,Wall,1122,1122,,
godot-expanded,051-player-Sodium-film-s02,Sodium,96,96,,
godot-expanded,051-player-Sodium-film-s03,Wall,1122,1122,,
godot-expanded,051-player-Sodium-film-s03,Sodium,96,96,,
godot-expanded,051-player-Sodium-film-s04,Wall,1122,1122,,
godot-expanded,051-player-Sodium-film-s04,Sodium,96,96,,
godot-expanded,052-player-Sodium-enclosed-s00,Wall,1122,1122,,
godot-expanded,052-player-Sodium-enclosed-s00,Sodium,36864,36864,,
godot-expanded,052-player-Sodium-enclosed-s01,Wall,1122,1122,,
godot-expanded,052-player-Sodium-enclosed-s01,Sodium,36864,36864,,
godot-expanded,052-player-Sodium-enclosed-s02,Wall,1122,1122,,
godot-expanded,052-player-Sodium-enclosed-s02,Sodium,36864,36864,,
godot-expanded,052-player-Sodium-enclosed-s03,Wall,1122,1122,,
godot-expanded,052-player-Sodium-enclosed-s03,Sodium,36864,36864,,
godot-expanded,052-player-Sodium-enclosed-s04,Wall,1122,1122,,
godot-expanded,052-player-Sodium-enclosed-s04,Sodium,36864,36864,,
godot-expanded,053-player-Sodium-falling-s00,Wall,1122,1122,,
godot-expanded,053-player-Sodium-falling-s00,Sodium,768,768,,
godot-expanded,053-player-Sodium-falling-s01,Wall,1122,1122,,
godot-expanded,053-player-Sodium-falling-s01,Sodium,768,768,,
godot-expanded,053-player-Sodium-falling-s02,Wall,1122,1122,,
godot-expanded,053-player-Sodium-falling-s02,Sodium,768,768,,
godot-expanded,053-player-Sodium-falling-s03,Wall,1122,1122,,
godot-expanded,053-player-Sodium-falling-s03,Sodium,768,768,,
godot-expanded,053-player-Sodium-falling-s04,Wall,1122,1122,,
godot-expanded,053-player-Sodium-falling-s04,Sodium,768,768,,
godot-expanded,054-player-Gunpowder-walk-s00,Wall,1122,1122,,
godot-expanded,054-player-Gunpowder-walk-s00,Gunpowder,36864,36864,,
godot-expanded,054-player-Gunpowder-walk-s01,Wall,1122,1122,,
godot-expanded,054-player-Gunpowder-walk-s01,Gunpowder,36864,36864,,
godot-expanded,054-player-Gunpowder-walk-s02,Wall,1122,1122,,
godot-expanded,054-player-Gunpowder-walk-s02,Gunpowder,36864,36864,,
godot-expanded,054-player-Gunpowder-walk-s03,Wall,1122,1122,,
godot-expanded,054-player-Gunpowder-walk-s03,Gunpowder,36864,36864,,
godot-expanded,054-player-Gunpowder-walk-s04,Wall,1122,1122,,
godot-expanded,054-player-Gunpowder-walk-s04,Gunpowder,36864,36864,,
godot-expanded,055-player-Gunpowder-slope-s00,Wall,1122,1122,,
godot-expanded,055-player-Gunpowder-slope-s00,Gunpowder,35760,35760,,
godot-expanded,055-player-Gunpowder-slope-s01,Wall,1122,1122,,
godot-expanded,055-player-Gunpowder-slope-s01,Gunpowder,35760,35760,,
godot-expanded,055-player-Gunpowder-slope-s02,Wall,1122,1122,,
godot-expanded,055-player-Gunpowder-slope-s02,Gunpowder,35760,35760,,
godot-expanded,055-player-Gunpowder-slope-s03,Wall,1122,1122,,
godot-expanded,055-player-Gunpowder-slope-s03,Gunpowder,35760,35760,,
godot-expanded,055-player-Gunpowder-slope-s04,Wall,1122,1122,,
godot-expanded,055-player-Gunpowder-slope-s04,Gunpowder,35760,35760,,
godot-expanded,056-player-Gunpowder-side-s00,Wall,1122,1122,,
godot-expanded,056-player-Gunpowder-side-s00,Gunpowder,37536,37536,,
godot-expanded,056-player-Gunpowder-side-s01,Wall,1122,1122,,
godot-expanded,056-player-Gunpowder-side-s01,Gunpowder,37536,37536,,
godot-expanded,056-player-Gunpowder-side-s02,Wall,1122,1122,,
godot-expanded,056-player-Gunpowder-side-s02,Gunpowder,37536,37536,,
godot-expanded,056-player-Gunpowder-side-s03,Wall,1122,1122,,
godot-expanded,056-player-Gunpowder-side-s03,Gunpowder,37536,37536,,
godot-expanded,056-player-Gunpowder-side-s04,Wall,1122,1122,,
godot-expanded,056-player-Gunpowder-side-s04,Gunpowder,37536,37536,,
godot-expanded,057-player-Gunpowder-film-s00,Wall,1122,1122,,
godot-expanded,057-player-Gunpowder-film-s00,Gunpowder,96,96,,
godot-expanded,057-player-Gunpowder-film-s01,Wall,1122,1122,,
godot-expanded,057-player-Gunpowder-film-s01,Gunpowder,96,96,,
godot-expanded,057-player-Gunpowder-film-s02,Wall,1122,1122,,
godot-expanded,057-player-Gunpowder-film-s02,Gunpowder,96,96,,
godot-expanded,057-player-Gunpowder-film-s03,Wall,1122,1122,,
godot-expanded,057-player-Gunpowder-film-s03,Gunpowder,96,96,,
godot-expanded,057-player-Gunpowder-film-s04,Wall,1122,1122,,
godot-expanded,057-player-Gunpowder-film-s04,Gunpowder,96,96,,
godot-expanded,058-player-Gunpowder-enclosed-s00,Wall,1122,1122,,
godot-expanded,058-player-Gunpowder-enclosed-s00,Gunpowder,36864,36864,,
godot-expanded,058-player-Gunpowder-enclosed-s01,Wall,1122,1122,,
godot-expanded,058-player-Gunpowder-enclosed-s01,Gunpowder,36864,36864,,
godot-expanded,058-player-Gunpowder-enclosed-s02,Wall,1122,1122,,
godot-expanded,058-player-Gunpowder-enclosed-s02,Gunpowder,36864,36864,,
godot-expanded,058-player-Gunpowder-enclosed-s03,Wall,1122,1122,,
godot-expanded,058-player-Gunpowder-enclosed-s03,Gunpowder,36864,36864,,
godot-expanded,058-player-Gunpowder-enclosed-s04,Wall,1122,1122,,
godot-expanded,058-player-Gunpowder-enclosed-s04,Gunpowder,36864,36864,,
godot-expanded,059-player-Gunpowder-falling-s00,Wall,1122,1122,,
godot-expanded,059-player-Gunpowder-falling-s00,Gunpowder,768,768,,
godot-expanded,059-player-Gunpowder-falling-s01,Wall,1122,1122,,
godot-expanded,059-player-Gunpowder-falling-s01,Gunpowder,768,768,,
godot-expanded,059-player-Gunpowder-falling-s02,Wall,1122,1122,,
godot-expanded,059-player-Gunpowder-falling-s02,Gunpowder,768,768,,
godot-expanded,059-player-Gunpowder-falling-s03,Wall,1122,1122,,
godot-expanded,059-player-Gunpowder-falling-s03,Gunpowder,768,768,,
godot-expanded,059-player-Gunpowder-falling-s04,Wall,1122,1122,,
godot-expanded,059-player-Gunpowder-falling-s04,Gunpowder,768,768,,
godot-expanded,060-player-Coal-walk-s00,Wall,1122,1122,,
godot-expanded,060-player-Coal-walk-s00,Coal,36864,36864,,
godot-expanded,060-player-Coal-walk-s01,Wall,1122,1122,,
godot-expanded,060-player-Coal-walk-s01,Coal,36864,36864,,
godot-expanded,060-player-Coal-walk-s02,Wall,1122,1122,,
godot-expanded,060-player-Coal-walk-s02,Coal,36864,36864,,
godot-expanded,060-player-Coal-walk-s03,Wall,1122,1122,,
godot-expanded,060-player-Coal-walk-s03,Coal,36864,36864,,
godot-expanded,060-player-Coal-walk-s04,Wall,1122,1122,,
godot-expanded,060-player-Coal-walk-s04,Coal,36864,36864,,
godot-expanded,061-player-Coal-slope-s00,Wall,1122,1122,,
godot-expanded,061-player-Coal-slope-s00,Coal,35760,35760,,
godot-expanded,061-player-Coal-slope-s01,Wall,1122,1122,,
godot-expanded,061-player-Coal-slope-s01,Coal,35760,35760,,
godot-expanded,061-player-Coal-slope-s02,Wall,1122,1122,,
godot-expanded,061-player-Coal-slope-s02,Coal,35760,35760,,
godot-expanded,061-player-Coal-slope-s03,Wall,1122,1122,,
godot-expanded,061-player-Coal-slope-s03,Coal,35760,35760,,
godot-expanded,061-player-Coal-slope-s04,Wall,1122,1122,,
godot-expanded,061-player-Coal-slope-s04,Coal,35760,35760,,
godot-expanded,062-player-Coal-side-s00,Wall,1122,1122,,
godot-expanded,062-player-Coal-side-s00,Coal,37536,37536,,
godot-expanded,062-player-Coal-side-s01,Wall,1122,1122,,
godot-expanded,062-player-Coal-side-s01,Coal,37536,37536,,
godot-expanded,062-player-Coal-side-s02,Wall,1122,1122,,
godot-expanded,062-player-Coal-side-s02,Coal,37536,37536,,
godot-expanded,062-player-Coal-side-s03,Wall,1122,1122,,
godot-expanded,062-player-Coal-side-s03,Coal,37536,37536,,
godot-expanded,062-player-Coal-side-s04,Wall,1122,1122,,
godot-expanded,062-player-Coal-side-s04,Coal,37536,37536,,
godot-expanded,063-player-Coal-film-s00,Wall,1122,1122,,
godot-expanded,063-player-Coal-film-s00,Coal,96,96,,
godot-expanded,063-player-Coal-film-s01,Wall,1122,1122,,
godot-expanded,063-player-Coal-film-s01,Coal,96,96,,
godot-expanded,063-player-Coal-film-s02,Wall,1122,1122,,
godot-expanded,063-player-Coal-film-s02,Coal,96,96,,
godot-expanded,063-player-Coal-film-s03,Wall,1122,1122,,
godot-expanded,063-player-Coal-film-s03,Coal,96,96,,
godot-expanded,063-player-Coal-film-s04,Wall,1122,1122,,
godot-expanded,063-player-Coal-film-s04,Coal,96,96,,
godot-expanded,064-player-Coal-enclosed-s00,Wall,1122,1122,,
godot-expanded,064-player-Coal-enclosed-s00,Coal,36864,36864,,
godot-expanded,064-player-Coal-enclosed-s01,Wall,1122,1122,,
godot-expanded,064-player-Coal-enclosed-s01,Coal,36864,36864,,
godot-expanded,064-player-Coal-enclosed-s02,Wall,1122,1122,,
godot-expanded,064-player-Coal-enclosed-s02,Coal,36864,36864,,
godot-expanded,064-player-Coal-enclosed-s03,Wall,1122,1122,,
godot-expanded,064-player-Coal-enclosed-s03,Coal,36864,36864,,
godot-expanded,064-player-Coal-enclosed-s04,Wall,1122,1122,,
godot-expanded,064-player-Coal-enclosed-s04,Coal,36864,36864,,
godot-expanded,065-player-Coal-falling-s00,Wall,1122,1122,,
godot-expanded,065-player-Coal-falling-s00,Coal,768,768,,
godot-expanded,065-player-Coal-falling-s01,Wall,1122,1122,,
godot-expanded,065-player-Coal-falling-s01,Coal,768,768,,
godot-expanded,065-player-Coal-falling-s02,Wall,1122,1122,,
godot-expanded,065-player-Coal-falling-s02,Coal,768,768,,
godot-expanded,065-player-Coal-falling-s03,Wall,1122,1122,,
godot-expanded,065-player-Coal-falling-s03,Coal,768,768,,
godot-expanded,065-player-Coal-falling-s04,Wall,1122,1122,,
godot-expanded,065-player-Coal-falling-s04,Coal,768,768,,
godot-expanded,066-player-Rust-walk-s00,Wall,1122,1122,,
godot-expanded,066-player-Rust-walk-s00,Rust,36864,36864,,
godot-expanded,066-player-Rust-walk-s01,Wall,1122,1122,,
godot-expanded,066-player-Rust-walk-s01,Rust,36864,36864,,
godot-expanded,066-player-Rust-walk-s02,Wall,1122,1122,,
godot-expanded,066-player-Rust-walk-s02,Rust,36864,36864,,
godot-expanded,066-player-Rust-walk-s03,Wall,1122,1122,,
godot-expanded,066-player-Rust-walk-s03,Rust,36864,36864,,
godot-expanded,066-player-Rust-walk-s04,Wall,1122,1122,,
godot-expanded,066-player-Rust-walk-s04,Rust,36864,36864,,
godot-expanded,067-player-Rust-slope-s00,Wall,1122,1122,,
godot-expanded,067-player-Rust-slope-s00,Rust,35760,35760,,
godot-expanded,067-player-Rust-slope-s01,Wall,1122,1122,,
godot-expanded,067-player-Rust-slope-s01,Rust,35760,35760,,
godot-expanded,067-player-Rust-slope-s02,Wall,1122,1122,,
godot-expanded,067-player-Rust-slope-s02,Rust,35760,35760,,
godot-expanded,067-player-Rust-slope-s03,Wall,1122,1122,,
godot-expanded,067-player-Rust-slope-s03,Rust,35760,35760,,
godot-expanded,067-player-Rust-slope-s04,Wall,1122,1122,,
godot-expanded,067-player-Rust-slope-s04,Rust,35760,35760,,
godot-expanded,068-player-Rust-side-s00,Wall,1122,1122,,
godot-expanded,068-player-Rust-side-s00,Rust,37536,37536,,
godot-expanded,068-player-Rust-side-s01,Wall,1122,1122,,
godot-expanded,068-player-Rust-side-s01,Rust,37536,37536,,
godot-expanded,068-player-Rust-side-s02,Wall,1122,1122,,
godot-expanded,068-player-Rust-side-s02,Rust,37536,37536,,
godot-expanded,068-player-Rust-side-s03,Wall,1122,1122,,
godot-expanded,068-player-Rust-side-s03,Rust,37536,37536,,
godot-expanded,068-player-Rust-side-s04,Wall,1122,1122,,
godot-expanded,068-player-Rust-side-s04,Rust,37536,37536,,
godot-expanded,069-player-Rust-film-s00,Wall,1122,1122,,
godot-expanded,069-player-Rust-film-s00,Rust,96,96,,
godot-expanded,069-player-Rust-film-s01,Wall,1122,1122,,
godot-expanded,069-player-Rust-film-s01,Rust,96,96,,
godot-expanded,069-player-Rust-film-s02,Wall,1122,1122,,
godot-expanded,069-player-Rust-film-s02,Rust,96,96,,
godot-expanded,069-player-Rust-film-s03,Wall,1122,1122,,
godot-expanded,069-player-Rust-film-s03,Rust,96,96,,
godot-expanded,069-player-Rust-film-s04,Wall,1122,1122,,
godot-expanded,069-player-Rust-film-s04,Rust,96,96,,
godot-expanded,070-player-Rust-enclosed-s00,Wall,1122,1122,,
godot-expanded,070-player-Rust-enclosed-s00,Rust,36864,36864,,
godot-expanded,070-player-Rust-enclosed-s01,Wall,1122,1122,,
godot-expanded,070-player-Rust-enclosed-s01,Rust,36864,36864,,
godot-expanded,070-player-Rust-enclosed-s02,Wall,1122,1122,,
godot-expanded,070-player-Rust-enclosed-s02,Rust,36864,36864,,
godot-expanded,070-player-Rust-enclosed-s03,Wall,1122,1122,,
godot-expanded,070-player-Rust-enclosed-s03,Rust,36864,36864,,
godot-expanded,070-player-Rust-enclosed-s04,Wall,1122,1122,,
godot-expanded,070-player-Rust-enclosed-s04,Rust,36864,36864,,
godot-expanded,071-player-Rust-falling-s00,Wall,1122,1122,,
godot-expanded,071-player-Rust-falling-s00,Rust,768,768,,
godot-expanded,071-player-Rust-falling-s01,Wall,1122,1122,,
godot-expanded,071-player-Rust-falling-s01,Rust,768,768,,
godot-expanded,071-player-Rust-falling-s02,Wall,1122,1122,,
godot-expanded,071-player-Rust-falling-s02,Rust,768,768,,
godot-expanded,071-player-Rust-falling-s03,Wall,1122,1122,,
godot-expanded,071-player-Rust-falling-s03,Rust,768,768,,
godot-expanded,071-player-Rust-falling-s04,Wall,1122,1122,,
godot-expanded,071-player-Rust-falling-s04,Rust,768,768,,
godot-expanded,072-player-Wall-flat-s00,Wall,37986,37986,,
godot-expanded,072-player-Wall-flat-s01,Wall,37986,37986,,
godot-expanded,072-player-Wall-flat-s02,Wall,37986,37986,,
godot-expanded,072-player-Wall-flat-s03,Wall,37986,37986,,
godot-expanded,072-player-Wall-flat-s04,Wall,37986,37986,,
godot-expanded,073-player-Water-flat-s00,Wall,1122,1122,,
godot-expanded,073-player-Water-flat-s00,Water,36864,36864,,
godot-expanded,073-player-Water-flat-s01,Wall,1122,1122,,
godot-expanded,073-player-Water-flat-s01,Water,36864,36864,,
godot-expanded,073-player-Water-flat-s02,Wall,1122,1122,,
godot-expanded,073-player-Water-flat-s02,Water,36864,36864,,
godot-expanded,073-player-Water-flat-s03,Wall,1122,1122,,
godot-expanded,073-player-Water-flat-s03,Water,36864,36864,,
godot-expanded,073-player-Water-flat-s04,Wall,1122,1122,,
godot-expanded,073-player-Water-flat-s04,Water,36864,36864,,
godot-expanded,074-player-Sand-interior-s00,Wall,1122,1122,,
godot-expanded,074-player-Sand-interior-s00,Sand,1,1,,
godot-expanded,074-player-Sand-interior-s01,Wall,1122,1122,,
godot-expanded,074-player-Sand-interior-s01,Sand,1,1,,
godot-expanded,074-player-Sand-interior-s02,Wall,1122,1122,,
godot-expanded,074-player-Sand-interior-s02,Sand,1,1,,
godot-expanded,074-player-Sand-interior-s03,Wall,1122,1122,,
godot-expanded,074-player-Sand-interior-s03,Sand,1,1,,
godot-expanded,074-player-Sand-interior-s04,Wall,1122,1122,,
godot-expanded,074-player-Sand-interior-s04,Sand,1,1,,
godot-expanded,075-barrel-Sand-flat-s00,Wall,1122,1122,,
godot-expanded,075-barrel-Sand-flat-s00,Sand,36864,36864,,
godot-expanded,075-barrel-Sand-flat-s01,Wall,1122,1122,,
godot-expanded,075-barrel-Sand-flat-s01,Sand,36864,36864,,
godot-expanded,075-barrel-Sand-flat-s02,Wall,1122,1122,,
godot-expanded,075-barrel-Sand-flat-s02,Sand,36864,36864,,
godot-expanded,075-barrel-Sand-flat-s03,Wall,1122,1122,,
godot-expanded,075-barrel-Sand-flat-s03,Sand,36864,36864,,
godot-expanded,075-barrel-Sand-flat-s04,Wall,1122,1122,,
godot-expanded,075-barrel-Sand-flat-s04,Sand,36864,36864,,
godot-expanded,076-barrel-Sand-flat-s00,Wall,1122,1122,,
godot-expanded,076-barrel-Sand-flat-s00,Sand,36864,36828,,
godot-expanded,076-barrel-Sand-flat-s01,Wall,1122,1122,,
godot-expanded,076-barrel-Sand-flat-s01,Sand,36864,36823,,
godot-expanded,076-barrel-Sand-flat-s02,Wall,1122,1122,,
godot-expanded,076-barrel-Sand-flat-s02,Sand,36864,36823,,
godot-expanded,076-barrel-Sand-flat-s03,Wall,1122,1122,,
godot-expanded,076-barrel-Sand-flat-s03,Sand,36864,36820,,
godot-expanded,076-barrel-Sand-flat-s04,Wall,1122,1122,,
godot-expanded,076-barrel-Sand-flat-s04,Sand,36864,36824,,
godot-expanded,077-barrel-Sand-flat-s00,Wall,1122,1122,,
godot-expanded,077-barrel-Sand-flat-s00,Sand,36864,36820,,
godot-expanded,077-barrel-Sand-flat-s01,Wall,1122,1122,,
godot-expanded,077-barrel-Sand-flat-s01,Sand,36864,36834,,
godot-expanded,077-barrel-Sand-flat-s02,Wall,1122,1122,,
godot-expanded,077-barrel-Sand-flat-s02,Sand,36864,36818,,
godot-expanded,077-barrel-Sand-flat-s03,Wall,1122,1122,,
godot-expanded,077-barrel-Sand-flat-s03,Sand,36864,36831,,
godot-expanded,077-barrel-Sand-flat-s04,Wall,1122,1122,,
godot-expanded,077-barrel-Sand-flat-s04,Sand,36864,36819,,
godot-expanded,078-barrel-Dust-flat-s00,Wall,1122,1122,,
godot-expanded,078-barrel-Dust-flat-s00,Dust,36864,36864,,
godot-expanded,078-barrel-Dust-flat-s01,Wall,1122,1122,,
godot-expanded,078-barrel-Dust-flat-s01,Dust,36864,36864,,
godot-expanded,078-barrel-Dust-flat-s02,Wall,1122,1122,,
godot-expanded,078-barrel-Dust-flat-s02,Dust,36864,36864,,
godot-expanded,078-barrel-Dust-flat-s03,Wall,1122,1122,,
godot-expanded,078-barrel-Dust-flat-s03,Dust,36864,36864,,
godot-expanded,078-barrel-Dust-flat-s04,Wall,1122,1122,,
godot-expanded,078-barrel-Dust-flat-s04,Dust,36864,36864,,
godot-expanded,079-barrel-Dust-flat-s00,Wall,1122,1122,,
godot-expanded,079-barrel-Dust-flat-s00,Dust,36864,36575,,
godot-expanded,079-barrel-Dust-flat-s01,Wall,1122,1122,,
godot-expanded,079-barrel-Dust-flat-s01,Dust,36864,36818,,
godot-expanded,079-barrel-Dust-flat-s02,Wall,1122,1122,,
godot-expanded,079-barrel-Dust-flat-s02,Dust,36864,36772,,
godot-expanded,079-barrel-Dust-flat-s03,Wall,1122,1122,,
godot-expanded,079-barrel-Dust-flat-s03,Dust,36864,36817,,
godot-expanded,079-barrel-Dust-flat-s04,Wall,1122,1122,,
godot-expanded,079-barrel-Dust-flat-s04,Dust,36864,36819,,
godot-expanded,080-barrel-Dust-flat-s00,Wall,1122,1122,,
godot-expanded,080-barrel-Dust-flat-s00,Dust,36864,36819,,
godot-expanded,080-barrel-Dust-flat-s01,Wall,1122,1122,,
godot-expanded,080-barrel-Dust-flat-s01,Dust,36864,36827,,
godot-expanded,080-barrel-Dust-flat-s02,Wall,1122,1122,,
godot-expanded,080-barrel-Dust-flat-s02,Dust,36864,36771,,
godot-expanded,080-barrel-Dust-flat-s03,Wall,1122,1122,,
godot-expanded,080-barrel-Dust-flat-s03,Dust,36864,36831,,
godot-expanded,080-barrel-Dust-flat-s04,Wall,1122,1122,,
godot-expanded,080-barrel-Dust-flat-s04,Dust,36864,36825,,
godot-expanded,081-barrel-Salt-flat-s00,Wall,1122,1122,,
godot-expanded,081-barrel-Salt-flat-s00,Salt,36864,36864,,
godot-expanded,081-barrel-Salt-flat-s01,Wall,1122,1122,,
godot-expanded,081-barrel-Salt-flat-s01,Salt,36864,36864,,
godot-expanded,081-barrel-Salt-flat-s02,Wall,1122,1122,,
godot-expanded,081-barrel-Salt-flat-s02,Salt,36864,36864,,
godot-expanded,081-barrel-Salt-flat-s03,Wall,1122,1122,,
godot-expanded,081-barrel-Salt-flat-s03,Salt,36864,36864,,
godot-expanded,081-barrel-Salt-flat-s04,Wall,1122,1122,,
godot-expanded,081-barrel-Salt-flat-s04,Salt,36864,36864,,
godot-expanded,082-barrel-Salt-flat-s00,Wall,1122,1122,,
godot-expanded,082-barrel-Salt-flat-s00,Salt,36864,36828,,
godot-expanded,082-barrel-Salt-flat-s01,Wall,1122,1122,,
godot-expanded,082-barrel-Salt-flat-s01,Salt,36864,36823,,
godot-expanded,082-barrel-Salt-flat-s02,Wall,1122,1122,,
godot-expanded,082-barrel-Salt-flat-s02,Salt,36864,36823,,
godot-expanded,082-barrel-Salt-flat-s03,Wall,1122,1122,,
godot-expanded,082-barrel-Salt-flat-s03,Salt,36864,36820,,
godot-expanded,082-barrel-Salt-flat-s04,Wall,1122,1122,,
godot-expanded,082-barrel-Salt-flat-s04,Salt,36864,36824,,
godot-expanded,083-barrel-Salt-flat-s00,Wall,1122,1122,,
godot-expanded,083-barrel-Salt-flat-s00,Salt,36864,36820,,
godot-expanded,083-barrel-Salt-flat-s01,Wall,1122,1122,,
godot-expanded,083-barrel-Salt-flat-s01,Salt,36864,36834,,
godot-expanded,083-barrel-Salt-flat-s02,Wall,1122,1122,,
godot-expanded,083-barrel-Salt-flat-s02,Salt,36864,36818,,
godot-expanded,083-barrel-Salt-flat-s03,Wall,1122,1122,,
godot-expanded,083-barrel-Salt-flat-s03,Salt,36864,36831,,
godot-expanded,083-barrel-Salt-flat-s04,Wall,1122,1122,,
godot-expanded,083-barrel-Salt-flat-s04,Salt,36864,36819,,
godot-expanded,084-barrel-Sand-flat-s00,Wall,1122,1122,,
godot-expanded,084-barrel-Sand-flat-s00,Sand,36864,36653,,
godot-expanded,084-barrel-Sand-flat-s01,Wall,1122,1122,,
godot-expanded,084-barrel-Sand-flat-s01,Sand,36864,36701,,
godot-expanded,084-barrel-Sand-flat-s02,Wall,1122,1122,,
godot-expanded,084-barrel-Sand-flat-s02,Sand,36864,36650,,
godot-expanded,084-barrel-Sand-flat-s03,Wall,1122,1122,,
godot-expanded,084-barrel-Sand-flat-s03,Sand,36864,36684,,
godot-expanded,084-barrel-Sand-flat-s04,Wall,1122,1122,,
godot-expanded,084-barrel-Sand-flat-s04,Sand,36864,36650,,
godot-expanded,085-barrel-Sand-flat-s00,Wall,1122,1122,,
godot-expanded,085-barrel-Sand-flat-s00,Sand,36864,36770,,
godot-expanded,085-barrel-Sand-flat-s01,Wall,1122,1122,,
godot-expanded,085-barrel-Sand-flat-s01,Sand,36864,36770,,
godot-expanded,085-barrel-Sand-flat-s02,Wall,1122,1122,,
godot-expanded,085-barrel-Sand-flat-s02,Sand,36864,36744,,
godot-expanded,085-barrel-Sand-flat-s03,Wall,1122,1122,,
godot-expanded,085-barrel-Sand-flat-s03,Sand,36864,36759,,
godot-expanded,085-barrel-Sand-flat-s04,Wall,1122,1122,,
godot-expanded,085-barrel-Sand-flat-s04,Sand,36864,36778,,
godot-expanded,086-barrel-Sand-flat-s00,Wall,1122,1122,,
godot-expanded,086-barrel-Sand-flat-s00,Sand,36864,36760,,
godot-expanded,086-barrel-Sand-flat-s01,Wall,1122,1122,,
godot-expanded,086-barrel-Sand-flat-s01,Sand,36864,36760,,
godot-expanded,086-barrel-Sand-flat-s02,Wall,1122,1122,,
godot-expanded,086-barrel-Sand-flat-s02,Sand,36864,36767,,
godot-expanded,086-barrel-Sand-flat-s03,Wall,1122,1122,,
godot-expanded,086-barrel-Sand-flat-s03,Sand,36864,36767,,
godot-expanded,086-barrel-Sand-flat-s04,Wall,1122,1122,,
godot-expanded,086-barrel-Sand-flat-s04,Sand,36864,36767,,
godot-expanded,087-player-Sand-excavate-s00,Wall,1122,1122,,
godot-expanded,087-player-Sand-excavate-s00,Sand,36864,24576,,
godot-expanded,087-player-Sand-excavate-s01,Wall,1122,1122,,
godot-expanded,087-player-Sand-excavate-s01,Sand,36864,24576,,
godot-expanded,087-player-Sand-excavate-s02,Wall,1122,1122,,
godot-expanded,087-player-Sand-excavate-s02,Sand,36864,24576,,
godot-expanded,087-player-Sand-excavate-s03,Wall,1122,1122,,
godot-expanded,087-player-Sand-excavate-s03,Sand,36864,24576,,
godot-expanded,087-player-Sand-excavate-s04,Wall,1122,1122,,
godot-expanded,087-player-Sand-excavate-s04,Sand,36864,24576,,
godot-expanded,088-player-Sand-reentry-s00,Wall,1122,1122,,
godot-expanded,088-player-Sand-reentry-s00,Sand,36864,36864,,
godot-expanded,088-player-Sand-reentry-s01,Wall,1122,1122,,
godot-expanded,088-player-Sand-reentry-s01,Sand,36864,36864,,
godot-expanded,088-player-Sand-reentry-s02,Wall,1122,1122,,
godot-expanded,088-player-Sand-reentry-s02,Sand,36864,36864,,
godot-expanded,088-player-Sand-reentry-s03,Wall,1122,1122,,
godot-expanded,088-player-Sand-reentry-s03,Sand,36864,36864,,
godot-expanded,088-player-Sand-reentry-s04,Wall,1122,1122,,
godot-expanded,088-player-Sand-reentry-s04,Sand,36864,36864,,
godot-expanded,089-barrel-Sand-excavate-s00,Wall,1122,1122,,
godot-expanded,089-barrel-Sand-excavate-s00,Sand,36864,24583,,
godot-expanded,089-barrel-Sand-excavate-s01,Wall,1122,1122,,
godot-expanded,089-barrel-Sand-excavate-s01,Sand,36864,24582,,
godot-expanded,089-barrel-Sand-excavate-s02,Wall,1122,1122,,
godot-expanded,089-barrel-Sand-excavate-s02,Sand,36864,23083,,
godot-expanded,089-barrel-Sand-excavate-s03,Wall,1122,1122,,
godot-expanded,089-barrel-Sand-excavate-s03,Sand,36864,24592,,
godot-expanded,089-barrel-Sand-excavate-s04,Wall,1122,1122,,
godot-expanded,089-barrel-Sand-excavate-s04,Sand,36864,24591,,
godot-expanded,090-barrel-Sand-reentry-s00,Wall,1122,1122,,
godot-expanded,090-barrel-Sand-reentry-s00,Sand,36864,36807,,
godot-expanded,090-barrel-Sand-reentry-s01,Wall,1122,1122,,
godot-expanded,090-barrel-Sand-reentry-s01,Sand,36864,36810,,
godot-expanded,090-barrel-Sand-reentry-s02,Wall,1122,1122,,
godot-expanded,090-barrel-Sand-reentry-s02,Sand,36864,36530,,
godot-expanded,090-barrel-Sand-reentry-s03,Wall,1122,1122,,
godot-expanded,090-barrel-Sand-reentry-s03,Sand,36864,36810,,
godot-expanded,090-barrel-Sand-reentry-s04,Wall,1122,1122,,
godot-expanded,090-barrel-Sand-reentry-s04,Sand,36864,36810,,
godot-expanded,091-barrel-Empty-hard-s00,Wall,1218,1218,,
godot-expanded,091-barrel-Empty-hard-s01,Wall,1218,1218,,
godot-expanded,091-barrel-Empty-hard-s02,Wall,1218,1218,,
godot-expanded,091-barrel-Empty-hard-s03,Wall,1218,1218,,
godot-expanded,091-barrel-Empty-hard-s04,Wall,1218,1218,,
godot-expanded,092-barrel-Empty-hard-s00,Wall,1218,1218,,
godot-expanded,092-barrel-Empty-hard-s01,Wall,1218,1218,,
godot-expanded,092-barrel-Empty-hard-s02,Wall,1218,1218,,
godot-expanded,092-barrel-Empty-hard-s03,Wall,1218,1218,,
godot-expanded,092-barrel-Empty-hard-s04,Wall,1218,1218,,
godot-creep,000-barrel-Sand-flat-s00,Wall,1122,1122,,
godot-creep,000-barrel-Sand-flat-s00,Sand,36864,36390,,
godot-creep,000-barrel-Sand-flat-s01,Wall,1122,1122,,
godot-creep,000-barrel-Sand-flat-s01,Sand,36864,36819,,
godot-creep,000-barrel-Sand-flat-s02,Wall,1122,1122,,
godot-creep,000-barrel-Sand-flat-s02,Sand,36864,36827,,
godot-creep,000-barrel-Sand-flat-s03,Wall,1122,1122,,
godot-creep,000-barrel-Sand-flat-s03,Sand,36864,36826,,
godot-creep,000-barrel-Sand-flat-s04,Wall,1122,1122,,
godot-creep,000-barrel-Sand-flat-s04,Sand,36864,36785,,
godot-creep,000-barrel-Sand-flat-s05,Wall,1122,1122,,
godot-creep,000-barrel-Sand-flat-s05,Sand,36864,36819,,
godot-creep,000-barrel-Sand-flat-s06,Wall,1122,1122,,
godot-creep,000-barrel-Sand-flat-s06,Sand,36864,36823,,
godot-creep,000-barrel-Sand-flat-s07,Wall,1122,1122,,
godot-creep,000-barrel-Sand-flat-s07,Sand,36864,36819,,
godot-creep,000-barrel-Sand-flat-s08,Wall,1122,1122,,
godot-creep,000-barrel-Sand-flat-s08,Sand,36864,36816,,
godot-creep,000-barrel-Sand-flat-s09,Wall,1122,1122,,
godot-creep,000-barrel-Sand-flat-s09,Sand,36864,36820,,
godot-creep,000-barrel-Sand-flat-s10,Wall,1122,1122,,
godot-creep,000-barrel-Sand-flat-s10,Sand,36864,36823,,
godot-creep,000-barrel-Sand-flat-s11,Wall,1122,1122,,
godot-creep,000-barrel-Sand-flat-s11,Sand,36864,36823,,
godot-creep,000-barrel-Sand-flat-s12,Wall,1122,1122,,
godot-creep,000-barrel-Sand-flat-s12,Sand,36864,36823,,
godot-creep,000-barrel-Sand-flat-s13,Wall,1122,1122,,
godot-creep,000-barrel-Sand-flat-s13,Sand,36864,36819,,
godot-creep,000-barrel-Sand-flat-s14,Wall,1122,1122,,
godot-creep,000-barrel-Sand-flat-s14,Sand,36864,34247,,
godot-creep,000-barrel-Sand-flat-s15,Wall,1122,1122,,
godot-creep,000-barrel-Sand-flat-s15,Sand,36864,36824,,
godot-creep,000-barrel-Sand-flat-s16,Wall,1122,1122,,
godot-creep,000-barrel-Sand-flat-s16,Sand,36864,36819,,
godot-creep,000-barrel-Sand-flat-s17,Wall,1122,1122,,
godot-creep,000-barrel-Sand-flat-s17,Sand,36864,36819,,
godot-creep,000-barrel-Sand-flat-s18,Wall,1122,1122,,
godot-creep,000-barrel-Sand-flat-s18,Sand,36864,36823,,
godot-creep,000-barrel-Sand-flat-s19,Wall,1122,1122,,
godot-creep,000-barrel-Sand-flat-s19,Sand,36864,36818,,
godot-creep,001-barrel-Sand-flat-s00,Wall,1122,1122,,
godot-creep,001-barrel-Sand-flat-s00,Sand,36864,36090,,
godot-creep,001-barrel-Sand-flat-s01,Wall,1122,1122,,
godot-creep,001-barrel-Sand-flat-s01,Sand,36864,36834,,
godot-creep,001-barrel-Sand-flat-s02,Wall,1122,1122,,
godot-creep,001-barrel-Sand-flat-s02,Sand,36864,33089,,
godot-creep,001-barrel-Sand-flat-s03,Wall,1122,1122,,
godot-creep,001-barrel-Sand-flat-s03,Sand,36864,36686,,
godot-creep,001-barrel-Sand-flat-s04,Wall,1122,1122,,
godot-creep,001-barrel-Sand-flat-s04,Sand,36864,32297,,
godot-creep,001-barrel-Sand-flat-s05,Wall,1122,1122,,
godot-creep,001-barrel-Sand-flat-s05,Sand,36864,36834,,
godot-creep,001-barrel-Sand-flat-s06,Wall,1122,1122,,
godot-creep,001-barrel-Sand-flat-s06,Sand,36864,31433,,
godot-creep,001-barrel-Sand-flat-s07,Wall,1122,1122,,
godot-creep,001-barrel-Sand-flat-s07,Sand,36864,36828,,
godot-creep,001-barrel-Sand-flat-s08,Wall,1122,1122,,
godot-creep,001-barrel-Sand-flat-s08,Sand,36864,33666,,
godot-creep,001-barrel-Sand-flat-s09,Wall,1122,1122,,
godot-creep,001-barrel-Sand-flat-s09,Sand,36864,36838,,
godot-creep,001-barrel-Sand-flat-s10,Wall,1122,1122,,
godot-creep,001-barrel-Sand-flat-s10,Sand,36864,36864,,
godot-creep,001-barrel-Sand-flat-s11,Wall,1122,1122,,
godot-creep,001-barrel-Sand-flat-s11,Sand,36864,33458,,
godot-creep,001-barrel-Sand-flat-s12,Wall,1122,1122,,
godot-creep,001-barrel-Sand-flat-s12,Sand,36864,36807,,
godot-creep,001-barrel-Sand-flat-s13,Wall,1122,1122,,
godot-creep,001-barrel-Sand-flat-s13,Sand,36864,36864,,
godot-creep,001-barrel-Sand-flat-s14,Wall,1122,1122,,
godot-creep,001-barrel-Sand-flat-s14,Sand,36864,36864,,
godot-creep,001-barrel-Sand-flat-s15,Wall,1122,1122,,
godot-creep,001-barrel-Sand-flat-s15,Sand,36864,36834,,
godot-creep,001-barrel-Sand-flat-s16,Wall,1122,1122,,
godot-creep,001-barrel-Sand-flat-s16,Sand,36864,36839,,
godot-creep,001-barrel-Sand-flat-s17,Wall,1122,1122,,
godot-creep,001-barrel-Sand-flat-s17,Sand,36864,36834,,
godot-creep,001-barrel-Sand-flat-s18,Wall,1122,1122,,
godot-creep,001-barrel-Sand-flat-s18,Sand,36864,36821,,
godot-creep,001-barrel-Sand-flat-s19,Wall,1122,1122,,
godot-creep,001-barrel-Sand-flat-s19,Sand,36864,36809,,
godot-creep,002-barrel-Sand-flat-s00,Wall,1122,1122,,
godot-creep,002-barrel-Sand-flat-s00,Sand,36864,36823,,
godot-creep,002-barrel-Sand-flat-s01,Wall,1122,1122,,
godot-creep,002-barrel-Sand-flat-s01,Sand,36864,36820,,
godot-creep,002-barrel-Sand-flat-s02,Wall,1122,1122,,
godot-creep,002-barrel-Sand-flat-s02,Sand,36864,36811,,
godot-creep,002-barrel-Sand-flat-s03,Wall,1122,1122,,
godot-creep,002-barrel-Sand-flat-s03,Sand,36864,36824,,
godot-creep,002-barrel-Sand-flat-s04,Wall,1122,1122,,
godot-creep,002-barrel-Sand-flat-s04,Sand,36864,36823,,
godot-creep,002-barrel-Sand-flat-s05,Wall,1122,1122,,
godot-creep,002-barrel-Sand-flat-s05,Sand,36864,36795,,
godot-creep,002-barrel-Sand-flat-s06,Wall,1122,1122,,
godot-creep,002-barrel-Sand-flat-s06,Sand,36864,36828,,
godot-creep,002-barrel-Sand-flat-s07,Wall,1122,1122,,
godot-creep,002-barrel-Sand-flat-s07,Sand,36864,36819,,
godot-creep,002-barrel-Sand-flat-s08,Wall,1122,1122,,
godot-creep,002-barrel-Sand-flat-s08,Sand,36864,36819,,
godot-creep,002-barrel-Sand-flat-s09,Wall,1122,1122,,
godot-creep,002-barrel-Sand-flat-s09,Sand,36864,36826,,
godot-creep,002-barrel-Sand-flat-s10,Wall,1122,1122,,
godot-creep,002-barrel-Sand-flat-s10,Sand,36864,36812,,
godot-creep,002-barrel-Sand-flat-s11,Wall,1122,1122,,
godot-creep,002-barrel-Sand-flat-s11,Sand,36864,36820,,
godot-creep,002-barrel-Sand-flat-s12,Wall,1122,1122,,
godot-creep,002-barrel-Sand-flat-s12,Sand,36864,36819,,
godot-creep,002-barrel-Sand-flat-s13,Wall,1122,1122,,
godot-creep,002-barrel-Sand-flat-s13,Sand,36864,36819,,
godot-creep,002-barrel-Sand-flat-s14,Wall,1122,1122,,
godot-creep,002-barrel-Sand-flat-s14,Sand,36864,36815,,
godot-creep,002-barrel-Sand-flat-s15,Wall,1122,1122,,
godot-creep,002-barrel-Sand-flat-s15,Sand,36864,36827,,
godot-creep,002-barrel-Sand-flat-s16,Wall,1122,1122,,
godot-creep,002-barrel-Sand-flat-s16,Sand,36864,36816,,
godot-creep,002-barrel-Sand-flat-s17,Wall,1122,1122,,
godot-creep,002-barrel-Sand-flat-s17,Sand,36864,36822,,
godot-creep,002-barrel-Sand-flat-s18,Wall,1122,1122,,
godot-creep,002-barrel-Sand-flat-s18,Sand,36864,36827,,
godot-creep,002-barrel-Sand-flat-s19,Wall,1122,1122,,
godot-creep,002-barrel-Sand-flat-s19,Sand,36864,36824,,
godot-creep,003-barrel-Sand-flat-s00,Wall,1122,1122,,
godot-creep,003-barrel-Sand-flat-s00,Sand,36864,36813,,
godot-creep,003-barrel-Sand-flat-s01,Wall,1122,1122,,
godot-creep,003-barrel-Sand-flat-s01,Sand,36864,36815,,
godot-creep,003-barrel-Sand-flat-s02,Wall,1122,1122,,
godot-creep,003-barrel-Sand-flat-s02,Sand,36864,36823,,
godot-creep,003-barrel-Sand-flat-s03,Wall,1122,1122,,
godot-creep,003-barrel-Sand-flat-s03,Sand,36864,36815,,
godot-creep,003-barrel-Sand-flat-s04,Wall,1122,1122,,
godot-creep,003-barrel-Sand-flat-s04,Sand,36864,36815,,
godot-creep,003-barrel-Sand-flat-s05,Wall,1122,1122,,
godot-creep,003-barrel-Sand-flat-s05,Sand,36864,36824,,
godot-creep,003-barrel-Sand-flat-s06,Wall,1122,1122,,
godot-creep,003-barrel-Sand-flat-s06,Sand,36864,36824,,
godot-creep,003-barrel-Sand-flat-s07,Wall,1122,1122,,
godot-creep,003-barrel-Sand-flat-s07,Sand,36864,36819,,
godot-creep,003-barrel-Sand-flat-s08,Wall,1122,1122,,
godot-creep,003-barrel-Sand-flat-s08,Sand,36864,36802,,
godot-creep,003-barrel-Sand-flat-s09,Wall,1122,1122,,
godot-creep,003-barrel-Sand-flat-s09,Sand,36864,36812,,
godot-creep,003-barrel-Sand-flat-s10,Wall,1122,1122,,
godot-creep,003-barrel-Sand-flat-s10,Sand,36864,36809,,
godot-creep,003-barrel-Sand-flat-s11,Wall,1122,1122,,
godot-creep,003-barrel-Sand-flat-s11,Sand,36864,36820,,
godot-creep,003-barrel-Sand-flat-s12,Wall,1122,1122,,
godot-creep,003-barrel-Sand-flat-s12,Sand,36864,36795,,
godot-creep,003-barrel-Sand-flat-s13,Wall,1122,1122,,
godot-creep,003-barrel-Sand-flat-s13,Sand,36864,36818,,
godot-creep,003-barrel-Sand-flat-s14,Wall,1122,1122,,
godot-creep,003-barrel-Sand-flat-s14,Sand,36864,36822,,
godot-creep,003-barrel-Sand-flat-s15,Wall,1122,1122,,
godot-creep,003-barrel-Sand-flat-s15,Sand,36864,36819,,
godot-creep,003-barrel-Sand-flat-s16,Wall,1122,1122,,
godot-creep,003-barrel-Sand-flat-s16,Sand,36864,36824,,
godot-creep,003-barrel-Sand-flat-s17,Wall,1122,1122,,
godot-creep,003-barrel-Sand-flat-s17,Sand,36864,36824,,
godot-creep,003-barrel-Sand-flat-s18,Wall,1122,1122,,
godot-creep,003-barrel-Sand-flat-s18,Sand,36864,36818,,
godot-creep,003-barrel-Sand-flat-s19,Wall,1122,1122,,
godot-creep,003-barrel-Sand-flat-s19,Sand,36864,36815,,
godot-creep,004-barrel-Sand-excavate-s00,Wall,1122,1122,,
godot-creep,004-barrel-Sand-excavate-s00,Sand,36864,21256,,
godot-creep,004-barrel-Sand-excavate-s01,Wall,1122,1122,,
godot-creep,004-barrel-Sand-excavate-s01,Sand,36864,24582,,
godot-creep,004-barrel-Sand-excavate-s02,Wall,1122,1122,,
godot-creep,004-barrel-Sand-excavate-s02,Sand,36864,20856,,
godot-creep,004-barrel-Sand-excavate-s03,Wall,1122,1122,,
godot-creep,004-barrel-Sand-excavate-s03,Sand,36864,19049,,
godot-creep,004-barrel-Sand-excavate-s04,Wall,1122,1122,,
godot-creep,004-barrel-Sand-excavate-s04,Sand,36864,24591,,
godot-creep,004-barrel-Sand-excavate-s05,Wall,1122,1122,,
godot-creep,004-barrel-Sand-excavate-s05,Sand,36864,20989,,
godot-creep,004-barrel-Sand-excavate-s06,Wall,1122,1122,,
godot-creep,004-barrel-Sand-excavate-s06,Sand,36864,19203,,
godot-creep,004-barrel-Sand-excavate-s07,Wall,1122,1122,,
godot-creep,004-barrel-Sand-excavate-s07,Sand,36864,24594,,
godot-creep,004-barrel-Sand-excavate-s08,Wall,1122,1122,,
godot-creep,004-barrel-Sand-excavate-s08,Sand,36864,21115,,
godot-creep,004-barrel-Sand-excavate-s09,Wall,1122,1122,,
godot-creep,004-barrel-Sand-excavate-s09,Sand,36864,24581,,
godot-creep,004-barrel-Sand-excavate-s10,Wall,1122,1122,,
godot-creep,004-barrel-Sand-excavate-s10,Sand,36864,24433,,
godot-creep,004-barrel-Sand-excavate-s11,Wall,1122,1122,,
godot-creep,004-barrel-Sand-excavate-s11,Sand,36864,24586,,
godot-creep,004-barrel-Sand-excavate-s12,Wall,1122,1122,,
godot-creep,004-barrel-Sand-excavate-s12,Sand,36864,24573,,
godot-creep,004-barrel-Sand-excavate-s13,Wall,1122,1122,,
godot-creep,004-barrel-Sand-excavate-s13,Sand,36864,20527,,
godot-creep,004-barrel-Sand-excavate-s14,Wall,1122,1122,,
godot-creep,004-barrel-Sand-excavate-s14,Sand,36864,21496,,
godot-creep,004-barrel-Sand-excavate-s15,Wall,1122,1122,,
godot-creep,004-barrel-Sand-excavate-s15,Sand,36864,19749,,
godot-creep,004-barrel-Sand-excavate-s16,Wall,1122,1122,,
godot-creep,004-barrel-Sand-excavate-s16,Sand,36864,24594,,
godot-creep,004-barrel-Sand-excavate-s17,Wall,1122,1122,,
godot-creep,004-barrel-Sand-excavate-s17,Sand,36864,21468,,
godot-creep,004-barrel-Sand-excavate-s18,Wall,1122,1122,,
godot-creep,004-barrel-Sand-excavate-s18,Sand,36864,19894,,
godot-creep,004-barrel-Sand-excavate-s19,Wall,1122,1122,,
godot-creep,004-barrel-Sand-excavate-s19,Sand,36864,20748,,
godot-creep,005-barrel-Dust-flat-s00,Wall,1122,1122,,
godot-creep,005-barrel-Dust-flat-s00,Dust,36864,36819,,
godot-creep,005-barrel-Dust-flat-s01,Wall,1122,1122,,
godot-creep,005-barrel-Dust-flat-s01,Dust,36864,36822,,
godot-creep,005-barrel-Dust-flat-s02,Wall,1122,1122,,
godot-creep,005-barrel-Dust-flat-s02,Dust,36864,36794,,
godot-creep,005-barrel-Dust-flat-s03,Wall,1122,1122,,
godot-creep,005-barrel-Dust-flat-s03,Dust,36864,36826,,
godot-creep,005-barrel-Dust-flat-s04,Wall,1122,1122,,
godot-creep,005-barrel-Dust-flat-s04,Dust,36864,36823,,
godot-creep,005-barrel-Dust-flat-s05,Wall,1122,1122,,
godot-creep,005-barrel-Dust-flat-s05,Dust,36864,36744,,
godot-creep,005-barrel-Dust-flat-s06,Wall,1122,1122,,
godot-creep,005-barrel-Dust-flat-s06,Dust,36864,36834,,
godot-creep,005-barrel-Dust-flat-s07,Wall,1122,1122,,
godot-creep,005-barrel-Dust-flat-s07,Dust,36864,36828,,
godot-creep,005-barrel-Dust-flat-s08,Wall,1122,1122,,
godot-creep,005-barrel-Dust-flat-s08,Dust,36864,36818,,
godot-creep,005-barrel-Dust-flat-s09,Wall,1122,1122,,
godot-creep,005-barrel-Dust-flat-s09,Dust,36864,36820,,
godot-creep,005-barrel-Dust-flat-s10,Wall,1122,1122,,
godot-creep,005-barrel-Dust-flat-s10,Dust,36864,36818,,
godot-creep,005-barrel-Dust-flat-s11,Wall,1122,1122,,
godot-creep,005-barrel-Dust-flat-s11,Dust,36864,36827,,
godot-creep,005-barrel-Dust-flat-s12,Wall,1122,1122,,
godot-creep,005-barrel-Dust-flat-s12,Dust,36864,36819,,
godot-creep,005-barrel-Dust-flat-s13,Wall,1122,1122,,
godot-creep,005-barrel-Dust-flat-s13,Dust,36864,36817,,
godot-creep,005-barrel-Dust-flat-s14,Wall,1122,1122,,
godot-creep,005-barrel-Dust-flat-s14,Dust,36864,36819,,
godot-creep,005-barrel-Dust-flat-s15,Wall,1122,1122,,
godot-creep,005-barrel-Dust-flat-s15,Dust,36864,36823,,
godot-creep,005-barrel-Dust-flat-s16,Wall,1122,1122,,
godot-creep,005-barrel-Dust-flat-s16,Dust,36864,36834,,
godot-creep,005-barrel-Dust-flat-s17,Wall,1122,1122,,
godot-creep,005-barrel-Dust-flat-s17,Dust,36864,36834,,
godot-creep,005-barrel-Dust-flat-s18,Wall,1122,1122,,
godot-creep,005-barrel-Dust-flat-s18,Dust,36864,36827,,
godot-creep,005-barrel-Dust-flat-s19,Wall,1122,1122,,
godot-creep,005-barrel-Dust-flat-s19,Dust,36864,36827,,
godot-creep,006-barrel-Mercury-flat-s00,Wall,1122,1122,,
godot-creep,006-barrel-Mercury-flat-s00,Mercury,36864,34980,,
godot-creep,006-barrel-Mercury-flat-s01,Wall,1122,1122,,
godot-creep,006-barrel-Mercury-flat-s01,Mercury,36864,36827,,
godot-creep,006-barrel-Mercury-flat-s02,Wall,1122,1122,,
godot-creep,006-barrel-Mercury-flat-s02,Mercury,36864,36820,,
godot-creep,006-barrel-Mercury-flat-s03,Wall,1122,1122,,
godot-creep,006-barrel-Mercury-flat-s03,Mercury,36864,36823,,
godot-creep,006-barrel-Mercury-flat-s04,Wall,1122,1122,,
godot-creep,006-barrel-Mercury-flat-s04,Mercury,36864,36823,,
godot-creep,006-barrel-Mercury-flat-s05,Wall,1122,1122,,
godot-creep,006-barrel-Mercury-flat-s05,Mercury,36864,36819,,
godot-creep,006-barrel-Mercury-flat-s06,Wall,1122,1122,,
godot-creep,006-barrel-Mercury-flat-s06,Mercury,36864,36827,,
godot-creep,006-barrel-Mercury-flat-s07,Wall,1122,1122,,
godot-creep,006-barrel-Mercury-flat-s07,Mercury,36864,36819,,
godot-creep,006-barrel-Mercury-flat-s08,Wall,1122,1122,,
godot-creep,006-barrel-Mercury-flat-s08,Mercury,36864,36823,,
godot-creep,006-barrel-Mercury-flat-s09,Wall,1122,1122,,
godot-creep,006-barrel-Mercury-flat-s09,Mercury,36864,36822,,
godot-creep,006-barrel-Mercury-flat-s10,Wall,1122,1122,,
godot-creep,006-barrel-Mercury-flat-s10,Mercury,36864,36823,,
godot-creep,006-barrel-Mercury-flat-s11,Wall,1122,1122,,
godot-creep,006-barrel-Mercury-flat-s11,Mercury,36864,36787,,
godot-creep,006-barrel-Mercury-flat-s12,Wall,1122,1122,,
godot-creep,006-barrel-Mercury-flat-s12,Mercury,36864,36818,,
godot-creep,006-barrel-Mercury-flat-s13,Wall,1122,1122,,
godot-creep,006-barrel-Mercury-flat-s13,Mercury,36864,36820,,
godot-creep,006-barrel-Mercury-flat-s14,Wall,1122,1122,,
godot-creep,006-barrel-Mercury-flat-s14,Mercury,36864,36824,,
godot-creep,006-barrel-Mercury-flat-s15,Wall,1122,1122,,
godot-creep,006-barrel-Mercury-flat-s15,Mercury,36864,36827,,
godot-creep,006-barrel-Mercury-flat-s16,Wall,1122,1122,,
godot-creep,006-barrel-Mercury-flat-s16,Mercury,36864,36823,,
godot-creep,006-barrel-Mercury-flat-s17,Wall,1122,1122,,
godot-creep,006-barrel-Mercury-flat-s17,Mercury,36864,36819,,
godot-creep,006-barrel-Mercury-flat-s18,Wall,1122,1122,,
godot-creep,006-barrel-Mercury-flat-s18,Mercury,36864,36826,,
godot-creep,006-barrel-Mercury-flat-s19,Wall,1122,1122,,
godot-creep,006-barrel-Mercury-flat-s19,Mercury,36864,36818,,
godot-creep,007-barrel-Sand-flat-s00,Wall,1122,1122,,
godot-creep,007-barrel-Sand-flat-s00,Sand,36864,36864,,
godot-creep,007-barrel-Sand-flat-s01,Wall,1122,1122,,
godot-creep,007-barrel-Sand-flat-s01,Sand,36864,36864,,
godot-creep,007-barrel-Sand-flat-s02,Wall,1122,1122,,
godot-creep,007-barrel-Sand-flat-s02,Sand,36864,36864,,
godot-creep,007-barrel-Sand-flat-s03,Wall,1122,1122,,
godot-creep,007-barrel-Sand-flat-s03,Sand,36864,36864,,
godot-creep,007-barrel-Sand-flat-s04,Wall,1122,1122,,
godot-creep,007-barrel-Sand-flat-s04,Sand,36864,36864,,
godot-creep,007-barrel-Sand-flat-s05,Wall,1122,1122,,
godot-creep,007-barrel-Sand-flat-s05,Sand,36864,36864,,
godot-creep,007-barrel-Sand-flat-s06,Wall,1122,1122,,
godot-creep,007-barrel-Sand-flat-s06,Sand,36864,36864,,
godot-creep,007-barrel-Sand-flat-s07,Wall,1122,1122,,
godot-creep,007-barrel-Sand-flat-s07,Sand,36864,36864,,
godot-creep,007-barrel-Sand-flat-s08,Wall,1122,1122,,
godot-creep,007-barrel-Sand-flat-s08,Sand,36864,36864,,
godot-creep,007-barrel-Sand-flat-s09,Wall,1122,1122,,
godot-creep,007-barrel-Sand-flat-s09,Sand,36864,36864,,
godot-creep,007-barrel-Sand-flat-s10,Wall,1122,1122,,
godot-creep,007-barrel-Sand-flat-s10,Sand,36864,36864,,
godot-creep,007-barrel-Sand-flat-s11,Wall,1122,1122,,
godot-creep,007-barrel-Sand-flat-s11,Sand,36864,36864,,
godot-creep,007-barrel-Sand-flat-s12,Wall,1122,1122,,
godot-creep,007-barrel-Sand-flat-s12,Sand,36864,36864,,
godot-creep,007-barrel-Sand-flat-s13,Wall,1122,1122,,
godot-creep,007-barrel-Sand-flat-s13,Sand,36864,36864,,
godot-creep,007-barrel-Sand-flat-s14,Wall,1122,1122,,
godot-creep,007-barrel-Sand-flat-s14,Sand,36864,36864,,
godot-creep,007-barrel-Sand-flat-s15,Wall,1122,1122,,
godot-creep,007-barrel-Sand-flat-s15,Sand,36864,36864,,
godot-creep,007-barrel-Sand-flat-s16,Wall,1122,1122,,
godot-creep,007-barrel-Sand-flat-s16,Sand,36864,36864,,
godot-creep,007-barrel-Sand-flat-s17,Wall,1122,1122,,
godot-creep,007-barrel-Sand-flat-s17,Sand,36864,36864,,
godot-creep,007-barrel-Sand-flat-s18,Wall,1122,1122,,
godot-creep,007-barrel-Sand-flat-s18,Sand,36864,36864,,
godot-creep,007-barrel-Sand-flat-s19,Wall,1122,1122,,
godot-creep,007-barrel-Sand-flat-s19,Sand,36864,36864,,
godot-creep,008-barrel-Sand-excavate-s00,Wall,1122,1122,,
godot-creep,008-barrel-Sand-excavate-s00,Sand,36864,24521,,
godot-creep,008-barrel-Sand-excavate-s01,Wall,1122,1122,,
godot-creep,008-barrel-Sand-excavate-s01,Sand,36864,24281,,
godot-creep,008-barrel-Sand-excavate-s02,Wall,1122,1122,,
godot-creep,008-barrel-Sand-excavate-s02,Sand,36864,24522,,
godot-creep,008-barrel-Sand-excavate-s03,Wall,1122,1122,,
godot-creep,008-barrel-Sand-excavate-s03,Sand,36864,24523,,
godot-creep,008-barrel-Sand-excavate-s04,Wall,1122,1122,,
godot-creep,008-barrel-Sand-excavate-s04,Sand,36864,24523,,
godot-creep,008-barrel-Sand-excavate-s05,Wall,1122,1122,,
godot-creep,008-barrel-Sand-excavate-s05,Sand,36864,24527,,
godot-creep,008-barrel-Sand-excavate-s06,Wall,1122,1122,,
godot-creep,008-barrel-Sand-excavate-s06,Sand,36864,19166,,
godot-creep,008-barrel-Sand-excavate-s07,Wall,1122,1122,,
godot-creep,008-barrel-Sand-excavate-s07,Sand,36864,24532,,
godot-creep,008-barrel-Sand-excavate-s08,Wall,1122,1122,,
godot-creep,008-barrel-Sand-excavate-s08,Sand,36864,21073,,
godot-creep,008-barrel-Sand-excavate-s09,Wall,1122,1122,,
godot-creep,008-barrel-Sand-excavate-s09,Sand,36864,19315,,
godot-creep,008-barrel-Sand-excavate-s10,Wall,1122,1122,,
godot-creep,008-barrel-Sand-excavate-s10,Sand,36864,24526,,
godot-creep,008-barrel-Sand-excavate-s11,Wall,1122,1122,,
godot-creep,008-barrel-Sand-excavate-s11,Sand,36864,24523,,
godot-creep,008-barrel-Sand-excavate-s12,Wall,1122,1122,,
godot-creep,008-barrel-Sand-excavate-s12,Sand,36864,24526,,
godot-creep,008-barrel-Sand-excavate-s13,Wall,1122,1122,,
godot-creep,008-barrel-Sand-excavate-s13,Sand,36864,24524,,
godot-creep,008-barrel-Sand-excavate-s14,Wall,1122,1122,,
godot-creep,008-barrel-Sand-excavate-s14,Sand,36864,24520,,
godot-creep,008-barrel-Sand-excavate-s15,Wall,1122,1122,,
godot-creep,008-barrel-Sand-excavate-s15,Sand,36864,20387,,
godot-creep,008-barrel-Sand-excavate-s16,Wall,1122,1122,,
godot-creep,008-barrel-Sand-excavate-s16,Sand,36864,20595,,
godot-creep,008-barrel-Sand-excavate-s17,Wall,1122,1122,,
godot-creep,008-barrel-Sand-excavate-s17,Sand,36864,24522,,
godot-creep,008-barrel-Sand-excavate-s18,Wall,1122,1122,,
godot-creep,008-barrel-Sand-excavate-s18,Sand,36864,19885,,
godot-creep,008-barrel-Sand-excavate-s19,Wall,1122,1122,,
godot-creep,008-barrel-Sand-excavate-s19,Sand,36864,24524,,
godot-creep,009-barrel-Sand-flat-s00,Wall,1122,1122,,
godot-creep,009-barrel-Sand-flat-s00,Sand,36864,35596,,
godot-creep,009-barrel-Sand-flat-s01,Wall,1122,1122,,
godot-creep,009-barrel-Sand-flat-s01,Sand,36864,34207,,
godot-creep,009-barrel-Sand-flat-s02,Wall,1122,1122,,
godot-creep,009-barrel-Sand-flat-s02,Sand,36864,33309,,
godot-creep,009-barrel-Sand-flat-s03,Wall,1122,1122,,
godot-creep,009-barrel-Sand-flat-s03,Sand,36864,31285,,
godot-creep,009-barrel-Sand-flat-s04,Wall,1122,1122,,
godot-creep,009-barrel-Sand-flat-s04,Sand,36864,33449,,
godot-creep,009-barrel-Sand-flat-s05,Wall,1122,1122,,
godot-creep,009-barrel-Sand-flat-s05,Sand,36864,33214,,
godot-creep,009-barrel-Sand-flat-s06,Wall,1122,1122,,
godot-creep,009-barrel-Sand-flat-s06,Sand,36864,36794,,
godot-creep,009-barrel-Sand-flat-s07,Wall,1122,1122,,
godot-creep,009-barrel-Sand-flat-s07,Sand,36864,32434,,
godot-creep,009-barrel-Sand-flat-s08,Wall,1122,1122,,
godot-creep,009-barrel-Sand-flat-s08,Sand,36864,36709,,
godot-creep,009-barrel-Sand-flat-s09,Wall,1122,1122,,
godot-creep,009-barrel-Sand-flat-s09,Sand,36864,31582,,
godot-creep,009-barrel-Sand-flat-s10,Wall,1122,1122,,
godot-creep,009-barrel-Sand-flat-s10,Sand,36864,32569,,
godot-creep,009-barrel-Sand-flat-s11,Wall,1122,1122,,
godot-creep,009-barrel-Sand-flat-s11,Sand,36864,36672,,
godot-creep,009-barrel-Sand-flat-s12,Wall,1122,1122,,
godot-creep,009-barrel-Sand-flat-s12,Sand,36864,32395,,
godot-creep,009-barrel-Sand-flat-s13,Wall,1122,1122,,
godot-creep,009-barrel-Sand-flat-s13,Sand,36864,33053,,
godot-creep,009-barrel-Sand-flat-s14,Wall,1122,1122,,
godot-creep,009-barrel-Sand-flat-s14,Sand,36864,36698,,
godot-creep,009-barrel-Sand-flat-s15,Wall,1122,1122,,
godot-creep,009-barrel-Sand-flat-s15,Sand,36864,32225,,
godot-creep,009-barrel-Sand-flat-s16,Wall,1122,1122,,
godot-creep,009-barrel-Sand-flat-s16,Sand,36864,32969,,
godot-creep,009-barrel-Sand-flat-s17,Wall,1122,1122,,
godot-creep,009-barrel-Sand-flat-s17,Sand,36864,36794,,
godot-creep,009-barrel-Sand-flat-s18,Wall,1122,1122,,
godot-creep,009-barrel-Sand-flat-s18,Sand,36864,32153,,
godot-creep,009-barrel-Sand-flat-s19,Wall,1122,1122,,
godot-creep,009-barrel-Sand-flat-s19,Sand,36864,32983,,
godot-creep,010-barrel-Sand-flat-s00,Wall,1122,1122,,
godot-creep,010-barrel-Sand-flat-s00,Sand,36864,36796,,
godot-creep,010-barrel-Sand-flat-s01,Wall,1122,1122,,
godot-creep,010-barrel-Sand-flat-s01,Sand,36864,36800,,
godot-creep,010-barrel-Sand-flat-s02,Wall,1122,1122,,
godot-creep,010-barrel-Sand-flat-s02,Sand,36864,36772,,
godot-creep,010-barrel-Sand-flat-s03,Wall,1122,1122,,
godot-creep,010-barrel-Sand-flat-s03,Sand,36864,36802,,
godot-creep,010-barrel-Sand-flat-s04,Wall,1122,1122,,
godot-creep,010-barrel-Sand-flat-s04,Sand,36864,36718,,
godot-creep,010-barrel-Sand-flat-s05,Wall,1122,1122,,
godot-creep,010-barrel-Sand-flat-s05,Sand,36864,36783,,
godot-creep,010-barrel-Sand-flat-s06,Wall,1122,1122,,
godot-creep,010-barrel-Sand-flat-s06,Sand,36864,36792,,
godot-creep,010-barrel-Sand-flat-s07,Wall,1122,1122,,
godot-creep,010-barrel-Sand-flat-s07,Sand,36864,36800,,
godot-creep,010-barrel-Sand-flat-s08,Wall,1122,1122,,
godot-creep,010-barrel-Sand-flat-s08,Sand,36864,36750,,
godot-creep,010-barrel-Sand-flat-s09,Wall,1122,1122,,
godot-creep,010-barrel-Sand-flat-s09,Sand,36864,36705,,
godot-creep,010-barrel-Sand-flat-s10,Wall,1122,1122,,
godot-creep,010-barrel-Sand-flat-s10,Sand,36864,36776,,
godot-creep,010-barrel-Sand-flat-s11,Wall,1122,1122,,
godot-creep,010-barrel-Sand-flat-s11,Sand,36864,36800,,
godot-creep,010-barrel-Sand-flat-s12,Wall,1122,1122,,
godot-creep,010-barrel-Sand-flat-s12,Sand,36864,36782,,
godot-creep,010-barrel-Sand-flat-s13,Wall,1122,1122,,
godot-creep,010-barrel-Sand-flat-s13,Sand,36864,36800,,
godot-creep,010-barrel-Sand-flat-s14,Wall,1122,1122,,
godot-creep,010-barrel-Sand-flat-s14,Sand,36864,36800,,
godot-creep,010-barrel-Sand-flat-s15,Wall,1122,1122,,
godot-creep,010-barrel-Sand-flat-s15,Sand,36864,36743,,
godot-creep,010-barrel-Sand-flat-s16,Wall,1122,1122,,
godot-creep,010-barrel-Sand-flat-s16,Sand,36864,36800,,
godot-creep,010-barrel-Sand-flat-s17,Wall,1122,1122,,
godot-creep,010-barrel-Sand-flat-s17,Sand,36864,36802,,
godot-creep,010-barrel-Sand-flat-s18,Wall,1122,1122,,
godot-creep,010-barrel-Sand-flat-s18,Sand,36864,36755,,
godot-creep,010-barrel-Sand-flat-s19,Wall,1122,1122,,
godot-creep,010-barrel-Sand-flat-s19,Sand,36864,36800,,
water-accounting,water-s00,Wall,1122,1122,,
water-accounting,water-s00,Water,36864,36852,,
water-accounting,water-s01,Wall,1122,1122,,
water-accounting,water-s01,Water,36864,36317,,
water-accounting,water-s02,Wall,1122,1122,,
water-accounting,water-s02,Water,36864,35241,,
water-accounting,water-s03,Wall,1122,1122,,
water-accounting,water-s03,Water,36864,36798,,
water-accounting,water-s04,Wall,1122,1122,,
water-accounting,water-s04,Water,36864,36847,,
