group,id,event,source,target,dx,dy,count
native-expanded,000-Sand-Dust-packed-32-baseline-w32-s00,density_swaps,Sand,Dust,0,1,16384
native-expanded,000-Sand-Dust-packed-32-baseline-w32-s01,density_swaps,Sand,Dust,0,1,16384
native-expanded,000-Sand-Dust-packed-32-baseline-w32-s02,density_swaps,Sand,Dust,0,1,16384
native-expanded,000-Sand-Dust-packed-32-baseline-w32-s03,density_swaps,Sand,Dust,0,1,16384
native-expanded,000-Sand-Dust-packed-32-baseline-w32-s04,density_swaps,Sand,Dust,0,1,16384
native-expanded,002-Stone-Sand-packed-32-baseline-w32-s00,density_swaps,Stone,Sand,0,1,15936
native-expanded,002-Stone-Sand-packed-32-baseline-w32-s01,density_swaps,Stone,Sand,0,1,15388
native-expanded,002-Stone-Sand-packed-32-baseline-w32-s02,density_swaps,Stone,Sand,0,1,15688
native-expanded,002-Stone-Sand-packed-32-baseline-w32-s03,density_swaps,Stone,Sand,0,1,15936
native-expanded,002-Stone-Sand-packed-32-baseline-w32-s04,density_swaps,Stone,Sand,0,1,15318
native-expanded,004-Rust-Sand-packed-32-baseline-w32-s00,density_swaps,Rust,Sand,0,1,16384
native-expanded,004-Rust-Sand-packed-32-baseline-w32-s01,density_swaps,Rust,Sand,0,1,16384
native-expanded,004-Rust-Sand-packed-32-baseline-w32-s02,density_swaps,Rust,Sand,0,1,16384
native-expanded,004-Rust-Sand-packed-32-baseline-w32-s03,density_swaps,Rust,Sand,0,1,16384
native-expanded,004-Rust-Sand-packed-32-baseline-w32-s04,density_swaps,Rust,Sand,0,1,16384
native-expanded,006-Mercury-Sand-packed-32-baseline-w32-s00,density_swaps,Mercury,Sand,0,1,16384
native-expanded,006-Mercury-Sand-packed-32-baseline-w32-s01,density_swaps,Mercury,Sand,0,1,16384
native-expanded,006-Mercury-Sand-packed-32-baseline-w32-s02,density_swaps,Mercury,Sand,0,1,16384
native-expanded,006-Mercury-Sand-packed-32-baseline-w32-s03,density_swaps,Mercury,Sand,0,1,16384
native-expanded,006-Mercury-Sand-packed-32-baseline-w32-s04,density_swaps,Mercury,Sand,0,1,16384
native-expanded,008-Mercury-Dust-packed-32-baseline-w32-s00,density_swaps,Mercury,Dust,0,1,16384
native-expanded,008-Mercury-Dust-packed-32-baseline-w32-s01,density_swaps,Mercury,Dust,0,1,16384
native-expanded,008-Mercury-Dust-packed-32-baseline-w32-s02,density_swaps,Mercury,Dust,0,1,16384
native-expanded,008-Mercury-Dust-packed-32-baseline-w32-s03,density_swaps,Mercury,Dust,0,1,16384
native-expanded,008-Mercury-Dust-packed-32-baseline-w32-s04,density_swaps,Mercury,Dust,0,1,16384
native-expanded,011-Sand-Water-packed-32-baseline-w32-s00,density_swaps,Sand,Water,0,1,16384
native-expanded,011-Sand-Water-packed-32-baseline-w32-s01,density_swaps,Sand,Water,0,1,16384
native-expanded,011-Sand-Water-packed-32-baseline-w32-s02,density_swaps,Sand,Water,0,1,16384
native-expanded,011-Sand-Water-packed-32-baseline-w32-s03,density_swaps,Sand,Water,0,1,16384
native-expanded,011-Sand-Water-packed-32-baseline-w32-s04,density_swaps,Sand,Water,0,1,16384
native-expanded,012-Water-Dust-packed-32-baseline-w32-s00,density_swaps,Water,Dust,0,1,16384
native-expanded,012-Water-Dust-packed-32-baseline-w32-s01,density_swaps,Water,Dust,0,1,16384
native-expanded,012-Water-Dust-packed-32-baseline-w32-s02,density_swaps,Water,Dust,0,1,16384
native-expanded,012-Water-Dust-packed-32-baseline-w32-s03,density_swaps,Water,Dust,0,1,16384
native-expanded,012-Water-Dust-packed-32-baseline-w32-s04,density_swaps,Water,Dust,0,1,16384
native-expanded,015-Sand-Oil-packed-32-baseline-w32-s00,density_swaps,Sand,Oil,0,1,16384
native-expanded,015-Sand-Oil-packed-32-baseline-w32-s01,density_swaps,Sand,Oil,0,1,16384
native-expanded,015-Sand-Oil-packed-32-baseline-w32-s02,density_swaps,Sand,Oil,0,1,16384
native-expanded,015-Sand-Oil-packed-32-baseline-w32-s03,density_swaps,Sand,Oil,0,1,16384
native-expanded,015-Sand-Oil-packed-32-baseline-w32-s04,density_swaps,Sand,Oil,0,1,16384
native-expanded,019-Sand-Brine-packed-32-baseline-w32-s00,density_swaps,Sand,Brine,0,1,16384
native-expanded,019-Sand-Brine-packed-32-baseline-w32-s01,density_swaps,Sand,Brine,0,1,16384
native-expanded,019-Sand-Brine-packed-32-baseline-w32-s02,density_swaps,Sand,Brine,0,1,16384
native-expanded,019-Sand-Brine-packed-32-baseline-w32-s03,density_swaps,Sand,Brine,0,1,16384
native-expanded,019-Sand-Brine-packed-32-baseline-w32-s04,density_swaps,Sand,Brine,0,1,16384
native-expanded,020-Brine-Dust-packed-32-baseline-w32-s00,density_swaps,Brine,Dust,0,1,16384
native-expanded,020-Brine-Dust-packed-32-baseline-w32-s01,density_swaps,Brine,Dust,0,1,16384
native-expanded,020-Brine-Dust-packed-32-baseline-w32-s02,density_swaps,Brine,Dust,0,1,16384
native-expanded,020-Brine-Dust-packed-32-baseline-w32-s03,density_swaps,Brine,Dust,0,1,16384
native-expanded,020-Brine-Dust-packed-32-baseline-w32-s04,density_swaps,Brine,Dust,0,1,16384
native-expanded,023-Sand-Paste-packed-32-baseline-w32-s00,density_swaps,Sand,Paste,0,1,16384
native-expanded,023-Sand-Paste-packed-32-baseline-w32-s01,density_swaps,Sand,Paste,0,1,16384
native-expanded,023-Sand-Paste-packed-32-baseline-w32-s02,density_swaps,Sand,Paste,0,1,16384
native-expanded,023-Sand-Paste-packed-32-baseline-w32-s03,density_swaps,Sand,Paste,0,1,16384
native-expanded,023-Sand-Paste-packed-32-baseline-w32-s04,density_swaps,Sand,Paste,0,1,16384
native-expanded,024-Paste-Dust-packed-32-baseline-w32-s00,density_swaps,Paste,Dust,0,1,16384
native-expanded,024-Paste-Dust-packed-32-baseline-w32-s01,density_swaps,Paste,Dust,0,1,16384
native-expanded,024-Paste-Dust-packed-32-baseline-w32-s02,density_swaps,Paste,Dust,0,1,16384
native-expanded,024-Paste-Dust-packed-32-baseline-w32-s03,density_swaps,Paste,Dust,0,1,16384
native-expanded,024-Paste-Dust-packed-32-baseline-w32-s04,density_swaps,Paste,Dust,0,1,16384
native-expanded,026-Lava-Sand-packed-32-baseline-w32-s00,density_swaps,Lava,Sand,0,1,16384
native-expanded,026-Lava-Sand-packed-32-baseline-w32-s01,density_swaps,Lava,Sand,0,1,16384
native-expanded,026-Lava-Sand-packed-32-baseline-w32-s02,density_swaps,Lava,Sand,0,1,16384
native-expanded,026-Lava-Sand-packed-32-baseline-w32-s03,density_swaps,Lava,Sand,0,1,16384
native-expanded,026-Lava-Sand-packed-32-baseline-w32-s04,density_swaps,Lava,Sand,0,1,16384
native-expanded,028-Lava-Dust-packed-32-baseline-w32-s00,empty_moves,6,Empty,-1,-1,1362
native-expanded,028-Lava-Dust-packed-32-baseline-w32-s00,empty_moves,4,Empty,-1,-1,4071
native-expanded,028-Lava-Dust-packed-32-baseline-w32-s00,density_swaps,Dust,6,-1,1,17
native-expanded,028-Lava-Dust-packed-32-baseline-w32-s00,empty_moves,6,Empty,1,0,1229
native-expanded,028-Lava-Dust-packed-32-baseline-w32-s00,empty_moves,4,Empty,1,0,4193
native-expanded,028-Lava-Dust-packed-32-baseline-w32-s00,density_swaps,Lava,Dust,0,1,6811
native-expanded,028-Lava-Dust-packed-32-baseline-w32-s00,conversions,4,Empty,0,0,1020
native-expanded,028-Lava-Dust-packed-32-baseline-w32-s00,conversions,6,4,0,0,1024
native-expanded,028-Lava-Dust-packed-32-baseline-w32-s00,conversions,Dust,6,0,0,1024
native-expanded,028-Lava-Dust-packed-32-baseline-w32-s00,empty_moves,6,Empty,-1,0,1216
native-expanded,028-Lava-Dust-packed-32-baseline-w32-s00,empty_moves,4,Empty,-1,0,4395
native-expanded,028-Lava-Dust-packed-32-baseline-w32-s00,empty_moves,6,Empty,1,-1,1354
native-expanded,028-Lava-Dust-packed-32-baseline-w32-s00,empty_moves,4,Empty,1,-1,4733
native-expanded,028-Lava-Dust-packed-32-baseline-w32-s00,density_swaps,Dust,6,1,1,58
native-expanded,028-Lava-Dust-packed-32-baseline-w32-s00,empty_moves,6,Empty,0,-1,1552
native-expanded,028-Lava-Dust-packed-32-baseline-w32-s00,empty_moves,4,Empty,0,-1,76791
native-expanded,028-Lava-Dust-packed-32-baseline-w32-s00,density_swaps,Lava,6,0,1,9573
native-expanded,028-Lava-Dust-packed-32-baseline-w32-s00,density_swaps,Dust,6,0,1,269
native-expanded,028-Lava-Dust-packed-32-baseline-w32-s01,empty_moves,6,Empty,-1,-1,1340
native-expanded,028-Lava-Dust-packed-32-baseline-w32-s01,empty_moves,4,Empty,-1,-1,4494
native-expanded,028-Lava-Dust-packed-32-baseline-w32-s01,density_swaps,Dust,6,-1,1,44
native-expanded,028-Lava-Dust-packed-32-baseline-w32-s01,empty_moves,6,Empty,1,0,1115
native-expanded,028-Lava-Dust-packed-32-baseline-w32-s01,empty_moves,4,Empty,1,0,5362
native-expanded,028-Lava-Dust-packed-32-baseline-w32-s01,density_swaps,Lava,Dust,0,1,5721
native-expanded,028-Lava-Dust-packed-32-baseline-w32-s01,conversions,4,Empty,0,0,1020
native-expanded,028-Lava-Dust-packed-32-baseline-w32-s01,conversions,6,4,0,0,1024
native-expanded,028-Lava-Dust-packed-32-baseline-w32-s01,conversions,Dust,6,0,0,1024
native-expanded,028-Lava-Dust-packed-32-baseline-w32-s01,empty_moves,6,Empty,-1,0,1176
native-expanded,028-Lava-Dust-packed-32-baseline-w32-s01,empty_moves,4,Empty,-1,0,5305
native-expanded,028-Lava-Dust-packed-32-baseline-w32-s01,empty_moves,6,Empty,1,-1,1289
native-expanded,028-Lava-Dust-packed-32-baseline-w32-s01,empty_moves,4,Empty,1,-1,4531
native-expanded,028-Lava-Dust-packed-32-baseline-w32-s01,density_swaps,Dust,6,1,1,41
native-expanded,028-Lava-Dust-packed-32-baseline-w32-s01,empty_moves,6,Empty,0,-1,1384
native-expanded,028-Lava-Dust-packed-32-baseline-w32-s01,empty_moves,4,Empty,0,-1,83662
native-expanded,028-Lava-Dust-packed-32-baseline-w32-s01,density_swaps,Lava,6,0,1,10663
native-expanded,028-Lava-Dust-packed-32-baseline-w32-s01,density_swaps,Dust,6,0,1,249
native-expanded,028-Lava-Dust-packed-32-baseline-w32-s02,empty_moves,6,Empty,-1,-1,1324
native-expanded,028-Lava-Dust-packed-32-baseline-w32-s02,empty_moves,4,Empty,-1,-1,4573
native-expanded,028-Lava-Dust-packed-32-baseline-w32-s02,density_swaps,Dust,6,-1,1,84
native-expanded,028-Lava-Dust-packed-32-baseline-w32-s02,empty_moves,6,Empty,1,0,1154
native-expanded,028-Lava-Dust-packed-32-baseline-w32-s02,empty_moves,4,Empty,1,0,4687
native-expanded,028-Lava-Dust-packed-32-baseline-w32-s02,density_swaps,Lava,Dust,0,1,4864
native-expanded,028-Lava-Dust-packed-32-baseline-w32-s02,conversions,4,Empty,0,0,1020
native-expanded,028-Lava-Dust-packed-32-baseline-w32-s02,conversions,6,4,0,0,1024
native-expanded,028-Lava-Dust-packed-32-baseline-w32-s02,conversions,Dust,6,0,0,1024
native-expanded,028-Lava-Dust-packed-32-baseline-w32-s02,empty_moves,6,Empty,-1,0,1140
native-expanded,028-Lava-Dust-packed-32-baseline-w32-s02,empty_moves,4,Empty,-1,0,4604
native-expanded,028-Lava-Dust-packed-32-baseline-w32-s02,empty_moves,6,Empty,1,-1,1311
native-expanded,028-Lava-Dust-packed-32-baseline-w32-s02,empty_moves,4,Empty,1,-1,4822
native-expanded,028-Lava-Dust-packed-32-baseline-w32-s02,density_swaps,Dust,6,1,1,25
native-expanded,028-Lava-Dust-packed-32-baseline-w32-s02,empty_moves,6,Empty,0,-1,1493
native-expanded,028-Lava-Dust-packed-32-baseline-w32-s02,empty_moves,4,Empty,0,-1,90483
native-expanded,028-Lava-Dust-packed-32-baseline-w32-s02,density_swaps,Lava,6,0,1,11520
native-expanded,028-Lava-Dust-packed-32-baseline-w32-s02,density_swaps,Dust,6,0,1,215
native-expanded,028-Lava-Dust-packed-32-baseline-w32-s03,empty_moves,6,Empty,-1,-1,1307
native-expanded,028-Lava-Dust-packed-32-baseline-w32-s03,empty_moves,4,Empty,-1,-1,4111
native-expanded,028-Lava-Dust-packed-32-baseline-w32-s03,density_swaps,Dust,6,-1,1,64
native-expanded,028-Lava-Dust-packed-32-baseline-w32-s03,empty_moves,6,Empty,1,0,1248
native-expanded,028-Lava-Dust-packed-32-baseline-w32-s03,empty_moves,4,Empty,1,0,6004
native-expanded,028-Lava-Dust-packed-32-baseline-w32-s03,density_swaps,Lava,Dust,0,1,6306
native-expanded,028-Lava-Dust-packed-32-baseline-w32-s03,conversions,4,Empty,0,0,1019
native-expanded,028-Lava-Dust-packed-32-baseline-w32-s03,conversions,6,4,0,0,1024
native-expanded,028-Lava-Dust-packed-32-baseline-w32-s03,conversions,Dust,6,0,0,1024
native-expanded,028-Lava-Dust-packed-32-baseline-w32-s03,empty_moves,6,Empty,-1,0,1181
native-expanded,028-Lava-Dust-packed-32-baseline-w32-s03,empty_moves,4,Empty,-1,0,6477
native-expanded,028-Lava-Dust-packed-32-baseline-w32-s03,empty_moves,6,Empty,1,-1,1372
native-expanded,028-Lava-Dust-packed-32-baseline-w32-s03,empty_moves,4,Empty,1,-1,5034
native-expanded,028-Lava-Dust-packed-32-baseline-w32-s03,density_swaps,Dust,6,1,1,15
native-expanded,028-Lava-Dust-packed-32-baseline-w32-s03,empty_moves,6,Empty,0,-1,1488
native-expanded,028-Lava-Dust-packed-32-baseline-w32-s03,empty_moves,4,Empty,0,-1,77784
native-expanded,028-Lava-Dust-packed-32-baseline-w32-s03,density_swaps,Lava,6,0,1,10078
native-expanded,028-Lava-Dust-packed-32-baseline-w32-s03,density_swaps,Dust,6,0,1,236
native-expanded,028-Lava-Dust-packed-32-baseline-w32-s04,empty_moves,6,Empty,-1,-1,1340
native-expanded,028-Lava-Dust-packed-32-baseline-w32-s04,empty_moves,4,Empty,-1,-1,4767
native-expanded,028-Lava-Dust-packed-32-baseline-w32-s04,density_swaps,Dust,6,-1,1,55
native-expanded,028-Lava-Dust-packed-32-baseline-w32-s04,empty_moves,6,Empty,1,0,1197
native-expanded,028-Lava-Dust-packed-32-baseline-w32-s04,empty_moves,4,Empty,1,0,5353
native-expanded,028-Lava-Dust-packed-32-baseline-w32-s04,density_swaps,Lava,Dust,0,1,5553
native-expanded,028-Lava-Dust-packed-32-baseline-w32-s04,conversions,4,Empty,0,0,1020
native-expanded,028-Lava-Dust-packed-32-baseline-w32-s04,conversions,6,4,0,0,1024
native-expanded,028-Lava-Dust-packed-32-baseline-w32-s04,conversions,Dust,6,0,0,1024
native-expanded,028-Lava-Dust-packed-32-baseline-w32-s04,empty_moves,6,Empty,-1,0,1177
native-expanded,028-Lava-Dust-packed-32-baseline-w32-s04,empty_moves,4,Empty,-1,0,5270
native-expanded,028-Lava-Dust-packed-32-baseline-w32-s04,empty_moves,6,Empty,1,-1,1309
native-expanded,028-Lava-Dust-packed-32-baseline-w32-s04,empty_moves,4,Empty,1,-1,4635
native-expanded,028-Lava-Dust-packed-32-baseline-w32-s04,density_swaps,Dust,6,1,1,28
native-expanded,028-Lava-Dust-packed-32-baseline-w32-s04,empty_moves,6,Empty,0,-1,1382
native-expanded,028-Lava-Dust-packed-32-baseline-w32-s04,empty_moves,4,Empty,0,-1,84469
native-expanded,028-Lava-Dust-packed-32-baseline-w32-s04,density_swaps,Lava,6,0,1,10831
native-expanded,028-Lava-Dust-packed-32-baseline-w32-s04,density_swaps,Dust,6,0,1,233
native-expanded,029-Dust-Lava-packed-32-baseline-w32-s00,empty_moves,6,Empty,-1,-1,618
native-expanded,029-Dust-Lava-packed-32-baseline-w32-s00,empty_moves,4,Empty,-1,-1,1396
native-expanded,029-Dust-Lava-packed-32-baseline-w32-s00,density_swaps,Dust,6,-1,1,62
native-expanded,029-Dust-Lava-packed-32-baseline-w32-s00,empty_moves,6,Empty,1,0,572
native-expanded,029-Dust-Lava-packed-32-baseline-w32-s00,empty_moves,4,Empty,1,0,4865
native-expanded,029-Dust-Lava-packed-32-baseline-w32-s00,conversions,4,Empty,0,0,508
native-expanded,029-Dust-Lava-packed-32-baseline-w32-s00,conversions,6,4,0,0,512
native-expanded,029-Dust-Lava-packed-32-baseline-w32-s00,conversions,Dust,6,0,0,512
native-expanded,029-Dust-Lava-packed-32-baseline-w32-s00,empty_moves,6,Empty,-1,0,554
native-expanded,029-Dust-Lava-packed-32-baseline-w32-s00,empty_moves,4,Empty,-1,0,4827
native-expanded,029-Dust-Lava-packed-32-baseline-w32-s00,empty_moves,6,Empty,1,-1,663
native-expanded,029-Dust-Lava-packed-32-baseline-w32-s00,empty_moves,4,Empty,1,-1,1432
native-expanded,029-Dust-Lava-packed-32-baseline-w32-s00,density_swaps,Dust,6,1,1,68
native-expanded,029-Dust-Lava-packed-32-baseline-w32-s00,empty_moves,6,Empty,0,-1,734
native-expanded,029-Dust-Lava-packed-32-baseline-w32-s00,empty_moves,4,Empty,0,-1,37670
native-expanded,029-Dust-Lava-packed-32-baseline-w32-s00,density_swaps,Dust,6,0,1,981
native-expanded,029-Dust-Lava-packed-32-baseline-w32-s01,empty_moves,6,Empty,-1,-1,684
native-expanded,029-Dust-Lava-packed-32-baseline-w32-s01,empty_moves,4,Empty,-1,-1,1393
native-expanded,029-Dust-Lava-packed-32-baseline-w32-s01,density_swaps,Dust,6,-1,1,43
native-expanded,029-Dust-Lava-packed-32-baseline-w32-s01,empty_moves,6,Empty,1,0,606
native-expanded,029-Dust-Lava-packed-32-baseline-w32-s01,empty_moves,4,Empty,1,0,3792
native-expanded,029-Dust-Lava-packed-32-baseline-w32-s01,conversions,4,Empty,0,0,508
native-expanded,029-Dust-Lava-packed-32-baseline-w32-s01,conversions,6,4,0,0,512
native-expanded,029-Dust-Lava-packed-32-baseline-w32-s01,conversions,Dust,6,0,0,512
native-expanded,029-Dust-Lava-packed-32-baseline-w32-s01,empty_moves,6,Empty,-1,0,616
native-expanded,029-Dust-Lava-packed-32-baseline-w32-s01,empty_moves,4,Empty,-1,0,3779
native-expanded,029-Dust-Lava-packed-32-baseline-w32-s01,empty_moves,6,Empty,1,-1,694
native-expanded,029-Dust-Lava-packed-32-baseline-w32-s01,empty_moves,4,Empty,1,-1,1496
native-expanded,029-Dust-Lava-packed-32-baseline-w32-s01,density_swaps,Dust,6,1,1,59
native-expanded,029-Dust-Lava-packed-32-baseline-w32-s01,empty_moves,6,Empty,0,-1,710
native-expanded,029-Dust-Lava-packed-32-baseline-w32-s01,empty_moves,4,Empty,0,-1,41062
native-expanded,029-Dust-Lava-packed-32-baseline-w32-s01,density_swaps,Dust,6,0,1,1010
native-expanded,029-Dust-Lava-packed-32-baseline-w32-s02,empty_moves,6,Empty,-1,-1,705
native-expanded,029-Dust-Lava-packed-32-baseline-w32-s02,empty_moves,4,Empty,-1,-1,1418
native-expanded,029-Dust-Lava-packed-32-baseline-w32-s02,density_swaps,Dust,6,-1,1,50
native-expanded,029-Dust-Lava-packed-32-baseline-w32-s02,empty_moves,6,Empty,1,0,617
native-expanded,029-Dust-Lava-packed-32-baseline-w32-s02,empty_moves,4,Empty,1,0,3606
native-expanded,029-Dust-Lava-packed-32-baseline-w32-s02,conversions,4,Empty,0,0,508
native-expanded,029-Dust-Lava-packed-32-baseline-w32-s02,conversions,6,4,0,0,512
native-expanded,029-Dust-Lava-packed-32-baseline-w32-s02,conversions,Dust,6,0,0,512
native-expanded,029-Dust-Lava-packed-32-baseline-w32-s02,empty_moves,6,Empty,-1,0,618
native-expanded,029-Dust-Lava-packed-32-baseline-w32-s02,empty_moves,4,Empty,-1,0,3792
native-expanded,029-Dust-Lava-packed-32-baseline-w32-s02,empty_moves,6,Empty,1,-1,721
native-expanded,029-Dust-Lava-packed-32-baseline-w32-s02,empty_moves,4,Empty,1,-1,1710
native-expanded,029-Dust-Lava-packed-32-baseline-w32-s02,density_swaps,Dust,6,1,1,53
native-expanded,029-Dust-Lava-packed-32-baseline-w32-s02,empty_moves,6,Empty,0,-1,803
native-expanded,029-Dust-Lava-packed-32-baseline-w32-s02,empty_moves,4,Empty,0,-1,44415
native-expanded,029-Dust-Lava-packed-32-baseline-w32-s02,density_swaps,Dust,6,0,1,921
native-expanded,029-Dust-Lava-packed-32-baseline-w32-s03,empty_moves,6,Empty,-1,-1,665
native-expanded,029-Dust-Lava-packed-32-baseline-w32-s03,empty_moves,4,Empty,-1,-1,1414
native-expanded,029-Dust-Lava-packed-32-baseline-w32-s03,density_swaps,Dust,6,-1,1,40
native-expanded,029-Dust-Lava-packed-32-baseline-w32-s03,empty_moves,6,Empty,1,0,633
native-expanded,029-Dust-Lava-packed-32-baseline-w32-s03,empty_moves,4,Empty,1,0,3667
native-expanded,029-Dust-Lava-packed-32-baseline-w32-s03,conversions,4,Empty,0,0,509
native-expanded,029-Dust-Lava-packed-32-baseline-w32-s03,conversions,6,4,0,0,512
native-expanded,029-Dust-Lava-packed-32-baseline-w32-s03,conversions,Dust,6,0,0,512
native-expanded,029-Dust-Lava-packed-32-baseline-w32-s03,empty_moves,6,Empty,-1,0,602
native-expanded,029-Dust-Lava-packed-32-baseline-w32-s03,empty_moves,4,Empty,-1,0,3648
native-expanded,029-Dust-Lava-packed-32-baseline-w32-s03,empty_moves,6,Empty,1,-1,696
native-expanded,029-Dust-Lava-packed-32-baseline-w32-s03,empty_moves,4,Empty,1,-1,1464
native-expanded,029-Dust-Lava-packed-32-baseline-w32-s03,density_swaps,Dust,6,1,1,42
native-expanded,029-Dust-Lava-packed-32-baseline-w32-s03,empty_moves,6,Empty,0,-1,687
native-expanded,029-Dust-Lava-packed-32-baseline-w32-s03,empty_moves,4,Empty,0,-1,38137
native-expanded,029-Dust-Lava-packed-32-baseline-w32-s03,density_swaps,Dust,6,0,1,1038
native-expanded,029-Dust-Lava-packed-32-baseline-w32-s04,empty_moves,6,Empty,-1,-1,703
native-expanded,029-Dust-Lava-packed-32-baseline-w32-s04,empty_moves,4,Empty,-1,-1,1218
native-expanded,029-Dust-Lava-packed-32-baseline-w32-s04,density_swaps,Dust,6,-1,1,41
native-expanded,029-Dust-Lava-packed-32-baseline-w32-s04,empty_moves,6,Empty,1,0,628
native-expanded,029-Dust-Lava-packed-32-baseline-w32-s04,empty_moves,4,Empty,1,0,4120
native-expanded,029-Dust-Lava-packed-32-baseline-w32-s04,conversions,4,Empty,0,0,508
native-expanded,029-Dust-Lava-packed-32-baseline-w32-s04,conversions,6,4,0,0,512
native-expanded,029-Dust-Lava-packed-32-baseline-w32-s04,conversions,Dust,6,0,0,512
native-expanded,029-Dust-Lava-packed-32-baseline-w32-s04,empty_moves,6,Empty,-1,0,585
native-expanded,029-Dust-Lava-packed-32-baseline-w32-s04,empty_moves,4,Empty,-1,0,4179
native-expanded,029-Dust-Lava-packed-32-baseline-w32-s04,empty_moves,6,Empty,1,-1,700
native-expanded,029-Dust-Lava-packed-32-baseline-w32-s04,empty_moves,4,Empty,1,-1,1458
native-expanded,029-Dust-Lava-packed-32-baseline-w32-s04,density_swaps,Dust,6,1,1,33
native-expanded,029-Dust-Lava-packed-32-baseline-w32-s04,empty_moves,6,Empty,0,-1,705
native-expanded,029-Dust-Lava-packed-32-baseline-w32-s04,empty_moves,4,Empty,0,-1,41759
native-expanded,029-Dust-Lava-packed-32-baseline-w32-s04,density_swaps,Dust,6,0,1,1011
native-expanded,034-Sand-Seed-packed-32-baseline-w32-s00,conversions,Seed,11,0,0,1024
native-expanded,034-Sand-Seed-packed-32-baseline-w32-s00,conversions,Empty,11,0,0,72
native-expanded,034-Sand-Seed-packed-32-baseline-w32-s00,density_swaps,Sand,Seed,0,1,16384
native-expanded,034-Sand-Seed-packed-32-baseline-w32-s01,conversions,Seed,11,0,0,1024
native-expanded,034-Sand-Seed-packed-32-baseline-w32-s01,conversions,Empty,11,0,0,71
native-expanded,034-Sand-Seed-packed-32-baseline-w32-s01,density_swaps,Sand,Seed,0,1,16384
native-expanded,034-Sand-Seed-packed-32-baseline-w32-s02,conversions,Seed,11,0,0,1024
native-expanded,034-Sand-Seed-packed-32-baseline-w32-s02,conversions,Empty,11,0,0,80
native-expanded,034-Sand-Seed-packed-32-baseline-w32-s02,density_swaps,Sand,Seed,0,1,16384
native-expanded,034-Sand-Seed-packed-32-baseline-w32-s03,conversions,Seed,11,0,0,1024
native-expanded,034-Sand-Seed-packed-32-baseline-w32-s03,conversions,Empty,11,0,0,75
native-expanded,034-Sand-Seed-packed-32-baseline-w32-s03,density_swaps,Sand,Seed,0,1,16384
native-expanded,034-Sand-Seed-packed-32-baseline-w32-s04,conversions,Seed,11,0,0,1024
native-expanded,034-Sand-Seed-packed-32-baseline-w32-s04,conversions,Empty,11,0,0,76
native-expanded,034-Sand-Seed-packed-32-baseline-w32-s04,density_swaps,Sand,Seed,0,1,16384
native-expanded,036-Sand-Sodium-packed-32-baseline-w32-s00,density_swaps,Sand,Sodium,0,1,16384
native-expanded,036-Sand-Sodium-packed-32-baseline-w32-s01,density_swaps,Sand,Sodium,0,1,16384
native-expanded,036-Sand-Sodium-packed-32-baseline-w32-s02,density_swaps,Sand,Sodium,0,1,16384
native-expanded,036-Sand-Sodium-packed-32-baseline-w32-s03,density_swaps,Sand,Sodium,0,1,16384
native-expanded,036-Sand-Sodium-packed-32-baseline-w32-s04,density_swaps,Sand,Sodium,0,1,16384
native-expanded,038-Sand-Coal-packed-32-baseline-w32-s00,density_swaps,Sand,Coal,0,1,16384
native-expanded,038-Sand-Coal-packed-32-baseline-w32-s01,density_swaps,Sand,Coal,0,1,16384
native-expanded,038-Sand-Coal-packed-32-baseline-w32-s02,density_swaps,Sand,Coal,0,1,16384
native-expanded,038-Sand-Coal-packed-32-baseline-w32-s03,density_swaps,Sand,Coal,0,1,16384
native-expanded,038-Sand-Coal-packed-32-baseline-w32-s04,density_swaps,Sand,Coal,0,1,16384
native-expanded,039-Stone-Dust-packed-32-baseline-w32-s00,density_swaps,Stone,Dust,0,1,15936
native-expanded,039-Stone-Dust-packed-32-baseline-w32-s01,density_swaps,Stone,Dust,0,1,15388
native-expanded,039-Stone-Dust-packed-32-baseline-w32-s02,density_swaps,Stone,Dust,0,1,15688
native-expanded,039-Stone-Dust-packed-32-baseline-w32-s03,density_swaps,Stone,Dust,0,1,15936
native-expanded,039-Stone-Dust-packed-32-baseline-w32-s04,density_swaps,Stone,Dust,0,1,15318
native-expanded,040-Stone-Seed-packed-32-baseline-w32-s00,density_swaps,Stone,Seed,0,1,15936
native-expanded,040-Stone-Seed-packed-32-baseline-w32-s01,density_swaps,Stone,Seed,0,1,15388
native-expanded,040-Stone-Seed-packed-32-baseline-w32-s02,density_swaps,Stone,Seed,0,1,15688
native-expanded,040-Stone-Seed-packed-32-baseline-w32-s03,density_swaps,Stone,Seed,0,1,15936
native-expanded,040-Stone-Seed-packed-32-baseline-w32-s04,density_swaps,Stone,Seed,0,1,15318
native-expanded,041-Stone-Salt-packed-32-baseline-w32-s00,density_swaps,Stone,Salt,0,1,15936
native-expanded,041-Stone-Salt-packed-32-baseline-w32-s01,density_swaps,Stone,Salt,0,1,15388
native-expanded,041-Stone-Salt-packed-32-baseline-w32-s02,density_swaps,Stone,Salt,0,1,15688
native-expanded,041-Stone-Salt-packed-32-baseline-w32-s03,density_swaps,Stone,Salt,0,1,15936
native-expanded,041-Stone-Salt-packed-32-baseline-w32-s04,density_swaps,Stone,Salt,0,1,15318
native-expanded,042-Stone-Sodium-packed-32-baseline-w32-s00,density_swaps,Stone,Sodium,0,1,15936
native-expanded,042-Stone-Sodium-packed-32-baseline-w32-s01,density_swaps,Stone,Sodium,0,1,15388
native-expanded,042-Stone-Sodium-packed-32-baseline-w32-s02,density_swaps,Stone,Sodium,0,1,15688
native-expanded,042-Stone-Sodium-packed-32-baseline-w32-s03,density_swaps,Stone,Sodium,0,1,15936
native-expanded,042-Stone-Sodium-packed-32-baseline-w32-s04,density_swaps,Stone,Sodium,0,1,15318
native-expanded,043-Stone-Gunpowder-packed-32-baseline-w32-s00,density_swaps,Stone,Gunpowder,0,1,15936
native-expanded,043-Stone-Gunpowder-packed-32-baseline-w32-s01,density_swaps,Stone,Gunpowder,0,1,15388
native-expanded,043-Stone-Gunpowder-packed-32-baseline-w32-s02,density_swaps,Stone,Gunpowder,0,1,15688
native-expanded,043-Stone-Gunpowder-packed-32-baseline-w32-s03,density_swaps,Stone,Gunpowder,0,1,15936
native-expanded,043-Stone-Gunpowder-packed-32-baseline-w32-s04,density_swaps,Stone,Gunpowder,0,1,15318
native-expanded,044-Stone-Coal-packed-32-baseline-w32-s00,density_swaps,Stone,Coal,0,1,15936
native-expanded,044-Stone-Coal-packed-32-baseline-w32-s01,density_swaps,Stone,Coal,0,1,15388
native-expanded,044-Stone-Coal-packed-32-baseline-w32-s02,density_swaps,Stone,Coal,0,1,15688
native-expanded,044-Stone-Coal-packed-32-baseline-w32-s03,density_swaps,Stone,Coal,0,1,15936
native-expanded,044-Stone-Coal-packed-32-baseline-w32-s04,density_swaps,Stone,Coal,0,1,15318
native-expanded,053-Seed-Sand-packed-32-baseline-w32-s00,conversions,Seed,11,0,0,512
native-expanded,053-Seed-Sand-packed-32-baseline-w32-s00,conversions,Empty,11,0,0,78
native-expanded,053-Seed-Sand-packed-32-baseline-w32-s01,conversions,Seed,11,0,0,512
native-expanded,053-Seed-Sand-packed-32-baseline-w32-s01,conversions,Empty,11,0,0,78
native-expanded,053-Seed-Sand-packed-32-baseline-w32-s02,conversions,Seed,11,0,0,512
native-expanded,053-Seed-Sand-packed-32-baseline-w32-s02,conversions,Empty,11,0,0,77
native-expanded,053-Seed-Sand-packed-32-baseline-w32-s03,conversions,Seed,11,0,0,512
native-expanded,053-Seed-Sand-packed-32-baseline-w32-s03,conversions,Empty,11,0,0,77
native-expanded,053-Seed-Sand-packed-32-baseline-w32-s04,conversions,Seed,11,0,0,512
native-expanded,053-Seed-Sand-packed-32-baseline-w32-s04,conversions,Empty,11,0,0,78
native-expanded,055-Seed-Dust-packed-32-baseline-w32-s00,density_swaps,Seed,Dust,0,1,16384
native-expanded,055-Seed-Dust-packed-32-baseline-w32-s01,density_swaps,Seed,Dust,0,1,16384
native-expanded,055-Seed-Dust-packed-32-baseline-w32-s02,density_swaps,Seed,Dust,0,1,16384
native-expanded,055-Seed-Dust-packed-32-baseline-w32-s03,density_swaps,Seed,Dust,0,1,16384
native-expanded,055-Seed-Dust-packed-32-baseline-w32-s04,density_swaps,Seed,Dust,0,1,16384
native-expanded,061-Salt-Sand-packed-32-baseline-w32-s00,density_swaps,Salt,Sand,0,1,16384
native-expanded,061-Salt-Sand-packed-32-baseline-w32-s01,density_swaps,Salt,Sand,0,1,16384
native-expanded,061-Salt-Sand-packed-32-baseline-w32-s02,density_swaps,Salt,Sand,0,1,16384
native-expanded,061-Salt-Sand-packed-32-baseline-w32-s03,density_swaps,Salt,Sand,0,1,16384
native-expanded,061-Salt-Sand-packed-32-baseline-w32-s04,density_swaps,Salt,Sand,0,1,16384
native-expanded,063-Salt-Dust-packed-32-baseline-w32-s00,density_swaps,Salt,Dust,0,1,16384
native-expanded,063-Salt-Dust-packed-32-baseline-w32-s01,density_swaps,Salt,Dust,0,1,16384
native-expanded,063-Salt-Dust-packed-32-baseline-w32-s02,density_swaps,Salt,Dust,0,1,16384
native-expanded,063-Salt-Dust-packed-32-baseline-w32-s03,density_swaps,Salt,Dust,0,1,16384
native-expanded,063-Salt-Dust-packed-32-baseline-w32-s04,density_swaps,Salt,Dust,0,1,16384
native-expanded,064-Salt-Seed-packed-32-baseline-w32-s00,density_swaps,Salt,Seed,0,1,16384
native-expanded,064-Salt-Seed-packed-32-baseline-w32-s01,density_swaps,Salt,Seed,0,1,16384
native-expanded,064-Salt-Seed-packed-32-baseline-w32-s02,density_swaps,Salt,Seed,0,1,16384
native-expanded,064-Salt-Seed-packed-32-baseline-w32-s03,density_swaps,Salt,Seed,0,1,16384
native-expanded,064-Salt-Seed-packed-32-baseline-w32-s04,density_swaps,Salt,Seed,0,1,16384
native-expanded,065-Salt-Sodium-packed-32-baseline-w32-s00,density_swaps,Salt,Sodium,0,1,16384
native-expanded,065-Salt-Sodium-packed-32-baseline-w32-s01,density_swaps,Salt,Sodium,0,1,16384
native-expanded,065-Salt-Sodium-packed-32-baseline-w32-s02,density_swaps,Salt,Sodium,0,1,16384
native-expanded,065-Salt-Sodium-packed-32-baseline-w32-s03,density_swaps,Salt,Sodium,0,1,16384
native-expanded,065-Salt-Sodium-packed-32-baseline-w32-s04,density_swaps,Salt,Sodium,0,1,16384
native-expanded,066-Salt-Gunpowder-packed-32-baseline-w32-s00,density_swaps,Salt,Gunpowder,0,1,16384
native-expanded,066-Salt-Gunpowder-packed-32-baseline-w32-s01,density_swaps,Salt,Gunpowder,0,1,16384
native-expanded,066-Salt-Gunpowder-packed-32-baseline-w32-s02,density_swaps,Salt,Gunpowder,0,1,16384
native-expanded,066-Salt-Gunpowder-packed-32-baseline-w32-s03,density_swaps,Salt,Gunpowder,0,1,16384
native-expanded,066-Salt-Gunpowder-packed-32-baseline-w32-s04,density_swaps,Salt,Gunpowder,0,1,16384
native-expanded,067-Salt-Coal-packed-32-baseline-w32-s00,density_swaps,Salt,Coal,0,1,16384
native-expanded,067-Salt-Coal-packed-32-baseline-w32-s01,density_swaps,Salt,Coal,0,1,16384
native-expanded,067-Salt-Coal-packed-32-baseline-w32-s02,density_swaps,Salt,Coal,0,1,16384
native-expanded,067-Salt-Coal-packed-32-baseline-w32-s03,density_swaps,Salt,Coal,0,1,16384
native-expanded,067-Salt-Coal-packed-32-baseline-w32-s04,density_swaps,Salt,Coal,0,1,16384
native-expanded,071-Sodium-Dust-packed-32-baseline-w32-s00,density_swaps,Sodium,Dust,0,1,16384
native-expanded,071-Sodium-Dust-packed-32-baseline-w32-s01,density_swaps,Sodium,Dust,0,1,16384
native-expanded,071-Sodium-Dust-packed-32-baseline-w32-s02,density_swaps,Sodium,Dust,0,1,16384
native-expanded,071-Sodium-Dust-packed-32-baseline-w32-s03,density_swaps,Sodium,Dust,0,1,16384
native-expanded,071-Sodium-Dust-packed-32-baseline-w32-s04,density_swaps,Sodium,Dust,0,1,16384
native-expanded,072-Sodium-Seed-packed-32-baseline-w32-s00,density_swaps,Sodium,Seed,0,1,16384
native-expanded,072-Sodium-Seed-packed-32-baseline-w32-s01,density_swaps,Sodium,Seed,0,1,16384
native-expanded,072-Sodium-Seed-packed-32-baseline-w32-s02,density_swaps,Sodium,Seed,0,1,16384
native-expanded,072-Sodium-Seed-packed-32-baseline-w32-s03,density_swaps,Sodium,Seed,0,1,16384
native-expanded,072-Sodium-Seed-packed-32-baseline-w32-s04,density_swaps,Sodium,Seed,0,1,16384
native-expanded,077-Gunpowder-Sand-packed-32-baseline-w32-s00,density_swaps,Gunpowder,Sand,0,1,16384
native-expanded,077-Gunpowder-Sand-packed-32-baseline-w32-s01,density_swaps,Gunpowder,Sand,0,1,16384
native-expanded,077-Gunpowder-Sand-packed-32-baseline-w32-s02,density_swaps,Gunpowder,Sand,0,1,16384
native-expanded,077-Gunpowder-Sand-packed-32-baseline-w32-s03,density_swaps,Gunpowder,Sand,0,1,16384
native-expanded,077-Gunpowder-Sand-packed-32-baseline-w32-s04,density_swaps,Gunpowder,Sand,0,1,16384
native-expanded,079-Gunpowder-Dust-packed-32-baseline-w32-s00,density_swaps,Gunpowder,Dust,0,1,16384
native-expanded,079-Gunpowder-Dust-packed-32-baseline-w32-s01,density_swaps,Gunpowder,Dust,0,1,16384
native-expanded,079-Gunpowder-Dust-packed-32-baseline-w32-s02,density_swaps,Gunpowder,Dust,0,1,16384
native-expanded,079-Gunpowder-Dust-packed-32-baseline-w32-s03,density_swaps,Gunpowder,Dust,0,1,16384
native-expanded,079-Gunpowder-Dust-packed-32-baseline-w32-s04,density_swaps,Gunpowder,Dust,0,1,16384
native-expanded,080-Gunpowder-Seed-packed-32-baseline-w32-s00,density_swaps,Gunpowder,Seed,0,1,16384
native-expanded,080-Gunpowder-Seed-packed-32-baseline-w32-s01,density_swaps,Gunpowder,Seed,0,1,16384
native-expanded,080-Gunpowder-Seed-packed-32-baseline-w32-s02,density_swaps,Gunpowder,Seed,0,1,16384
native-expanded,080-Gunpowder-Seed-packed-32-baseline-w32-s03,density_swaps,Gunpowder,Seed,0,1,16384
native-expanded,080-Gunpowder-Seed-packed-32-baseline-w32-s04,density_swaps,Gunpowder,Seed,0,1,16384
native-expanded,082-Gunpowder-Sodium-packed-32-baseline-w32-s00,density_swaps,Gunpowder,Sodium,0,1,16384
native-expanded,082-Gunpowder-Sodium-packed-32-baseline-w32-s01,density_swaps,Gunpowder,Sodium,0,1,16384
native-expanded,082-Gunpowder-Sodium-packed-32-baseline-w32-s02,density_swaps,Gunpowder,Sodium,0,1,16384
native-expanded,082-Gunpowder-Sodium-packed-32-baseline-w32-s03,density_swaps,Gunpowder,Sodium,0,1,16384
native-expanded,082-Gunpowder-Sodium-packed-32-baseline-w32-s04,density_swaps,Gunpowder,Sodium,0,1,16384
native-expanded,083-Gunpowder-Coal-packed-32-baseline-w32-s00,density_swaps,Gunpowder,Coal,0,1,16384
native-expanded,083-Gunpowder-Coal-packed-32-baseline-w32-s01,density_swaps,Gunpowder,Coal,0,1,16384
native-expanded,083-Gunpowder-Coal-packed-32-baseline-w32-s02,density_swaps,Gunpowder,Coal,0,1,16384
native-expanded,083-Gunpowder-Coal-packed-32-baseline-w32-s03,density_swaps,Gunpowder,Coal,0,1,16384
native-expanded,083-Gunpowder-Coal-packed-32-baseline-w32-s04,density_swaps,Gunpowder,Coal,0,1,16384
native-expanded,087-Coal-Dust-packed-32-baseline-w32-s00,density_swaps,Coal,Dust,0,1,16384
native-expanded,087-Coal-Dust-packed-32-baseline-w32-s01,density_swaps,Coal,Dust,0,1,16384
native-expanded,087-Coal-Dust-packed-32-baseline-w32-s02,density_swaps,Coal,Dust,0,1,16384
native-expanded,087-Coal-Dust-packed-32-baseline-w32-s03,density_swaps,Coal,Dust,0,1,16384
native-expanded,087-Coal-Dust-packed-32-baseline-w32-s04,density_swaps,Coal,Dust,0,1,16384
native-expanded,088-Coal-Seed-packed-32-baseline-w32-s00,density_swaps,Coal,Seed,0,1,16384
native-expanded,088-Coal-Seed-packed-32-baseline-w32-s01,density_swaps,Coal,Seed,0,1,16384
native-expanded,088-Coal-Seed-packed-32-baseline-w32-s02,density_swaps,Coal,Seed,0,1,16384
native-expanded,088-Coal-Seed-packed-32-baseline-w32-s03,density_swaps,Coal,Seed,0,1,16384
native-expanded,088-Coal-Seed-packed-32-baseline-w32-s04,density_swaps,Coal,Seed,0,1,16384
native-expanded,090-Coal-Sodium-packed-32-baseline-w32-s00,density_swaps,Coal,Sodium,0,1,16384
native-expanded,090-Coal-Sodium-packed-32-baseline-w32-s01,density_swaps,Coal,Sodium,0,1,16384
native-expanded,090-Coal-Sodium-packed-32-baseline-w32-s02,density_swaps,Coal,Sodium,0,1,16384
native-expanded,090-Coal-Sodium-packed-32-baseline-w32-s03,density_swaps,Coal,Sodium,0,1,16384
native-expanded,090-Coal-Sodium-packed-32-baseline-w32-s04,density_swaps,Coal,Sodium,0,1,16384
native-expanded,093-Rust-Stone-packed-32-baseline-w32-s00,density_swaps,Rust,Stone,0,1,16384
native-expanded,093-Rust-Stone-packed-32-baseline-w32-s01,density_swaps,Rust,Stone,0,1,16384
native-expanded,093-Rust-Stone-packed-32-baseline-w32-s02,density_swaps,Rust,Stone,0,1,16384
native-expanded,093-Rust-Stone-packed-32-baseline-w32-s03,density_swaps,Rust,Stone,0,1,16384
native-expanded,093-Rust-Stone-packed-32-baseline-w32-s04,density_swaps,Rust,Stone,0,1,16384
native-expanded,094-Rust-Dust-packed-32-baseline-w32-s00,density_swaps,Rust,Dust,0,1,16384
native-expanded,094-Rust-Dust-packed-32-baseline-w32-s01,density_swaps,Rust,Dust,0,1,16384
native-expanded,094-Rust-Dust-packed-32-baseline-w32-s02,density_swaps,Rust,Dust,0,1,16384
native-expanded,094-Rust-Dust-packed-32-baseline-w32-s03,density_swaps,Rust,Dust,0,1,16384
native-expanded,094-Rust-Dust-packed-32-baseline-w32-s04,density_swaps,Rust,Dust,0,1,16384
native-expanded,095-Rust-Seed-packed-32-baseline-w32-s00,density_swaps,Rust,Seed,0,1,16384
native-expanded,095-Rust-Seed-packed-32-baseline-w32-s01,density_swaps,Rust,Seed,0,1,16384
native-expanded,095-Rust-Seed-packed-32-baseline-w32-s02,density_swaps,Rust,Seed,0,1,16384
native-expanded,095-Rust-Seed-packed-32-baseline-w32-s03,density_swaps,Rust,Seed,0,1,16384
native-expanded,095-Rust-Seed-packed-32-baseline-w32-s04,density_swaps,Rust,Seed,0,1,16384
native-expanded,096-Rust-Salt-packed-32-baseline-w32-s00,density_swaps,Rust,Salt,0,1,16384
native-expanded,096-Rust-Salt-packed-32-baseline-w32-s01,density_swaps,Rust,Salt,0,1,16384
native-expanded,096-Rust-Salt-packed-32-baseline-w32-s02,density_swaps,Rust,Salt,0,1,16384
native-expanded,096-Rust-Salt-packed-32-baseline-w32-s03,density_swaps,Rust,Salt,0,1,16384
native-expanded,096-Rust-Salt-packed-32-baseline-w32-s04,density_swaps,Rust,Salt,0,1,16384
native-expanded,097-Rust-Sodium-packed-32-baseline-w32-s00,density_swaps,Rust,Sodium,0,1,16384
native-expanded,097-Rust-Sodium-packed-32-baseline-w32-s01,density_swaps,Rust,Sodium,0,1,16384
native-expanded,097-Rust-Sodium-packed-32-baseline-w32-s02,density_swaps,Rust,Sodium,0,1,16384
native-expanded,097-Rust-Sodium-packed-32-baseline-w32-s03,density_swaps,Rust,Sodium,0,1,16384
native-expanded,097-Rust-Sodium-packed-32-baseline-w32-s04,density_swaps,Rust,Sodium,0,1,16384
native-expanded,098-Rust-Gunpowder-packed-32-baseline-w32-s00,density_swaps,Rust,Gunpowder,0,1,16384
native-expanded,098-Rust-Gunpowder-packed-32-baseline-w32-s01,density_swaps,Rust,Gunpowder,0,1,16384
native-expanded,098-Rust-Gunpowder-packed-32-baseline-w32-s02,density_swaps,Rust,Gunpowder,0,1,16384
native-expanded,098-Rust-Gunpowder-packed-32-baseline-w32-s03,density_swaps,Rust,Gunpowder,0,1,16384
native-expanded,098-Rust-Gunpowder-packed-32-baseline-w32-s04,density_swaps,Rust,Gunpowder,0,1,16384
native-expanded,099-Rust-Coal-packed-32-baseline-w32-s00,density_swaps,Rust,Coal,0,1,16384
native-expanded,099-Rust-Coal-packed-32-baseline-w32-s01,density_swaps,Rust,Coal,0,1,16384
native-expanded,099-Rust-Coal-packed-32-baseline-w32-s02,density_swaps,Rust,Coal,0,1,16384
native-expanded,099-Rust-Coal-packed-32-baseline-w32-s03,density_swaps,Rust,Coal,0,1,16384
native-expanded,099-Rust-Coal-packed-32-baseline-w32-s04,density_swaps,Rust,Coal,0,1,16384
native-expanded,100-Sand-Dust-holes-32-baseline-w32-s00,density_swaps,Sand,Dust,0,1,14896
native-expanded,100-Sand-Dust-holes-32-baseline-w32-s00,empty_moves,Dust,Empty,1,1,168
native-expanded,100-Sand-Dust-holes-32-baseline-w32-s00,empty_moves,Dust,Empty,0,1,996
native-expanded,100-Sand-Dust-holes-32-baseline-w32-s00,empty_moves,Sand,Empty,0,1,1488
native-expanded,100-Sand-Dust-holes-32-baseline-w32-s00,empty_moves,Dust,Empty,-1,1,186
native-expanded,100-Sand-Dust-holes-32-baseline-w32-s01,density_swaps,Sand,Dust,0,1,14896
native-expanded,100-Sand-Dust-holes-32-baseline-w32-s01,empty_moves,Dust,Empty,1,1,166
native-expanded,100-Sand-Dust-holes-32-baseline-w32-s01,empty_moves,Dust,Empty,0,1,1011
native-expanded,100-Sand-Dust-holes-32-baseline-w32-s01,empty_moves,Sand,Empty,0,1,1488
native-expanded,100-Sand-Dust-holes-32-baseline-w32-s01,empty_moves,Dust,Empty,-1,1,164
native-expanded,100-Sand-Dust-holes-32-baseline-w32-s02,density_swaps,Sand,Dust,0,1,14896
native-expanded,100-Sand-Dust-holes-32-baseline-w32-s02,empty_moves,Dust,Empty,1,1,224
native-expanded,100-Sand-Dust-holes-32-baseline-w32-s02,empty_moves,Dust,Empty,0,1,899
native-expanded,100-Sand-Dust-holes-32-baseline-w32-s02,empty_moves,Sand,Empty,0,1,1488
native-expanded,100-Sand-Dust-holes-32-baseline-w32-s02,empty_moves,Dust,Empty,-1,1,242
native-expanded,100-Sand-Dust-holes-32-baseline-w32-s03,density_swaps,Sand,Dust,0,1,14896
native-expanded,100-Sand-Dust-holes-32-baseline-w32-s03,empty_moves,Dust,Empty,1,1,172
native-expanded,100-Sand-Dust-holes-32-baseline-w32-s03,empty_moves,Dust,Empty,0,1,1018
native-expanded,100-Sand-Dust-holes-32-baseline-w32-s03,empty_moves,Sand,Empty,0,1,1488
native-expanded,100-Sand-Dust-holes-32-baseline-w32-s03,empty_moves,Dust,Empty,-1,1,172
native-expanded,100-Sand-Dust-holes-32-baseline-w32-s04,density_swaps,Sand,Dust,0,1,14896
native-expanded,100-Sand-Dust-holes-32-baseline-w32-s04,empty_moves,Dust,Empty,1,1,165
native-expanded,100-Sand-Dust-holes-32-baseline-w32-s04,empty_moves,Dust,Empty,0,1,1010
native-expanded,100-Sand-Dust-holes-32-baseline-w32-s04,empty_moves,Sand,Empty,0,1,1488
native-expanded,100-Sand-Dust-holes-32-baseline-w32-s04,empty_moves,Dust,Empty,-1,1,178
native-expanded,101-Sand-Dust-slope-32-baseline-w32-s00,density_swaps,Sand,Dust,0,1,14592
native-expanded,101-Sand-Dust-slope-32-baseline-w32-s00,empty_moves,Sand,Empty,0,1,1792
native-expanded,101-Sand-Dust-slope-32-baseline-w32-s01,density_swaps,Sand,Dust,0,1,14592
native-expanded,101-Sand-Dust-slope-32-baseline-w32-s01,empty_moves,Sand,Empty,0,1,1792
native-expanded,101-Sand-Dust-slope-32-baseline-w32-s02,density_swaps,Sand,Dust,0,1,14592
native-expanded,101-Sand-Dust-slope-32-baseline-w32-s02,empty_moves,Sand,Empty,0,1,1792
native-expanded,101-Sand-Dust-slope-32-baseline-w32-s03,density_swaps,Sand,Dust,0,1,14592
native-expanded,101-Sand-Dust-slope-32-baseline-w32-s03,empty_moves,Sand,Empty,0,1,1792
native-expanded,101-Sand-Dust-slope-32-baseline-w32-s04,density_swaps,Sand,Dust,0,1,14592
native-expanded,101-Sand-Dust-slope-32-baseline-w32-s04,empty_moves,Sand,Empty,0,1,1792
native-expanded,102-Sand-Dust-unsupported-32-baseline-w32-s00,density_swaps,Sand,Dust,0,1,14336
native-expanded,102-Sand-Dust-unsupported-32-baseline-w32-s00,empty_moves,Sand,Empty,0,1,2048
native-expanded,102-Sand-Dust-unsupported-32-baseline-w32-s01,density_swaps,Sand,Dust,0,1,14336
native-expanded,102-Sand-Dust-unsupported-32-baseline-w32-s01,empty_moves,Sand,Empty,0,1,2048
native-expanded,102-Sand-Dust-unsupported-32-baseline-w32-s02,density_swaps,Sand,Dust,0,1,14336
native-expanded,102-Sand-Dust-unsupported-32-baseline-w32-s02,empty_moves,Sand,Empty,0,1,2048
native-expanded,102-Sand-Dust-unsupported-32-baseline-w32-s03,density_swaps,Sand,Dust,0,1,14336
native-expanded,102-Sand-Dust-unsupported-32-baseline-w32-s03,empty_moves,Sand,Empty,0,1,2048
native-expanded,102-Sand-Dust-unsupported-32-baseline-w32-s04,density_swaps,Sand,Dust,0,1,14336
native-expanded,102-Sand-Dust-unsupported-32-baseline-w32-s04,empty_moves,Sand,Empty,0,1,2048
native-expanded,103-Sand-Dust-granular-32-baseline-w32-s00,density_swaps,Sand,Dust,0,1,16384
native-expanded,103-Sand-Dust-granular-32-baseline-w32-s01,density_swaps,Sand,Dust,0,1,16384
native-expanded,103-Sand-Dust-granular-32-baseline-w32-s02,density_swaps,Sand,Dust,0,1,16384
native-expanded,103-Sand-Dust-granular-32-baseline-w32-s03,density_swaps,Sand,Dust,0,1,16384
native-expanded,103-Sand-Dust-granular-32-baseline-w32-s04,density_swaps,Sand,Dust,0,1,16384
native-expanded,104-Stone-Sand-holes-32-baseline-w32-s00,empty_moves,Sand,Empty,1,1,707
native-expanded,104-Stone-Sand-holes-32-baseline-w32-s00,empty_moves,Sand,Empty,0,1,1184
native-expanded,104-Stone-Sand-holes-32-baseline-w32-s00,empty_moves,Stone,Empty,0,1,226
native-expanded,104-Stone-Sand-holes-32-baseline-w32-s00,density_swaps,Stone,Sand,0,1,15710
native-expanded,104-Stone-Sand-holes-32-baseline-w32-s00,empty_moves,Sand,Empty,-1,1,721
native-expanded,104-Stone-Sand-holes-32-baseline-w32-s01,empty_moves,Sand,Empty,1,1,706
native-expanded,104-Stone-Sand-holes-32-baseline-w32-s01,empty_moves,Sand,Empty,0,1,1203
native-expanded,104-Stone-Sand-holes-32-baseline-w32-s01,empty_moves,Stone,Empty,0,1,212
native-expanded,104-Stone-Sand-holes-32-baseline-w32-s01,density_swaps,Stone,Sand,0,1,15176
native-expanded,104-Stone-Sand-holes-32-baseline-w32-s01,empty_moves,Sand,Empty,-1,1,707
native-expanded,104-Stone-Sand-holes-32-baseline-w32-s02,empty_moves,Sand,Empty,1,1,771
native-expanded,104-Stone-Sand-holes-32-baseline-w32-s02,empty_moves,Sand,Empty,0,1,1091
native-expanded,104-Stone-Sand-holes-32-baseline-w32-s02,empty_moves,Stone,Empty,0,1,212
native-expanded,104-Stone-Sand-holes-32-baseline-w32-s02,density_swaps,Stone,Sand,0,1,15476
native-expanded,104-Stone-Sand-holes-32-baseline-w32-s02,empty_moves,Sand,Empty,-1,1,779
native-expanded,104-Stone-Sand-holes-32-baseline-w32-s03,empty_moves,Sand,Empty,1,1,713
native-expanded,104-Stone-Sand-holes-32-baseline-w32-s03,empty_moves,Sand,Empty,0,1,1207
native-expanded,104-Stone-Sand-holes-32-baseline-w32-s03,empty_moves,Stone,Empty,0,1,227
native-expanded,104-Stone-Sand-holes-32-baseline-w32-s03,density_swaps,Stone,Sand,0,1,15709
native-expanded,104-Stone-Sand-holes-32-baseline-w32-s03,empty_moves,Sand,Empty,-1,1,703
native-expanded,104-Stone-Sand-holes-32-baseline-w32-s04,empty_moves,Sand,Empty,1,1,715
native-expanded,104-Stone-Sand-holes-32-baseline-w32-s04,empty_moves,Sand,Empty,0,1,1202
native-expanded,104-Stone-Sand-holes-32-baseline-w32-s04,empty_moves,Stone,Empty,0,1,212
native-expanded,104-Stone-Sand-holes-32-baseline-w32-s04,density_swaps,Stone,Sand,0,1,15106
native-expanded,104-Stone-Sand-holes-32-baseline-w32-s04,empty_moves,Sand,Empty,-1,1,711
native-expanded,105-Stone-Sand-slope-32-baseline-w32-s00,empty_moves,Sand,Empty,1,1,706
native-expanded,105-Stone-Sand-slope-32-baseline-w32-s00,empty_moves,Stone,Empty,0,1,273
native-expanded,105-Stone-Sand-slope-32-baseline-w32-s00,empty_moves,Sand,Empty,0,1,221
native-expanded,105-Stone-Sand-slope-32-baseline-w32-s00,density_swaps,Stone,Sand,0,1,15663
native-expanded,105-Stone-Sand-slope-32-baseline-w32-s00,empty_moves,Sand,Empty,-1,1,610
native-expanded,105-Stone-Sand-slope-32-baseline-w32-s01,empty_moves,Sand,Empty,1,1,715
native-expanded,105-Stone-Sand-slope-32-baseline-w32-s01,empty_moves,Stone,Empty,0,1,266
native-expanded,105-Stone-Sand-slope-32-baseline-w32-s01,empty_moves,Sand,Empty,0,1,219
native-expanded,105-Stone-Sand-slope-32-baseline-w32-s01,density_swaps,Stone,Sand,0,1,15122
native-expanded,105-Stone-Sand-slope-32-baseline-w32-s01,empty_moves,Sand,Empty,-1,1,612
native-expanded,105-Stone-Sand-slope-32-baseline-w32-s02,empty_moves,Sand,Empty,1,1,703
native-expanded,105-Stone-Sand-slope-32-baseline-w32-s02,empty_moves,Stone,Empty,0,1,279
native-expanded,105-Stone-Sand-slope-32-baseline-w32-s02,empty_moves,Sand,Empty,0,1,221
native-expanded,105-Stone-Sand-slope-32-baseline-w32-s02,density_swaps,Stone,Sand,0,1,15409
native-expanded,105-Stone-Sand-slope-32-baseline-w32-s02,empty_moves,Sand,Empty,-1,1,607
native-expanded,105-Stone-Sand-slope-32-baseline-w32-s03,empty_moves,Sand,Empty,1,1,715
native-expanded,105-Stone-Sand-slope-32-baseline-w32-s03,empty_moves,Stone,Empty,0,1,266
native-expanded,105-Stone-Sand-slope-32-baseline-w32-s03,empty_moves,Sand,Empty,0,1,219
native-expanded,105-Stone-Sand-slope-32-baseline-w32-s03,density_swaps,Stone,Sand,0,1,15670
native-expanded,105-Stone-Sand-slope-32-baseline-w32-s03,empty_moves,Sand,Empty,-1,1,612
native-expanded,105-Stone-Sand-slope-32-baseline-w32-s04,empty_moves,Sand,Empty,1,1,706
native-expanded,105-Stone-Sand-slope-32-baseline-w32-s04,empty_moves,Stone,Empty,0,1,273
native-expanded,105-Stone-Sand-slope-32-baseline-w32-s04,empty_moves,Sand,Empty,0,1,221
native-expanded,105-Stone-Sand-slope-32-baseline-w32-s04,density_swaps,Stone,Sand,0,1,15045
native-expanded,105-Stone-Sand-slope-32-baseline-w32-s04,empty_moves,Sand,Empty,-1,1,610
native-expanded,106-Stone-Sand-unsupported-32-baseline-w32-s00,empty_moves,Sand,Empty,1,1,728
native-expanded,106-Stone-Sand-unsupported-32-baseline-w32-s00,empty_moves,Stone,Empty,0,1,308
native-expanded,106-Stone-Sand-unsupported-32-baseline-w32-s00,empty_moves,Sand,Empty,0,1,276
native-expanded,106-Stone-Sand-unsupported-32-baseline-w32-s00,density_swaps,Stone,Sand,0,1,15628
native-expanded,106-Stone-Sand-unsupported-32-baseline-w32-s00,empty_moves,Sand,Empty,-1,1,735
native-expanded,106-Stone-Sand-unsupported-32-baseline-w32-s01,empty_moves,Sand,Empty,1,1,735
native-expanded,106-Stone-Sand-unsupported-32-baseline-w32-s01,empty_moves,Stone,Empty,0,1,308
native-expanded,106-Stone-Sand-unsupported-32-baseline-w32-s01,empty_moves,Sand,Empty,0,1,276
native-expanded,106-Stone-Sand-unsupported-32-baseline-w32-s01,density_swaps,Stone,Sand,0,1,15080
native-expanded,106-Stone-Sand-unsupported-32-baseline-w32-s01,empty_moves,Sand,Empty,-1,1,728
native-expanded,106-Stone-Sand-unsupported-32-baseline-w32-s02,empty_moves,Sand,Empty,1,1,728
native-expanded,106-Stone-Sand-unsupported-32-baseline-w32-s02,empty_moves,Stone,Empty,0,1,308
native-expanded,106-Stone-Sand-unsupported-32-baseline-w32-s02,empty_moves,Sand,Empty,0,1,276
native-expanded,106-Stone-Sand-unsupported-32-baseline-w32-s02,density_swaps,Stone,Sand,0,1,15380
native-expanded,106-Stone-Sand-unsupported-32-baseline-w32-s02,empty_moves,Sand,Empty,-1,1,735
native-expanded,106-Stone-Sand-unsupported-32-baseline-w32-s03,empty_moves,Sand,Empty,1,1,735
native-expanded,106-Stone-Sand-unsupported-32-baseline-w32-s03,empty_moves,Stone,Empty,0,1,308
native-expanded,106-Stone-Sand-unsupported-32-baseline-w32-s03,empty_moves,Sand,Empty,0,1,276
native-expanded,106-Stone-Sand-unsupported-32-baseline-w32-s03,density_swaps,Stone,Sand,0,1,15628
native-expanded,106-Stone-Sand-unsupported-32-baseline-w32-s03,empty_moves,Sand,Empty,-1,1,728
native-expanded,106-Stone-Sand-unsupported-32-baseline-w32-s04,empty_moves,Sand,Empty,1,1,728
native-expanded,106-Stone-Sand-unsupported-32-baseline-w32-s04,empty_moves,Stone,Empty,0,1,308
native-expanded,106-Stone-Sand-unsupported-32-baseline-w32-s04,empty_moves,Sand,Empty,0,1,276
native-expanded,106-Stone-Sand-unsupported-32-baseline-w32-s04,density_swaps,Stone,Sand,0,1,15010
native-expanded,106-Stone-Sand-unsupported-32-baseline-w32-s04,empty_moves,Sand,Empty,-1,1,735
native-expanded,107-Stone-Sand-granular-32-baseline-w32-s00,density_swaps,Stone,Sand,0,1,16384
native-expanded,107-Stone-Sand-granular-32-baseline-w32-s01,density_swaps,Stone,Sand,0,1,16384
native-expanded,107-Stone-Sand-granular-32-baseline-w32-s02,density_swaps,Stone,Sand,0,1,16384
native-expanded,107-Stone-Sand-granular-32-baseline-w32-s03,density_swaps,Stone,Sand,0,1,16384
native-expanded,107-Stone-Sand-granular-32-baseline-w32-s04,density_swaps,Stone,Sand,0,1,16384
native-expanded,108-Rust-Sand-holes-32-baseline-w32-s00,empty_moves,Sand,Empty,1,1,168
native-expanded,108-Rust-Sand-holes-32-baseline-w32-s00,empty_moves,Sand,Empty,0,1,996
native-expanded,108-Rust-Sand-holes-32-baseline-w32-s00,empty_moves,Rust,Empty,0,1,1488
native-expanded,108-Rust-Sand-holes-32-baseline-w32-s00,density_swaps,Rust,Sand,0,1,14896
native-expanded,108-Rust-Sand-holes-32-baseline-w32-s00,empty_moves,Sand,Empty,-1,1,186
native-expanded,108-Rust-Sand-holes-32-baseline-w32-s01,empty_moves,Sand,Empty,1,1,166
native-expanded,108-Rust-Sand-holes-32-baseline-w32-s01,empty_moves,Sand,Empty,0,1,1011
native-expanded,108-Rust-Sand-holes-32-baseline-w32-s01,empty_moves,Rust,Empty,0,1,1488
native-expanded,108-Rust-Sand-holes-32-baseline-w32-s01,density_swaps,Rust,Sand,0,1,14896
native-expanded,108-Rust-Sand-holes-32-baseline-w32-s01,empty_moves,Sand,Empty,-1,1,164
native-expanded,108-Rust-Sand-holes-32-baseline-w32-s02,empty_moves,Sand,Empty,1,1,224
native-expanded,108-Rust-Sand-holes-32-baseline-w32-s02,empty_moves,Sand,Empty,0,1,899
native-expanded,108-Rust-Sand-holes-32-baseline-w32-s02,empty_moves,Rust,Empty,0,1,1488
native-expanded,108-Rust-Sand-holes-32-baseline-w32-s02,density_swaps,Rust,Sand,0,1,14896
native-expanded,108-Rust-Sand-holes-32-baseline-w32-s02,empty_moves,Sand,Empty,-1,1,242
native-expanded,108-Rust-Sand-holes-32-baseline-w32-s03,empty_moves,Sand,Empty,1,1,172
native-expanded,108-Rust-Sand-holes-32-baseline-w32-s03,empty_moves,Sand,Empty,0,1,1018
native-expanded,108-Rust-Sand-holes-32-baseline-w32-s03,empty_moves,Rust,Empty,0,1,1488
native-expanded,108-Rust-Sand-holes-32-baseline-w32-s03,density_swaps,Rust,Sand,0,1,14896
native-expanded,108-Rust-Sand-holes-32-baseline-w32-s03,empty_moves,Sand,Empty,-1,1,172
native-expanded,108-Rust-Sand-holes-32-baseline-w32-s04,empty_moves,Sand,Empty,1,1,165
native-expanded,108-Rust-Sand-holes-32-baseline-w32-s04,empty_moves,Sand,Empty,0,1,1010
native-expanded,108-Rust-Sand-holes-32-baseline-w32-s04,empty_moves,Rust,Empty,0,1,1488
native-expanded,108-Rust-Sand-holes-32-baseline-w32-s04,density_swaps,Rust,Sand,0,1,14896
native-expanded,108-Rust-Sand-holes-32-baseline-w32-s04,empty_moves,Sand,Empty,-1,1,178
native-expanded,109-Rust-Sand-slope-32-baseline-w32-s00,empty_moves,Rust,Empty,0,1,1792
native-expanded,109-Rust-Sand-slope-32-baseline-w32-s00,density_swaps,Rust,Sand,0,1,14592
native-expanded,109-Rust-Sand-slope-32-baseline-w32-s01,empty_moves,Rust,Empty,0,1,1792
native-expanded,109-Rust-Sand-slope-32-baseline-w32-s01,density_swaps,Rust,Sand,0,1,14592
native-expanded,109-Rust-Sand-slope-32-baseline-w32-s02,empty_moves,Rust,Empty,0,1,1792
native-expanded,109-Rust-Sand-slope-32-baseline-w32-s02,density_swaps,Rust,Sand,0,1,14592
native-expanded,109-Rust-Sand-slope-32-baseline-w32-s03,empty_moves,Rust,Empty,0,1,1792
native-expanded,109-Rust-Sand-slope-32-baseline-w32-s03,density_swaps,Rust,Sand,0,1,14592
native-expanded,109-Rust-Sand-slope-32-baseline-w32-s04,empty_moves,Rust,Empty,0,1,1792
native-expanded,109-Rust-Sand-slope-32-baseline-w32-s04,density_swaps,Rust,Sand,0,1,14592
native-expanded,110-Rust-Sand-unsupported-32-baseline-w32-s00,empty_moves,Rust,Empty,0,1,2048
native-expanded,110-Rust-Sand-unsupported-32-baseline-w32-s00,density_swaps,Rust,Sand,0,1,14336
native-expanded,110-Rust-Sand-unsupported-32-baseline-w32-s01,empty_moves,Rust,Empty,0,1,2048
native-expanded,110-Rust-Sand-unsupported-32-baseline-w32-s01,density_swaps,Rust,Sand,0,1,14336
native-expanded,110-Rust-Sand-unsupported-32-baseline-w32-s02,empty_moves,Rust,Empty,0,1,2048
native-expanded,110-Rust-Sand-unsupported-32-baseline-w32-s02,density_swaps,Rust,Sand,0,1,14336
native-expanded,110-Rust-Sand-unsupported-32-baseline-w32-s03,empty_moves,Rust,Empty,0,1,2048
native-expanded,110-Rust-Sand-unsupported-32-baseline-w32-s03,density_swaps,Rust,Sand,0,1,14336
native-expanded,110-Rust-Sand-unsupported-32-baseline-w32-s04,empty_moves,Rust,Empty,0,1,2048
native-expanded,110-Rust-Sand-unsupported-32-baseline-w32-s04,density_swaps,Rust,Sand,0,1,14336
native-expanded,111-Rust-Sand-granular-32-baseline-w32-s00,density_swaps,Rust,Sand,0,1,16384
native-expanded,111-Rust-Sand-granular-32-baseline-w32-s01,density_swaps,Rust,Sand,0,1,16384
native-expanded,111-Rust-Sand-granular-32-baseline-w32-s02,density_swaps,Rust,Sand,0,1,16384
native-expanded,111-Rust-Sand-granular-32-baseline-w32-s03,density_swaps,Rust,Sand,0,1,16384
native-expanded,111-Rust-Sand-granular-32-baseline-w32-s04,density_swaps,Rust,Sand,0,1,16384
native-expanded,112-Mercury-Sand-packed-16-baseline-w32-s00,density_swaps,Mercury,Sand,0,1,8192
native-expanded,112-Mercury-Sand-packed-16-baseline-w32-s01,density_swaps,Mercury,Sand,0,1,8192
native-expanded,112-Mercury-Sand-packed-16-baseline-w32-s02,density_swaps,Mercury,Sand,0,1,8192
native-expanded,112-Mercury-Sand-packed-16-baseline-w32-s03,density_swaps,Mercury,Sand,0,1,8192
native-expanded,112-Mercury-Sand-packed-16-baseline-w32-s04,density_swaps,Mercury,Sand,0,1,8192
native-expanded,113-Mercury-Sand-packed-64-baseline-w32-s00,density_swaps,Mercury,Sand,0,1,32768
native-expanded,113-Mercury-Sand-packed-64-baseline-w32-s01,density_swaps,Mercury,Sand,0,1,32768
native-expanded,113-Mercury-Sand-packed-64-baseline-w32-s02,density_swaps,Mercury,Sand,0,1,32768
native-expanded,113-Mercury-Sand-packed-64-baseline-w32-s03,density_swaps,Mercury,Sand,0,1,32768
native-expanded,113-Mercury-Sand-packed-64-baseline-w32-s04,density_swaps,Mercury,Sand,0,1,32768
native-expanded,114-Mercury-Sand-open-32-baseline-w32-s00,empty_moves,Mercury,Empty,1,0,2
native-expanded,114-Mercury-Sand-open-32-baseline-w32-s00,empty_moves,Mercury,Empty,-1,0,1
native-expanded,114-Mercury-Sand-open-32-baseline-w32-s00,empty_moves,Sand,Empty,1,1,6162
native-expanded,114-Mercury-Sand-open-32-baseline-w32-s00,empty_moves,Mercury,Empty,1,1,13
native-expanded,114-Mercury-Sand-open-32-baseline-w32-s00,density_swaps,Mercury,Sand,1,1,357
native-expanded,114-Mercury-Sand-open-32-baseline-w32-s00,empty_moves,Sand,Empty,0,1,4295
native-expanded,114-Mercury-Sand-open-32-baseline-w32-s00,empty_moves,Mercury,Empty,0,1,3290
native-expanded,114-Mercury-Sand-open-32-baseline-w32-s00,density_swaps,Mercury,Sand,0,1,13351
native-expanded,114-Mercury-Sand-open-32-baseline-w32-s00,empty_moves,Sand,Empty,-1,1,2787
native-expanded,114-Mercury-Sand-open-32-baseline-w32-s00,empty_moves,Mercury,Empty,-1,1,15
native-expanded,114-Mercury-Sand-open-32-baseline-w32-s00,density_swaps,Mercury,Sand,-1,1,208
native-expanded,114-Mercury-Sand-open-32-baseline-w32-s01,empty_moves,Sand,Empty,1,1,5570
native-expanded,114-Mercury-Sand-open-32-baseline-w32-s01,empty_moves,Mercury,Empty,1,1,38
native-expanded,114-Mercury-Sand-open-32-baseline-w32-s01,density_swaps,Mercury,Sand,1,1,393
native-expanded,114-Mercury-Sand-open-32-baseline-w32-s01,empty_moves,Sand,Empty,0,1,3508
native-expanded,114-Mercury-Sand-open-32-baseline-w32-s01,empty_moves,Mercury,Empty,0,1,4443
native-expanded,114-Mercury-Sand-open-32-baseline-w32-s01,density_swaps,Mercury,Sand,0,1,12201
native-expanded,114-Mercury-Sand-open-32-baseline-w32-s01,empty_moves,Sand,Empty,-1,1,3293
native-expanded,114-Mercury-Sand-open-32-baseline-w32-s01,empty_moves,Mercury,Empty,-1,1,1
native-expanded,114-Mercury-Sand-open-32-baseline-w32-s01,density_swaps,Mercury,Sand,-1,1,230
native-expanded,114-Mercury-Sand-open-32-baseline-w32-s02,empty_moves,Mercury,Empty,1,0,32
native-expanded,114-Mercury-Sand-open-32-baseline-w32-s02,empty_moves,Mercury,Empty,-1,0,11
native-expanded,114-Mercury-Sand-open-32-baseline-w32-s02,empty_moves,Sand,Empty,1,1,5324
native-expanded,114-Mercury-Sand-open-32-baseline-w32-s02,empty_moves,Mercury,Empty,1,1,55
native-expanded,114-Mercury-Sand-open-32-baseline-w32-s02,density_swaps,Mercury,Sand,1,1,381
native-expanded,114-Mercury-Sand-open-32-baseline-w32-s02,empty_moves,Sand,Empty,0,1,2979
native-expanded,114-Mercury-Sand-open-32-baseline-w32-s02,empty_moves,Mercury,Empty,0,1,4953
native-expanded,114-Mercury-Sand-open-32-baseline-w32-s02,density_swaps,Mercury,Sand,0,1,11683
native-expanded,114-Mercury-Sand-open-32-baseline-w32-s02,empty_moves,Sand,Empty,-1,1,3597
native-expanded,114-Mercury-Sand-open-32-baseline-w32-s02,empty_moves,Mercury,Empty,-1,1,29
native-expanded,114-Mercury-Sand-open-32-baseline-w32-s02,density_swaps,Mercury,Sand,-1,1,266
native-expanded,114-Mercury-Sand-open-32-baseline-w32-s03,empty_moves,Sand,Empty,1,1,5040
native-expanded,114-Mercury-Sand-open-32-baseline-w32-s03,empty_moves,Mercury,Empty,1,1,21
native-expanded,114-Mercury-Sand-open-32-baseline-w32-s03,density_swaps,Mercury,Sand,1,1,389
native-expanded,114-Mercury-Sand-open-32-baseline-w32-s03,empty_moves,Sand,Empty,0,1,2718
native-expanded,114-Mercury-Sand-open-32-baseline-w32-s03,empty_moves,Mercury,Empty,0,1,5460
native-expanded,114-Mercury-Sand-open-32-baseline-w32-s03,density_swaps,Mercury,Sand,0,1,11158
native-expanded,114-Mercury-Sand-open-32-baseline-w32-s03,empty_moves,Sand,Empty,-1,1,4080
native-expanded,114-Mercury-Sand-open-32-baseline-w32-s03,empty_moves,Mercury,Empty,-1,1,2
native-expanded,114-Mercury-Sand-open-32-baseline-w32-s03,density_swaps,Mercury,Sand,-1,1,342
native-expanded,114-Mercury-Sand-open-32-baseline-w32-s04,empty_moves,Sand,Empty,1,1,5048
native-expanded,114-Mercury-Sand-open-32-baseline-w32-s04,empty_moves,Mercury,Empty,1,1,29
native-expanded,114-Mercury-Sand-open-32-baseline-w32-s04,density_swaps,Mercury,Sand,1,1,348
native-expanded,114-Mercury-Sand-open-32-baseline-w32-s04,empty_moves,Sand,Empty,0,1,2531
native-expanded,114-Mercury-Sand-open-32-baseline-w32-s04,empty_moves,Mercury,Empty,0,1,5520
native-expanded,114-Mercury-Sand-open-32-baseline-w32-s04,density_swaps,Mercury,Sand,0,1,11105
native-expanded,114-Mercury-Sand-open-32-baseline-w32-s04,empty_moves,Sand,Empty,-1,1,4452
native-expanded,114-Mercury-Sand-open-32-baseline-w32-s04,empty_moves,Mercury,Empty,-1,1,41
native-expanded,114-Mercury-Sand-open-32-baseline-w32-s04,density_swaps,Mercury,Sand,-1,1,316
native-expanded,115-Mercury-Sand-saturated-32-baseline-w32-s00,density_swaps,Sand,Water,1,1,168
native-expanded,115-Mercury-Sand-saturated-32-baseline-w32-s00,density_swaps,Sand,Water,0,1,996
native-expanded,115-Mercury-Sand-saturated-32-baseline-w32-s00,density_swaps,Mercury,Water,0,1,1488
native-expanded,115-Mercury-Sand-saturated-32-baseline-w32-s00,density_swaps,Sand,Water,-1,1,186
native-expanded,115-Mercury-Sand-saturated-32-baseline-w32-s00,density_swaps,Mercury,Sand,0,1,14896
native-expanded,115-Mercury-Sand-saturated-32-baseline-w32-s01,density_swaps,Sand,Water,1,1,166
native-expanded,115-Mercury-Sand-saturated-32-baseline-w32-s01,density_swaps,Sand,Water,0,1,1011
native-expanded,115-Mercury-Sand-saturated-32-baseline-w32-s01,density_swaps,Mercury,Water,0,1,1488
native-expanded,115-Mercury-Sand-saturated-32-baseline-w32-s01,density_swaps,Sand,Water,-1,1,164
native-expanded,115-Mercury-Sand-saturated-32-baseline-w32-s01,density_swaps,Mercury,Sand,0,1,14896
native-expanded,115-Mercury-Sand-saturated-32-baseline-w32-s02,density_swaps,Sand,Water,1,1,224
native-expanded,115-Mercury-Sand-saturated-32-baseline-w32-s02,density_swaps,Sand,Water,0,1,899
native-expanded,115-Mercury-Sand-saturated-32-baseline-w32-s02,density_swaps,Mercury,Water,0,1,1488
native-expanded,115-Mercury-Sand-saturated-32-baseline-w32-s02,density_swaps,Sand,Water,-1,1,242
native-expanded,115-Mercury-Sand-saturated-32-baseline-w32-s02,density_swaps,Mercury,Sand,0,1,14896
native-expanded,115-Mercury-Sand-saturated-32-baseline-w32-s03,density_swaps,Sand,Water,1,1,172
native-expanded,115-Mercury-Sand-saturated-32-baseline-w32-s03,density_swaps,Sand,Water,0,1,1018
native-expanded,115-Mercury-Sand-saturated-32-baseline-w32-s03,density_swaps,Mercury,Water,0,1,1488
native-expanded,115-Mercury-Sand-saturated-32-baseline-w32-s03,density_swaps,Sand,Water,-1,1,172
native-expanded,115-Mercury-Sand-saturated-32-baseline-w32-s03,density_swaps,Mercury,Sand,0,1,14896
native-expanded,115-Mercury-Sand-saturated-32-baseline-w32-s04,density_swaps,Sand,Water,1,1,165
native-expanded,115-Mercury-Sand-saturated-32-baseline-w32-s04,density_swaps,Sand,Water,0,1,1010
native-expanded,115-Mercury-Sand-saturated-32-baseline-w32-s04,density_swaps,Mercury,Water,0,1,1488
native-expanded,115-Mercury-Sand-saturated-32-baseline-w32-s04,density_swaps,Sand,Water,-1,1,178
native-expanded,115-Mercury-Sand-saturated-32-baseline-w32-s04,density_swaps,Mercury,Sand,0,1,14896
native-expanded,116-Mercury-Dust-packed-16-baseline-w32-s00,density_swaps,Mercury,Dust,0,1,8192
native-expanded,116-Mercury-Dust-packed-16-baseline-w32-s01,density_swaps,Mercury,Dust,0,1,8192
native-expanded,116-Mercury-Dust-packed-16-baseline-w32-s02,density_swaps,Mercury,Dust,0,1,8192
native-expanded,116-Mercury-Dust-packed-16-baseline-w32-s03,density_swaps,Mercury,Dust,0,1,8192
native-expanded,116-Mercury-Dust-packed-16-baseline-w32-s04,density_swaps,Mercury,Dust,0,1,8192
native-expanded,117-Mercury-Dust-packed-64-baseline-w32-s00,density_swaps,Mercury,Dust,0,1,32768
native-expanded,117-Mercury-Dust-packed-64-baseline-w32-s01,density_swaps,Mercury,Dust,0,1,32768
native-expanded,117-Mercury-Dust-packed-64-baseline-w32-s02,density_swaps,Mercury,Dust,0,1,32768
native-expanded,117-Mercury-Dust-packed-64-baseline-w32-s03,density_swaps,Mercury,Dust,0,1,32768
native-expanded,117-Mercury-Dust-packed-64-baseline-w32-s04,density_swaps,Mercury,Dust,0,1,32768
native-expanded,118-Mercury-Dust-open-32-baseline-w32-s00,empty_moves,Mercury,Empty,1,0,2
native-expanded,118-Mercury-Dust-open-32-baseline-w32-s00,density_swaps,Mercury,Dust,0,1,13351
native-expanded,118-Mercury-Dust-open-32-baseline-w32-s00,density_swaps,Mercury,Dust,-1,1,208
native-expanded,118-Mercury-Dust-open-32-baseline-w32-s00,empty_moves,Mercury,Empty,-1,0,1
native-expanded,118-Mercury-Dust-open-32-baseline-w32-s00,empty_moves,Dust,Empty,1,1,6162
native-expanded,118-Mercury-Dust-open-32-baseline-w32-s00,empty_moves,Mercury,Empty,1,1,13
native-expanded,118-Mercury-Dust-open-32-baseline-w32-s00,empty_moves,Dust,Empty,0,1,4295
native-expanded,118-Mercury-Dust-open-32-baseline-w32-s00,empty_moves,Mercury,Empty,0,1,3290
native-expanded,118-Mercury-Dust-open-32-baseline-w32-s00,empty_moves,Dust,Empty,-1,1,2787
native-expanded,118-Mercury-Dust-open-32-baseline-w32-s00,empty_moves,Mercury,Empty,-1,1,15
native-expanded,118-Mercury-Dust-open-32-baseline-w32-s00,density_swaps,Mercury,Dust,1,1,357
native-expanded,118-Mercury-Dust-open-32-baseline-w32-s01,density_swaps,Mercury,Dust,0,1,12201
native-expanded,118-Mercury-Dust-open-32-baseline-w32-s01,density_swaps,Mercury,Dust,-1,1,230
native-expanded,118-Mercury-Dust-open-32-baseline-w32-s01,empty_moves,Dust,Empty,1,1,5570
native-expanded,118-Mercury-Dust-open-32-baseline-w32-s01,empty_moves,Mercury,Empty,1,1,38
native-expanded,118-Mercury-Dust-open-32-baseline-w32-s01,empty_moves,Dust,Empty,0,1,3508
native-expanded,118-Mercury-Dust-open-32-baseline-w32-s01,empty_moves,Mercury,Empty,0,1,4443
native-expanded,118-Mercury-Dust-open-32-baseline-w32-s01,empty_moves,Dust,Empty,-1,1,3293
native-expanded,118-Mercury-Dust-open-32-baseline-w32-s01,empty_moves,Mercury,Empty,-1,1,1
native-expanded,118-Mercury-Dust-open-32-baseline-w32-s01,density_swaps,Mercury,Dust,1,1,393
native-expanded,118-Mercury-Dust-open-32-baseline-w32-s02,empty_moves,Mercury,Empty,1,0,32
native-expanded,118-Mercury-Dust-open-32-baseline-w32-s02,density_swaps,Mercury,Dust,0,1,11683
native-expanded,118-Mercury-Dust-open-32-baseline-w32-s02,density_swaps,Mercury,Dust,-1,1,266
native-expanded,118-Mercury-Dust-open-32-baseline-w32-s02,empty_moves,Mercury,Empty,-1,0,11
native-expanded,118-Mercury-Dust-open-32-baseline-w32-s02,empty_moves,Dust,Empty,1,1,5324
native-expanded,118-Mercury-Dust-open-32-baseline-w32-s02,empty_moves,Mercury,Empty,1,1,55
native-expanded,118-Mercury-Dust-open-32-baseline-w32-s02,empty_moves,Dust,Empty,0,1,2979
native-expanded,118-Mercury-Dust-open-32-baseline-w32-s02,empty_moves,Mercury,Empty,0,1,4953
native-expanded,118-Mercury-Dust-open-32-baseline-w32-s02,empty_moves,Dust,Empty,-1,1,3597
native-expanded,118-Mercury-Dust-open-32-baseline-w32-s02,empty_moves,Mercury,Empty,-1,1,29
native-expanded,118-Mercury-Dust-open-32-baseline-w32-s02,density_swaps,Mercury,Dust,1,1,381
native-expanded,118-Mercury-Dust-open-32-baseline-w32-s03,density_swaps,Mercury,Dust,0,1,11158
native-expanded,118-Mercury-Dust-open-32-baseline-w32-s03,density_swaps,Mercury,Dust,-1,1,342
native-expanded,118-Mercury-Dust-open-32-baseline-w32-s03,empty_moves,Dust,Empty,1,1,5040
native-expanded,118-Mercury-Dust-open-32-baseline-w32-s03,empty_moves,Mercury,Empty,1,1,21
native-expanded,118-Mercury-Dust-open-32-baseline-w32-s03,empty_moves,Dust,Empty,0,1,2718
native-expanded,118-Mercury-Dust-open-32-baseline-w32-s03,empty_moves,Mercury,Empty,0,1,5460
native-expanded,118-Mercury-Dust-open-32-baseline-w32-s03,empty_moves,Dust,Empty,-1,1,4080
native-expanded,118-Mercury-Dust-open-32-baseline-w32-s03,empty_moves,Mercury,Empty,-1,1,2
native-expanded,118-Mercury-Dust-open-32-baseline-w32-s03,density_swaps,Mercury,Dust,1,1,389
native-expanded,118-Mercury-Dust-open-32-baseline-w32-s04,density_swaps,Mercury,Dust,0,1,11105
native-expanded,118-Mercury-Dust-open-32-baseline-w32-s04,density_swaps,Mercury,Dust,-1,1,316
native-expanded,118-Mercury-Dust-open-32-baseline-w32-s04,empty_moves,Dust,Empty,1,1,5048
native-expanded,118-Mercury-Dust-open-32-baseline-w32-s04,empty_moves,Mercury,Empty,1,1,29
native-expanded,118-Mercury-Dust-open-32-baseline-w32-s04,empty_moves,Dust,Empty,0,1,2531
native-expanded,118-Mercury-Dust-open-32-baseline-w32-s04,empty_moves,Mercury,Empty,0,1,5520
native-expanded,118-Mercury-Dust-open-32-baseline-w32-s04,empty_moves,Dust,Empty,-1,1,4452
native-expanded,118-Mercury-Dust-open-32-baseline-w32-s04,empty_moves,Mercury,Empty,-1,1,41
native-expanded,118-Mercury-Dust-open-32-baseline-w32-s04,density_swaps,Mercury,Dust,1,1,348
native-expanded,119-Mercury-Dust-saturated-32-baseline-w32-s00,density_swaps,Water,Dust,0,1,1353
native-expanded,119-Mercury-Dust-saturated-32-baseline-w32-s00,density_swaps,Mercury,Dust,0,1,14896
native-expanded,119-Mercury-Dust-saturated-32-baseline-w32-s00,density_swaps,Mercury,Water,0,1,1488
native-expanded,119-Mercury-Dust-saturated-32-baseline-w32-s01,density_swaps,Water,Dust,0,1,1362
native-expanded,119-Mercury-Dust-saturated-32-baseline-w32-s01,density_swaps,Mercury,Dust,0,1,14896
native-expanded,119-Mercury-Dust-saturated-32-baseline-w32-s01,density_swaps,Mercury,Water,0,1,1488
native-expanded,119-Mercury-Dust-saturated-32-baseline-w32-s02,density_swaps,Water,Dust,0,1,1338
native-expanded,119-Mercury-Dust-saturated-32-baseline-w32-s02,density_swaps,Mercury,Dust,0,1,14896
native-expanded,119-Mercury-Dust-saturated-32-baseline-w32-s02,density_swaps,Mercury,Water,0,1,1488
native-expanded,119-Mercury-Dust-saturated-32-baseline-w32-s03,density_swaps,Water,Dust,0,1,1341
native-expanded,119-Mercury-Dust-saturated-32-baseline-w32-s03,density_swaps,Mercury,Dust,0,1,14896
native-expanded,119-Mercury-Dust-saturated-32-baseline-w32-s03,density_swaps,Mercury,Water,0,1,1488
native-expanded,119-Mercury-Dust-saturated-32-baseline-w32-s04,density_swaps,Water,Dust,0,1,1350
native-expanded,119-Mercury-Dust-saturated-32-baseline-w32-s04,density_swaps,Mercury,Dust,0,1,14896
native-expanded,119-Mercury-Dust-saturated-32-baseline-w32-s04,density_swaps,Mercury,Water,0,1,1488
native-expanded,122-Water-Sand-open-32-baseline-w32-s00,water_transfer_mass,Water,Water,-1,0,349356
native-expanded,122-Water-Sand-open-32-baseline-w32-s00,water_transfer_mass,Water,Empty,1,0,84661
native-expanded,122-Water-Sand-open-32-baseline-w32-s00,water_transfer_mass,Water,Water,1,1,303499
native-expanded,122-Water-Sand-open-32-baseline-w32-s00,density_swaps,Sand,Water,1,1,211
native-expanded,122-Water-Sand-open-32-baseline-w32-s00,water_transfer_mass,Water,Water,0,1,282024
native-expanded,122-Water-Sand-open-32-baseline-w32-s00,density_swaps,Sand,Water,0,1,123
native-expanded,122-Water-Sand-open-32-baseline-w32-s00,water_transfer_mass,Water,Empty,-1,0,131010
native-expanded,122-Water-Sand-open-32-baseline-w32-s00,water_transfer_mass,Water,Water,-1,1,364177
native-expanded,122-Water-Sand-open-32-baseline-w32-s00,density_swaps,Sand,Water,-1,1,781
native-expanded,122-Water-Sand-open-32-baseline-w32-s00,empty_moves,Sand,Empty,1,1,2483
native-expanded,122-Water-Sand-open-32-baseline-w32-s00,empty_moves,Water,Empty,1,1,3367
native-expanded,122-Water-Sand-open-32-baseline-w32-s00,water_transfer_mass,Water,Water,1,0,374447
native-expanded,122-Water-Sand-open-32-baseline-w32-s00,empty_moves,Sand,Empty,0,1,2036
native-expanded,122-Water-Sand-open-32-baseline-w32-s00,empty_moves,Water,Empty,0,1,5047
native-expanded,122-Water-Sand-open-32-baseline-w32-s00,empty_moves,Sand,Empty,-1,1,784
native-expanded,122-Water-Sand-open-32-baseline-w32-s00,empty_moves,Water,Empty,-1,1,529
native-expanded,122-Water-Sand-open-32-baseline-w32-s01,water_transfer_mass,Water,Water,-1,0,377599
native-expanded,122-Water-Sand-open-32-baseline-w32-s01,water_transfer_mass,Water,Empty,1,0,69954
native-expanded,122-Water-Sand-open-32-baseline-w32-s01,water_transfer_mass,Water,Water,1,1,248632
native-expanded,122-Water-Sand-open-32-baseline-w32-s01,density_swaps,Sand,Water,1,1,234
native-expanded,122-Water-Sand-open-32-baseline-w32-s01,water_transfer_mass,Water,Water,0,1,261123
native-expanded,122-Water-Sand-open-32-baseline-w32-s01,density_swaps,Sand,Water,0,1,71
native-expanded,122-Water-Sand-open-32-baseline-w32-s01,water_transfer_mass,Water,Empty,-1,0,130286
native-expanded,122-Water-Sand-open-32-baseline-w32-s01,water_transfer_mass,Water,Water,-1,1,342735
native-expanded,122-Water-Sand-open-32-baseline-w32-s01,density_swaps,Sand,Water,-1,1,415
native-expanded,122-Water-Sand-open-32-baseline-w32-s01,empty_moves,Sand,Empty,1,1,2623
native-expanded,122-Water-Sand-open-32-baseline-w32-s01,empty_moves,Water,Empty,1,1,2612
native-expanded,122-Water-Sand-open-32-baseline-w32-s01,water_transfer_mass,Water,Water,1,0,337658
native-expanded,122-Water-Sand-open-32-baseline-w32-s01,empty_moves,Sand,Empty,0,1,2017
native-expanded,122-Water-Sand-open-32-baseline-w32-s01,empty_moves,Water,Empty,0,1,5781
native-expanded,122-Water-Sand-open-32-baseline-w32-s01,empty_moves,Sand,Empty,-1,1,1154
native-expanded,122-Water-Sand-open-32-baseline-w32-s01,empty_moves,Water,Empty,-1,1,684
native-expanded,122-Water-Sand-open-32-baseline-w32-s02,water_transfer_mass,Water,Water,-1,0,367318
native-expanded,122-Water-Sand-open-32-baseline-w32-s02,water_transfer_mass,Water,Empty,1,0,54014
native-expanded,122-Water-Sand-open-32-baseline-w32-s02,water_transfer_mass,Water,Water,1,1,216989
native-expanded,122-Water-Sand-open-32-baseline-w32-s02,density_swaps,Sand,Water,1,1,110
native-expanded,122-Water-Sand-open-32-baseline-w32-s02,water_transfer_mass,Water,Water,0,1,231503
native-expanded,122-Water-Sand-open-32-baseline-w32-s02,density_swaps,Sand,Water,0,1,25
native-expanded,122-Water-Sand-open-32-baseline-w32-s02,water_transfer_mass,Water,Empty,-1,0,109440
native-expanded,122-Water-Sand-open-32-baseline-w32-s02,water_transfer_mass,Water,Water,-1,1,311791
native-expanded,122-Water-Sand-open-32-baseline-w32-s02,density_swaps,Sand,Water,-1,1,175
native-expanded,122-Water-Sand-open-32-baseline-w32-s02,empty_moves,Sand,Empty,1,1,2692
native-expanded,122-Water-Sand-open-32-baseline-w32-s02,empty_moves,Water,Empty,1,1,2503
native-expanded,122-Water-Sand-open-32-baseline-w32-s02,water_transfer_mass,Water,Water,1,0,265669
native-expanded,122-Water-Sand-open-32-baseline-w32-s02,empty_moves,Sand,Empty,0,1,2071
native-expanded,122-Water-Sand-open-32-baseline-w32-s02,empty_moves,Water,Empty,0,1,5481
native-expanded,122-Water-Sand-open-32-baseline-w32-s02,empty_moves,Sand,Empty,-1,1,1524
native-expanded,122-Water-Sand-open-32-baseline-w32-s02,empty_moves,Water,Empty,-1,1,1211
native-expanded,122-Water-Sand-open-32-baseline-w32-s03,water_transfer_mass,Water,Water,-1,0,327127
native-expanded,122-Water-Sand-open-32-baseline-w32-s03,water_transfer_mass,Water,Empty,1,0,44349
native-expanded,122-Water-Sand-open-32-baseline-w32-s03,water_transfer_mass,Water,Water,1,1,162928
native-expanded,122-Water-Sand-open-32-baseline-w32-s03,density_swaps,Sand,Water,1,1,176
native-expanded,122-Water-Sand-open-32-baseline-w32-s03,water_transfer_mass,Water,Water,0,1,167121
native-expanded,122-Water-Sand-open-32-baseline-w32-s03,density_swaps,Sand,Water,0,1,23
native-expanded,122-Water-Sand-open-32-baseline-w32-s03,water_transfer_mass,Water,Empty,-1,0,83842
native-expanded,122-Water-Sand-open-32-baseline-w32-s03,water_transfer_mass,Water,Water,-1,1,214156
native-expanded,122-Water-Sand-open-32-baseline-w32-s03,density_swaps,Sand,Water,-1,1,193
native-expanded,122-Water-Sand-open-32-baseline-w32-s03,empty_moves,Sand,Empty,1,1,2560
native-expanded,122-Water-Sand-open-32-baseline-w32-s03,empty_moves,Water,Empty,1,1,2398
native-expanded,122-Water-Sand-open-32-baseline-w32-s03,water_transfer_mass,Water,Water,1,0,216865
native-expanded,122-Water-Sand-open-32-baseline-w32-s03,empty_moves,Sand,Empty,0,1,2040
native-expanded,122-Water-Sand-open-32-baseline-w32-s03,empty_moves,Water,Empty,0,1,5598
native-expanded,122-Water-Sand-open-32-baseline-w32-s03,empty_moves,Sand,Empty,-1,1,1995
native-expanded,122-Water-Sand-open-32-baseline-w32-s03,empty_moves,Water,Empty,-1,1,1688
native-expanded,122-Water-Sand-open-32-baseline-w32-s04,water_transfer_mass,Water,Water,-1,0,271449
native-expanded,122-Water-Sand-open-32-baseline-w32-s04,water_transfer_mass,Water,Empty,1,0,38714
native-expanded,122-Water-Sand-open-32-baseline-w32-s04,water_transfer_mass,Water,Water,1,1,152520
native-expanded,122-Water-Sand-open-32-baseline-w32-s04,density_swaps,Sand,Water,1,1,145
native-expanded,122-Water-Sand-open-32-baseline-w32-s04,water_transfer_mass,Water,Water,0,1,134784
native-expanded,122-Water-Sand-open-32-baseline-w32-s04,density_swaps,Sand,Water,0,1,28
native-expanded,122-Water-Sand-open-32-baseline-w32-s04,water_transfer_mass,Water,Empty,-1,0,56737
native-expanded,122-Water-Sand-open-32-baseline-w32-s04,water_transfer_mass,Water,Water,-1,1,169189
native-expanded,122-Water-Sand-open-32-baseline-w32-s04,density_swaps,Sand,Water,-1,1,258
native-expanded,122-Water-Sand-open-32-baseline-w32-s04,empty_moves,Sand,Empty,1,1,2490
native-expanded,122-Water-Sand-open-32-baseline-w32-s04,empty_moves,Water,Empty,1,1,2454
native-expanded,122-Water-Sand-open-32-baseline-w32-s04,water_transfer_mass,Water,Water,1,0,186434
native-expanded,122-Water-Sand-open-32-baseline-w32-s04,empty_moves,Sand,Empty,0,1,1950
native-expanded,122-Water-Sand-open-32-baseline-w32-s04,empty_moves,Water,Empty,0,1,5292
native-expanded,122-Water-Sand-open-32-baseline-w32-s04,empty_moves,Sand,Empty,-1,1,2325
native-expanded,122-Water-Sand-open-32-baseline-w32-s04,empty_moves,Water,Empty,-1,1,2092
native-expanded,123-Water-Sand-saturated-32-baseline-w32-s00,density_swaps,Sand,Water,1,1,168
native-expanded,123-Water-Sand-saturated-32-baseline-w32-s00,density_swaps,Sand,Water,0,1,996
native-expanded,123-Water-Sand-saturated-32-baseline-w32-s00,density_swaps,Sand,Water,-1,1,186
native-expanded,123-Water-Sand-saturated-32-baseline-w32-s01,density_swaps,Sand,Water,1,1,166
native-expanded,123-Water-Sand-saturated-32-baseline-w32-s01,density_swaps,Sand,Water,0,1,1011
native-expanded,123-Water-Sand-saturated-32-baseline-w32-s01,density_swaps,Sand,Water,-1,1,164
native-expanded,123-Water-Sand-saturated-32-baseline-w32-s02,density_swaps,Sand,Water,1,1,224
native-expanded,123-Water-Sand-saturated-32-baseline-w32-s02,density_swaps,Sand,Water,0,1,899
native-expanded,123-Water-Sand-saturated-32-baseline-w32-s02,density_swaps,Sand,Water,-1,1,242
native-expanded,123-Water-Sand-saturated-32-baseline-w32-s03,density_swaps,Sand,Water,1,1,172
native-expanded,123-Water-Sand-saturated-32-baseline-w32-s03,density_swaps,Sand,Water,0,1,1018
native-expanded,123-Water-Sand-saturated-32-baseline-w32-s03,density_swaps,Sand,Water,-1,1,172
native-expanded,123-Water-Sand-saturated-32-baseline-w32-s04,density_swaps,Sand,Water,1,1,165
native-expanded,123-Water-Sand-saturated-32-baseline-w32-s04,density_swaps,Sand,Water,0,1,1010
native-expanded,123-Water-Sand-saturated-32-baseline-w32-s04,density_swaps,Sand,Water,-1,1,178
native-expanded,124-Water-Dust-packed-16-baseline-w32-s00,density_swaps,Water,Dust,0,1,8192
native-expanded,124-Water-Dust-packed-16-baseline-w32-s01,density_swaps,Water,Dust,0,1,8192
native-expanded,124-Water-Dust-packed-16-baseline-w32-s02,density_swaps,Water,Dust,0,1,8192
native-expanded,124-Water-Dust-packed-16-baseline-w32-s03,density_swaps,Water,Dust,0,1,8192
native-expanded,124-Water-Dust-packed-16-baseline-w32-s04,density_swaps,Water,Dust,0,1,8192
native-expanded,125-Water-Dust-packed-64-baseline-w32-s00,density_swaps,Water,Dust,0,1,32768
native-expanded,125-Water-Dust-packed-64-baseline-w32-s01,density_swaps,Water,Dust,0,1,32768
native-expanded,125-Water-Dust-packed-64-baseline-w32-s02,density_swaps,Water,Dust,0,1,32768
native-expanded,125-Water-Dust-packed-64-baseline-w32-s03,density_swaps,Water,Dust,0,1,32768
native-expanded,125-Water-Dust-packed-64-baseline-w32-s04,density_swaps,Water,Dust,0,1,32768
native-expanded,126-Water-Dust-open-32-baseline-w32-s00,water_transfer_mass,Water,Water,-1,0,8642
native-expanded,126-Water-Dust-open-32-baseline-w32-s00,water_transfer_mass,Water,Water,1,1,550
native-expanded,126-Water-Dust-open-32-baseline-w32-s00,density_swaps,Water,Dust,0,1,13356
native-expanded,126-Water-Dust-open-32-baseline-w32-s00,water_transfer_mass,Water,Water,0,1,2486
native-expanded,126-Water-Dust-open-32-baseline-w32-s00,density_swaps,Water,Dust,-1,1,207
native-expanded,126-Water-Dust-open-32-baseline-w32-s00,water_transfer_mass,Water,Empty,-1,0,513
native-expanded,126-Water-Dust-open-32-baseline-w32-s00,water_transfer_mass,Water,Water,-1,1,3199
native-expanded,126-Water-Dust-open-32-baseline-w32-s00,empty_moves,Dust,Empty,1,1,6141
native-expanded,126-Water-Dust-open-32-baseline-w32-s00,empty_moves,Water,Empty,1,1,13
native-expanded,126-Water-Dust-open-32-baseline-w32-s00,empty_moves,Dust,Empty,0,1,4308
native-expanded,126-Water-Dust-open-32-baseline-w32-s00,empty_moves,Water,Empty,0,1,3289
native-expanded,126-Water-Dust-open-32-baseline-w32-s00,empty_moves,Dust,Empty,-1,1,2782
native-expanded,126-Water-Dust-open-32-baseline-w32-s00,empty_moves,Water,Empty,-1,1,13
native-expanded,126-Water-Dust-open-32-baseline-w32-s00,density_swaps,Water,Dust,1,1,361
native-expanded,126-Water-Dust-open-32-baseline-w32-s01,density_swaps,Water,Dust,0,1,12201
native-expanded,126-Water-Dust-open-32-baseline-w32-s01,density_swaps,Water,Dust,-1,1,230
native-expanded,126-Water-Dust-open-32-baseline-w32-s01,empty_moves,Dust,Empty,1,1,5570
native-expanded,126-Water-Dust-open-32-baseline-w32-s01,empty_moves,Water,Empty,1,1,38
native-expanded,126-Water-Dust-open-32-baseline-w32-s01,empty_moves,Dust,Empty,0,1,3508
native-expanded,126-Water-Dust-open-32-baseline-w32-s01,empty_moves,Water,Empty,0,1,4443
native-expanded,126-Water-Dust-open-32-baseline-w32-s01,empty_moves,Dust,Empty,-1,1,3293
native-expanded,126-Water-Dust-open-32-baseline-w32-s01,empty_moves,Water,Empty,-1,1,1
native-expanded,126-Water-Dust-open-32-baseline-w32-s01,density_swaps,Water,Dust,1,1,393
native-expanded,126-Water-Dust-open-32-baseline-w32-s02,water_transfer_mass,Water,Water,-1,0,4
native-expanded,126-Water-Dust-open-32-baseline-w32-s02,water_transfer_mass,Water,Empty,1,0,856
native-expanded,126-Water-Dust-open-32-baseline-w32-s02,water_transfer_mass,Water,Water,1,1,9466
native-expanded,126-Water-Dust-open-32-baseline-w32-s02,density_swaps,Water,Dust,0,1,11722
native-expanded,126-Water-Dust-open-32-baseline-w32-s02,water_transfer_mass,Water,Water,0,1,4053
native-expanded,126-Water-Dust-open-32-baseline-w32-s02,density_swaps,Water,Dust,-1,1,266
native-expanded,126-Water-Dust-open-32-baseline-w32-s02,water_transfer_mass,Water,Water,-1,1,2678
native-expanded,126-Water-Dust-open-32-baseline-w32-s02,empty_moves,Dust,Empty,1,1,5330
native-expanded,126-Water-Dust-open-32-baseline-w32-s02,empty_moves,Water,Empty,1,1,33
native-expanded,126-Water-Dust-open-32-baseline-w32-s02,water_transfer_mass,Water,Water,1,0,12556
native-expanded,126-Water-Dust-open-32-baseline-w32-s02,empty_moves,Dust,Empty,0,1,2967
native-expanded,126-Water-Dust-open-32-baseline-w32-s02,empty_moves,Water,Empty,0,1,4943
native-expanded,126-Water-Dust-open-32-baseline-w32-s02,empty_moves,Dust,Empty,-1,1,3589
native-expanded,126-Water-Dust-open-32-baseline-w32-s02,empty_moves,Water,Empty,-1,1,21
native-expanded,126-Water-Dust-open-32-baseline-w32-s02,density_swaps,Water,Dust,1,1,396
native-expanded,126-Water-Dust-open-32-baseline-w32-s03,density_swaps,Water,Dust,0,1,11158
native-expanded,126-Water-Dust-open-32-baseline-w32-s03,density_swaps,Water,Dust,-1,1,342
native-expanded,126-Water-Dust-open-32-baseline-w32-s03,empty_moves,Dust,Empty,1,1,5040
native-expanded,126-Water-Dust-open-32-baseline-w32-s03,empty_moves,Water,Empty,1,1,21
native-expanded,126-Water-Dust-open-32-baseline-w32-s03,empty_moves,Dust,Empty,0,1,2718
native-expanded,126-Water-Dust-open-32-baseline-w32-s03,empty_moves,Water,Empty,0,1,5460
native-expanded,126-Water-Dust-open-32-baseline-w32-s03,empty_moves,Dust,Empty,-1,1,4080
native-expanded,126-Water-Dust-open-32-baseline-w32-s03,empty_moves,Water,Empty,-1,1,2
native-expanded,126-Water-Dust-open-32-baseline-w32-s03,density_swaps,Water,Dust,1,1,389
native-expanded,126-Water-Dust-open-32-baseline-w32-s04,density_swaps,Water,Dust,0,1,11105
native-expanded,126-Water-Dust-open-32-baseline-w32-s04,density_swaps,Water,Dust,-1,1,316
native-expanded,126-Water-Dust-open-32-baseline-w32-s04,empty_moves,Dust,Empty,1,1,5048
native-expanded,126-Water-Dust-open-32-baseline-w32-s04,empty_moves,Water,Empty,1,1,29
native-expanded,126-Water-Dust-open-32-baseline-w32-s04,empty_moves,Dust,Empty,0,1,2531
native-expanded,126-Water-Dust-open-32-baseline-w32-s04,empty_moves,Water,Empty,0,1,5520
native-expanded,126-Water-Dust-open-32-baseline-w32-s04,empty_moves,Dust,Empty,-1,1,4452
native-expanded,126-Water-Dust-open-32-baseline-w32-s04,empty_moves,Water,Empty,-1,1,41
native-expanded,126-Water-Dust-open-32-baseline-w32-s04,density_swaps,Water,Dust,1,1,348
native-expanded,127-Water-Dust-saturated-32-baseline-w32-s00,density_swaps,Water,Dust,0,1,16201
native-expanded,127-Water-Dust-saturated-32-baseline-w32-s00,density_swaps,Water,Dust,-1,1,24
native-expanded,127-Water-Dust-saturated-32-baseline-w32-s00,density_swaps,Water,Dust,1,1,24
native-expanded,127-Water-Dust-saturated-32-baseline-w32-s01,density_swaps,Water,Dust,0,1,15709
native-expanded,127-Water-Dust-saturated-32-baseline-w32-s01,density_swaps,Water,Dust,-1,1,269
native-expanded,127-Water-Dust-saturated-32-baseline-w32-s01,density_swaps,Water,Dust,1,1,279
native-expanded,127-Water-Dust-saturated-32-baseline-w32-s02,density_swaps,Water,Dust,0,1,15684
native-expanded,127-Water-Dust-saturated-32-baseline-w32-s02,density_swaps,Water,Dust,-1,1,270
native-expanded,127-Water-Dust-saturated-32-baseline-w32-s02,density_swaps,Water,Dust,1,1,278
native-expanded,127-Water-Dust-saturated-32-baseline-w32-s03,density_swaps,Water,Dust,0,1,16189
native-expanded,127-Water-Dust-saturated-32-baseline-w32-s03,density_swaps,Water,Dust,-1,1,24
native-expanded,127-Water-Dust-saturated-32-baseline-w32-s03,density_swaps,Water,Dust,1,1,24
native-expanded,127-Water-Dust-saturated-32-baseline-w32-s04,density_swaps,Water,Dust,0,1,16200
native-expanded,127-Water-Dust-saturated-32-baseline-w32-s04,density_swaps,Water,Dust,-1,1,21
native-expanded,127-Water-Dust-saturated-32-baseline-w32-s04,density_swaps,Water,Dust,1,1,25
native-expanded,130-Oil-Sand-open-32-baseline-w32-s00,empty_moves,Oil,Empty,1,0,10180
native-expanded,130-Oil-Sand-open-32-baseline-w32-s00,density_swaps,Sand,Oil,0,1,104
native-expanded,130-Oil-Sand-open-32-baseline-w32-s00,density_swaps,Sand,Oil,-1,1,724
native-expanded,130-Oil-Sand-open-32-baseline-w32-s00,empty_moves,Oil,Empty,-1,0,10163
native-expanded,130-Oil-Sand-open-32-baseline-w32-s00,empty_moves,Sand,Empty,1,1,2500
native-expanded,130-Oil-Sand-open-32-baseline-w32-s00,empty_moves,Oil,Empty,1,1,4655
native-expanded,130-Oil-Sand-open-32-baseline-w32-s00,empty_moves,Sand,Empty,0,1,2055
native-expanded,130-Oil-Sand-open-32-baseline-w32-s00,empty_moves,Oil,Empty,0,1,5886
native-expanded,130-Oil-Sand-open-32-baseline-w32-s00,empty_moves,Sand,Empty,-1,1,841
native-expanded,130-Oil-Sand-open-32-baseline-w32-s00,empty_moves,Oil,Empty,-1,1,1849
native-expanded,130-Oil-Sand-open-32-baseline-w32-s00,density_swaps,Sand,Oil,1,1,194
native-expanded,130-Oil-Sand-open-32-baseline-w32-s01,empty_moves,Oil,Empty,1,0,6487
native-expanded,130-Oil-Sand-open-32-baseline-w32-s01,density_swaps,Sand,Oil,0,1,26
native-expanded,130-Oil-Sand-open-32-baseline-w32-s01,density_swaps,Sand,Oil,-1,1,304
native-expanded,130-Oil-Sand-open-32-baseline-w32-s01,empty_moves,Oil,Empty,-1,0,6608
native-expanded,130-Oil-Sand-open-32-baseline-w32-s01,empty_moves,Sand,Empty,1,1,2659
native-expanded,130-Oil-Sand-open-32-baseline-w32-s01,empty_moves,Oil,Empty,1,1,3626
native-expanded,130-Oil-Sand-open-32-baseline-w32-s01,empty_moves,Sand,Empty,0,1,2062
native-expanded,130-Oil-Sand-open-32-baseline-w32-s01,empty_moves,Oil,Empty,0,1,6537
native-expanded,130-Oil-Sand-open-32-baseline-w32-s01,empty_moves,Sand,Empty,-1,1,1265
native-expanded,130-Oil-Sand-open-32-baseline-w32-s01,empty_moves,Oil,Empty,-1,1,1977
native-expanded,130-Oil-Sand-open-32-baseline-w32-s01,density_swaps,Sand,Oil,1,1,198
native-expanded,130-Oil-Sand-open-32-baseline-w32-s02,empty_moves,Oil,Empty,1,0,7469
native-expanded,130-Oil-Sand-open-32-baseline-w32-s02,density_swaps,Sand,Oil,0,1,27
native-expanded,130-Oil-Sand-open-32-baseline-w32-s02,density_swaps,Sand,Oil,-1,1,158
native-expanded,130-Oil-Sand-open-32-baseline-w32-s02,empty_moves,Oil,Empty,-1,0,7891
native-expanded,130-Oil-Sand-open-32-baseline-w32-s02,empty_moves,Sand,Empty,1,1,2701
native-expanded,130-Oil-Sand-open-32-baseline-w32-s02,empty_moves,Oil,Empty,1,1,3340
native-expanded,130-Oil-Sand-open-32-baseline-w32-s02,empty_moves,Sand,Empty,0,1,2069
native-expanded,130-Oil-Sand-open-32-baseline-w32-s02,empty_moves,Oil,Empty,0,1,6170
native-expanded,130-Oil-Sand-open-32-baseline-w32-s02,empty_moves,Sand,Empty,-1,1,1541
native-expanded,130-Oil-Sand-open-32-baseline-w32-s02,empty_moves,Oil,Empty,-1,1,2481
native-expanded,130-Oil-Sand-open-32-baseline-w32-s02,density_swaps,Sand,Oil,1,1,101
native-expanded,130-Oil-Sand-open-32-baseline-w32-s03,empty_moves,Oil,Empty,1,0,7113
native-expanded,130-Oil-Sand-open-32-baseline-w32-s03,density_swaps,Sand,Oil,0,1,16
native-expanded,130-Oil-Sand-open-32-baseline-w32-s03,density_swaps,Sand,Oil,-1,1,176
native-expanded,130-Oil-Sand-open-32-baseline-w32-s03,empty_moves,Oil,Empty,-1,0,7719
native-expanded,130-Oil-Sand-open-32-baseline-w32-s03,empty_moves,Sand,Empty,1,1,2581
native-expanded,130-Oil-Sand-open-32-baseline-w32-s03,empty_moves,Oil,Empty,1,1,3073
native-expanded,130-Oil-Sand-open-32-baseline-w32-s03,empty_moves,Sand,Empty,0,1,2047
native-expanded,130-Oil-Sand-open-32-baseline-w32-s03,empty_moves,Oil,Empty,0,1,6108
native-expanded,130-Oil-Sand-open-32-baseline-w32-s03,empty_moves,Sand,Empty,-1,1,2012
native-expanded,130-Oil-Sand-open-32-baseline-w32-s03,empty_moves,Oil,Empty,-1,1,2574
native-expanded,130-Oil-Sand-open-32-baseline-w32-s03,density_swaps,Sand,Oil,1,1,155
native-expanded,130-Oil-Sand-open-32-baseline-w32-s04,empty_moves,Oil,Empty,1,0,10235
native-expanded,130-Oil-Sand-open-32-baseline-w32-s04,density_swaps,Sand,Oil,0,1,27
native-expanded,130-Oil-Sand-open-32-baseline-w32-s04,density_swaps,Sand,Oil,-1,1,233
native-expanded,130-Oil-Sand-open-32-baseline-w32-s04,empty_moves,Oil,Empty,-1,0,10581
native-expanded,130-Oil-Sand-open-32-baseline-w32-s04,empty_moves,Sand,Empty,1,1,2508
native-expanded,130-Oil-Sand-open-32-baseline-w32-s04,empty_moves,Oil,Empty,1,1,3086
native-expanded,130-Oil-Sand-open-32-baseline-w32-s04,empty_moves,Sand,Empty,0,1,1951
native-expanded,130-Oil-Sand-open-32-baseline-w32-s04,empty_moves,Oil,Empty,0,1,5741
native-expanded,130-Oil-Sand-open-32-baseline-w32-s04,empty_moves,Sand,Empty,-1,1,2350
native-expanded,130-Oil-Sand-open-32-baseline-w32-s04,empty_moves,Oil,Empty,-1,1,2766
native-expanded,130-Oil-Sand-open-32-baseline-w32-s04,density_swaps,Sand,Oil,1,1,127
native-expanded,131-Oil-Sand-saturated-32-baseline-w32-s00,density_swaps,Sand,Water,1,1,168
native-expanded,131-Oil-Sand-saturated-32-baseline-w32-s00,density_swaps,Sand,Water,0,1,996
native-expanded,131-Oil-Sand-saturated-32-baseline-w32-s00,density_swaps,Sand,Water,-1,1,186
native-expanded,131-Oil-Sand-saturated-32-baseline-w32-s01,density_swaps,Sand,Water,1,1,166
native-expanded,131-Oil-Sand-saturated-32-baseline-w32-s01,density_swaps,Sand,Water,0,1,1011
native-expanded,131-Oil-Sand-saturated-32-baseline-w32-s01,density_swaps,Sand,Water,-1,1,164
native-expanded,131-Oil-Sand-saturated-32-baseline-w32-s02,density_swaps,Sand,Water,1,1,224
native-expanded,131-Oil-Sand-saturated-32-baseline-w32-s02,density_swaps,Sand,Water,0,1,899
native-expanded,131-Oil-Sand-saturated-32-baseline-w32-s02,density_swaps,Sand,Water,-1,1,242
native-expanded,131-Oil-Sand-saturated-32-baseline-w32-s03,density_swaps,Sand,Water,1,1,172
native-expanded,131-Oil-Sand-saturated-32-baseline-w32-s03,density_swaps,Sand,Water,0,1,1018
native-expanded,131-Oil-Sand-saturated-32-baseline-w32-s03,density_swaps,Sand,Water,-1,1,172
native-expanded,131-Oil-Sand-saturated-32-baseline-w32-s04,density_swaps,Sand,Water,1,1,165
native-expanded,131-Oil-Sand-saturated-32-baseline-w32-s04,density_swaps,Sand,Water,0,1,1010
native-expanded,131-Oil-Sand-saturated-32-baseline-w32-s04,density_swaps,Sand,Water,-1,1,178
native-expanded,134-Oil-Dust-open-32-baseline-w32-s00,empty_moves,Oil,Empty,1,0,5632
native-expanded,134-Oil-Dust-open-32-baseline-w32-s00,empty_moves,Oil,Empty,-1,0,5109
native-expanded,134-Oil-Dust-open-32-baseline-w32-s00,empty_moves,Dust,Empty,1,1,2472
native-expanded,134-Oil-Dust-open-32-baseline-w32-s00,empty_moves,Oil,Empty,1,1,4644
native-expanded,134-Oil-Dust-open-32-baseline-w32-s00,empty_moves,Dust,Empty,0,1,1675
native-expanded,134-Oil-Dust-open-32-baseline-w32-s00,empty_moves,Oil,Empty,0,1,6321
native-expanded,134-Oil-Dust-open-32-baseline-w32-s00,empty_moves,Dust,Empty,-1,1,682
native-expanded,134-Oil-Dust-open-32-baseline-w32-s00,empty_moves,Oil,Empty,-1,1,1351
native-expanded,134-Oil-Dust-open-32-baseline-w32-s01,empty_moves,Oil,Empty,1,0,7145
native-expanded,134-Oil-Dust-open-32-baseline-w32-s01,empty_moves,Oil,Empty,-1,0,7419
native-expanded,134-Oil-Dust-open-32-baseline-w32-s01,empty_moves,Dust,Empty,1,1,2596
native-expanded,134-Oil-Dust-open-32-baseline-w32-s01,empty_moves,Oil,Empty,1,1,3635
native-expanded,134-Oil-Dust-open-32-baseline-w32-s01,empty_moves,Dust,Empty,0,1,1807
native-expanded,134-Oil-Dust-open-32-baseline-w32-s01,empty_moves,Oil,Empty,0,1,6942
native-expanded,134-Oil-Dust-open-32-baseline-w32-s01,empty_moves,Dust,Empty,-1,1,1014
native-expanded,134-Oil-Dust-open-32-baseline-w32-s01,empty_moves,Oil,Empty,-1,1,2042
native-expanded,134-Oil-Dust-open-32-baseline-w32-s02,empty_moves,Oil,Empty,1,0,10349
native-expanded,134-Oil-Dust-open-32-baseline-w32-s02,empty_moves,Oil,Empty,-1,0,10978
native-expanded,134-Oil-Dust-open-32-baseline-w32-s02,empty_moves,Dust,Empty,1,1,2685
native-expanded,134-Oil-Dust-open-32-baseline-w32-s02,empty_moves,Oil,Empty,1,1,3334
native-expanded,134-Oil-Dust-open-32-baseline-w32-s02,empty_moves,Dust,Empty,0,1,2026
native-expanded,134-Oil-Dust-open-32-baseline-w32-s02,empty_moves,Oil,Empty,0,1,6238
native-expanded,134-Oil-Dust-open-32-baseline-w32-s02,empty_moves,Dust,Empty,-1,1,1524
native-expanded,134-Oil-Dust-open-32-baseline-w32-s02,empty_moves,Oil,Empty,-1,1,2478
native-expanded,134-Oil-Dust-open-32-baseline-w32-s03,empty_moves,Oil,Empty,1,0,6271
native-expanded,134-Oil-Dust-open-32-baseline-w32-s03,empty_moves,Oil,Empty,-1,0,7074
native-expanded,134-Oil-Dust-open-32-baseline-w32-s03,empty_moves,Dust,Empty,1,1,2560
native-expanded,134-Oil-Dust-open-32-baseline-w32-s03,empty_moves,Oil,Empty,1,1,3061
native-expanded,134-Oil-Dust-open-32-baseline-w32-s03,empty_moves,Dust,Empty,0,1,2008
native-expanded,134-Oil-Dust-open-32-baseline-w32-s03,empty_moves,Oil,Empty,0,1,6123
native-expanded,134-Oil-Dust-open-32-baseline-w32-s03,empty_moves,Dust,Empty,-1,1,1990
native-expanded,134-Oil-Dust-open-32-baseline-w32-s03,empty_moves,Oil,Empty,-1,1,2589
native-expanded,134-Oil-Dust-open-32-baseline-w32-s04,empty_moves,Oil,Empty,1,0,8191
native-expanded,134-Oil-Dust-open-32-baseline-w32-s04,empty_moves,Oil,Empty,-1,0,8412
native-expanded,134-Oil-Dust-open-32-baseline-w32-s04,empty_moves,Dust,Empty,1,1,2491
native-expanded,134-Oil-Dust-open-32-baseline-w32-s04,empty_moves,Oil,Empty,1,1,3085
native-expanded,134-Oil-Dust-open-32-baseline-w32-s04,empty_moves,Dust,Empty,0,1,1931
native-expanded,134-Oil-Dust-open-32-baseline-w32-s04,empty_moves,Oil,Empty,0,1,5745
native-expanded,134-Oil-Dust-open-32-baseline-w32-s04,empty_moves,Dust,Empty,-1,1,2274
native-expanded,134-Oil-Dust-open-32-baseline-w32-s04,empty_moves,Oil,Empty,-1,1,2803
native-expanded,135-Oil-Dust-saturated-32-baseline-w32-s00,density_swaps,Water,Dust,0,1,1353
native-expanded,135-Oil-Dust-saturated-32-baseline-w32-s01,density_swaps,Water,Dust,0,1,1362
native-expanded,135-Oil-Dust-saturated-32-baseline-w32-s02,density_swaps,Water,Dust,0,1,1338
native-expanded,135-Oil-Dust-saturated-32-baseline-w32-s03,density_swaps,Water,Dust,0,1,1341
native-expanded,135-Oil-Dust-saturated-32-baseline-w32-s04,density_swaps,Water,Dust,0,1,1350
native-expanded,138-Brine-Sand-open-32-baseline-w32-s00,empty_moves,Brine,Empty,1,0,12644
native-expanded,138-Brine-Sand-open-32-baseline-w32-s00,density_swaps,Sand,Brine,1,1,185
native-expanded,138-Brine-Sand-open-32-baseline-w32-s00,density_swaps,Sand,Brine,0,1,118
native-expanded,138-Brine-Sand-open-32-baseline-w32-s00,empty_moves,Brine,Empty,-1,0,11944
native-expanded,138-Brine-Sand-open-32-baseline-w32-s00,empty_moves,Sand,Empty,1,1,2509
native-expanded,138-Brine-Sand-open-32-baseline-w32-s00,empty_moves,Brine,Empty,1,1,4715
native-expanded,138-Brine-Sand-open-32-baseline-w32-s00,density_swaps,Sand,Brine,-1,1,718
native-expanded,138-Brine-Sand-open-32-baseline-w32-s00,empty_moves,Sand,Empty,0,1,2041
native-expanded,138-Brine-Sand-open-32-baseline-w32-s00,empty_moves,Brine,Empty,0,1,5843
native-expanded,138-Brine-Sand-open-32-baseline-w32-s00,empty_moves,Sand,Empty,-1,1,847
native-expanded,138-Brine-Sand-open-32-baseline-w32-s00,empty_moves,Brine,Empty,-1,1,1552
native-expanded,138-Brine-Sand-open-32-baseline-w32-s01,empty_moves,Brine,Empty,1,0,18027
native-expanded,138-Brine-Sand-open-32-baseline-w32-s01,density_swaps,Sand,Brine,1,1,185
native-expanded,138-Brine-Sand-open-32-baseline-w32-s01,density_swaps,Sand,Brine,0,1,26
native-expanded,138-Brine-Sand-open-32-baseline-w32-s01,empty_moves,Brine,Empty,-1,0,18199
native-expanded,138-Brine-Sand-open-32-baseline-w32-s01,empty_moves,Sand,Empty,1,1,2672
native-expanded,138-Brine-Sand-open-32-baseline-w32-s01,empty_moves,Brine,Empty,1,1,3603
native-expanded,138-Brine-Sand-open-32-baseline-w32-s01,density_swaps,Sand,Brine,-1,1,296
native-expanded,138-Brine-Sand-open-32-baseline-w32-s01,empty_moves,Sand,Empty,0,1,2062
native-expanded,138-Brine-Sand-open-32-baseline-w32-s01,empty_moves,Brine,Empty,0,1,6911
native-expanded,138-Brine-Sand-open-32-baseline-w32-s01,empty_moves,Sand,Empty,-1,1,1273
native-expanded,138-Brine-Sand-open-32-baseline-w32-s01,empty_moves,Brine,Empty,-1,1,1535
native-expanded,138-Brine-Sand-open-32-baseline-w32-s02,empty_moves,Brine,Empty,1,0,12387
native-expanded,138-Brine-Sand-open-32-baseline-w32-s02,density_swaps,Sand,Brine,1,1,98
native-expanded,138-Brine-Sand-open-32-baseline-w32-s02,density_swaps,Sand,Brine,0,1,24
native-expanded,138-Brine-Sand-open-32-baseline-w32-s02,empty_moves,Brine,Empty,-1,0,13149
native-expanded,138-Brine-Sand-open-32-baseline-w32-s02,empty_moves,Sand,Empty,1,1,2704
native-expanded,138-Brine-Sand-open-32-baseline-w32-s02,empty_moves,Brine,Empty,1,1,3354
native-expanded,138-Brine-Sand-open-32-baseline-w32-s02,density_swaps,Sand,Brine,-1,1,149
native-expanded,138-Brine-Sand-open-32-baseline-w32-s02,empty_moves,Sand,Empty,0,1,2072
native-expanded,138-Brine-Sand-open-32-baseline-w32-s02,empty_moves,Brine,Empty,0,1,6477
native-expanded,138-Brine-Sand-open-32-baseline-w32-s02,empty_moves,Sand,Empty,-1,1,1550
native-expanded,138-Brine-Sand-open-32-baseline-w32-s02,empty_moves,Brine,Empty,-1,1,2145
native-expanded,138-Brine-Sand-open-32-baseline-w32-s03,empty_moves,Brine,Empty,1,0,8635
native-expanded,138-Brine-Sand-open-32-baseline-w32-s03,density_swaps,Sand,Brine,1,1,142
native-expanded,138-Brine-Sand-open-32-baseline-w32-s03,density_swaps,Sand,Brine,0,1,17
native-expanded,138-Brine-Sand-open-32-baseline-w32-s03,empty_moves,Brine,Empty,-1,0,9570
native-expanded,138-Brine-Sand-open-32-baseline-w32-s03,empty_moves,Sand,Empty,1,1,2594
native-expanded,138-Brine-Sand-open-32-baseline-w32-s03,empty_moves,Brine,Empty,1,1,3029
native-expanded,138-Brine-Sand-open-32-baseline-w32-s03,density_swaps,Sand,Brine,-1,1,175
native-expanded,138-Brine-Sand-open-32-baseline-w32-s03,empty_moves,Sand,Empty,0,1,2046
native-expanded,138-Brine-Sand-open-32-baseline-w32-s03,empty_moves,Brine,Empty,0,1,6381
native-expanded,138-Brine-Sand-open-32-baseline-w32-s03,empty_moves,Sand,Empty,-1,1,2013
native-expanded,138-Brine-Sand-open-32-baseline-w32-s03,empty_moves,Brine,Empty,-1,1,2336
native-expanded,138-Brine-Sand-open-32-baseline-w32-s04,empty_moves,Brine,Empty,1,0,18476
native-expanded,138-Brine-Sand-open-32-baseline-w32-s04,density_swaps,Sand,Brine,1,1,119
native-expanded,138-Brine-Sand-open-32-baseline-w32-s04,density_swaps,Sand,Brine,0,1,27
native-expanded,138-Brine-Sand-open-32-baseline-w32-s04,empty_moves,Brine,Empty,-1,0,18954
native-expanded,138-Brine-Sand-open-32-baseline-w32-s04,empty_moves,Sand,Empty,1,1,2516
native-expanded,138-Brine-Sand-open-32-baseline-w32-s04,empty_moves,Brine,Empty,1,1,3066
native-expanded,138-Brine-Sand-open-32-baseline-w32-s04,density_swaps,Sand,Brine,-1,1,219
native-expanded,138-Brine-Sand-open-32-baseline-w32-s04,empty_moves,Sand,Empty,0,1,1951
native-expanded,138-Brine-Sand-open-32-baseline-w32-s04,empty_moves,Brine,Empty,0,1,5804
native-expanded,138-Brine-Sand-open-32-baseline-w32-s04,empty_moves,Sand,Empty,-1,1,2364
native-expanded,138-Brine-Sand-open-32-baseline-w32-s04,empty_moves,Brine,Empty,-1,1,2701
native-expanded,139-Brine-Sand-saturated-32-baseline-w32-s00,density_swaps,Sand,Water,1,1,168
native-expanded,139-Brine-Sand-saturated-32-baseline-w32-s00,density_swaps,Brine,Water,1,1,230
native-expanded,139-Brine-Sand-saturated-32-baseline-w32-s00,density_swaps,Sand,Water,0,1,996
native-expanded,139-Brine-Sand-saturated-32-baseline-w32-s00,density_swaps,Brine,Water,0,1,1026
native-expanded,139-Brine-Sand-saturated-32-baseline-w32-s00,density_swaps,Sand,Water,-1,1,186
native-expanded,139-Brine-Sand-saturated-32-baseline-w32-s00,density_swaps,Brine,Water,-1,1,232
native-expanded,139-Brine-Sand-saturated-32-baseline-w32-s01,density_swaps,Sand,Water,1,1,166
native-expanded,139-Brine-Sand-saturated-32-baseline-w32-s01,density_swaps,Brine,Water,1,1,232
native-expanded,139-Brine-Sand-saturated-32-baseline-w32-s01,density_swaps,Sand,Water,0,1,1011
native-expanded,139-Brine-Sand-saturated-32-baseline-w32-s01,density_swaps,Brine,Water,0,1,1024
native-expanded,139-Brine-Sand-saturated-32-baseline-w32-s01,density_swaps,Sand,Water,-1,1,164
native-expanded,139-Brine-Sand-saturated-32-baseline-w32-s01,density_swaps,Brine,Water,-1,1,232
native-expanded,139-Brine-Sand-saturated-32-baseline-w32-s02,density_swaps,Sand,Water,1,1,224
native-expanded,139-Brine-Sand-saturated-32-baseline-w32-s02,density_swaps,Brine,Water,1,1,232
native-expanded,139-Brine-Sand-saturated-32-baseline-w32-s02,density_swaps,Sand,Water,0,1,899
native-expanded,139-Brine-Sand-saturated-32-baseline-w32-s02,density_swaps,Brine,Water,0,1,1024
native-expanded,139-Brine-Sand-saturated-32-baseline-w32-s02,density_swaps,Sand,Water,-1,1,242
native-expanded,139-Brine-Sand-saturated-32-baseline-w32-s02,density_swaps,Brine,Water,-1,1,232
native-expanded,139-Brine-Sand-saturated-32-baseline-w32-s03,density_swaps,Sand,Water,1,1,172
native-expanded,139-Brine-Sand-saturated-32-baseline-w32-s03,density_swaps,Brine,Water,1,1,232
native-expanded,139-Brine-Sand-saturated-32-baseline-w32-s03,density_swaps,Sand,Water,0,1,1018
native-expanded,139-Brine-Sand-saturated-32-baseline-w32-s03,density_swaps,Brine,Water,0,1,1031
native-expanded,139-Brine-Sand-saturated-32-baseline-w32-s03,density_swaps,Sand,Water,-1,1,172
native-expanded,139-Brine-Sand-saturated-32-baseline-w32-s03,density_swaps,Brine,Water,-1,1,225
native-expanded,139-Brine-Sand-saturated-32-baseline-w32-s04,density_swaps,Sand,Water,1,1,165
native-expanded,139-Brine-Sand-saturated-32-baseline-w32-s04,density_swaps,Brine,Water,1,1,232
native-expanded,139-Brine-Sand-saturated-32-baseline-w32-s04,density_swaps,Sand,Water,0,1,1010
native-expanded,139-Brine-Sand-saturated-32-baseline-w32-s04,density_swaps,Brine,Water,0,1,1024
native-expanded,139-Brine-Sand-saturated-32-baseline-w32-s04,density_swaps,Sand,Water,-1,1,178
native-expanded,139-Brine-Sand-saturated-32-baseline-w32-s04,density_swaps,Brine,Water,-1,1,232
native-expanded,140-Brine-Dust-packed-16-baseline-w32-s00,density_swaps,Brine,Dust,0,1,8192
native-expanded,140-Brine-Dust-packed-16-baseline-w32-s01,density_swaps,Brine,Dust,0,1,8192
native-expanded,140-Brine-Dust-packed-16-baseline-w32-s02,density_swaps,Brine,Dust,0,1,8192
native-expanded,140-Brine-Dust-packed-16-baseline-w32-s03,density_swaps,Brine,Dust,0,1,8192
native-expanded,140-Brine-Dust-packed-16-baseline-w32-s04,density_swaps,Brine,Dust,0,1,8192
native-expanded,141-Brine-Dust-packed-64-baseline-w32-s00,density_swaps,Brine,Dust,0,1,32768
native-expanded,141-Brine-Dust-packed-64-baseline-w32-s01,density_swaps,Brine,Dust,0,1,32768
native-expanded,141-Brine-Dust-packed-64-baseline-w32-s02,density_swaps,Brine,Dust,0,1,32768
native-expanded,141-Brine-Dust-packed-64-baseline-w32-s03,density_swaps,Brine,Dust,0,1,32768
native-expanded,141-Brine-Dust-packed-64-baseline-w32-s04,density_swaps,Brine,Dust,0,1,32768
native-expanded,142-Brine-Dust-open-32-baseline-w32-s00,empty_moves,Brine,Empty,1,0,2
native-expanded,142-Brine-Dust-open-32-baseline-w32-s00,density_swaps,Brine,Dust,0,1,13351
native-expanded,142-Brine-Dust-open-32-baseline-w32-s00,density_swaps,Brine,Dust,-1,1,208
native-expanded,142-Brine-Dust-open-32-baseline-w32-s00,empty_moves,Brine,Empty,-1,0,1
native-expanded,142-Brine-Dust-open-32-baseline-w32-s00,empty_moves,Dust,Empty,1,1,6162
native-expanded,142-Brine-Dust-open-32-baseline-w32-s00,empty_moves,Brine,Empty,1,1,13
native-expanded,142-Brine-Dust-open-32-baseline-w32-s00,empty_moves,Dust,Empty,0,1,4295
native-expanded,142-Brine-Dust-open-32-baseline-w32-s00,empty_moves,Brine,Empty,0,1,3290
native-expanded,142-Brine-Dust-open-32-baseline-w32-s00,empty_moves,Dust,Empty,-1,1,2787
native-expanded,142-Brine-Dust-open-32-baseline-w32-s00,empty_moves,Brine,Empty,-1,1,15
native-expanded,142-Brine-Dust-open-32-baseline-w32-s00,density_swaps,Brine,Dust,1,1,357
native-expanded,142-Brine-Dust-open-32-baseline-w32-s01,density_swaps,Brine,Dust,0,1,12201
native-expanded,142-Brine-Dust-open-32-baseline-w32-s01,density_swaps,Brine,Dust,-1,1,230
native-expanded,142-Brine-Dust-open-32-baseline-w32-s01,empty_moves,Dust,Empty,1,1,5570
native-expanded,142-Brine-Dust-open-32-baseline-w32-s01,empty_moves,Brine,Empty,1,1,38
native-expanded,142-Brine-Dust-open-32-baseline-w32-s01,empty_moves,Dust,Empty,0,1,3508
native-expanded,142-Brine-Dust-open-32-baseline-w32-s01,empty_moves,Brine,Empty,0,1,4443
native-expanded,142-Brine-Dust-open-32-baseline-w32-s01,empty_moves,Dust,Empty,-1,1,3293
native-expanded,142-Brine-Dust-open-32-baseline-w32-s01,empty_moves,Brine,Empty,-1,1,1
native-expanded,142-Brine-Dust-open-32-baseline-w32-s01,density_swaps,Brine,Dust,1,1,393
native-expanded,142-Brine-Dust-open-32-baseline-w32-s02,empty_moves,Brine,Empty,1,0,162
native-expanded,142-Brine-Dust-open-32-baseline-w32-s02,density_swaps,Brine,Dust,0,1,11688
native-expanded,142-Brine-Dust-open-32-baseline-w32-s02,density_swaps,Brine,Dust,-1,1,260
native-expanded,142-Brine-Dust-open-32-baseline-w32-s02,empty_moves,Brine,Empty,-1,0,82
native-expanded,142-Brine-Dust-open-32-baseline-w32-s02,empty_moves,Dust,Empty,1,1,5310
native-expanded,142-Brine-Dust-open-32-baseline-w32-s02,empty_moves,Brine,Empty,1,1,52
native-expanded,142-Brine-Dust-open-32-baseline-w32-s02,empty_moves,Dust,Empty,0,1,2967
native-expanded,142-Brine-Dust-open-32-baseline-w32-s02,empty_moves,Brine,Empty,0,1,4949
native-expanded,142-Brine-Dust-open-32-baseline-w32-s02,empty_moves,Dust,Empty,-1,1,3602
native-expanded,142-Brine-Dust-open-32-baseline-w32-s02,empty_moves,Brine,Empty,-1,1,38
native-expanded,142-Brine-Dust-open-32-baseline-w32-s02,density_swaps,Brine,Dust,1,1,404
native-expanded,142-Brine-Dust-open-32-baseline-w32-s03,density_swaps,Brine,Dust,0,1,11158
native-expanded,142-Brine-Dust-open-32-baseline-w32-s03,density_swaps,Brine,Dust,-1,1,342
native-expanded,142-Brine-Dust-open-32-baseline-w32-s03,empty_moves,Dust,Empty,1,1,5040
native-expanded,142-Brine-Dust-open-32-baseline-w32-s03,empty_moves,Brine,Empty,1,1,21
native-expanded,142-Brine-Dust-open-32-baseline-w32-s03,empty_moves,Dust,Empty,0,1,2718
native-expanded,142-Brine-Dust-open-32-baseline-w32-s03,empty_moves,Brine,Empty,0,1,5460
native-expanded,142-Brine-Dust-open-32-baseline-w32-s03,empty_moves,Dust,Empty,-1,1,4080
native-expanded,142-Brine-Dust-open-32-baseline-w32-s03,empty_moves,Brine,Empty,-1,1,2
native-expanded,142-Brine-Dust-open-32-baseline-w32-s03,density_swaps,Brine,Dust,1,1,389
native-expanded,142-Brine-Dust-open-32-baseline-w32-s04,density_swaps,Brine,Dust,0,1,11105
native-expanded,142-Brine-Dust-open-32-baseline-w32-s04,density_swaps,Brine,Dust,-1,1,316
native-expanded,142-Brine-Dust-open-32-baseline-w32-s04,empty_moves,Dust,Empty,1,1,5048
native-expanded,142-Brine-Dust-open-32-baseline-w32-s04,empty_moves,Brine,Empty,1,1,29
native-expanded,142-Brine-Dust-open-32-baseline-w32-s04,empty_moves,Dust,Empty,0,1,2531
native-expanded,142-Brine-Dust-open-32-baseline-w32-s04,empty_moves,Brine,Empty,0,1,5520
native-expanded,142-Brine-Dust-open-32-baseline-w32-s04,empty_moves,Dust,Empty,-1,1,4452
native-expanded,142-Brine-Dust-open-32-baseline-w32-s04,empty_moves,Brine,Empty,-1,1,41
native-expanded,142-Brine-Dust-open-32-baseline-w32-s04,density_swaps,Brine,Dust,1,1,348
native-expanded,143-Brine-Dust-saturated-32-baseline-w32-s00,density_swaps,Water,Dust,0,1,1353
native-expanded,143-Brine-Dust-saturated-32-baseline-w32-s00,density_swaps,Brine,Dust,0,1,14896
native-expanded,143-Brine-Dust-saturated-32-baseline-w32-s00,density_swaps,Brine,Water,0,1,1488
native-expanded,143-Brine-Dust-saturated-32-baseline-w32-s01,density_swaps,Water,Dust,0,1,1362
native-expanded,143-Brine-Dust-saturated-32-baseline-w32-s01,density_swaps,Brine,Dust,0,1,14896
native-expanded,143-Brine-Dust-saturated-32-baseline-w32-s01,density_swaps,Brine,Water,0,1,1488
native-expanded,143-Brine-Dust-saturated-32-baseline-w32-s02,density_swaps,Water,Dust,0,1,1338
native-expanded,143-Brine-Dust-saturated-32-baseline-w32-s02,density_swaps,Brine,Dust,0,1,14896
native-expanded,143-Brine-Dust-saturated-32-baseline-w32-s02,density_swaps,Brine,Water,0,1,1488
native-expanded,143-Brine-Dust-saturated-32-baseline-w32-s03,density_swaps,Water,Dust,0,1,1341
native-expanded,143-Brine-Dust-saturated-32-baseline-w32-s03,density_swaps,Brine,Dust,0,1,14896
native-expanded,143-Brine-Dust-saturated-32-baseline-w32-s03,density_swaps,Brine,Water,0,1,1488
native-expanded,143-Brine-Dust-saturated-32-baseline-w32-s04,density_swaps,Water,Dust,0,1,1350
native-expanded,143-Brine-Dust-saturated-32-baseline-w32-s04,density_swaps,Brine,Dust,0,1,14896
native-expanded,143-Brine-Dust-saturated-32-baseline-w32-s04,density_swaps,Brine,Water,0,1,1488
native-expanded,146-Paste-Sand-open-32-baseline-w32-s00,empty_moves,Paste,Empty,1,0,294
native-expanded,146-Paste-Sand-open-32-baseline-w32-s00,density_swaps,Sand,Paste,1,1,202
native-expanded,146-Paste-Sand-open-32-baseline-w32-s00,density_swaps,Sand,Paste,0,1,157
native-expanded,146-Paste-Sand-open-32-baseline-w32-s00,empty_moves,Paste,Empty,-1,0,420
native-expanded,146-Paste-Sand-open-32-baseline-w32-s00,empty_moves,Sand,Empty,1,1,2492
native-expanded,146-Paste-Sand-open-32-baseline-w32-s00,empty_moves,Paste,Empty,1,1,4583
native-expanded,146-Paste-Sand-open-32-baseline-w32-s00,density_swaps,Sand,Paste,-1,1,792
native-expanded,146-Paste-Sand-open-32-baseline-w32-s00,empty_moves,Sand,Empty,0,1,2002
native-expanded,146-Paste-Sand-open-32-baseline-w32-s00,empty_moves,Paste,Empty,0,1,5221
native-expanded,146-Paste-Sand-open-32-baseline-w32-s00,empty_moves,Sand,Empty,-1,1,773
native-expanded,146-Paste-Sand-open-32-baseline-w32-s00,empty_moves,Paste,Empty,-1,1,2453
native-expanded,146-Paste-Sand-open-32-baseline-w32-s01,empty_moves,Paste,Empty,1,0,343
native-expanded,146-Paste-Sand-open-32-baseline-w32-s01,density_swaps,Sand,Paste,1,1,211
native-expanded,146-Paste-Sand-open-32-baseline-w32-s01,density_swaps,Sand,Paste,0,1,49
native-expanded,146-Paste-Sand-open-32-baseline-w32-s01,empty_moves,Paste,Empty,-1,0,590
native-expanded,146-Paste-Sand-open-32-baseline-w32-s01,empty_moves,Sand,Empty,1,1,2646
native-expanded,146-Paste-Sand-open-32-baseline-w32-s01,empty_moves,Paste,Empty,1,1,3505
native-expanded,146-Paste-Sand-open-32-baseline-w32-s01,density_swaps,Sand,Paste,-1,1,348
native-expanded,146-Paste-Sand-open-32-baseline-w32-s01,empty_moves,Sand,Empty,0,1,2039
native-expanded,146-Paste-Sand-open-32-baseline-w32-s01,empty_moves,Paste,Empty,0,1,5833
native-expanded,146-Paste-Sand-open-32-baseline-w32-s01,empty_moves,Sand,Empty,-1,1,1221
native-expanded,146-Paste-Sand-open-32-baseline-w32-s01,empty_moves,Paste,Empty,-1,1,2736
native-expanded,146-Paste-Sand-open-32-baseline-w32-s02,empty_moves,Paste,Empty,1,0,315
native-expanded,146-Paste-Sand-open-32-baseline-w32-s02,density_swaps,Sand,Paste,1,1,106
native-expanded,146-Paste-Sand-open-32-baseline-w32-s02,density_swaps,Sand,Paste,0,1,25
native-expanded,146-Paste-Sand-open-32-baseline-w32-s02,empty_moves,Paste,Empty,-1,0,492
native-expanded,146-Paste-Sand-open-32-baseline-w32-s02,empty_moves,Sand,Empty,1,1,2696
native-expanded,146-Paste-Sand-open-32-baseline-w32-s02,empty_moves,Paste,Empty,1,1,3245
native-expanded,146-Paste-Sand-open-32-baseline-w32-s02,density_swaps,Sand,Paste,-1,1,168
native-expanded,146-Paste-Sand-open-32-baseline-w32-s02,empty_moves,Sand,Empty,0,1,2071
native-expanded,146-Paste-Sand-open-32-baseline-w32-s02,empty_moves,Paste,Empty,0,1,5685
native-expanded,146-Paste-Sand-open-32-baseline-w32-s02,empty_moves,Sand,Empty,-1,1,1531
native-expanded,146-Paste-Sand-open-32-baseline-w32-s02,empty_moves,Paste,Empty,-1,1,2763
native-expanded,146-Paste-Sand-open-32-baseline-w32-s03,empty_moves,Paste,Empty,1,0,255
native-expanded,146-Paste-Sand-open-32-baseline-w32-s03,density_swaps,Sand,Paste,1,1,162
native-expanded,146-Paste-Sand-open-32-baseline-w32-s03,density_swaps,Sand,Paste,0,1,20
native-expanded,146-Paste-Sand-open-32-baseline-w32-s03,empty_moves,Paste,Empty,-1,0,390
native-expanded,146-Paste-Sand-open-32-baseline-w32-s03,empty_moves,Sand,Empty,1,1,2574
native-expanded,146-Paste-Sand-open-32-baseline-w32-s03,empty_moves,Paste,Empty,1,1,3014
native-expanded,146-Paste-Sand-open-32-baseline-w32-s03,density_swaps,Sand,Paste,-1,1,185
native-expanded,146-Paste-Sand-open-32-baseline-w32-s03,empty_moves,Sand,Empty,0,1,2043
native-expanded,146-Paste-Sand-open-32-baseline-w32-s03,empty_moves,Paste,Empty,0,1,5876
native-expanded,146-Paste-Sand-open-32-baseline-w32-s03,empty_moves,Sand,Empty,-1,1,2003
native-expanded,146-Paste-Sand-open-32-baseline-w32-s03,empty_moves,Paste,Empty,-1,1,2543
native-expanded,146-Paste-Sand-open-32-baseline-w32-s04,empty_moves,Paste,Empty,1,0,282
native-expanded,146-Paste-Sand-open-32-baseline-w32-s04,density_swaps,Sand,Paste,1,1,135
native-expanded,146-Paste-Sand-open-32-baseline-w32-s04,density_swaps,Sand,Paste,0,1,25
native-expanded,146-Paste-Sand-open-32-baseline-w32-s04,empty_moves,Paste,Empty,-1,0,401
native-expanded,146-Paste-Sand-open-32-baseline-w32-s04,empty_moves,Sand,Empty,1,1,2500
native-expanded,146-Paste-Sand-open-32-baseline-w32-s04,empty_moves,Paste,Empty,1,1,3052
native-expanded,146-Paste-Sand-open-32-baseline-w32-s04,density_swaps,Sand,Paste,-1,1,236
native-expanded,146-Paste-Sand-open-32-baseline-w32-s04,empty_moves,Sand,Empty,0,1,1953
native-expanded,146-Paste-Sand-open-32-baseline-w32-s04,empty_moves,Paste,Empty,0,1,5666
native-expanded,146-Paste-Sand-open-32-baseline-w32-s04,empty_moves,Sand,Empty,-1,1,2347
native-expanded,146-Paste-Sand-open-32-baseline-w32-s04,empty_moves,Paste,Empty,-1,1,2714
native-expanded,147-Paste-Sand-saturated-32-baseline-w32-s00,density_swaps,Sand,Water,1,1,168
native-expanded,147-Paste-Sand-saturated-32-baseline-w32-s00,density_swaps,Paste,Water,1,1,230
native-expanded,147-Paste-Sand-saturated-32-baseline-w32-s00,density_swaps,Sand,Water,0,1,996
native-expanded,147-Paste-Sand-saturated-32-baseline-w32-s00,density_swaps,Paste,Water,0,1,1026
native-expanded,147-Paste-Sand-saturated-32-baseline-w32-s00,density_swaps,Sand,Water,-1,1,186
native-expanded,147-Paste-Sand-saturated-32-baseline-w32-s00,density_swaps,Paste,Water,-1,1,232
native-expanded,147-Paste-Sand-saturated-32-baseline-w32-s01,density_swaps,Sand,Water,1,1,166
native-expanded,147-Paste-Sand-saturated-32-baseline-w32-s01,density_swaps,Paste,Water,1,1,232
native-expanded,147-Paste-Sand-saturated-32-baseline-w32-s01,density_swaps,Sand,Water,0,1,1011
native-expanded,147-Paste-Sand-saturated-32-baseline-w32-s01,density_swaps,Paste,Water,0,1,1024
native-expanded,147-Paste-Sand-saturated-32-baseline-w32-s01,density_swaps,Sand,Water,-1,1,164
native-expanded,147-Paste-Sand-saturated-32-baseline-w32-s01,density_swaps,Paste,Water,-1,1,232
native-expanded,147-Paste-Sand-saturated-32-baseline-w32-s02,density_swaps,Sand,Water,1,1,224
native-expanded,147-Paste-Sand-saturated-32-baseline-w32-s02,density_swaps,Paste,Water,1,1,232
native-expanded,147-Paste-Sand-saturated-32-baseline-w32-s02,density_swaps,Sand,Water,0,1,899
native-expanded,147-Paste-Sand-saturated-32-baseline-w32-s02,density_swaps,Paste,Water,0,1,1024
native-expanded,147-Paste-Sand-saturated-32-baseline-w32-s02,density_swaps,Sand,Water,-1,1,242
native-expanded,147-Paste-Sand-saturated-32-baseline-w32-s02,density_swaps,Paste,Water,-1,1,232
native-expanded,147-Paste-Sand-saturated-32-baseline-w32-s03,density_swaps,Sand,Water,1,1,172
native-expanded,147-Paste-Sand-saturated-32-baseline-w32-s03,density_swaps,Paste,Water,1,1,232
native-expanded,147-Paste-Sand-saturated-32-baseline-w32-s03,density_swaps,Sand,Water,0,1,1018
native-expanded,147-Paste-Sand-saturated-32-baseline-w32-s03,density_swaps,Paste,Water,0,1,1031
native-expanded,147-Paste-Sand-saturated-32-baseline-w32-s03,density_swaps,Sand,Water,-1,1,172
native-expanded,147-Paste-Sand-saturated-32-baseline-w32-s03,density_swaps,Paste,Water,-1,1,225
native-expanded,147-Paste-Sand-saturated-32-baseline-w32-s04,density_swaps,Sand,Water,1,1,165
native-expanded,147-Paste-Sand-saturated-32-baseline-w32-s04,density_swaps,Paste,Water,1,1,232
native-expanded,147-Paste-Sand-saturated-32-baseline-w32-s04,density_swaps,Sand,Water,0,1,1010
native-expanded,147-Paste-Sand-saturated-32-baseline-w32-s04,density_swaps,Paste,Water,0,1,1024
native-expanded,147-Paste-Sand-saturated-32-baseline-w32-s04,density_swaps,Sand,Water,-1,1,178
native-expanded,147-Paste-Sand-saturated-32-baseline-w32-s04,density_swaps,Paste,Water,-1,1,232
native-expanded,148-Paste-Dust-packed-16-baseline-w32-s00,density_swaps,Paste,Dust,0,1,8192
native-expanded,148-Paste-Dust-packed-16-baseline-w32-s01,density_swaps,Paste,Dust,0,1,8192
native-expanded,148-Paste-Dust-packed-16-baseline-w32-s02,density_swaps,Paste,Dust,0,1,8192
native-expanded,148-Paste-Dust-packed-16-baseline-w32-s03,density_swaps,Paste,Dust,0,1,8192
native-expanded,148-Paste-Dust-packed-16-baseline-w32-s04,density_swaps,Paste,Dust,0,1,8192
native-expanded,149-Paste-Dust-packed-64-baseline-w32-s00,density_swaps,Paste,Dust,0,1,32768
native-expanded,149-Paste-Dust-packed-64-baseline-w32-s01,density_swaps,Paste,Dust,0,1,32768
native-expanded,149-Paste-Dust-packed-64-baseline-w32-s02,density_swaps,Paste,Dust,0,1,32768
native-expanded,149-Paste-Dust-packed-64-baseline-w32-s03,density_swaps,Paste,Dust,0,1,32768
native-expanded,149-Paste-Dust-packed-64-baseline-w32-s04,density_swaps,Paste,Dust,0,1,32768
native-expanded,150-Paste-Dust-open-32-baseline-w32-s00,density_swaps,Paste,Dust,0,1,13352
native-expanded,150-Paste-Dust-open-32-baseline-w32-s00,density_swaps,Paste,Dust,-1,1,205
native-expanded,150-Paste-Dust-open-32-baseline-w32-s00,empty_moves,Dust,Empty,1,1,6163
native-expanded,150-Paste-Dust-open-32-baseline-w32-s00,empty_moves,Paste,Empty,1,1,13
native-expanded,150-Paste-Dust-open-32-baseline-w32-s00,empty_moves,Dust,Empty,0,1,4292
native-expanded,150-Paste-Dust-open-32-baseline-w32-s00,empty_moves,Paste,Empty,0,1,3292
native-expanded,150-Paste-Dust-open-32-baseline-w32-s00,empty_moves,Dust,Empty,-1,1,2786
native-expanded,150-Paste-Dust-open-32-baseline-w32-s00,empty_moves,Paste,Empty,-1,1,16
native-expanded,150-Paste-Dust-open-32-baseline-w32-s00,density_swaps,Paste,Dust,1,1,356
native-expanded,150-Paste-Dust-open-32-baseline-w32-s01,density_swaps,Paste,Dust,0,1,12201
native-expanded,150-Paste-Dust-open-32-baseline-w32-s01,density_swaps,Paste,Dust,-1,1,230
native-expanded,150-Paste-Dust-open-32-baseline-w32-s01,empty_moves,Dust,Empty,1,1,5570
native-expanded,150-Paste-Dust-open-32-baseline-w32-s01,empty_moves,Paste,Empty,1,1,38
native-expanded,150-Paste-Dust-open-32-baseline-w32-s01,empty_moves,Dust,Empty,0,1,3508
native-expanded,150-Paste-Dust-open-32-baseline-w32-s01,empty_moves,Paste,Empty,0,1,4443
native-expanded,150-Paste-Dust-open-32-baseline-w32-s01,empty_moves,Dust,Empty,-1,1,3293
native-expanded,150-Paste-Dust-open-32-baseline-w32-s01,empty_moves,Paste,Empty,-1,1,1
native-expanded,150-Paste-Dust-open-32-baseline-w32-s01,density_swaps,Paste,Dust,1,1,393
native-expanded,150-Paste-Dust-open-32-baseline-w32-s02,density_swaps,Paste,Dust,0,1,11671
native-expanded,150-Paste-Dust-open-32-baseline-w32-s02,density_swaps,Paste,Dust,-1,1,266
native-expanded,150-Paste-Dust-open-32-baseline-w32-s02,empty_moves,Dust,Empty,1,1,5316
native-expanded,150-Paste-Dust-open-32-baseline-w32-s02,empty_moves,Paste,Empty,1,1,51
native-expanded,150-Paste-Dust-open-32-baseline-w32-s02,empty_moves,Dust,Empty,0,1,2992
native-expanded,150-Paste-Dust-open-32-baseline-w32-s02,empty_moves,Paste,Empty,0,1,4961
native-expanded,150-Paste-Dust-open-32-baseline-w32-s02,empty_moves,Dust,Empty,-1,1,3587
native-expanded,150-Paste-Dust-open-32-baseline-w32-s02,empty_moves,Paste,Empty,-1,1,21
native-expanded,150-Paste-Dust-open-32-baseline-w32-s02,density_swaps,Paste,Dust,1,1,395
native-expanded,150-Paste-Dust-open-32-baseline-w32-s03,density_swaps,Paste,Dust,0,1,11158
native-expanded,150-Paste-Dust-open-32-baseline-w32-s03,density_swaps,Paste,Dust,-1,1,342
native-expanded,150-Paste-Dust-open-32-baseline-w32-s03,empty_moves,Dust,Empty,1,1,5040
native-expanded,150-Paste-Dust-open-32-baseline-w32-s03,empty_moves,Paste,Empty,1,1,21
native-expanded,150-Paste-Dust-open-32-baseline-w32-s03,empty_moves,Dust,Empty,0,1,2718
native-expanded,150-Paste-Dust-open-32-baseline-w32-s03,empty_moves,Paste,Empty,0,1,5460
native-expanded,150-Paste-Dust-open-32-baseline-w32-s03,empty_moves,Dust,Empty,-1,1,4080
native-expanded,150-Paste-Dust-open-32-baseline-w32-s03,empty_moves,Paste,Empty,-1,1,2
native-expanded,150-Paste-Dust-open-32-baseline-w32-s03,density_swaps,Paste,Dust,1,1,389
native-expanded,150-Paste-Dust-open-32-baseline-w32-s04,density_swaps,Paste,Dust,0,1,11105
native-expanded,150-Paste-Dust-open-32-baseline-w32-s04,density_swaps,Paste,Dust,-1,1,316
native-expanded,150-Paste-Dust-open-32-baseline-w32-s04,empty_moves,Dust,Empty,1,1,5048
native-expanded,150-Paste-Dust-open-32-baseline-w32-s04,empty_moves,Paste,Empty,1,1,29
native-expanded,150-Paste-Dust-open-32-baseline-w32-s04,empty_moves,Dust,Empty,0,1,2531
native-expanded,150-Paste-Dust-open-32-baseline-w32-s04,empty_moves,Paste,Empty,0,1,5520
native-expanded,150-Paste-Dust-open-32-baseline-w32-s04,empty_moves,Dust,Empty,-1,1,4452
native-expanded,150-Paste-Dust-open-32-baseline-w32-s04,empty_moves,Paste,Empty,-1,1,41
native-expanded,150-Paste-Dust-open-32-baseline-w32-s04,density_swaps,Paste,Dust,1,1,348
native-expanded,151-Paste-Dust-saturated-32-baseline-w32-s00,density_swaps,Water,Dust,0,1,1353
native-expanded,151-Paste-Dust-saturated-32-baseline-w32-s00,density_swaps,Paste,Dust,0,1,14896
native-expanded,151-Paste-Dust-saturated-32-baseline-w32-s00,density_swaps,Paste,Water,0,1,1488
native-expanded,151-Paste-Dust-saturated-32-baseline-w32-s01,density_swaps,Water,Dust,0,1,1362
native-expanded,151-Paste-Dust-saturated-32-baseline-w32-s01,density_swaps,Paste,Dust,0,1,14896
native-expanded,151-Paste-Dust-saturated-32-baseline-w32-s01,density_swaps,Paste,Water,0,1,1488
native-expanded,151-Paste-Dust-saturated-32-baseline-w32-s02,density_swaps,Water,Dust,0,1,1338
native-expanded,151-Paste-Dust-saturated-32-baseline-w32-s02,density_swaps,Paste,Dust,0,1,14896
native-expanded,151-Paste-Dust-saturated-32-baseline-w32-s02,density_swaps,Paste,Water,0,1,1488
native-expanded,151-Paste-Dust-saturated-32-baseline-w32-s03,density_swaps,Water,Dust,0,1,1341
native-expanded,151-Paste-Dust-saturated-32-baseline-w32-s03,density_swaps,Paste,Dust,0,1,14896
native-expanded,151-Paste-Dust-saturated-32-baseline-w32-s03,density_swaps,Paste,Water,0,1,1488
native-expanded,151-Paste-Dust-saturated-32-baseline-w32-s04,density_swaps,Water,Dust,0,1,1350
native-expanded,151-Paste-Dust-saturated-32-baseline-w32-s04,density_swaps,Paste,Dust,0,1,14896
native-expanded,151-Paste-Dust-saturated-32-baseline-w32-s04,density_swaps,Paste,Water,0,1,1488
native-expanded,152-Lava-Sand-packed-16-baseline-w32-s00,density_swaps,Lava,Sand,0,1,8192
native-expanded,152-Lava-Sand-packed-16-baseline-w32-s01,density_swaps,Lava,Sand,0,1,8192
native-expanded,152-Lava-Sand-packed-16-baseline-w32-s02,density_swaps,Lava,Sand,0,1,8192
native-expanded,152-Lava-Sand-packed-16-baseline-w32-s03,density_swaps,Lava,Sand,0,1,8192
native-expanded,152-Lava-Sand-packed-16-baseline-w32-s04,density_swaps,Lava,Sand,0,1,8192
native-expanded,153-Lava-Sand-packed-64-baseline-w32-s00,density_swaps,Lava,Sand,0,1,32768
native-expanded,153-Lava-Sand-packed-64-baseline-w32-s01,density_swaps,Lava,Sand,0,1,32768
native-expanded,153-Lava-Sand-packed-64-baseline-w32-s02,density_swaps,Lava,Sand,0,1,32768
native-expanded,153-Lava-Sand-packed-64-baseline-w32-s03,density_swaps,Lava,Sand,0,1,32768
native-expanded,153-Lava-Sand-packed-64-baseline-w32-s04,density_swaps,Lava,Sand,0,1,32768
native-expanded,154-Lava-Sand-open-32-baseline-w32-s00,empty_moves,Lava,Empty,1,0,1
native-expanded,154-Lava-Sand-open-32-baseline-w32-s00,empty_moves,Lava,Empty,-1,0,1
native-expanded,154-Lava-Sand-open-32-baseline-w32-s00,empty_moves,Sand,Empty,1,1,6163
native-expanded,154-Lava-Sand-open-32-baseline-w32-s00,empty_moves,Lava,Empty,1,1,13
native-expanded,154-Lava-Sand-open-32-baseline-w32-s00,density_swaps,Lava,Sand,1,1,358
native-expanded,154-Lava-Sand-open-32-baseline-w32-s00,empty_moves,Sand,Empty,0,1,4293
native-expanded,154-Lava-Sand-open-32-baseline-w32-s00,empty_moves,Lava,Empty,0,1,3291
native-expanded,154-Lava-Sand-open-32-baseline-w32-s00,density_swaps,Lava,Sand,0,1,13349
native-expanded,154-Lava-Sand-open-32-baseline-w32-s00,empty_moves,Sand,Empty,-1,1,2787
native-expanded,154-Lava-Sand-open-32-baseline-w32-s00,empty_moves,Lava,Empty,-1,1,15
native-expanded,154-Lava-Sand-open-32-baseline-w32-s00,density_swaps,Lava,Sand,-1,1,208
native-expanded,154-Lava-Sand-open-32-baseline-w32-s01,empty_moves,Sand,Empty,1,1,5570
native-expanded,154-Lava-Sand-open-32-baseline-w32-s01,empty_moves,Lava,Empty,1,1,38
native-expanded,154-Lava-Sand-open-32-baseline-w32-s01,density_swaps,Lava,Sand,1,1,393
native-expanded,154-Lava-Sand-open-32-baseline-w32-s01,empty_moves,Sand,Empty,0,1,3508
native-expanded,154-Lava-Sand-open-32-baseline-w32-s01,empty_moves,Lava,Empty,0,1,4443
native-expanded,154-Lava-Sand-open-32-baseline-w32-s01,density_swaps,Lava,Sand,0,1,12201
native-expanded,154-Lava-Sand-open-32-baseline-w32-s01,empty_moves,Sand,Empty,-1,1,3293
native-expanded,154-Lava-Sand-open-32-baseline-w32-s01,empty_moves,Lava,Empty,-1,1,1
native-expanded,154-Lava-Sand-open-32-baseline-w32-s01,density_swaps,Lava,Sand,-1,1,230
native-expanded,154-Lava-Sand-open-32-baseline-w32-s02,empty_moves,Lava,Empty,1,0,28
native-expanded,154-Lava-Sand-open-32-baseline-w32-s02,empty_moves,Lava,Empty,-1,0,6
native-expanded,154-Lava-Sand-open-32-baseline-w32-s02,empty_moves,Sand,Empty,1,1,5315
native-expanded,154-Lava-Sand-open-32-baseline-w32-s02,empty_moves,Lava,Empty,1,1,52
native-expanded,154-Lava-Sand-open-32-baseline-w32-s02,density_swaps,Lava,Sand,1,1,393
native-expanded,154-Lava-Sand-open-32-baseline-w32-s02,empty_moves,Sand,Empty,0,1,2980
native-expanded,154-Lava-Sand-open-32-baseline-w32-s02,empty_moves,Lava,Empty,0,1,4951
native-expanded,154-Lava-Sand-open-32-baseline-w32-s02,density_swaps,Lava,Sand,0,1,11678
native-expanded,154-Lava-Sand-open-32-baseline-w32-s02,empty_moves,Sand,Empty,-1,1,3599
native-expanded,154-Lava-Sand-open-32-baseline-w32-s02,empty_moves,Lava,Empty,-1,1,31
native-expanded,154-Lava-Sand-open-32-baseline-w32-s02,density_swaps,Lava,Sand,-1,1,266
native-expanded,154-Lava-Sand-open-32-baseline-w32-s03,empty_moves,Sand,Empty,1,1,5040
native-expanded,154-Lava-Sand-open-32-baseline-w32-s03,empty_moves,Lava,Empty,1,1,21
native-expanded,154-Lava-Sand-open-32-baseline-w32-s03,density_swaps,Lava,Sand,1,1,389
native-expanded,154-Lava-Sand-open-32-baseline-w32-s03,empty_moves,Sand,Empty,0,1,2718
native-expanded,154-Lava-Sand-open-32-baseline-w32-s03,empty_moves,Lava,Empty,0,1,5460
native-expanded,154-Lava-Sand-open-32-baseline-w32-s03,density_swaps,Lava,Sand,0,1,11158
native-expanded,154-Lava-Sand-open-32-baseline-w32-s03,empty_moves,Sand,Empty,-1,1,4080
native-expanded,154-Lava-Sand-open-32-baseline-w32-s03,empty_moves,Lava,Empty,-1,1,2
native-expanded,154-Lava-Sand-open-32-baseline-w32-s03,density_swaps,Lava,Sand,-1,1,342
native-expanded,154-Lava-Sand-open-32-baseline-w32-s04,empty_moves,Sand,Empty,1,1,5048
native-expanded,154-Lava-Sand-open-32-baseline-w32-s04,empty_moves,Lava,Empty,1,1,29
native-expanded,154-Lava-Sand-open-32-baseline-w32-s04,density_swaps,Lava,Sand,1,1,348
native-expanded,154-Lava-Sand-open-32-baseline-w32-s04,empty_moves,Sand,Empty,0,1,2531
native-expanded,154-Lava-Sand-open-32-baseline-w32-s04,empty_moves,Lava,Empty,0,1,5520
native-expanded,154-Lava-Sand-open-32-baseline-w32-s04,density_swaps,Lava,Sand,0,1,11105
native-expanded,154-Lava-Sand-open-32-baseline-w32-s04,empty_moves,Sand,Empty,-1,1,4452
native-expanded,154-Lava-Sand-open-32-baseline-w32-s04,empty_moves,Lava,Empty,-1,1,41
native-expanded,154-Lava-Sand-open-32-baseline-w32-s04,density_swaps,Lava,Sand,-1,1,316
native-expanded,155-Lava-Sand-saturated-32-baseline-w32-s00,empty_moves,Steam,Empty,-1,-1,2
native-expanded,155-Lava-Sand-saturated-32-baseline-w32-s00,water_transfer_mass,Water,Water,-1,0,1995
native-expanded,155-Lava-Sand-saturated-32-baseline-w32-s00,empty_moves,Steam,Empty,1,0,133
native-expanded,155-Lava-Sand-saturated-32-baseline-w32-s00,water_transfer_mass,Water,Empty,1,0,2639
native-expanded,155-Lava-Sand-saturated-32-baseline-w32-s00,density_swaps,Sand,Water,1,1,168
native-expanded,155-Lava-Sand-saturated-32-baseline-w32-s00,water_transfer_mass,Water,Water,1,1,3173
native-expanded,155-Lava-Sand-saturated-32-baseline-w32-s00,density_swaps,Steam,Lava,0,-1,47
native-expanded,155-Lava-Sand-saturated-32-baseline-w32-s00,density_swaps,Water,Steam,1,1,2
native-expanded,155-Lava-Sand-saturated-32-baseline-w32-s00,density_swaps,Sand,Steam,1,1,1
native-expanded,155-Lava-Sand-saturated-32-baseline-w32-s00,conversions,Lava,Stone,0,0,93
native-expanded,155-Lava-Sand-saturated-32-baseline-w32-s00,density_swaps,Steam,Water,1,-1,16
native-expanded,155-Lava-Sand-saturated-32-baseline-w32-s00,density_swaps,Sand,Water,0,1,996
native-expanded,155-Lava-Sand-saturated-32-baseline-w32-s00,density_swaps,Lava,Water,0,1,125
native-expanded,155-Lava-Sand-saturated-32-baseline-w32-s00,density_swaps,Stone,Water,0,1,11
native-expanded,155-Lava-Sand-saturated-32-baseline-w32-s00,water_transfer_mass,Water,Water,0,1,8903
native-expanded,155-Lava-Sand-saturated-32-baseline-w32-s00,density_swaps,Lava,Steam,0,1,1153
native-expanded,155-Lava-Sand-saturated-32-baseline-w32-s00,density_swaps,Stone,Steam,0,1,125
native-expanded,155-Lava-Sand-saturated-32-baseline-w32-s00,density_swaps,Water,Steam,0,1,8
native-expanded,155-Lava-Sand-saturated-32-baseline-w32-s00,density_swaps,Lava,Stone,1,1,132
native-expanded,155-Lava-Sand-saturated-32-baseline-w32-s00,density_swaps,Steam,Water,0,-1,27
native-expanded,155-Lava-Sand-saturated-32-baseline-w32-s00,empty_moves,Steam,Empty,-1,0,153
native-expanded,155-Lava-Sand-saturated-32-baseline-w32-s00,water_transfer_mass,Water,Empty,-1,0,1404
native-expanded,155-Lava-Sand-saturated-32-baseline-w32-s00,density_swaps,Sand,Water,-1,1,186
native-expanded,155-Lava-Sand-saturated-32-baseline-w32-s00,water_transfer_mass,Water,Water,-1,1,5746
native-expanded,155-Lava-Sand-saturated-32-baseline-w32-s00,empty_moves,Water,Empty,1,1,6
native-expanded,155-Lava-Sand-saturated-32-baseline-w32-s00,density_swaps,Lava,Sand,1,1,16
native-expanded,155-Lava-Sand-saturated-32-baseline-w32-s00,density_swaps,Water,Steam,-1,1,1
native-expanded,155-Lava-Sand-saturated-32-baseline-w32-s00,density_swaps,Lava,Stone,0,1,925
native-expanded,155-Lava-Sand-saturated-32-baseline-w32-s00,density_swaps,Steam,Water,-1,-1,5
native-expanded,155-Lava-Sand-saturated-32-baseline-w32-s00,empty_moves,Steam,Empty,1,-1,1
native-expanded,155-Lava-Sand-saturated-32-baseline-w32-s00,water_transfer_mass,Water,Water,1,0,13610
native-expanded,155-Lava-Sand-saturated-32-baseline-w32-s00,empty_moves,Water,Empty,0,1,7345
native-expanded,155-Lava-Sand-saturated-32-baseline-w32-s00,density_swaps,Lava,Sand,0,1,12165
native-expanded,155-Lava-Sand-saturated-32-baseline-w32-s00,density_swaps,Stone,Sand,0,1,2674
native-expanded,155-Lava-Sand-saturated-32-baseline-w32-s00,density_swaps,Steam,Stone,0,-1,26
native-expanded,155-Lava-Sand-saturated-32-baseline-w32-s00,density_swaps,Lava,Stone,-1,1,134
native-expanded,155-Lava-Sand-saturated-32-baseline-w32-s00,empty_moves,Steam,Empty,0,-1,7344
native-expanded,155-Lava-Sand-saturated-32-baseline-w32-s00,conversions,Steam,Water,0,0,93
native-expanded,155-Lava-Sand-saturated-32-baseline-w32-s00,empty_moves,Water,Empty,-1,1,44
native-expanded,155-Lava-Sand-saturated-32-baseline-w32-s00,density_swaps,Lava,Sand,-1,1,16
native-expanded,155-Lava-Sand-saturated-32-baseline-w32-s00,conversions,Water,Steam,0,0,93
native-expanded,155-Lava-Sand-saturated-32-baseline-w32-s01,empty_moves,Steam,Empty,-1,-1,5
native-expanded,155-Lava-Sand-saturated-32-baseline-w32-s01,water_transfer_mass,Water,Water,-1,0,1340
native-expanded,155-Lava-Sand-saturated-32-baseline-w32-s01,empty_moves,Steam,Empty,1,0,162
native-expanded,155-Lava-Sand-saturated-32-baseline-w32-s01,water_transfer_mass,Water,Empty,1,0,2704
native-expanded,155-Lava-Sand-saturated-32-baseline-w32-s01,density_swaps,Sand,Water,1,1,167
native-expanded,155-Lava-Sand-saturated-32-baseline-w32-s01,water_transfer_mass,Water,Water,1,1,1566
native-expanded,155-Lava-Sand-saturated-32-baseline-w32-s01,density_swaps,Steam,Lava,0,-1,52
native-expanded,155-Lava-Sand-saturated-32-baseline-w32-s01,density_swaps,Water,Steam,1,1,6
native-expanded,155-Lava-Sand-saturated-32-baseline-w32-s01,density_swaps,Sand,Steam,1,1,4
native-expanded,155-Lava-Sand-saturated-32-baseline-w32-s01,conversions,Lava,Stone,0,0,93
native-expanded,155-Lava-Sand-saturated-32-baseline-w32-s01,density_swaps,Steam,Water,1,-1,15
native-expanded,155-Lava-Sand-saturated-32-baseline-w32-s01,density_swaps,Sand,Water,0,1,1011
native-expanded,155-Lava-Sand-saturated-32-baseline-w32-s01,density_swaps,Lava,Water,0,1,115
native-expanded,155-Lava-Sand-saturated-32-baseline-w32-s01,density_swaps,Stone,Water,0,1,10
native-expanded,155-Lava-Sand-saturated-32-baseline-w32-s01,water_transfer_mass,Water,Water,0,1,7313
native-expanded,155-Lava-Sand-saturated-32-baseline-w32-s01,density_swaps,Lava,Steam,0,1,1162
native-expanded,155-Lava-Sand-saturated-32-baseline-w32-s01,density_swaps,Water,Steam,0,1,9
native-expanded,155-Lava-Sand-saturated-32-baseline-w32-s01,density_swaps,Stone,Steam,0,1,116
native-expanded,155-Lava-Sand-saturated-32-baseline-w32-s01,density_swaps,Lava,Stone,1,1,110
native-expanded,155-Lava-Sand-saturated-32-baseline-w32-s01,density_swaps,Steam,Water,0,-1,30
native-expanded,155-Lava-Sand-saturated-32-baseline-w32-s01,empty_moves,Steam,Empty,-1,0,173
native-expanded,155-Lava-Sand-saturated-32-baseline-w32-s01,water_transfer_mass,Water,Empty,-1,0,1781
native-expanded,155-Lava-Sand-saturated-32-baseline-w32-s01,density_swaps,Sand,Water,-1,1,165
native-expanded,155-Lava-Sand-saturated-32-baseline-w32-s01,water_transfer_mass,Water,Water,-1,1,5120
native-expanded,155-Lava-Sand-saturated-32-baseline-w32-s01,empty_moves,Sand,Empty,1,1,3
native-expanded,155-Lava-Sand-saturated-32-baseline-w32-s01,empty_moves,Water,Empty,1,1,10
native-expanded,155-Lava-Sand-saturated-32-baseline-w32-s01,density_swaps,Lava,Sand,1,1,251
native-expanded,155-Lava-Sand-saturated-32-baseline-w32-s01,density_swaps,Water,Steam,-1,1,1
native-expanded,155-Lava-Sand-saturated-32-baseline-w32-s01,density_swaps,Sand,Steam,-1,1,4
native-expanded,155-Lava-Sand-saturated-32-baseline-w32-s01,density_swaps,Lava,Stone,0,1,998
native-expanded,155-Lava-Sand-saturated-32-baseline-w32-s01,density_swaps,Steam,Water,-1,-1,6
native-expanded,155-Lava-Sand-saturated-32-baseline-w32-s01,empty_moves,Steam,Empty,1,-1,7
native-expanded,155-Lava-Sand-saturated-32-baseline-w32-s01,water_transfer_mass,Water,Water,1,0,6453
native-expanded,155-Lava-Sand-saturated-32-baseline-w32-s01,empty_moves,Water,Empty,0,1,8275
native-expanded,155-Lava-Sand-saturated-32-baseline-w32-s01,density_swaps,Lava,Sand,0,1,11719
native-expanded,155-Lava-Sand-saturated-32-baseline-w32-s01,density_swaps,Stone,Sand,0,1,2684
native-expanded,155-Lava-Sand-saturated-32-baseline-w32-s01,density_swaps,Steam,Stone,0,-1,17
native-expanded,155-Lava-Sand-saturated-32-baseline-w32-s01,density_swaps,Lava,Stone,-1,1,89
native-expanded,155-Lava-Sand-saturated-32-baseline-w32-s01,empty_moves,Steam,Empty,0,-1,7991
native-expanded,155-Lava-Sand-saturated-32-baseline-w32-s01,conversions,Steam,Water,0,0,93
native-expanded,155-Lava-Sand-saturated-32-baseline-w32-s01,empty_moves,Sand,Empty,-1,1,1
native-expanded,155-Lava-Sand-saturated-32-baseline-w32-s01,empty_moves,Water,Empty,-1,1,27
native-expanded,155-Lava-Sand-saturated-32-baseline-w32-s01,density_swaps,Lava,Sand,-1,1,221
native-expanded,155-Lava-Sand-saturated-32-baseline-w32-s01,conversions,Water,Steam,0,0,93
native-expanded,155-Lava-Sand-saturated-32-baseline-w32-s01,density_swaps,Steam,Stone,-1,-1,1
native-expanded,155-Lava-Sand-saturated-32-baseline-w32-s02,empty_moves,Steam,Empty,-1,-1,5
native-expanded,155-Lava-Sand-saturated-32-baseline-w32-s02,water_transfer_mass,Water,Water,-1,0,1693
native-expanded,155-Lava-Sand-saturated-32-baseline-w32-s02,empty_moves,Steam,Empty,1,0,124
native-expanded,155-Lava-Sand-saturated-32-baseline-w32-s02,water_transfer_mass,Water,Empty,1,0,2736
native-expanded,155-Lava-Sand-saturated-32-baseline-w32-s02,density_swaps,Sand,Water,1,1,224
native-expanded,155-Lava-Sand-saturated-32-baseline-w32-s02,water_transfer_mass,Water,Water,1,1,2389
native-expanded,155-Lava-Sand-saturated-32-baseline-w32-s02,density_swaps,Steam,Lava,0,-1,43
native-expanded,155-Lava-Sand-saturated-32-baseline-w32-s02,density_swaps,Water,Steam,1,1,1
native-expanded,155-Lava-Sand-saturated-32-baseline-w32-s02,density_swaps,Sand,Steam,1,1,1
native-expanded,155-Lava-Sand-saturated-32-baseline-w32-s02,conversions,Lava,Stone,0,0,93
native-expanded,155-Lava-Sand-saturated-32-baseline-w32-s02,density_swaps,Steam,Water,1,-1,17
native-expanded,155-Lava-Sand-saturated-32-baseline-w32-s02,density_swaps,Sand,Water,0,1,899
native-expanded,155-Lava-Sand-saturated-32-baseline-w32-s02,density_swaps,Lava,Water,0,1,119
native-expanded,155-Lava-Sand-saturated-32-baseline-w32-s02,density_swaps,Stone,Water,0,1,7
native-expanded,155-Lava-Sand-saturated-32-baseline-w32-s02,water_transfer_mass,Water,Water,0,1,7854
native-expanded,155-Lava-Sand-saturated-32-baseline-w32-s02,density_swaps,Lava,Steam,0,1,1162
native-expanded,155-Lava-Sand-saturated-32-baseline-w32-s02,density_swaps,Water,Steam,0,1,10
native-expanded,155-Lava-Sand-saturated-32-baseline-w32-s02,density_swaps,Stone,Steam,0,1,125
native-expanded,155-Lava-Sand-saturated-32-baseline-w32-s02,density_swaps,Lava,Stone,1,1,106
native-expanded,155-Lava-Sand-saturated-32-baseline-w32-s02,density_swaps,Steam,Water,0,-1,29
native-expanded,155-Lava-Sand-saturated-32-baseline-w32-s02,empty_moves,Steam,Empty,-1,0,156
native-expanded,155-Lava-Sand-saturated-32-baseline-w32-s02,water_transfer_mass,Water,Empty,-1,0,1450
native-expanded,155-Lava-Sand-saturated-32-baseline-w32-s02,density_swaps,Sand,Water,-1,1,242
native-expanded,155-Lava-Sand-saturated-32-baseline-w32-s02,water_transfer_mass,Water,Water,-1,1,4991
native-expanded,155-Lava-Sand-saturated-32-baseline-w32-s02,empty_moves,Sand,Empty,1,1,1
native-expanded,155-Lava-Sand-saturated-32-baseline-w32-s02,empty_moves,Water,Empty,1,1,12
native-expanded,155-Lava-Sand-saturated-32-baseline-w32-s02,density_swaps,Lava,Sand,1,1,220
native-expanded,155-Lava-Sand-saturated-32-baseline-w32-s02,density_swaps,Sand,Steam,-1,1,4
native-expanded,155-Lava-Sand-saturated-32-baseline-w32-s02,density_swaps,Water,Steam,-1,1,1
native-expanded,155-Lava-Sand-saturated-32-baseline-w32-s02,density_swaps,Lava,Stone,0,1,995
native-expanded,155-Lava-Sand-saturated-32-baseline-w32-s02,density_swaps,Steam,Water,-1,-1,1
native-expanded,155-Lava-Sand-saturated-32-baseline-w32-s02,empty_moves,Steam,Empty,1,-1,4
native-expanded,155-Lava-Sand-saturated-32-baseline-w32-s02,water_transfer_mass,Water,Water,1,0,15650
native-expanded,155-Lava-Sand-saturated-32-baseline-w32-s02,empty_moves,Water,Empty,0,1,8890
native-expanded,155-Lava-Sand-saturated-32-baseline-w32-s02,density_swaps,Lava,Sand,0,1,11792
native-expanded,155-Lava-Sand-saturated-32-baseline-w32-s02,density_swaps,Stone,Sand,0,1,2663
native-expanded,155-Lava-Sand-saturated-32-baseline-w32-s02,density_swaps,Steam,Stone,0,-1,25
native-expanded,155-Lava-Sand-saturated-32-baseline-w32-s02,density_swaps,Lava,Stone,-1,1,95
native-expanded,155-Lava-Sand-saturated-32-baseline-w32-s02,empty_moves,Steam,Empty,0,-1,8642
native-expanded,155-Lava-Sand-saturated-32-baseline-w32-s02,conversions,Steam,Water,0,0,93
native-expanded,155-Lava-Sand-saturated-32-baseline-w32-s02,empty_moves,Sand,Empty,-1,1,1
native-expanded,155-Lava-Sand-saturated-32-baseline-w32-s02,empty_moves,Water,Empty,-1,1,44
native-expanded,155-Lava-Sand-saturated-32-baseline-w32-s02,density_swaps,Lava,Sand,-1,1,192
native-expanded,155-Lava-Sand-saturated-32-baseline-w32-s02,conversions,Water,Steam,0,0,93
native-expanded,155-Lava-Sand-saturated-32-baseline-w32-s03,empty_moves,Steam,Empty,-1,-1,2
native-expanded,155-Lava-Sand-saturated-32-baseline-w32-s03,water_transfer_mass,Water,Water,-1,0,1632
native-expanded,155-Lava-Sand-saturated-32-baseline-w32-s03,empty_moves,Steam,Empty,1,0,128
native-expanded,155-Lava-Sand-saturated-32-baseline-w32-s03,water_transfer_mass,Water,Empty,1,0,2935
native-expanded,155-Lava-Sand-saturated-32-baseline-w32-s03,density_swaps,Sand,Water,1,1,174
native-expanded,155-Lava-Sand-saturated-32-baseline-w32-s03,water_transfer_mass,Water,Water,1,1,1794
native-expanded,155-Lava-Sand-saturated-32-baseline-w32-s03,density_swaps,Steam,Lava,0,-1,50
native-expanded,155-Lava-Sand-saturated-32-baseline-w32-s03,density_swaps,Sand,Steam,1,1,1
native-expanded,155-Lava-Sand-saturated-32-baseline-w32-s03,conversions,Lava,Stone,0,0,93
native-expanded,155-Lava-Sand-saturated-32-baseline-w32-s03,density_swaps,Steam,Water,1,-1,12
native-expanded,155-Lava-Sand-saturated-32-baseline-w32-s03,density_swaps,Sand,Water,0,1,1018
native-expanded,155-Lava-Sand-saturated-32-baseline-w32-s03,density_swaps,Lava,Water,0,1,114
native-expanded,155-Lava-Sand-saturated-32-baseline-w32-s03,density_swaps,Stone,Water,0,1,13
native-expanded,155-Lava-Sand-saturated-32-baseline-w32-s03,water_transfer_mass,Water,Water,0,1,7775
native-expanded,155-Lava-Sand-saturated-32-baseline-w32-s03,density_swaps,Lava,Steam,0,1,1155
native-expanded,155-Lava-Sand-saturated-32-baseline-w32-s03,density_swaps,Stone,Steam,0,1,119
native-expanded,155-Lava-Sand-saturated-32-baseline-w32-s03,density_swaps,Water,Steam,0,1,14
native-expanded,155-Lava-Sand-saturated-32-baseline-w32-s03,density_swaps,Sand,Steam,0,1,1
native-expanded,155-Lava-Sand-saturated-32-baseline-w32-s03,density_swaps,Lava,Stone,1,1,112
native-expanded,155-Lava-Sand-saturated-32-baseline-w32-s03,density_swaps,Steam,Water,0,-1,37
native-expanded,155-Lava-Sand-saturated-32-baseline-w32-s03,empty_moves,Steam,Empty,-1,0,157
native-expanded,155-Lava-Sand-saturated-32-baseline-w32-s03,water_transfer_mass,Water,Empty,-1,0,1497
native-expanded,155-Lava-Sand-saturated-32-baseline-w32-s03,density_swaps,Sand,Water,-1,1,172
native-expanded,155-Lava-Sand-saturated-32-baseline-w32-s03,water_transfer_mass,Water,Water,-1,1,4512
native-expanded,155-Lava-Sand-saturated-32-baseline-w32-s03,empty_moves,Water,Empty,1,1,4
native-expanded,155-Lava-Sand-saturated-32-baseline-w32-s03,density_swaps,Lava,Sand,1,1,53
native-expanded,155-Lava-Sand-saturated-32-baseline-w32-s03,density_swaps,Water,Steam,-1,1,4
native-expanded,155-Lava-Sand-saturated-32-baseline-w32-s03,density_swaps,Sand,Steam,-1,1,7
native-expanded,155-Lava-Sand-saturated-32-baseline-w32-s03,density_swaps,Lava,Stone,0,1,978
native-expanded,155-Lava-Sand-saturated-32-baseline-w32-s03,density_swaps,Steam,Water,-1,-1,2
native-expanded,155-Lava-Sand-saturated-32-baseline-w32-s03,empty_moves,Steam,Empty,1,-1,3
native-expanded,155-Lava-Sand-saturated-32-baseline-w32-s03,water_transfer_mass,Water,Water,1,0,14579
native-expanded,155-Lava-Sand-saturated-32-baseline-w32-s03,empty_moves,Water,Empty,0,1,7654
native-expanded,155-Lava-Sand-saturated-32-baseline-w32-s03,density_swaps,Lava,Sand,0,1,12099
native-expanded,155-Lava-Sand-saturated-32-baseline-w32-s03,density_swaps,Stone,Sand,0,1,2694
native-expanded,155-Lava-Sand-saturated-32-baseline-w32-s03,density_swaps,Steam,Stone,0,-1,26
native-expanded,155-Lava-Sand-saturated-32-baseline-w32-s03,density_swaps,Lava,Stone,-1,1,100
native-expanded,155-Lava-Sand-saturated-32-baseline-w32-s03,empty_moves,Steam,Empty,0,-1,7435
native-expanded,155-Lava-Sand-saturated-32-baseline-w32-s03,conversions,Steam,Water,0,0,93
native-expanded,155-Lava-Sand-saturated-32-baseline-w32-s03,empty_moves,Water,Empty,-1,1,33
native-expanded,155-Lava-Sand-saturated-32-baseline-w32-s03,density_swaps,Lava,Sand,-1,1,48
native-expanded,155-Lava-Sand-saturated-32-baseline-w32-s03,conversions,Water,Steam,0,0,93
native-expanded,155-Lava-Sand-saturated-32-baseline-w32-s04,empty_moves,Steam,Empty,-1,-1,3
native-expanded,155-Lava-Sand-saturated-32-baseline-w32-s04,water_transfer_mass,Water,Water,-1,0,955
native-expanded,155-Lava-Sand-saturated-32-baseline-w32-s04,empty_moves,Steam,Empty,1,0,127
native-expanded,155-Lava-Sand-saturated-32-baseline-w32-s04,water_transfer_mass,Water,Empty,1,0,2568
native-expanded,155-Lava-Sand-saturated-32-baseline-w32-s04,density_swaps,Sand,Water,1,1,165
native-expanded,155-Lava-Sand-saturated-32-baseline-w32-s04,water_transfer_mass,Water,Water,1,1,2409
native-expanded,155-Lava-Sand-saturated-32-baseline-w32-s04,density_swaps,Steam,Lava,0,-1,44
native-expanded,155-Lava-Sand-saturated-32-baseline-w32-s04,density_swaps,Water,Steam,1,1,2
native-expanded,155-Lava-Sand-saturated-32-baseline-w32-s04,conversions,Lava,Stone,0,0,93
native-expanded,155-Lava-Sand-saturated-32-baseline-w32-s04,density_swaps,Steam,Water,1,-1,17
native-expanded,155-Lava-Sand-saturated-32-baseline-w32-s04,density_swaps,Sand,Water,0,1,1010
native-expanded,155-Lava-Sand-saturated-32-baseline-w32-s04,density_swaps,Lava,Water,0,1,116
native-expanded,155-Lava-Sand-saturated-32-baseline-w32-s04,density_swaps,Stone,Water,0,1,16
native-expanded,155-Lava-Sand-saturated-32-baseline-w32-s04,water_transfer_mass,Water,Water,0,1,5982
native-expanded,155-Lava-Sand-saturated-32-baseline-w32-s04,density_swaps,Lava,Steam,0,1,1175
native-expanded,155-Lava-Sand-saturated-32-baseline-w32-s04,density_swaps,Stone,Steam,0,1,122
native-expanded,155-Lava-Sand-saturated-32-baseline-w32-s04,density_swaps,Water,Steam,0,1,7
native-expanded,155-Lava-Sand-saturated-32-baseline-w32-s04,density_swaps,Lava,Stone,1,1,137
native-expanded,155-Lava-Sand-saturated-32-baseline-w32-s04,density_swaps,Steam,Water,0,-1,37
native-expanded,155-Lava-Sand-saturated-32-baseline-w32-s04,empty_moves,Steam,Empty,-1,0,156
native-expanded,155-Lava-Sand-saturated-32-baseline-w32-s04,water_transfer_mass,Water,Empty,-1,0,994
native-expanded,155-Lava-Sand-saturated-32-baseline-w32-s04,density_swaps,Sand,Water,-1,1,178
native-expanded,155-Lava-Sand-saturated-32-baseline-w32-s04,water_transfer_mass,Water,Water,-1,1,4401
native-expanded,155-Lava-Sand-saturated-32-baseline-w32-s04,empty_moves,Sand,Empty,1,1,1
native-expanded,155-Lava-Sand-saturated-32-baseline-w32-s04,empty_moves,Water,Empty,1,1,5
native-expanded,155-Lava-Sand-saturated-32-baseline-w32-s04,density_swaps,Lava,Sand,1,1,181
native-expanded,155-Lava-Sand-saturated-32-baseline-w32-s04,density_swaps,Water,Steam,-1,1,2
native-expanded,155-Lava-Sand-saturated-32-baseline-w32-s04,density_swaps,Sand,Steam,-1,1,1
native-expanded,155-Lava-Sand-saturated-32-baseline-w32-s04,density_swaps,Lava,Stone,0,1,926
native-expanded,155-Lava-Sand-saturated-32-baseline-w32-s04,density_swaps,Steam,Water,-1,-1,3
native-expanded,155-Lava-Sand-saturated-32-baseline-w32-s04,empty_moves,Steam,Empty,1,-1,1
native-expanded,155-Lava-Sand-saturated-32-baseline-w32-s04,water_transfer_mass,Water,Water,1,0,13025
native-expanded,155-Lava-Sand-saturated-32-baseline-w32-s04,empty_moves,Water,Empty,0,1,8271
native-expanded,155-Lava-Sand-saturated-32-baseline-w32-s04,density_swaps,Lava,Sand,0,1,11839
native-expanded,155-Lava-Sand-saturated-32-baseline-w32-s04,density_swaps,Stone,Sand,0,1,2675
native-expanded,155-Lava-Sand-saturated-32-baseline-w32-s04,density_swaps,Steam,Stone,0,-1,13
native-expanded,155-Lava-Sand-saturated-32-baseline-w32-s04,density_swaps,Lava,Stone,-1,1,136
native-expanded,155-Lava-Sand-saturated-32-baseline-w32-s04,empty_moves,Steam,Empty,0,-1,8088
native-expanded,155-Lava-Sand-saturated-32-baseline-w32-s04,conversions,Steam,Water,0,0,93
native-expanded,155-Lava-Sand-saturated-32-baseline-w32-s04,empty_moves,Water,Empty,-1,1,35
native-expanded,155-Lava-Sand-saturated-32-baseline-w32-s04,density_swaps,Lava,Sand,-1,1,173
native-expanded,155-Lava-Sand-saturated-32-baseline-w32-s04,conversions,Water,Steam,0,0,93
native-expanded,156-Lava-Dust-packed-16-baseline-w32-s00,empty_moves,6,Empty,-1,-1,1129
native-expanded,156-Lava-Dust-packed-16-baseline-w32-s00,empty_moves,4,Empty,-1,-1,1507
native-expanded,156-Lava-Dust-packed-16-baseline-w32-s00,density_swaps,Dust,6,-1,1,5
native-expanded,156-Lava-Dust-packed-16-baseline-w32-s00,empty_moves,6,Empty,1,0,1081
native-expanded,156-Lava-Dust-packed-16-baseline-w32-s00,empty_moves,4,Empty,1,0,2908
native-expanded,156-Lava-Dust-packed-16-baseline-w32-s00,density_swaps,Lava,Dust,0,1,3345
native-expanded,156-Lava-Dust-packed-16-baseline-w32-s00,conversions,4,Empty,0,0,509
native-expanded,156-Lava-Dust-packed-16-baseline-w32-s00,conversions,6,4,0,0,512
native-expanded,156-Lava-Dust-packed-16-baseline-w32-s00,conversions,Dust,6,0,0,512
native-expanded,156-Lava-Dust-packed-16-baseline-w32-s00,empty_moves,6,Empty,-1,0,1035
native-expanded,156-Lava-Dust-packed-16-baseline-w32-s00,empty_moves,4,Empty,-1,0,3017
native-expanded,156-Lava-Dust-packed-16-baseline-w32-s00,empty_moves,6,Empty,1,-1,1162
native-expanded,156-Lava-Dust-packed-16-baseline-w32-s00,empty_moves,4,Empty,1,-1,1643
native-expanded,156-Lava-Dust-packed-16-baseline-w32-s00,density_swaps,Dust,6,1,1,8
native-expanded,156-Lava-Dust-packed-16-baseline-w32-s00,empty_moves,6,Empty,0,-1,1294
native-expanded,156-Lava-Dust-packed-16-baseline-w32-s00,empty_moves,4,Empty,0,-1,36180
native-expanded,156-Lava-Dust-packed-16-baseline-w32-s00,density_swaps,Lava,6,0,1,4847
native-expanded,156-Lava-Dust-packed-16-baseline-w32-s00,density_swaps,Dust,6,0,1,99
native-expanded,156-Lava-Dust-packed-16-baseline-w32-s01,empty_moves,6,Empty,-1,-1,1134
native-expanded,156-Lava-Dust-packed-16-baseline-w32-s01,empty_moves,4,Empty,-1,-1,1598
native-expanded,156-Lava-Dust-packed-16-baseline-w32-s01,density_swaps,Dust,6,-1,1,27
native-expanded,156-Lava-Dust-packed-16-baseline-w32-s01,empty_moves,6,Empty,1,0,972
native-expanded,156-Lava-Dust-packed-16-baseline-w32-s01,empty_moves,4,Empty,1,0,4607
native-expanded,156-Lava-Dust-packed-16-baseline-w32-s01,density_swaps,Lava,Dust,0,1,3121
native-expanded,156-Lava-Dust-packed-16-baseline-w32-s01,conversions,4,Empty,0,0,508
native-expanded,156-Lava-Dust-packed-16-baseline-w32-s01,conversions,6,4,0,0,512
native-expanded,156-Lava-Dust-packed-16-baseline-w32-s01,conversions,Dust,6,0,0,512
native-expanded,156-Lava-Dust-packed-16-baseline-w32-s01,empty_moves,6,Empty,-1,0,1031
native-expanded,156-Lava-Dust-packed-16-baseline-w32-s01,empty_moves,4,Empty,-1,0,4539
native-expanded,156-Lava-Dust-packed-16-baseline-w32-s01,empty_moves,6,Empty,1,-1,1090
native-expanded,156-Lava-Dust-packed-16-baseline-w32-s01,empty_moves,4,Empty,1,-1,1634
native-expanded,156-Lava-Dust-packed-16-baseline-w32-s01,density_swaps,Dust,6,1,1,7
native-expanded,156-Lava-Dust-packed-16-baseline-w32-s01,empty_moves,6,Empty,0,-1,1177
native-expanded,156-Lava-Dust-packed-16-baseline-w32-s01,empty_moves,4,Empty,0,-1,39879
native-expanded,156-Lava-Dust-packed-16-baseline-w32-s01,density_swaps,Lava,6,0,1,5071
native-expanded,156-Lava-Dust-packed-16-baseline-w32-s01,density_swaps,Dust,6,0,1,116
native-expanded,156-Lava-Dust-packed-16-baseline-w32-s02,empty_moves,6,Empty,-1,-1,1154
native-expanded,156-Lava-Dust-packed-16-baseline-w32-s02,empty_moves,4,Empty,-1,-1,1422
native-expanded,156-Lava-Dust-packed-16-baseline-w32-s02,density_swaps,Dust,6,-1,1,6
native-expanded,156-Lava-Dust-packed-16-baseline-w32-s02,empty_moves,6,Empty,1,0,1020
native-expanded,156-Lava-Dust-packed-16-baseline-w32-s02,empty_moves,4,Empty,1,0,2783
native-expanded,156-Lava-Dust-packed-16-baseline-w32-s02,density_swaps,Lava,Dust,0,1,2929
native-expanded,156-Lava-Dust-packed-16-baseline-w32-s02,conversions,4,Empty,0,0,508
native-expanded,156-Lava-Dust-packed-16-baseline-w32-s02,conversions,6,4,0,0,512
native-expanded,156-Lava-Dust-packed-16-baseline-w32-s02,conversions,Dust,6,0,0,512
native-expanded,156-Lava-Dust-packed-16-baseline-w32-s02,empty_moves,6,Empty,-1,0,1027
native-expanded,156-Lava-Dust-packed-16-baseline-w32-s02,empty_moves,4,Empty,-1,0,2875
native-expanded,156-Lava-Dust-packed-16-baseline-w32-s02,empty_moves,6,Empty,1,-1,1150
native-expanded,156-Lava-Dust-packed-16-baseline-w32-s02,empty_moves,4,Empty,1,-1,1654
native-expanded,156-Lava-Dust-packed-16-baseline-w32-s02,density_swaps,Dust,6,1,1,10
native-expanded,156-Lava-Dust-packed-16-baseline-w32-s02,empty_moves,6,Empty,0,-1,1319
native-expanded,156-Lava-Dust-packed-16-baseline-w32-s02,empty_moves,4,Empty,0,-1,43342
native-expanded,156-Lava-Dust-packed-16-baseline-w32-s02,density_swaps,Lava,6,0,1,5263
native-expanded,156-Lava-Dust-packed-16-baseline-w32-s02,density_swaps,Dust,6,0,1,97
native-expanded,156-Lava-Dust-packed-16-baseline-w32-s03,empty_moves,6,Empty,-1,-1,1144
native-expanded,156-Lava-Dust-packed-16-baseline-w32-s03,empty_moves,4,Empty,-1,-1,1448
native-expanded,156-Lava-Dust-packed-16-baseline-w32-s03,density_swaps,Dust,6,-1,1,17
native-expanded,156-Lava-Dust-packed-16-baseline-w32-s03,empty_moves,6,Empty,1,0,1095
native-expanded,156-Lava-Dust-packed-16-baseline-w32-s03,empty_moves,4,Empty,1,0,3238
native-expanded,156-Lava-Dust-packed-16-baseline-w32-s03,density_swaps,Lava,Dust,0,1,3055
native-expanded,156-Lava-Dust-packed-16-baseline-w32-s03,conversions,4,Empty,0,0,508
native-expanded,156-Lava-Dust-packed-16-baseline-w32-s03,conversions,6,4,0,0,512
native-expanded,156-Lava-Dust-packed-16-baseline-w32-s03,conversions,Dust,6,0,0,512
native-expanded,156-Lava-Dust-packed-16-baseline-w32-s03,empty_moves,6,Empty,-1,0,1033
native-expanded,156-Lava-Dust-packed-16-baseline-w32-s03,empty_moves,4,Empty,-1,0,3425
native-expanded,156-Lava-Dust-packed-16-baseline-w32-s03,empty_moves,6,Empty,1,-1,1199
native-expanded,156-Lava-Dust-packed-16-baseline-w32-s03,empty_moves,4,Empty,1,-1,1695
native-expanded,156-Lava-Dust-packed-16-baseline-w32-s03,density_swaps,Dust,6,1,1,3
native-expanded,156-Lava-Dust-packed-16-baseline-w32-s03,empty_moves,6,Empty,0,-1,1289
native-expanded,156-Lava-Dust-packed-16-baseline-w32-s03,empty_moves,4,Empty,0,-1,36663
native-expanded,156-Lava-Dust-packed-16-baseline-w32-s03,density_swaps,Lava,6,0,1,5137
native-expanded,156-Lava-Dust-packed-16-baseline-w32-s03,density_swaps,Dust,6,0,1,96
native-expanded,156-Lava-Dust-packed-16-baseline-w32-s04,empty_moves,6,Empty,-1,-1,1146
native-expanded,156-Lava-Dust-packed-16-baseline-w32-s04,empty_moves,4,Empty,-1,-1,1623
native-expanded,156-Lava-Dust-packed-16-baseline-w32-s04,density_swaps,Dust,6,-1,1,13
native-expanded,156-Lava-Dust-packed-16-baseline-w32-s04,empty_moves,6,Empty,1,0,1032
native-expanded,156-Lava-Dust-packed-16-baseline-w32-s04,empty_moves,4,Empty,1,0,3003
native-expanded,156-Lava-Dust-packed-16-baseline-w32-s04,density_swaps,Lava,Dust,0,1,3181
native-expanded,156-Lava-Dust-packed-16-baseline-w32-s04,conversions,4,Empty,0,0,508
native-expanded,156-Lava-Dust-packed-16-baseline-w32-s04,conversions,6,4,0,0,512
native-expanded,156-Lava-Dust-packed-16-baseline-w32-s04,conversions,Dust,6,0,0,512
native-expanded,156-Lava-Dust-packed-16-baseline-w32-s04,empty_moves,6,Empty,-1,0,1019
native-expanded,156-Lava-Dust-packed-16-baseline-w32-s04,empty_moves,4,Empty,-1,0,2952
native-expanded,156-Lava-Dust-packed-16-baseline-w32-s04,empty_moves,6,Empty,1,-1,1104
native-expanded,156-Lava-Dust-packed-16-baseline-w32-s04,empty_moves,4,Empty,1,-1,1647
native-expanded,156-Lava-Dust-packed-16-baseline-w32-s04,density_swaps,Dust,6,1,1,12
native-expanded,156-Lava-Dust-packed-16-baseline-w32-s04,empty_moves,6,Empty,0,-1,1214
native-expanded,156-Lava-Dust-packed-16-baseline-w32-s04,empty_moves,4,Empty,0,-1,40245
native-expanded,156-Lava-Dust-packed-16-baseline-w32-s04,density_swaps,Lava,6,0,1,5011
native-expanded,156-Lava-Dust-packed-16-baseline-w32-s04,density_swaps,Dust,6,0,1,103
native-expanded,157-Lava-Dust-packed-64-baseline-w32-s00,empty_moves,6,Empty,-1,-1,1483
native-expanded,157-Lava-Dust-packed-64-baseline-w32-s00,empty_moves,4,Empty,-1,-1,12861
native-expanded,157-Lava-Dust-packed-64-baseline-w32-s00,density_swaps,Dust,6,-1,1,255
native-expanded,157-Lava-Dust-packed-64-baseline-w32-s00,empty_moves,6,Empty,1,0,1412
native-expanded,157-Lava-Dust-packed-64-baseline-w32-s00,empty_moves,4,Empty,1,0,10295
native-expanded,157-Lava-Dust-packed-64-baseline-w32-s00,density_swaps,Lava,Dust,0,1,9285
native-expanded,157-Lava-Dust-packed-64-baseline-w32-s00,conversions,4,Empty,0,0,2044
native-expanded,157-Lava-Dust-packed-64-baseline-w32-s00,conversions,6,4,0,0,2048
native-expanded,157-Lava-Dust-packed-64-baseline-w32-s00,conversions,Dust,6,0,0,2048
native-expanded,157-Lava-Dust-packed-64-baseline-w32-s00,empty_moves,6,Empty,-1,0,1317
native-expanded,157-Lava-Dust-packed-64-baseline-w32-s00,empty_moves,4,Empty,-1,0,9736
native-expanded,157-Lava-Dust-packed-64-baseline-w32-s00,empty_moves,6,Empty,1,-1,1466
native-expanded,157-Lava-Dust-packed-64-baseline-w32-s00,empty_moves,4,Empty,1,-1,12498
native-expanded,157-Lava-Dust-packed-64-baseline-w32-s00,density_swaps,Dust,6,1,1,99
native-expanded,157-Lava-Dust-packed-64-baseline-w32-s00,empty_moves,6,Empty,0,-1,1693
native-expanded,157-Lava-Dust-packed-64-baseline-w32-s00,empty_moves,4,Empty,0,-1,166718
native-expanded,157-Lava-Dust-packed-64-baseline-w32-s00,density_swaps,Lava,6,0,1,23483
native-expanded,157-Lava-Dust-packed-64-baseline-w32-s00,density_swaps,Dust,6,0,1,680
native-expanded,157-Lava-Dust-packed-64-baseline-w32-s01,empty_moves,6,Empty,-1,-1,1474
native-expanded,157-Lava-Dust-packed-64-baseline-w32-s01,empty_moves,4,Empty,-1,-1,12548
native-expanded,157-Lava-Dust-packed-64-baseline-w32-s01,density_swaps,Dust,6,-1,1,203
native-expanded,157-Lava-Dust-packed-64-baseline-w32-s01,empty_moves,6,Empty,1,0,1248
native-expanded,157-Lava-Dust-packed-64-baseline-w32-s01,empty_moves,4,Empty,1,0,10161
native-expanded,157-Lava-Dust-packed-64-baseline-w32-s01,density_swaps,Lava,Dust,0,1,7172
native-expanded,157-Lava-Dust-packed-64-baseline-w32-s01,conversions,4,Empty,0,0,2044
native-expanded,157-Lava-Dust-packed-64-baseline-w32-s01,conversions,6,4,0,0,2048
native-expanded,157-Lava-Dust-packed-64-baseline-w32-s01,conversions,Dust,6,0,0,2048
native-expanded,157-Lava-Dust-packed-64-baseline-w32-s01,empty_moves,6,Empty,-1,0,1308
native-expanded,157-Lava-Dust-packed-64-baseline-w32-s01,empty_moves,4,Empty,-1,0,10947
native-expanded,157-Lava-Dust-packed-64-baseline-w32-s01,empty_moves,6,Empty,1,-1,1417
native-expanded,157-Lava-Dust-packed-64-baseline-w32-s01,empty_moves,4,Empty,1,-1,13809
native-expanded,157-Lava-Dust-packed-64-baseline-w32-s01,density_swaps,Dust,6,1,1,221
native-expanded,157-Lava-Dust-packed-64-baseline-w32-s01,empty_moves,6,Empty,0,-1,1474
native-expanded,157-Lava-Dust-packed-64-baseline-w32-s01,empty_moves,4,Empty,0,-1,179912
native-expanded,157-Lava-Dust-packed-64-baseline-w32-s01,density_swaps,Lava,6,0,1,25596
native-expanded,157-Lava-Dust-packed-64-baseline-w32-s01,density_swaps,Dust,6,0,1,758
native-expanded,157-Lava-Dust-packed-64-baseline-w32-s02,empty_moves,6,Empty,-1,-1,1444
native-expanded,157-Lava-Dust-packed-64-baseline-w32-s02,empty_moves,4,Empty,-1,-1,14178
native-expanded,157-Lava-Dust-packed-64-baseline-w32-s02,density_swaps,Dust,6,-1,1,395
native-expanded,157-Lava-Dust-packed-64-baseline-w32-s02,empty_moves,6,Empty,1,0,1305
native-expanded,157-Lava-Dust-packed-64-baseline-w32-s02,empty_moves,4,Empty,1,0,11122
native-expanded,157-Lava-Dust-packed-64-baseline-w32-s02,density_swaps,Lava,Dust,0,1,7686
native-expanded,157-Lava-Dust-packed-64-baseline-w32-s02,conversions,4,Empty,0,0,2043
native-expanded,157-Lava-Dust-packed-64-baseline-w32-s02,conversions,6,4,0,0,2048
native-expanded,157-Lava-Dust-packed-64-baseline-w32-s02,conversions,Dust,6,0,0,2048
native-expanded,157-Lava-Dust-packed-64-baseline-w32-s02,empty_moves,6,Empty,-1,0,1270
native-expanded,157-Lava-Dust-packed-64-baseline-w32-s02,empty_moves,4,Empty,-1,0,10433
native-expanded,157-Lava-Dust-packed-64-baseline-w32-s02,empty_moves,6,Empty,1,-1,1433
native-expanded,157-Lava-Dust-packed-64-baseline-w32-s02,empty_moves,4,Empty,1,-1,12585
native-expanded,157-Lava-Dust-packed-64-baseline-w32-s02,density_swaps,Dust,6,1,1,69
native-expanded,157-Lava-Dust-packed-64-baseline-w32-s02,empty_moves,6,Empty,0,-1,1633
native-expanded,157-Lava-Dust-packed-64-baseline-w32-s02,empty_moves,4,Empty,0,-1,193456
native-expanded,157-Lava-Dust-packed-64-baseline-w32-s02,density_swaps,Lava,6,0,1,25082
native-expanded,157-Lava-Dust-packed-64-baseline-w32-s02,density_swaps,Dust,6,0,1,775
native-expanded,157-Lava-Dust-packed-64-baseline-w32-s03,empty_moves,6,Empty,-1,-1,1471
native-expanded,157-Lava-Dust-packed-64-baseline-w32-s03,empty_moves,4,Empty,-1,-1,11795
native-expanded,157-Lava-Dust-packed-64-baseline-w32-s03,density_swaps,Dust,6,-1,1,292
native-expanded,157-Lava-Dust-packed-64-baseline-w32-s03,empty_moves,6,Empty,1,0,1413
native-expanded,157-Lava-Dust-packed-64-baseline-w32-s03,empty_moves,4,Empty,1,0,10367
native-expanded,157-Lava-Dust-packed-64-baseline-w32-s03,density_swaps,Lava,Dust,0,1,8977
native-expanded,157-Lava-Dust-packed-64-baseline-w32-s03,conversions,4,Empty,0,0,2043
native-expanded,157-Lava-Dust-packed-64-baseline-w32-s03,conversions,6,4,0,0,2048
native-expanded,157-Lava-Dust-packed-64-baseline-w32-s03,conversions,Dust,6,0,0,2048
native-expanded,157-Lava-Dust-packed-64-baseline-w32-s03,empty_moves,6,Empty,-1,0,1304
native-expanded,157-Lava-Dust-packed-64-baseline-w32-s03,empty_moves,4,Empty,-1,0,10707
native-expanded,157-Lava-Dust-packed-64-baseline-w32-s03,empty_moves,6,Empty,1,-1,1508
native-expanded,157-Lava-Dust-packed-64-baseline-w32-s03,empty_moves,4,Empty,1,-1,13012
native-expanded,157-Lava-Dust-packed-64-baseline-w32-s03,density_swaps,Dust,6,1,1,62
native-expanded,157-Lava-Dust-packed-64-baseline-w32-s03,empty_moves,6,Empty,0,-1,1623
native-expanded,157-Lava-Dust-packed-64-baseline-w32-s03,empty_moves,4,Empty,0,-1,169357
native-expanded,157-Lava-Dust-packed-64-baseline-w32-s03,density_swaps,Lava,6,0,1,23791
native-expanded,157-Lava-Dust-packed-64-baseline-w32-s03,density_swaps,Dust,6,0,1,699
native-expanded,157-Lava-Dust-packed-64-baseline-w32-s04,empty_moves,6,Empty,-1,-1,1491
native-expanded,157-Lava-Dust-packed-64-baseline-w32-s04,empty_moves,4,Empty,-1,-1,13929
native-expanded,157-Lava-Dust-packed-64-baseline-w32-s04,density_swaps,Dust,6,-1,1,388
native-expanded,157-Lava-Dust-packed-64-baseline-w32-s04,empty_moves,6,Empty,1,0,1343
native-expanded,157-Lava-Dust-packed-64-baseline-w32-s04,empty_moves,4,Empty,1,0,11817
native-expanded,157-Lava-Dust-packed-64-baseline-w32-s04,density_swaps,Lava,Dust,0,1,7442
native-expanded,157-Lava-Dust-packed-64-baseline-w32-s04,conversions,4,Empty,0,0,2044
native-expanded,157-Lava-Dust-packed-64-baseline-w32-s04,conversions,6,4,0,0,2048
native-expanded,157-Lava-Dust-packed-64-baseline-w32-s04,conversions,Dust,6,0,0,2048
native-expanded,157-Lava-Dust-packed-64-baseline-w32-s04,empty_moves,6,Empty,-1,0,1324
native-expanded,157-Lava-Dust-packed-64-baseline-w32-s04,empty_moves,4,Empty,-1,0,11122
native-expanded,157-Lava-Dust-packed-64-baseline-w32-s04,empty_moves,6,Empty,1,-1,1425
native-expanded,157-Lava-Dust-packed-64-baseline-w32-s04,empty_moves,4,Empty,1,-1,12386
native-expanded,157-Lava-Dust-packed-64-baseline-w32-s04,density_swaps,Dust,6,1,1,78
native-expanded,157-Lava-Dust-packed-64-baseline-w32-s04,empty_moves,6,Empty,0,-1,1506
native-expanded,157-Lava-Dust-packed-64-baseline-w32-s04,empty_moves,4,Empty,0,-1,181767
native-expanded,157-Lava-Dust-packed-64-baseline-w32-s04,density_swaps,Lava,6,0,1,25326
native-expanded,157-Lava-Dust-packed-64-baseline-w32-s04,density_swaps,Dust,6,0,1,715
native-expanded,158-Lava-Dust-open-32-baseline-w32-s00,empty_moves,6,Empty,-1,-1,2409
native-expanded,158-Lava-Dust-open-32-baseline-w32-s00,empty_moves,4,Empty,-1,-1,4569
native-expanded,158-Lava-Dust-open-32-baseline-w32-s00,density_swaps,Dust,6,-1,1,97
native-expanded,158-Lava-Dust-open-32-baseline-w32-s00,density_swaps,Lava,6,-1,1,88
native-expanded,158-Lava-Dust-open-32-baseline-w32-s00,empty_moves,6,Empty,1,0,2174
native-expanded,158-Lava-Dust-open-32-baseline-w32-s00,empty_moves,Lava,Empty,1,0,4305
native-expanded,158-Lava-Dust-open-32-baseline-w32-s00,empty_moves,4,Empty,1,0,11766
native-expanded,158-Lava-Dust-open-32-baseline-w32-s00,density_swaps,Lava,Dust,0,1,5309
native-expanded,158-Lava-Dust-open-32-baseline-w32-s00,conversions,4,Empty,0,0,1022
native-expanded,158-Lava-Dust-open-32-baseline-w32-s00,density_swaps,Lava,Dust,-1,1,9
native-expanded,158-Lava-Dust-open-32-baseline-w32-s00,conversions,6,4,0,0,1024
native-expanded,158-Lava-Dust-open-32-baseline-w32-s00,conversions,Dust,6,0,0,1024
native-expanded,158-Lava-Dust-open-32-baseline-w32-s00,empty_moves,6,Empty,-1,0,2242
native-expanded,158-Lava-Dust-open-32-baseline-w32-s00,empty_moves,Lava,Empty,-1,0,4498
native-expanded,158-Lava-Dust-open-32-baseline-w32-s00,empty_moves,4,Empty,-1,0,13053
native-expanded,158-Lava-Dust-open-32-baseline-w32-s00,empty_moves,Dust,Empty,1,1,2406
native-expanded,158-Lava-Dust-open-32-baseline-w32-s00,empty_moves,Lava,Empty,1,1,463
native-expanded,158-Lava-Dust-open-32-baseline-w32-s00,empty_moves,6,Empty,1,-1,2384
native-expanded,158-Lava-Dust-open-32-baseline-w32-s00,empty_moves,4,Empty,1,-1,4621
native-expanded,158-Lava-Dust-open-32-baseline-w32-s00,density_swaps,Dust,6,1,1,67
native-expanded,158-Lava-Dust-open-32-baseline-w32-s00,density_swaps,Lava,6,1,1,273
native-expanded,158-Lava-Dust-open-32-baseline-w32-s00,empty_moves,Dust,Empty,0,1,1376
native-expanded,158-Lava-Dust-open-32-baseline-w32-s00,empty_moves,Lava,Empty,0,1,3738
native-expanded,158-Lava-Dust-open-32-baseline-w32-s00,empty_moves,6,Empty,0,-1,2595
native-expanded,158-Lava-Dust-open-32-baseline-w32-s00,empty_moves,4,Empty,0,-1,84254
native-expanded,158-Lava-Dust-open-32-baseline-w32-s00,density_swaps,Lava,6,0,1,7950
native-expanded,158-Lava-Dust-open-32-baseline-w32-s00,density_swaps,Dust,6,0,1,293
native-expanded,158-Lava-Dust-open-32-baseline-w32-s00,empty_moves,Dust,Empty,-1,1,387
native-expanded,158-Lava-Dust-open-32-baseline-w32-s00,empty_moves,Lava,Empty,-1,1,524
native-expanded,158-Lava-Dust-open-32-baseline-w32-s00,density_swaps,Lava,Dust,1,1,78
native-expanded,158-Lava-Dust-open-32-baseline-w32-s01,empty_moves,6,Empty,-1,-1,2601
native-expanded,158-Lava-Dust-open-32-baseline-w32-s01,empty_moves,4,Empty,-1,-1,4514
native-expanded,158-Lava-Dust-open-32-baseline-w32-s01,density_swaps,Dust,6,-1,1,85
native-expanded,158-Lava-Dust-open-32-baseline-w32-s01,density_swaps,Lava,6,-1,1,182
native-expanded,158-Lava-Dust-open-32-baseline-w32-s01,empty_moves,6,Empty,1,0,2339
native-expanded,158-Lava-Dust-open-32-baseline-w32-s01,empty_moves,Lava,Empty,1,0,3709
native-expanded,158-Lava-Dust-open-32-baseline-w32-s01,empty_moves,4,Empty,1,0,9504
native-expanded,158-Lava-Dust-open-32-baseline-w32-s01,density_swaps,Lava,Dust,0,1,3997
native-expanded,158-Lava-Dust-open-32-baseline-w32-s01,conversions,4,Empty,0,0,1022
native-expanded,158-Lava-Dust-open-32-baseline-w32-s01,density_swaps,Lava,Dust,-1,1,33
native-expanded,158-Lava-Dust-open-32-baseline-w32-s01,conversions,6,4,0,0,1024
native-expanded,158-Lava-Dust-open-32-baseline-w32-s01,conversions,Dust,6,0,0,1024
native-expanded,158-Lava-Dust-open-32-baseline-w32-s01,empty_moves,6,Empty,-1,0,2416
native-expanded,158-Lava-Dust-open-32-baseline-w32-s01,empty_moves,Lava,Empty,-1,0,3846
native-expanded,158-Lava-Dust-open-32-baseline-w32-s01,empty_moves,4,Empty,-1,0,10189
native-expanded,158-Lava-Dust-open-32-baseline-w32-s01,empty_moves,Dust,Empty,1,1,2189
native-expanded,158-Lava-Dust-open-32-baseline-w32-s01,empty_moves,Lava,Empty,1,1,466
native-expanded,158-Lava-Dust-open-32-baseline-w32-s01,empty_moves,6,Empty,1,-1,2506
native-expanded,158-Lava-Dust-open-32-baseline-w32-s01,empty_moves,4,Empty,1,-1,4308
native-expanded,158-Lava-Dust-open-32-baseline-w32-s01,density_swaps,Dust,6,1,1,71
native-expanded,158-Lava-Dust-open-32-baseline-w32-s01,density_swaps,Lava,6,1,1,326
native-expanded,158-Lava-Dust-open-32-baseline-w32-s01,empty_moves,Dust,Empty,0,1,1798
native-expanded,158-Lava-Dust-open-32-baseline-w32-s01,empty_moves,Lava,Empty,0,1,4369
native-expanded,158-Lava-Dust-open-32-baseline-w32-s01,empty_moves,6,Empty,0,-1,2683
native-expanded,158-Lava-Dust-open-32-baseline-w32-s01,empty_moves,4,Empty,0,-1,92527
native-expanded,158-Lava-Dust-open-32-baseline-w32-s01,density_swaps,Lava,6,0,1,8497
native-expanded,158-Lava-Dust-open-32-baseline-w32-s01,density_swaps,Dust,6,0,1,250
native-expanded,158-Lava-Dust-open-32-baseline-w32-s01,empty_moves,Dust,Empty,-1,1,994
native-expanded,158-Lava-Dust-open-32-baseline-w32-s01,empty_moves,Lava,Empty,-1,1,501
native-expanded,158-Lava-Dust-open-32-baseline-w32-s01,density_swaps,Lava,Dust,1,1,61
native-expanded,158-Lava-Dust-open-32-baseline-w32-s02,empty_moves,6,Empty,-1,-1,2509
native-expanded,158-Lava-Dust-open-32-baseline-w32-s02,empty_moves,4,Empty,-1,-1,4286
native-expanded,158-Lava-Dust-open-32-baseline-w32-s02,density_swaps,Dust,6,-1,1,160
native-expanded,158-Lava-Dust-open-32-baseline-w32-s02,density_swaps,Lava,6,-1,1,250
native-expanded,158-Lava-Dust-open-32-baseline-w32-s02,empty_moves,6,Empty,1,0,2118
native-expanded,158-Lava-Dust-open-32-baseline-w32-s02,empty_moves,Lava,Empty,1,0,4080
native-expanded,158-Lava-Dust-open-32-baseline-w32-s02,empty_moves,4,Empty,1,0,9689
native-expanded,158-Lava-Dust-open-32-baseline-w32-s02,density_swaps,Lava,Dust,0,1,2958
native-expanded,158-Lava-Dust-open-32-baseline-w32-s02,conversions,4,Empty,0,0,1021
native-expanded,158-Lava-Dust-open-32-baseline-w32-s02,density_swaps,Lava,Dust,-1,1,20
native-expanded,158-Lava-Dust-open-32-baseline-w32-s02,conversions,6,4,0,0,1024
native-expanded,158-Lava-Dust-open-32-baseline-w32-s02,conversions,Dust,6,0,0,1024
native-expanded,158-Lava-Dust-open-32-baseline-w32-s02,empty_moves,6,Empty,-1,0,2349
native-expanded,158-Lava-Dust-open-32-baseline-w32-s02,empty_moves,Lava,Empty,-1,0,4186
native-expanded,158-Lava-Dust-open-32-baseline-w32-s02,empty_moves,4,Empty,-1,0,10013
native-expanded,158-Lava-Dust-open-32-baseline-w32-s02,empty_moves,Dust,Empty,1,1,2350
native-expanded,158-Lava-Dust-open-32-baseline-w32-s02,empty_moves,Lava,Empty,1,1,460
native-expanded,158-Lava-Dust-open-32-baseline-w32-s02,empty_moves,6,Empty,1,-1,2361
native-expanded,158-Lava-Dust-open-32-baseline-w32-s02,empty_moves,4,Empty,1,-1,4170
native-expanded,158-Lava-Dust-open-32-baseline-w32-s02,density_swaps,Dust,6,1,1,71
native-expanded,158-Lava-Dust-open-32-baseline-w32-s02,density_swaps,Lava,6,1,1,316
native-expanded,158-Lava-Dust-open-32-baseline-w32-s02,empty_moves,Dust,Empty,0,1,1857
native-expanded,158-Lava-Dust-open-32-baseline-w32-s02,empty_moves,Lava,Empty,0,1,4947
native-expanded,158-Lava-Dust-open-32-baseline-w32-s02,empty_moves,6,Empty,0,-1,2567
native-expanded,158-Lava-Dust-open-32-baseline-w32-s02,empty_moves,4,Empty,0,-1,101967
native-expanded,158-Lava-Dust-open-32-baseline-w32-s02,density_swaps,Lava,6,0,1,8935
native-expanded,158-Lava-Dust-open-32-baseline-w32-s02,density_swaps,Dust,6,0,1,264
native-expanded,158-Lava-Dust-open-32-baseline-w32-s02,empty_moves,Dust,Empty,-1,1,1278
native-expanded,158-Lava-Dust-open-32-baseline-w32-s02,empty_moves,Lava,Empty,-1,1,473
native-expanded,158-Lava-Dust-open-32-baseline-w32-s02,density_swaps,Lava,Dust,1,1,73
native-expanded,158-Lava-Dust-open-32-baseline-w32-s03,empty_moves,6,Empty,-1,-1,2422
native-expanded,158-Lava-Dust-open-32-baseline-w32-s03,empty_moves,4,Empty,-1,-1,4072
native-expanded,158-Lava-Dust-open-32-baseline-w32-s03,density_swaps,Dust,6,-1,1,121
native-expanded,158-Lava-Dust-open-32-baseline-w32-s03,density_swaps,Lava,6,-1,1,259
native-expanded,158-Lava-Dust-open-32-baseline-w32-s03,empty_moves,6,Empty,1,0,2191
native-expanded,158-Lava-Dust-open-32-baseline-w32-s03,empty_moves,Lava,Empty,1,0,4534
native-expanded,158-Lava-Dust-open-32-baseline-w32-s03,empty_moves,4,Empty,1,0,8763
native-expanded,158-Lava-Dust-open-32-baseline-w32-s03,density_swaps,Lava,Dust,0,1,4332
native-expanded,158-Lava-Dust-open-32-baseline-w32-s03,conversions,4,Empty,0,0,1022
native-expanded,158-Lava-Dust-open-32-baseline-w32-s03,density_swaps,Lava,Dust,-1,1,86
native-expanded,158-Lava-Dust-open-32-baseline-w32-s03,conversions,6,4,0,0,1024
native-expanded,158-Lava-Dust-open-32-baseline-w32-s03,conversions,Dust,6,0,0,1024
native-expanded,158-Lava-Dust-open-32-baseline-w32-s03,empty_moves,6,Empty,-1,0,2285
native-expanded,158-Lava-Dust-open-32-baseline-w32-s03,empty_moves,Lava,Empty,-1,0,4520
native-expanded,158-Lava-Dust-open-32-baseline-w32-s03,empty_moves,4,Empty,-1,0,8937
native-expanded,158-Lava-Dust-open-32-baseline-w32-s03,empty_moves,Dust,Empty,1,1,2191
native-expanded,158-Lava-Dust-open-32-baseline-w32-s03,empty_moves,Lava,Empty,1,1,450
native-expanded,158-Lava-Dust-open-32-baseline-w32-s03,empty_moves,6,Empty,1,-1,2380
native-expanded,158-Lava-Dust-open-32-baseline-w32-s03,empty_moves,4,Empty,1,-1,4186
native-expanded,158-Lava-Dust-open-32-baseline-w32-s03,density_swaps,Dust,6,1,1,102
native-expanded,158-Lava-Dust-open-32-baseline-w32-s03,density_swaps,Lava,6,1,1,306
native-expanded,158-Lava-Dust-open-32-baseline-w32-s03,empty_moves,Dust,Empty,0,1,1934
native-expanded,158-Lava-Dust-open-32-baseline-w32-s03,empty_moves,Lava,Empty,0,1,5387
native-expanded,158-Lava-Dust-open-32-baseline-w32-s03,empty_moves,6,Empty,0,-1,2516
native-expanded,158-Lava-Dust-open-32-baseline-w32-s03,empty_moves,4,Empty,0,-1,89824
native-expanded,158-Lava-Dust-open-32-baseline-w32-s03,density_swaps,Lava,6,0,1,7106
native-expanded,158-Lava-Dust-open-32-baseline-w32-s03,density_swaps,Dust,6,0,1,276
native-expanded,158-Lava-Dust-open-32-baseline-w32-s03,empty_moves,Dust,Empty,-1,1,1965
native-expanded,158-Lava-Dust-open-32-baseline-w32-s03,empty_moves,Lava,Empty,-1,1,436
native-expanded,158-Lava-Dust-open-32-baseline-w32-s03,density_swaps,Lava,Dust,1,1,69
native-expanded,158-Lava-Dust-open-32-baseline-w32-s04,empty_moves,6,Empty,-1,-1,2574
native-expanded,158-Lava-Dust-open-32-baseline-w32-s04,empty_moves,4,Empty,-1,-1,3882
native-expanded,158-Lava-Dust-open-32-baseline-w32-s04,density_swaps,Dust,6,-1,1,126
native-expanded,158-Lava-Dust-open-32-baseline-w32-s04,density_swaps,Lava,6,-1,1,265
native-expanded,158-Lava-Dust-open-32-baseline-w32-s04,empty_moves,6,Empty,1,0,2298
native-expanded,158-Lava-Dust-open-32-baseline-w32-s04,empty_moves,Lava,Empty,1,0,4830
native-expanded,158-Lava-Dust-open-32-baseline-w32-s04,empty_moves,4,Empty,1,0,9464
native-expanded,158-Lava-Dust-open-32-baseline-w32-s04,density_swaps,Lava,Dust,0,1,3327
native-expanded,158-Lava-Dust-open-32-baseline-w32-s04,conversions,4,Empty,0,0,1021
native-expanded,158-Lava-Dust-open-32-baseline-w32-s04,density_swaps,Lava,Dust,-1,1,51
native-expanded,158-Lava-Dust-open-32-baseline-w32-s04,conversions,6,4,0,0,1024
native-expanded,158-Lava-Dust-open-32-baseline-w32-s04,conversions,Dust,6,0,0,1024
native-expanded,158-Lava-Dust-open-32-baseline-w32-s04,empty_moves,6,Empty,-1,0,2372
native-expanded,158-Lava-Dust-open-32-baseline-w32-s04,empty_moves,Lava,Empty,-1,0,4812
native-expanded,158-Lava-Dust-open-32-baseline-w32-s04,empty_moves,4,Empty,-1,0,9694
native-expanded,158-Lava-Dust-open-32-baseline-w32-s04,empty_moves,Dust,Empty,1,1,2328
native-expanded,158-Lava-Dust-open-32-baseline-w32-s04,empty_moves,Lava,Empty,1,1,447
native-expanded,158-Lava-Dust-open-32-baseline-w32-s04,empty_moves,6,Empty,1,-1,2495
native-expanded,158-Lava-Dust-open-32-baseline-w32-s04,empty_moves,4,Empty,1,-1,4009
native-expanded,158-Lava-Dust-open-32-baseline-w32-s04,density_swaps,Dust,6,1,1,91
native-expanded,158-Lava-Dust-open-32-baseline-w32-s04,density_swaps,Lava,6,1,1,304
native-expanded,158-Lava-Dust-open-32-baseline-w32-s04,empty_moves,Dust,Empty,0,1,1825
native-expanded,158-Lava-Dust-open-32-baseline-w32-s04,empty_moves,Lava,Empty,0,1,5405
native-expanded,158-Lava-Dust-open-32-baseline-w32-s04,empty_moves,6,Empty,0,-1,2661
native-expanded,158-Lava-Dust-open-32-baseline-w32-s04,empty_moves,4,Empty,0,-1,97028
native-expanded,158-Lava-Dust-open-32-baseline-w32-s04,density_swaps,Lava,6,0,1,8092
native-expanded,158-Lava-Dust-open-32-baseline-w32-s04,density_swaps,Dust,6,0,1,239
native-expanded,158-Lava-Dust-open-32-baseline-w32-s04,empty_moves,Dust,Empty,-1,1,1962
native-expanded,158-Lava-Dust-open-32-baseline-w32-s04,empty_moves,Lava,Empty,-1,1,497
native-expanded,158-Lava-Dust-open-32-baseline-w32-s04,density_swaps,Lava,Dust,1,1,44
native-expanded,159-Lava-Dust-saturated-32-baseline-w32-s00,empty_moves,6,Empty,-1,-1,1295
native-expanded,159-Lava-Dust-saturated-32-baseline-w32-s00,empty_moves,Steam,Empty,-1,-1,113
native-expanded,159-Lava-Dust-saturated-32-baseline-w32-s00,empty_moves,4,Empty,-1,-1,3978
native-expanded,159-Lava-Dust-saturated-32-baseline-w32-s00,water_transfer_mass,Water,Water,-1,0,3849
native-expanded,159-Lava-Dust-saturated-32-baseline-w32-s00,density_swaps,Dust,6,-1,1,14
native-expanded,159-Lava-Dust-saturated-32-baseline-w32-s00,empty_moves,6,Empty,1,0,1188
native-expanded,159-Lava-Dust-saturated-32-baseline-w32-s00,empty_moves,Steam,Empty,1,0,76
native-expanded,159-Lava-Dust-saturated-32-baseline-w32-s00,empty_moves,4,Empty,1,0,7125
native-expanded,159-Lava-Dust-saturated-32-baseline-w32-s00,water_transfer_mass,Water,Empty,1,0,1249
native-expanded,159-Lava-Dust-saturated-32-baseline-w32-s00,density_swaps,Lava,Water,1,1,1
native-expanded,159-Lava-Dust-saturated-32-baseline-w32-s00,water_transfer_mass,Water,Water,1,1,1687
native-expanded,159-Lava-Dust-saturated-32-baseline-w32-s00,density_swaps,Steam,Dust,1,-1,2
native-expanded,159-Lava-Dust-saturated-32-baseline-w32-s00,density_swaps,Steam,Lava,0,-1,42
native-expanded,159-Lava-Dust-saturated-32-baseline-w32-s00,density_swaps,Water,Dust,0,1,1294
native-expanded,159-Lava-Dust-saturated-32-baseline-w32-s00,density_swaps,Lava,Dust,0,1,6035
native-expanded,159-Lava-Dust-saturated-32-baseline-w32-s00,density_swaps,Stone,Dust,0,1,37
native-expanded,159-Lava-Dust-saturated-32-baseline-w32-s00,density_swaps,Dust,Steam,1,1,19
native-expanded,159-Lava-Dust-saturated-32-baseline-w32-s00,density_swaps,Water,Steam,1,1,3
native-expanded,159-Lava-Dust-saturated-32-baseline-w32-s00,density_swaps,Lava,Steam,1,1,59
native-expanded,159-Lava-Dust-saturated-32-baseline-w32-s00,conversions,Lava,Stone,0,0,93
native-expanded,159-Lava-Dust-saturated-32-baseline-w32-s00,density_swaps,Steam,4,-1,-1,142
native-expanded,159-Lava-Dust-saturated-32-baseline-w32-s00,density_swaps,4,Water,1,-1,327
native-expanded,159-Lava-Dust-saturated-32-baseline-w32-s00,density_swaps,Steam,Water,1,-1,6
native-expanded,159-Lava-Dust-saturated-32-baseline-w32-s00,conversions,4,Empty,0,0,915
native-expanded,159-Lava-Dust-saturated-32-baseline-w32-s00,density_swaps,Lava,Water,0,1,53
native-expanded,159-Lava-Dust-saturated-32-baseline-w32-s00,density_swaps,Stone,Water,0,1,6
native-expanded,159-Lava-Dust-saturated-32-baseline-w32-s00,water_transfer_mass,Water,Water,0,1,3737
native-expanded,159-Lava-Dust-saturated-32-baseline-w32-s00,density_swaps,Steam,Dust,0,-1,1
native-expanded,159-Lava-Dust-saturated-32-baseline-w32-s00,density_swaps,Water,Dust,-1,1,8
native-expanded,159-Lava-Dust-saturated-32-baseline-w32-s00,density_swaps,Lava,Steam,0,1,1108
native-expanded,159-Lava-Dust-saturated-32-baseline-w32-s00,density_swaps,Dust,Steam,0,1,26
native-expanded,159-Lava-Dust-saturated-32-baseline-w32-s00,density_swaps,Stone,Steam,0,1,98
native-expanded,159-Lava-Dust-saturated-32-baseline-w32-s00,density_swaps,Water,Steam,0,1,5
native-expanded,159-Lava-Dust-saturated-32-baseline-w32-s00,density_swaps,Lava,Stone,1,1,103
native-expanded,159-Lava-Dust-saturated-32-baseline-w32-s00,conversions,6,4,0,0,918
native-expanded,159-Lava-Dust-saturated-32-baseline-w32-s00,density_swaps,Steam,Water,0,-1,22
native-expanded,159-Lava-Dust-saturated-32-baseline-w32-s00,density_swaps,4,Water,0,-1,1784
native-expanded,159-Lava-Dust-saturated-32-baseline-w32-s00,conversions,Dust,6,0,0,918
native-expanded,159-Lava-Dust-saturated-32-baseline-w32-s00,empty_moves,6,Empty,-1,0,1135
native-expanded,159-Lava-Dust-saturated-32-baseline-w32-s00,empty_moves,4,Empty,-1,0,7380
native-expanded,159-Lava-Dust-saturated-32-baseline-w32-s00,empty_moves,Steam,Empty,-1,0,64
native-expanded,159-Lava-Dust-saturated-32-baseline-w32-s00,water_transfer_mass,Water,Empty,-1,0,1568
native-expanded,159-Lava-Dust-saturated-32-baseline-w32-s00,water_transfer_mass,Water,Water,-1,1,2076
native-expanded,159-Lava-Dust-saturated-32-baseline-w32-s00,empty_moves,Water,Empty,1,1,5
native-expanded,159-Lava-Dust-saturated-32-baseline-w32-s00,empty_moves,Dust,Empty,1,1,1
native-expanded,159-Lava-Dust-saturated-32-baseline-w32-s00,density_swaps,Steam,Dust,-1,-1,1
native-expanded,159-Lava-Dust-saturated-32-baseline-w32-s00,density_swaps,Dust,Steam,-1,1,22
native-expanded,159-Lava-Dust-saturated-32-baseline-w32-s00,density_swaps,Water,Steam,-1,1,1
native-expanded,159-Lava-Dust-saturated-32-baseline-w32-s00,density_swaps,Lava,Steam,-1,1,64
native-expanded,159-Lava-Dust-saturated-32-baseline-w32-s00,density_swaps,Lava,Stone,0,1,1039
native-expanded,159-Lava-Dust-saturated-32-baseline-w32-s00,density_swaps,Water,4,1,1,3
native-expanded,159-Lava-Dust-saturated-32-baseline-w32-s00,density_swaps,4,Water,-1,-1,267
native-expanded,159-Lava-Dust-saturated-32-baseline-w32-s00,density_swaps,Steam,Water,-1,-1,8
native-expanded,159-Lava-Dust-saturated-32-baseline-w32-s00,empty_moves,6,Empty,1,-1,1323
native-expanded,159-Lava-Dust-saturated-32-baseline-w32-s00,empty_moves,Steam,Empty,1,-1,131
native-expanded,159-Lava-Dust-saturated-32-baseline-w32-s00,empty_moves,4,Empty,1,-1,4279
native-expanded,159-Lava-Dust-saturated-32-baseline-w32-s00,water_transfer_mass,Water,Water,1,0,3145
native-expanded,159-Lava-Dust-saturated-32-baseline-w32-s00,density_swaps,Dust,6,1,1,58
native-expanded,159-Lava-Dust-saturated-32-baseline-w32-s00,empty_moves,Water,Empty,0,1,7421
native-expanded,159-Lava-Dust-saturated-32-baseline-w32-s00,empty_moves,Dust,Empty,0,1,1
native-expanded,159-Lava-Dust-saturated-32-baseline-w32-s00,density_swaps,Steam,Stone,0,-1,32
native-expanded,159-Lava-Dust-saturated-32-baseline-w32-s00,density_swaps,Lava,Stone,-1,1,107
native-expanded,159-Lava-Dust-saturated-32-baseline-w32-s00,density_swaps,Steam,4,1,-1,119
native-expanded,159-Lava-Dust-saturated-32-baseline-w32-s00,density_swaps,Water,4,0,1,331
native-expanded,159-Lava-Dust-saturated-32-baseline-w32-s00,empty_moves,6,Empty,0,-1,1563
native-expanded,159-Lava-Dust-saturated-32-baseline-w32-s00,empty_moves,Steam,Empty,0,-1,7002
native-expanded,159-Lava-Dust-saturated-32-baseline-w32-s00,empty_moves,4,Empty,0,-1,67281
native-expanded,159-Lava-Dust-saturated-32-baseline-w32-s00,conversions,Steam,Water,0,0,95
native-expanded,159-Lava-Dust-saturated-32-baseline-w32-s00,density_swaps,Lava,6,0,1,8776
native-expanded,159-Lava-Dust-saturated-32-baseline-w32-s00,density_swaps,Dust,6,0,1,231
native-expanded,159-Lava-Dust-saturated-32-baseline-w32-s00,density_swaps,Stone,6,0,1,67
native-expanded,159-Lava-Dust-saturated-32-baseline-w32-s00,empty_moves,Dust,Empty,-1,1,3
native-expanded,159-Lava-Dust-saturated-32-baseline-w32-s00,density_swaps,Steam,Lava,1,-1,1
native-expanded,159-Lava-Dust-saturated-32-baseline-w32-s00,density_swaps,Water,Dust,1,1,12
native-expanded,159-Lava-Dust-saturated-32-baseline-w32-s00,conversions,Water,Steam,0,0,95
native-expanded,159-Lava-Dust-saturated-32-baseline-w32-s00,density_swaps,Steam,Stone,-1,-1,1
native-expanded,159-Lava-Dust-saturated-32-baseline-w32-s00,density_swaps,Steam,4,0,-1,2487
native-expanded,159-Lava-Dust-saturated-32-baseline-w32-s00,density_swaps,Water,4,-1,1,2
native-expanded,159-Lava-Dust-saturated-32-baseline-w32-s01,empty_moves,6,Empty,-1,-1,1279
native-expanded,159-Lava-Dust-saturated-32-baseline-w32-s01,empty_moves,Steam,Empty,-1,-1,127
native-expanded,159-Lava-Dust-saturated-32-baseline-w32-s01,empty_moves,4,Empty,-1,-1,3517
native-expanded,159-Lava-Dust-saturated-32-baseline-w32-s01,water_transfer_mass,Water,Water,-1,0,6598
native-expanded,159-Lava-Dust-saturated-32-baseline-w32-s01,density_swaps,Dust,6,-1,1,38
native-expanded,159-Lava-Dust-saturated-32-baseline-w32-s01,density_swaps,Lava,6,-1,1,12
native-expanded,159-Lava-Dust-saturated-32-baseline-w32-s01,empty_moves,6,Empty,1,0,1084
native-expanded,159-Lava-Dust-saturated-32-baseline-w32-s01,empty_moves,4,Empty,1,0,4930
native-expanded,159-Lava-Dust-saturated-32-baseline-w32-s01,empty_moves,Steam,Empty,1,0,83
native-expanded,159-Lava-Dust-saturated-32-baseline-w32-s01,water_transfer_mass,Water,Empty,1,0,2799
native-expanded,159-Lava-Dust-saturated-32-baseline-w32-s01,water_transfer_mass,Water,Water,1,1,3712
native-expanded,159-Lava-Dust-saturated-32-baseline-w32-s01,density_swaps,Steam,Lava,0,-1,72
native-expanded,159-Lava-Dust-saturated-32-baseline-w32-s01,density_swaps,4,Lava,0,-1,1
native-expanded,159-Lava-Dust-saturated-32-baseline-w32-s01,density_swaps,Water,Dust,0,1,1283
native-expanded,159-Lava-Dust-saturated-32-baseline-w32-s01,density_swaps,Lava,Dust,0,1,5328
native-expanded,159-Lava-Dust-saturated-32-baseline-w32-s01,density_swaps,Stone,Dust,0,1,18
native-expanded,159-Lava-Dust-saturated-32-baseline-w32-s01,density_swaps,Dust,Steam,1,1,4
native-expanded,159-Lava-Dust-saturated-32-baseline-w32-s01,density_swaps,Water,Steam,1,1,2
native-expanded,159-Lava-Dust-saturated-32-baseline-w32-s01,conversions,Lava,Stone,0,0,92
native-expanded,159-Lava-Dust-saturated-32-baseline-w32-s01,density_swaps,Steam,4,-1,-1,115
native-expanded,159-Lava-Dust-saturated-32-baseline-w32-s01,density_swaps,4,Water,1,-1,508
native-expanded,159-Lava-Dust-saturated-32-baseline-w32-s01,density_swaps,Steam,Water,1,-1,7
native-expanded,159-Lava-Dust-saturated-32-baseline-w32-s01,conversions,4,Empty,0,0,927
native-expanded,159-Lava-Dust-saturated-32-baseline-w32-s01,density_swaps,Lava,Water,0,1,73
native-expanded,159-Lava-Dust-saturated-32-baseline-w32-s01,density_swaps,Stone,Water,0,1,51
native-expanded,159-Lava-Dust-saturated-32-baseline-w32-s01,water_transfer_mass,Water,Water,0,1,7545
native-expanded,159-Lava-Dust-saturated-32-baseline-w32-s01,density_swaps,Lava,Dust,-1,1,9
native-expanded,159-Lava-Dust-saturated-32-baseline-w32-s01,density_swaps,Lava,Steam,0,1,1191
native-expanded,159-Lava-Dust-saturated-32-baseline-w32-s01,density_swaps,Stone,Steam,0,1,68
native-expanded,159-Lava-Dust-saturated-32-baseline-w32-s01,density_swaps,Dust,Steam,0,1,10
native-expanded,159-Lava-Dust-saturated-32-baseline-w32-s01,density_swaps,Water,Steam,0,1,1
native-expanded,159-Lava-Dust-saturated-32-baseline-w32-s01,density_swaps,Lava,Stone,1,1,147
native-expanded,159-Lava-Dust-saturated-32-baseline-w32-s01,conversions,6,4,0,0,929
native-expanded,159-Lava-Dust-saturated-32-baseline-w32-s01,density_swaps,4,Water,0,-1,1549
native-expanded,159-Lava-Dust-saturated-32-baseline-w32-s01,density_swaps,Steam,Water,0,-1,8
native-expanded,159-Lava-Dust-saturated-32-baseline-w32-s01,conversions,Dust,6,0,0,929
native-expanded,159-Lava-Dust-saturated-32-baseline-w32-s01,empty_moves,6,Empty,-1,0,1164
native-expanded,159-Lava-Dust-saturated-32-baseline-w32-s01,empty_moves,4,Empty,-1,0,5528
native-expanded,159-Lava-Dust-saturated-32-baseline-w32-s01,empty_moves,Steam,Empty,-1,0,86
native-expanded,159-Lava-Dust-saturated-32-baseline-w32-s01,water_transfer_mass,Water,Empty,-1,0,1441
native-expanded,159-Lava-Dust-saturated-32-baseline-w32-s01,water_transfer_mass,Water,Water,-1,1,3762
native-expanded,159-Lava-Dust-saturated-32-baseline-w32-s01,empty_moves,Water,Empty,1,1,1
native-expanded,159-Lava-Dust-saturated-32-baseline-w32-s01,empty_moves,Dust,Empty,1,1,2
native-expanded,159-Lava-Dust-saturated-32-baseline-w32-s01,density_swaps,Dust,Steam,-1,1,5
native-expanded,159-Lava-Dust-saturated-32-baseline-w32-s01,density_swaps,Water,Steam,-1,1,2
native-expanded,159-Lava-Dust-saturated-32-baseline-w32-s01,density_swaps,Steam,Stone,1,-1,2
native-expanded,159-Lava-Dust-saturated-32-baseline-w32-s01,density_swaps,Lava,Stone,0,1,936
native-expanded,159-Lava-Dust-saturated-32-baseline-w32-s01,density_swaps,4,Water,-1,-1,390
native-expanded,159-Lava-Dust-saturated-32-baseline-w32-s01,density_swaps,Steam,Water,-1,-1,20
native-expanded,159-Lava-Dust-saturated-32-baseline-w32-s01,empty_moves,6,Empty,1,-1,1258
native-expanded,159-Lava-Dust-saturated-32-baseline-w32-s01,empty_moves,Steam,Empty,1,-1,102
native-expanded,159-Lava-Dust-saturated-32-baseline-w32-s01,empty_moves,4,Empty,1,-1,4586
native-expanded,159-Lava-Dust-saturated-32-baseline-w32-s01,water_transfer_mass,Water,Water,1,0,41037
native-expanded,159-Lava-Dust-saturated-32-baseline-w32-s01,density_swaps,Dust,6,1,1,26
native-expanded,159-Lava-Dust-saturated-32-baseline-w32-s01,density_swaps,Lava,6,1,1,14
native-expanded,159-Lava-Dust-saturated-32-baseline-w32-s01,density_swaps,Water,6,1,1,1
native-expanded,159-Lava-Dust-saturated-32-baseline-w32-s01,empty_moves,Water,Empty,0,1,7955
native-expanded,159-Lava-Dust-saturated-32-baseline-w32-s01,density_swaps,Steam,Stone,0,-1,32
native-expanded,159-Lava-Dust-saturated-32-baseline-w32-s01,density_swaps,Lava,Stone,-1,1,113
native-expanded,159-Lava-Dust-saturated-32-baseline-w32-s01,density_swaps,Steam,4,1,-1,114
native-expanded,159-Lava-Dust-saturated-32-baseline-w32-s01,density_swaps,Lava,4,0,1,11
native-expanded,159-Lava-Dust-saturated-32-baseline-w32-s01,density_swaps,Stone,4,0,1,1
native-expanded,159-Lava-Dust-saturated-32-baseline-w32-s01,density_swaps,Water,4,0,1,233
native-expanded,159-Lava-Dust-saturated-32-baseline-w32-s01,empty_moves,6,Empty,0,-1,1386
native-expanded,159-Lava-Dust-saturated-32-baseline-w32-s01,empty_moves,Steam,Empty,0,-1,7785
native-expanded,159-Lava-Dust-saturated-32-baseline-w32-s01,empty_moves,4,Empty,0,-1,75089
native-expanded,159-Lava-Dust-saturated-32-baseline-w32-s01,conversions,Steam,Water,0,0,93
native-expanded,159-Lava-Dust-saturated-32-baseline-w32-s01,density_swaps,Lava,6,0,1,9419
native-expanded,159-Lava-Dust-saturated-32-baseline-w32-s01,density_swaps,Dust,6,0,1,226
native-expanded,159-Lava-Dust-saturated-32-baseline-w32-s01,density_swaps,Stone,6,0,1,73
native-expanded,159-Lava-Dust-saturated-32-baseline-w32-s01,density_swaps,Lava,Dust,1,1,9
native-expanded,159-Lava-Dust-saturated-32-baseline-w32-s01,conversions,Water,Steam,0,0,93
native-expanded,159-Lava-Dust-saturated-32-baseline-w32-s01,density_swaps,Steam,4,0,-1,2353
native-expanded,159-Lava-Dust-saturated-32-baseline-w32-s02,empty_moves,6,Empty,-1,-1,1304
native-expanded,159-Lava-Dust-saturated-32-baseline-w32-s02,empty_moves,Steam,Empty,-1,-1,119
native-expanded,159-Lava-Dust-saturated-32-baseline-w32-s02,empty_moves,4,Empty,-1,-1,3641
native-expanded,159-Lava-Dust-saturated-32-baseline-w32-s02,water_transfer_mass,Water,Water,-1,0,28604
native-expanded,159-Lava-Dust-saturated-32-baseline-w32-s02,density_swaps,Dust,6,-1,1,53
native-expanded,159-Lava-Dust-saturated-32-baseline-w32-s02,empty_moves,6,Empty,1,0,1104
native-expanded,159-Lava-Dust-saturated-32-baseline-w32-s02,empty_moves,Steam,Empty,1,0,52
native-expanded,159-Lava-Dust-saturated-32-baseline-w32-s02,empty_moves,4,Empty,1,0,5856
native-expanded,159-Lava-Dust-saturated-32-baseline-w32-s02,water_transfer_mass,Water,Empty,1,0,2048
native-expanded,159-Lava-Dust-saturated-32-baseline-w32-s02,water_transfer_mass,Water,Water,1,1,3125
native-expanded,159-Lava-Dust-saturated-32-baseline-w32-s02,density_swaps,Steam,Lava,0,-1,153
native-expanded,159-Lava-Dust-saturated-32-baseline-w32-s02,density_swaps,Water,Dust,0,1,1266
native-expanded,159-Lava-Dust-saturated-32-baseline-w32-s02,density_swaps,Lava,Dust,0,1,4471
native-expanded,159-Lava-Dust-saturated-32-baseline-w32-s02,density_swaps,Stone,Dust,0,1,28
native-expanded,159-Lava-Dust-saturated-32-baseline-w32-s02,density_swaps,Water,Steam,1,1,5
native-expanded,159-Lava-Dust-saturated-32-baseline-w32-s02,density_swaps,Dust,Steam,1,1,3
native-expanded,159-Lava-Dust-saturated-32-baseline-w32-s02,conversions,Lava,Stone,0,0,93
native-expanded,159-Lava-Dust-saturated-32-baseline-w32-s02,density_swaps,Steam,4,-1,-1,100
native-expanded,159-Lava-Dust-saturated-32-baseline-w32-s02,density_swaps,4,Water,1,-1,327
native-expanded,159-Lava-Dust-saturated-32-baseline-w32-s02,density_swaps,Steam,Water,1,-1,11
native-expanded,159-Lava-Dust-saturated-32-baseline-w32-s02,conversions,4,Empty,0,0,925
native-expanded,159-Lava-Dust-saturated-32-baseline-w32-s02,density_swaps,Lava,Water,0,1,68
native-expanded,159-Lava-Dust-saturated-32-baseline-w32-s02,density_swaps,Stone,Water,0,1,18
native-expanded,159-Lava-Dust-saturated-32-baseline-w32-s02,water_transfer_mass,Water,Water,0,1,10961
native-expanded,159-Lava-Dust-saturated-32-baseline-w32-s02,density_swaps,Lava,Steam,0,1,1108
native-expanded,159-Lava-Dust-saturated-32-baseline-w32-s02,density_swaps,Stone,Steam,0,1,100
native-expanded,159-Lava-Dust-saturated-32-baseline-w32-s02,density_swaps,Dust,Steam,0,1,23
native-expanded,159-Lava-Dust-saturated-32-baseline-w32-s02,density_swaps,Water,Steam,0,1,5
native-expanded,159-Lava-Dust-saturated-32-baseline-w32-s02,density_swaps,Lava,Stone,1,1,152
native-expanded,159-Lava-Dust-saturated-32-baseline-w32-s02,conversions,6,4,0,0,931
native-expanded,159-Lava-Dust-saturated-32-baseline-w32-s02,density_swaps,4,Water,0,-1,1710
native-expanded,159-Lava-Dust-saturated-32-baseline-w32-s02,density_swaps,Steam,Water,0,-1,15
native-expanded,159-Lava-Dust-saturated-32-baseline-w32-s02,conversions,Dust,6,0,0,931
native-expanded,159-Lava-Dust-saturated-32-baseline-w32-s02,empty_moves,6,Empty,-1,0,1071
native-expanded,159-Lava-Dust-saturated-32-baseline-w32-s02,empty_moves,Steam,Empty,-1,0,69
native-expanded,159-Lava-Dust-saturated-32-baseline-w32-s02,empty_moves,4,Empty,-1,0,6434
native-expanded,159-Lava-Dust-saturated-32-baseline-w32-s02,water_transfer_mass,Water,Empty,-1,0,2501
native-expanded,159-Lava-Dust-saturated-32-baseline-w32-s02,water_transfer_mass,Water,Water,-1,1,3297
native-expanded,159-Lava-Dust-saturated-32-baseline-w32-s02,empty_moves,Water,Empty,1,1,12
native-expanded,159-Lava-Dust-saturated-32-baseline-w32-s02,density_swaps,Dust,Steam,-1,1,26
native-expanded,159-Lava-Dust-saturated-32-baseline-w32-s02,density_swaps,Water,Steam,-1,1,2
native-expanded,159-Lava-Dust-saturated-32-baseline-w32-s02,density_swaps,Lava,Stone,0,1,985
native-expanded,159-Lava-Dust-saturated-32-baseline-w32-s02,density_swaps,Water,4,1,1,1
native-expanded,159-Lava-Dust-saturated-32-baseline-w32-s02,density_swaps,4,Water,-1,-1,291
native-expanded,159-Lava-Dust-saturated-32-baseline-w32-s02,density_swaps,Steam,Water,-1,-1,8
native-expanded,159-Lava-Dust-saturated-32-baseline-w32-s02,empty_moves,6,Empty,1,-1,1257
native-expanded,159-Lava-Dust-saturated-32-baseline-w32-s02,empty_moves,Steam,Empty,1,-1,169
native-expanded,159-Lava-Dust-saturated-32-baseline-w32-s02,empty_moves,4,Empty,1,-1,4730
native-expanded,159-Lava-Dust-saturated-32-baseline-w32-s02,water_transfer_mass,Water,Water,1,0,9029
native-expanded,159-Lava-Dust-saturated-32-baseline-w32-s02,density_swaps,Dust,6,1,1,24
native-expanded,159-Lava-Dust-saturated-32-baseline-w32-s02,empty_moves,Water,Empty,0,1,8812
native-expanded,159-Lava-Dust-saturated-32-baseline-w32-s02,density_swaps,Steam,Stone,0,-1,27
native-expanded,159-Lava-Dust-saturated-32-baseline-w32-s02,density_swaps,Lava,Stone,-1,1,100
native-expanded,159-Lava-Dust-saturated-32-baseline-w32-s02,density_swaps,Steam,4,1,-1,168
native-expanded,159-Lava-Dust-saturated-32-baseline-w32-s02,density_swaps,Water,4,0,1,368
native-expanded,159-Lava-Dust-saturated-32-baseline-w32-s02,empty_moves,6,Empty,0,-1,1444
native-expanded,159-Lava-Dust-saturated-32-baseline-w32-s02,empty_moves,Steam,Empty,0,-1,8328
native-expanded,159-Lava-Dust-saturated-32-baseline-w32-s02,empty_moves,4,Empty,0,-1,81309
native-expanded,159-Lava-Dust-saturated-32-baseline-w32-s02,conversions,Steam,Water,0,0,93
native-expanded,159-Lava-Dust-saturated-32-baseline-w32-s02,density_swaps,Lava,6,0,1,10348
native-expanded,159-Lava-Dust-saturated-32-baseline-w32-s02,density_swaps,Dust,6,0,1,178
native-expanded,159-Lava-Dust-saturated-32-baseline-w32-s02,density_swaps,Stone,6,0,1,61
native-expanded,159-Lava-Dust-saturated-32-baseline-w32-s02,empty_moves,Water,Empty,-1,1,1
native-expanded,159-Lava-Dust-saturated-32-baseline-w32-s02,density_swaps,Steam,Lava,1,-1,1
native-expanded,159-Lava-Dust-saturated-32-baseline-w32-s02,density_swaps,Water,Dust,1,1,1
native-expanded,159-Lava-Dust-saturated-32-baseline-w32-s02,conversions,Water,Steam,0,0,93
native-expanded,159-Lava-Dust-saturated-32-baseline-w32-s02,density_swaps,Steam,Stone,-1,-1,1
native-expanded,159-Lava-Dust-saturated-32-baseline-w32-s02,density_swaps,Steam,4,0,-1,2357
native-expanded,159-Lava-Dust-saturated-32-baseline-w32-s02,density_swaps,Water,4,-1,1,2
native-expanded,159-Lava-Dust-saturated-32-baseline-w32-s03,empty_moves,6,Empty,-1,-1,1274
native-expanded,159-Lava-Dust-saturated-32-baseline-w32-s03,empty_moves,Steam,Empty,-1,-1,113
native-expanded,159-Lava-Dust-saturated-32-baseline-w32-s03,empty_moves,4,Empty,-1,-1,3991
native-expanded,159-Lava-Dust-saturated-32-baseline-w32-s03,water_transfer_mass,Water,Water,-1,0,5430
native-expanded,159-Lava-Dust-saturated-32-baseline-w32-s03,density_swaps,Dust,6,-1,1,64
native-expanded,159-Lava-Dust-saturated-32-baseline-w32-s03,empty_moves,6,Empty,1,0,1171
native-expanded,159-Lava-Dust-saturated-32-baseline-w32-s03,empty_moves,4,Empty,1,0,5102
native-expanded,159-Lava-Dust-saturated-32-baseline-w32-s03,empty_moves,Steam,Empty,1,0,76
native-expanded,159-Lava-Dust-saturated-32-baseline-w32-s03,water_transfer_mass,Water,Empty,1,0,2413
native-expanded,159-Lava-Dust-saturated-32-baseline-w32-s03,water_transfer_mass,Water,Water,1,1,3208
native-expanded,159-Lava-Dust-saturated-32-baseline-w32-s03,density_swaps,Steam,Lava,0,-1,39
native-expanded,159-Lava-Dust-saturated-32-baseline-w32-s03,density_swaps,Water,Dust,0,1,1267
native-expanded,159-Lava-Dust-saturated-32-baseline-w32-s03,density_swaps,Lava,Dust,0,1,5595
native-expanded,159-Lava-Dust-saturated-32-baseline-w32-s03,density_swaps,Stone,Dust,0,1,22
native-expanded,159-Lava-Dust-saturated-32-baseline-w32-s03,density_swaps,Dust,Steam,1,1,11
native-expanded,159-Lava-Dust-saturated-32-baseline-w32-s03,density_swaps,Water,Steam,1,1,3
native-expanded,159-Lava-Dust-saturated-32-baseline-w32-s03,density_swaps,Lava,Steam,1,1,49
native-expanded,159-Lava-Dust-saturated-32-baseline-w32-s03,conversions,Lava,Stone,0,0,93
native-expanded,159-Lava-Dust-saturated-32-baseline-w32-s03,density_swaps,Steam,4,-1,-1,106
native-expanded,159-Lava-Dust-saturated-32-baseline-w32-s03,density_swaps,4,Water,1,-1,445
native-expanded,159-Lava-Dust-saturated-32-baseline-w32-s03,density_swaps,Steam,Water,1,-1,9
native-expanded,159-Lava-Dust-saturated-32-baseline-w32-s03,conversions,4,Empty,0,0,924
native-expanded,159-Lava-Dust-saturated-32-baseline-w32-s03,density_swaps,Lava,Water,0,1,62
native-expanded,159-Lava-Dust-saturated-32-baseline-w32-s03,density_swaps,Stone,Water,0,1,11
native-expanded,159-Lava-Dust-saturated-32-baseline-w32-s03,water_transfer_mass,Water,Water,0,1,7056
native-expanded,159-Lava-Dust-saturated-32-baseline-w32-s03,density_swaps,Lava,Steam,0,1,1136
native-expanded,159-Lava-Dust-saturated-32-baseline-w32-s03,density_swaps,Dust,Steam,0,1,20
native-expanded,159-Lava-Dust-saturated-32-baseline-w32-s03,density_swaps,Stone,Steam,0,1,109
native-expanded,159-Lava-Dust-saturated-32-baseline-w32-s03,density_swaps,Water,Steam,0,1,5
native-expanded,159-Lava-Dust-saturated-32-baseline-w32-s03,density_swaps,Lava,Stone,1,1,123
native-expanded,159-Lava-Dust-saturated-32-baseline-w32-s03,conversions,6,4,0,0,928
native-expanded,159-Lava-Dust-saturated-32-baseline-w32-s03,density_swaps,Steam,Water,0,-1,12
native-expanded,159-Lava-Dust-saturated-32-baseline-w32-s03,density_swaps,4,Water,0,-1,1705
native-expanded,159-Lava-Dust-saturated-32-baseline-w32-s03,conversions,Dust,6,0,0,928
native-expanded,159-Lava-Dust-saturated-32-baseline-w32-s03,empty_moves,6,Empty,-1,0,1059
native-expanded,159-Lava-Dust-saturated-32-baseline-w32-s03,empty_moves,4,Empty,-1,0,5214
native-expanded,159-Lava-Dust-saturated-32-baseline-w32-s03,empty_moves,Steam,Empty,-1,0,94
native-expanded,159-Lava-Dust-saturated-32-baseline-w32-s03,water_transfer_mass,Water,Empty,-1,0,595
native-expanded,159-Lava-Dust-saturated-32-baseline-w32-s03,density_swaps,Lava,Water,-1,1,2
native-expanded,159-Lava-Dust-saturated-32-baseline-w32-s03,water_transfer_mass,Water,Water,-1,1,2506
native-expanded,159-Lava-Dust-saturated-32-baseline-w32-s03,empty_moves,Water,Empty,1,1,5
native-expanded,159-Lava-Dust-saturated-32-baseline-w32-s03,empty_moves,Dust,Empty,1,1,2
native-expanded,159-Lava-Dust-saturated-32-baseline-w32-s03,density_swaps,Dust,Steam,-1,1,13
native-expanded,159-Lava-Dust-saturated-32-baseline-w32-s03,density_swaps,Lava,Steam,-1,1,42
native-expanded,159-Lava-Dust-saturated-32-baseline-w32-s03,density_swaps,Water,Steam,-1,1,2
native-expanded,159-Lava-Dust-saturated-32-baseline-w32-s03,density_swaps,Steam,Stone,1,-1,2
native-expanded,159-Lava-Dust-saturated-32-baseline-w32-s03,density_swaps,Lava,Stone,0,1,1008
native-expanded,159-Lava-Dust-saturated-32-baseline-w32-s03,density_swaps,Water,4,1,1,2
native-expanded,159-Lava-Dust-saturated-32-baseline-w32-s03,density_swaps,4,Water,-1,-1,330
native-expanded,159-Lava-Dust-saturated-32-baseline-w32-s03,density_swaps,Steam,Water,-1,-1,4
native-expanded,159-Lava-Dust-saturated-32-baseline-w32-s03,empty_moves,6,Empty,1,-1,1291
native-expanded,159-Lava-Dust-saturated-32-baseline-w32-s03,empty_moves,Steam,Empty,1,-1,131
native-expanded,159-Lava-Dust-saturated-32-baseline-w32-s03,empty_moves,4,Empty,1,-1,4198
native-expanded,159-Lava-Dust-saturated-32-baseline-w32-s03,water_transfer_mass,Water,Water,1,0,32266
native-expanded,159-Lava-Dust-saturated-32-baseline-w32-s03,density_swaps,Dust,6,1,1,13
native-expanded,159-Lava-Dust-saturated-32-baseline-w32-s03,empty_moves,Water,Empty,0,1,7539
native-expanded,159-Lava-Dust-saturated-32-baseline-w32-s03,empty_moves,Dust,Empty,0,1,2
native-expanded,159-Lava-Dust-saturated-32-baseline-w32-s03,density_swaps,Steam,Stone,0,-1,23
native-expanded,159-Lava-Dust-saturated-32-baseline-w32-s03,density_swaps,Lava,Stone,-1,1,103
native-expanded,159-Lava-Dust-saturated-32-baseline-w32-s03,density_swaps,Steam,4,1,-1,125
native-expanded,159-Lava-Dust-saturated-32-baseline-w32-s03,density_swaps,Water,4,0,1,196
native-expanded,159-Lava-Dust-saturated-32-baseline-w32-s03,empty_moves,Steam,Empty,0,-1,7216
native-expanded,159-Lava-Dust-saturated-32-baseline-w32-s03,empty_moves,6,Empty,0,-1,1420
native-expanded,159-Lava-Dust-saturated-32-baseline-w32-s03,empty_moves,4,Empty,0,-1,69505
native-expanded,159-Lava-Dust-saturated-32-baseline-w32-s03,conversions,Steam,Water,0,0,93
native-expanded,159-Lava-Dust-saturated-32-baseline-w32-s03,density_swaps,Lava,6,0,1,9213
native-expanded,159-Lava-Dust-saturated-32-baseline-w32-s03,density_swaps,Stone,6,0,1,76
native-expanded,159-Lava-Dust-saturated-32-baseline-w32-s03,density_swaps,Dust,6,0,1,212
native-expanded,159-Lava-Dust-saturated-32-baseline-w32-s03,empty_moves,Water,Empty,-1,1,3
native-expanded,159-Lava-Dust-saturated-32-baseline-w32-s03,density_swaps,Water,Dust,1,1,6
native-expanded,159-Lava-Dust-saturated-32-baseline-w32-s03,conversions,Water,Steam,0,0,93
native-expanded,159-Lava-Dust-saturated-32-baseline-w32-s03,density_swaps,Steam,4,0,-1,2339
native-expanded,159-Lava-Dust-saturated-32-baseline-w32-s03,density_swaps,Water,4,-1,1,1
native-expanded,159-Lava-Dust-saturated-32-baseline-w32-s04,empty_moves,6,Empty,-1,-1,1245
native-expanded,159-Lava-Dust-saturated-32-baseline-w32-s04,empty_moves,Steam,Empty,-1,-1,114
native-expanded,159-Lava-Dust-saturated-32-baseline-w32-s04,empty_moves,4,Empty,-1,-1,4077
native-expanded,159-Lava-Dust-saturated-32-baseline-w32-s04,water_transfer_mass,Water,Water,-1,0,35440
native-expanded,159-Lava-Dust-saturated-32-baseline-w32-s04,density_swaps,Dust,6,-1,1,24
native-expanded,159-Lava-Dust-saturated-32-baseline-w32-s04,density_swaps,Lava,6,-1,1,125
native-expanded,159-Lava-Dust-saturated-32-baseline-w32-s04,empty_moves,6,Empty,1,0,1107
native-expanded,159-Lava-Dust-saturated-32-baseline-w32-s04,empty_moves,4,Empty,1,0,6041
native-expanded,159-Lava-Dust-saturated-32-baseline-w32-s04,empty_moves,Steam,Empty,1,0,57
native-expanded,159-Lava-Dust-saturated-32-baseline-w32-s04,water_transfer_mass,Water,Empty,1,0,1782
native-expanded,159-Lava-Dust-saturated-32-baseline-w32-s04,water_transfer_mass,Water,Water,1,1,3784
native-expanded,159-Lava-Dust-saturated-32-baseline-w32-s04,density_swaps,Steam,Lava,0,-1,74
native-expanded,159-Lava-Dust-saturated-32-baseline-w32-s04,density_swaps,Water,Dust,0,1,1279
native-expanded,159-Lava-Dust-saturated-32-baseline-w32-s04,density_swaps,Lava,Dust,0,1,4982
native-expanded,159-Lava-Dust-saturated-32-baseline-w32-s04,density_swaps,Stone,Dust,0,1,11
native-expanded,159-Lava-Dust-saturated-32-baseline-w32-s04,density_swaps,Dust,Steam,1,1,2
native-expanded,159-Lava-Dust-saturated-32-baseline-w32-s04,density_swaps,Water,Steam,1,1,3
native-expanded,159-Lava-Dust-saturated-32-baseline-w32-s04,conversions,Lava,Stone,0,0,93
native-expanded,159-Lava-Dust-saturated-32-baseline-w32-s04,density_swaps,Steam,4,-1,-1,128
native-expanded,159-Lava-Dust-saturated-32-baseline-w32-s04,density_swaps,4,Water,1,-1,317
native-expanded,159-Lava-Dust-saturated-32-baseline-w32-s04,density_swaps,Steam,Water,1,-1,7
native-expanded,159-Lava-Dust-saturated-32-baseline-w32-s04,conversions,4,Empty,0,0,927
native-expanded,159-Lava-Dust-saturated-32-baseline-w32-s04,density_swaps,Lava,Water,0,1,70
native-expanded,159-Lava-Dust-saturated-32-baseline-w32-s04,density_swaps,Stone,Water,0,1,57
native-expanded,159-Lava-Dust-saturated-32-baseline-w32-s04,water_transfer_mass,Water,Water,0,1,8335
native-expanded,159-Lava-Dust-saturated-32-baseline-w32-s04,density_swaps,Lava,Dust,-1,1,102
native-expanded,159-Lava-Dust-saturated-32-baseline-w32-s04,density_swaps,Lava,Steam,0,1,1182
native-expanded,159-Lava-Dust-saturated-32-baseline-w32-s04,density_swaps,Stone,Steam,0,1,64
native-expanded,159-Lava-Dust-saturated-32-baseline-w32-s04,density_swaps,Dust,Steam,0,1,19
native-expanded,159-Lava-Dust-saturated-32-baseline-w32-s04,density_swaps,Water,Steam,0,1,2
native-expanded,159-Lava-Dust-saturated-32-baseline-w32-s04,density_swaps,Lava,Stone,1,1,167
native-expanded,159-Lava-Dust-saturated-32-baseline-w32-s04,conversions,6,4,0,0,929
native-expanded,159-Lava-Dust-saturated-32-baseline-w32-s04,density_swaps,Steam,Water,0,-1,14
native-expanded,159-Lava-Dust-saturated-32-baseline-w32-s04,density_swaps,4,Water,0,-1,1618
native-expanded,159-Lava-Dust-saturated-32-baseline-w32-s04,conversions,Dust,6,0,0,929
native-expanded,159-Lava-Dust-saturated-32-baseline-w32-s04,empty_moves,6,Empty,-1,0,1087
native-expanded,159-Lava-Dust-saturated-32-baseline-w32-s04,empty_moves,4,Empty,-1,0,6041
native-expanded,159-Lava-Dust-saturated-32-baseline-w32-s04,empty_moves,Steam,Empty,-1,0,79
native-expanded,159-Lava-Dust-saturated-32-baseline-w32-s04,water_transfer_mass,Water,Empty,-1,0,2252
native-expanded,159-Lava-Dust-saturated-32-baseline-w32-s04,water_transfer_mass,Water,Water,-1,1,4026
native-expanded,159-Lava-Dust-saturated-32-baseline-w32-s04,density_swaps,Dust,Steam,-1,1,2
native-expanded,159-Lava-Dust-saturated-32-baseline-w32-s04,density_swaps,Water,Steam,-1,1,4
native-expanded,159-Lava-Dust-saturated-32-baseline-w32-s04,density_swaps,Steam,Stone,1,-1,1
native-expanded,159-Lava-Dust-saturated-32-baseline-w32-s04,density_swaps,Lava,Stone,0,1,879
native-expanded,159-Lava-Dust-saturated-32-baseline-w32-s04,density_swaps,4,Water,-1,-1,441
native-expanded,159-Lava-Dust-saturated-32-baseline-w32-s04,density_swaps,Steam,Water,-1,-1,13
native-expanded,159-Lava-Dust-saturated-32-baseline-w32-s04,empty_moves,6,Empty,1,-1,1231
native-expanded,159-Lava-Dust-saturated-32-baseline-w32-s04,empty_moves,Steam,Empty,1,-1,113
native-expanded,159-Lava-Dust-saturated-32-baseline-w32-s04,empty_moves,4,Empty,1,-1,4395
native-expanded,159-Lava-Dust-saturated-32-baseline-w32-s04,water_transfer_mass,Water,Water,1,0,13049
native-expanded,159-Lava-Dust-saturated-32-baseline-w32-s04,density_swaps,Dust,6,1,1,43
native-expanded,159-Lava-Dust-saturated-32-baseline-w32-s04,density_swaps,Lava,6,1,1,120
native-expanded,159-Lava-Dust-saturated-32-baseline-w32-s04,empty_moves,Water,Empty,0,1,8055
native-expanded,159-Lava-Dust-saturated-32-baseline-w32-s04,empty_moves,Dust,Empty,0,1,3
native-expanded,159-Lava-Dust-saturated-32-baseline-w32-s04,density_swaps,Steam,Stone,0,-1,38
native-expanded,159-Lava-Dust-saturated-32-baseline-w32-s04,density_swaps,Lava,Stone,-1,1,147
native-expanded,159-Lava-Dust-saturated-32-baseline-w32-s04,density_swaps,Steam,4,1,-1,119
native-expanded,159-Lava-Dust-saturated-32-baseline-w32-s04,density_swaps,Water,4,0,1,282
native-expanded,159-Lava-Dust-saturated-32-baseline-w32-s04,empty_moves,6,Empty,0,-1,1380
native-expanded,159-Lava-Dust-saturated-32-baseline-w32-s04,empty_moves,Steam,Empty,0,-1,7814
native-expanded,159-Lava-Dust-saturated-32-baseline-w32-s04,empty_moves,4,Empty,0,-1,76216
native-expanded,159-Lava-Dust-saturated-32-baseline-w32-s04,conversions,Steam,Water,0,0,93
native-expanded,159-Lava-Dust-saturated-32-baseline-w32-s04,density_swaps,Lava,6,0,1,9372
native-expanded,159-Lava-Dust-saturated-32-baseline-w32-s04,density_swaps,Dust,6,0,1,192
native-expanded,159-Lava-Dust-saturated-32-baseline-w32-s04,density_swaps,Stone,6,0,1,78
native-expanded,159-Lava-Dust-saturated-32-baseline-w32-s04,empty_moves,Water,Empty,-1,1,5
native-expanded,159-Lava-Dust-saturated-32-baseline-w32-s04,empty_moves,Dust,Empty,-1,1,1
native-expanded,159-Lava-Dust-saturated-32-baseline-w32-s04,density_swaps,Lava,Dust,1,1,107
native-expanded,159-Lava-Dust-saturated-32-baseline-w32-s04,conversions,Water,Steam,0,0,93
native-expanded,159-Lava-Dust-saturated-32-baseline-w32-s04,density_swaps,Steam,Stone,-1,-1,1
native-expanded,159-Lava-Dust-saturated-32-baseline-w32-s04,density_swaps,Steam,4,0,-1,2397
native-expanded,159-Lava-Dust-saturated-32-baseline-w32-s04,density_swaps,Water,4,-1,1,1
native-expanded,160-Water-Salt-packed-32-baseline-w32-s00,conversions,Water,Brine,0,0,29
native-expanded,160-Water-Salt-packed-32-baseline-w32-s00,conversions,Salt,Brine,0,0,29
native-expanded,160-Water-Salt-packed-32-baseline-w32-s01,conversions,Water,Brine,0,0,31
native-expanded,160-Water-Salt-packed-32-baseline-w32-s01,conversions,Salt,Brine,0,0,31
native-expanded,160-Water-Salt-packed-32-baseline-w32-s02,conversions,Water,Brine,0,0,29
native-expanded,160-Water-Salt-packed-32-baseline-w32-s02,conversions,Salt,Brine,0,0,29
native-expanded,160-Water-Salt-packed-32-baseline-w32-s03,conversions,Water,Brine,0,0,29
native-expanded,160-Water-Salt-packed-32-baseline-w32-s03,conversions,Salt,Brine,0,0,29
native-expanded,160-Water-Salt-packed-32-baseline-w32-s04,conversions,Water,Brine,0,0,29
native-expanded,160-Water-Salt-packed-32-baseline-w32-s04,conversions,Salt,Brine,0,0,29
native-expanded,161-Lava-Water-packed-32-baseline-w32-s00,empty_moves,Steam,Empty,-1,-1,51
native-expanded,161-Lava-Water-packed-32-baseline-w32-s00,water_transfer_mass,Water,Water,-1,0,18056
native-expanded,161-Lava-Water-packed-32-baseline-w32-s00,water_transfer_mass,Water,Empty,1,0,11252
native-expanded,161-Lava-Water-packed-32-baseline-w32-s00,empty_moves,Steam,Empty,1,0,158
native-expanded,161-Lava-Water-packed-32-baseline-w32-s00,water_transfer_mass,Water,Water,1,1,29617
native-expanded,161-Lava-Water-packed-32-baseline-w32-s00,density_swaps,Steam,Lava,0,-1,250
native-expanded,161-Lava-Water-packed-32-baseline-w32-s00,density_swaps,Water,Steam,1,1,123
native-expanded,161-Lava-Water-packed-32-baseline-w32-s00,conversions,Lava,Stone,0,0,512
native-expanded,161-Lava-Water-packed-32-baseline-w32-s00,density_swaps,Steam,Water,1,-1,192
native-expanded,161-Lava-Water-packed-32-baseline-w32-s00,density_swaps,Lava,Water,0,1,561
native-expanded,161-Lava-Water-packed-32-baseline-w32-s00,density_swaps,Stone,Water,0,1,8837
native-expanded,161-Lava-Water-packed-32-baseline-w32-s00,water_transfer_mass,Water,Water,0,1,73362
native-expanded,161-Lava-Water-packed-32-baseline-w32-s00,density_swaps,Lava,Steam,0,1,3219
native-expanded,161-Lava-Water-packed-32-baseline-w32-s00,density_swaps,Water,Steam,0,1,1396
native-expanded,161-Lava-Water-packed-32-baseline-w32-s00,density_swaps,Stone,Steam,0,1,1456
native-expanded,161-Lava-Water-packed-32-baseline-w32-s00,density_swaps,Steam,Water,0,-1,1778
native-expanded,161-Lava-Water-packed-32-baseline-w32-s00,water_transfer_mass,Water,Empty,-1,0,11210
native-expanded,161-Lava-Water-packed-32-baseline-w32-s00,empty_moves,Steam,Empty,-1,0,134
native-expanded,161-Lava-Water-packed-32-baseline-w32-s00,water_transfer_mass,Water,Water,-1,1,35917
native-expanded,161-Lava-Water-packed-32-baseline-w32-s00,empty_moves,Water,Empty,1,1,123
native-expanded,161-Lava-Water-packed-32-baseline-w32-s00,density_swaps,Water,Steam,-1,1,99
native-expanded,161-Lava-Water-packed-32-baseline-w32-s00,density_swaps,Steam,Stone,1,-1,1
native-expanded,161-Lava-Water-packed-32-baseline-w32-s00,density_swaps,Lava,Stone,0,1,2422
native-expanded,161-Lava-Water-packed-32-baseline-w32-s00,density_swaps,Steam,Water,-1,-1,102
native-expanded,161-Lava-Water-packed-32-baseline-w32-s00,empty_moves,Steam,Empty,1,-1,47
native-expanded,161-Lava-Water-packed-32-baseline-w32-s00,water_transfer_mass,Water,Water,1,0,19111
native-expanded,161-Lava-Water-packed-32-baseline-w32-s00,empty_moves,Water,Empty,0,1,40247
native-expanded,161-Lava-Water-packed-32-baseline-w32-s00,density_swaps,Steam,Stone,0,-1,1614
native-expanded,161-Lava-Water-packed-32-baseline-w32-s00,empty_moves,Steam,Empty,0,-1,40390
native-expanded,161-Lava-Water-packed-32-baseline-w32-s00,conversions,Steam,Water,0,0,512
native-expanded,161-Lava-Water-packed-32-baseline-w32-s00,empty_moves,Water,Empty,-1,1,150
native-expanded,161-Lava-Water-packed-32-baseline-w32-s00,density_swaps,Steam,Lava,1,-1,1
native-expanded,161-Lava-Water-packed-32-baseline-w32-s00,conversions,Water,Steam,0,0,512
native-expanded,161-Lava-Water-packed-32-baseline-w32-s01,empty_moves,Steam,Empty,-1,-1,59
native-expanded,161-Lava-Water-packed-32-baseline-w32-s01,water_transfer_mass,Water,Water,-1,0,21241
native-expanded,161-Lava-Water-packed-32-baseline-w32-s01,water_transfer_mass,Water,Empty,1,0,11275
native-expanded,161-Lava-Water-packed-32-baseline-w32-s01,empty_moves,Steam,Empty,1,0,197
native-expanded,161-Lava-Water-packed-32-baseline-w32-s01,water_transfer_mass,Water,Water,1,1,29706
native-expanded,161-Lava-Water-packed-32-baseline-w32-s01,density_swaps,Steam,Lava,0,-1,231
native-expanded,161-Lava-Water-packed-32-baseline-w32-s01,density_swaps,Water,Steam,1,1,91
native-expanded,161-Lava-Water-packed-32-baseline-w32-s01,conversions,Lava,Stone,0,0,512
native-expanded,161-Lava-Water-packed-32-baseline-w32-s01,density_swaps,Steam,Water,1,-1,83
native-expanded,161-Lava-Water-packed-32-baseline-w32-s01,density_swaps,Lava,Water,0,1,579
native-expanded,161-Lava-Water-packed-32-baseline-w32-s01,density_swaps,Stone,Water,0,1,8333
native-expanded,161-Lava-Water-packed-32-baseline-w32-s01,water_transfer_mass,Water,Water,0,1,82109
native-expanded,161-Lava-Water-packed-32-baseline-w32-s01,density_swaps,Lava,Steam,0,1,3239
native-expanded,161-Lava-Water-packed-32-baseline-w32-s01,density_swaps,Stone,Steam,0,1,1517
native-expanded,161-Lava-Water-packed-32-baseline-w32-s01,density_swaps,Water,Steam,0,1,1483
native-expanded,161-Lava-Water-packed-32-baseline-w32-s01,density_swaps,Steam,Water,0,-1,1770
native-expanded,161-Lava-Water-packed-32-baseline-w32-s01,water_transfer_mass,Water,Empty,-1,0,10800
native-expanded,161-Lava-Water-packed-32-baseline-w32-s01,empty_moves,Steam,Empty,-1,0,169
native-expanded,161-Lava-Water-packed-32-baseline-w32-s01,water_transfer_mass,Water,Water,-1,1,39327
native-expanded,161-Lava-Water-packed-32-baseline-w32-s01,empty_moves,Water,Empty,1,1,145
native-expanded,161-Lava-Water-packed-32-baseline-w32-s01,density_swaps,Water,Steam,-1,1,110
native-expanded,161-Lava-Water-packed-32-baseline-w32-s01,density_swaps,Steam,Stone,1,-1,1
native-expanded,161-Lava-Water-packed-32-baseline-w32-s01,density_swaps,Lava,Stone,0,1,2296
native-expanded,161-Lava-Water-packed-32-baseline-w32-s01,density_swaps,Steam,Water,-1,-1,80
native-expanded,161-Lava-Water-packed-32-baseline-w32-s01,empty_moves,Steam,Empty,1,-1,40
native-expanded,161-Lava-Water-packed-32-baseline-w32-s01,water_transfer_mass,Water,Water,1,0,38826
native-expanded,161-Lava-Water-packed-32-baseline-w32-s01,empty_moves,Water,Empty,0,1,44015
native-expanded,161-Lava-Water-packed-32-baseline-w32-s01,density_swaps,Steam,Stone,0,-1,1450
native-expanded,161-Lava-Water-packed-32-baseline-w32-s01,empty_moves,Steam,Empty,0,-1,43974
native-expanded,161-Lava-Water-packed-32-baseline-w32-s01,conversions,Steam,Water,0,0,512
native-expanded,161-Lava-Water-packed-32-baseline-w32-s01,empty_moves,Water,Empty,-1,1,217
native-expanded,161-Lava-Water-packed-32-baseline-w32-s01,conversions,Water,Steam,0,0,512
native-expanded,161-Lava-Water-packed-32-baseline-w32-s01,density_swaps,Steam,Stone,-1,-1,5
native-expanded,161-Lava-Water-packed-32-baseline-w32-s02,empty_moves,Steam,Empty,-1,-1,51
native-expanded,161-Lava-Water-packed-32-baseline-w32-s02,water_transfer_mass,Water,Water,-1,0,14633
native-expanded,161-Lava-Water-packed-32-baseline-w32-s02,water_transfer_mass,Water,Empty,1,0,11664
native-expanded,161-Lava-Water-packed-32-baseline-w32-s02,empty_moves,Steam,Empty,1,0,150
native-expanded,161-Lava-Water-packed-32-baseline-w32-s02,water_transfer_mass,Water,Water,1,1,32058
native-expanded,161-Lava-Water-packed-32-baseline-w32-s02,density_swaps,Steam,Lava,0,-1,242
native-expanded,161-Lava-Water-packed-32-baseline-w32-s02,density_swaps,Water,Steam,1,1,105
native-expanded,161-Lava-Water-packed-32-baseline-w32-s02,conversions,Lava,Stone,0,0,512
native-expanded,161-Lava-Water-packed-32-baseline-w32-s02,density_swaps,Steam,Water,1,-1,119
native-expanded,161-Lava-Water-packed-32-baseline-w32-s02,density_swaps,Lava,Water,0,1,579
native-expanded,161-Lava-Water-packed-32-baseline-w32-s02,density_swaps,Stone,Water,0,1,5521
native-expanded,161-Lava-Water-packed-32-baseline-w32-s02,water_transfer_mass,Water,Water,0,1,62237
native-expanded,161-Lava-Water-packed-32-baseline-w32-s02,density_swaps,Lava,Steam,0,1,3207
native-expanded,161-Lava-Water-packed-32-baseline-w32-s02,density_swaps,Water,Steam,0,1,1451
native-expanded,161-Lava-Water-packed-32-baseline-w32-s02,density_swaps,Stone,Steam,0,1,1465
native-expanded,161-Lava-Water-packed-32-baseline-w32-s02,density_swaps,Steam,Water,0,-1,1787
native-expanded,161-Lava-Water-packed-32-baseline-w32-s02,water_transfer_mass,Water,Empty,-1,0,8806
native-expanded,161-Lava-Water-packed-32-baseline-w32-s02,empty_moves,Steam,Empty,-1,0,152
native-expanded,161-Lava-Water-packed-32-baseline-w32-s02,water_transfer_mass,Water,Water,-1,1,37206
native-expanded,161-Lava-Water-packed-32-baseline-w32-s02,empty_moves,Water,Empty,1,1,130
native-expanded,161-Lava-Water-packed-32-baseline-w32-s02,density_swaps,Water,Steam,-1,1,118
native-expanded,161-Lava-Water-packed-32-baseline-w32-s02,density_swaps,Steam,Stone,1,-1,4
native-expanded,161-Lava-Water-packed-32-baseline-w32-s02,density_swaps,Lava,Stone,0,1,2295
native-expanded,161-Lava-Water-packed-32-baseline-w32-s02,density_swaps,Steam,Water,-1,-1,62
native-expanded,161-Lava-Water-packed-32-baseline-w32-s02,empty_moves,Steam,Empty,1,-1,55
native-expanded,161-Lava-Water-packed-32-baseline-w32-s02,water_transfer_mass,Water,Water,1,0,16339
native-expanded,161-Lava-Water-packed-32-baseline-w32-s02,empty_moves,Water,Empty,0,1,47651
native-expanded,161-Lava-Water-packed-32-baseline-w32-s02,density_swaps,Steam,Stone,0,-1,1534
native-expanded,161-Lava-Water-packed-32-baseline-w32-s02,empty_moves,Steam,Empty,0,-1,47546
native-expanded,161-Lava-Water-packed-32-baseline-w32-s02,conversions,Steam,Water,0,0,512
native-expanded,161-Lava-Water-packed-32-baseline-w32-s02,empty_moves,Water,Empty,-1,1,130
native-expanded,161-Lava-Water-packed-32-baseline-w32-s02,density_swaps,Steam,Lava,1,-1,4
native-expanded,161-Lava-Water-packed-32-baseline-w32-s02,conversions,Water,Steam,0,0,512
native-expanded,161-Lava-Water-packed-32-baseline-w32-s02,density_swaps,Steam,Stone,-1,-1,2
native-expanded,161-Lava-Water-packed-32-baseline-w32-s03,empty_moves,Steam,Empty,-1,-1,51
native-expanded,161-Lava-Water-packed-32-baseline-w32-s03,water_transfer_mass,Water,Water,-1,0,14105
native-expanded,161-Lava-Water-packed-32-baseline-w32-s03,water_transfer_mass,Water,Empty,1,0,10048
native-expanded,161-Lava-Water-packed-32-baseline-w32-s03,empty_moves,Steam,Empty,1,0,174
native-expanded,161-Lava-Water-packed-32-baseline-w32-s03,water_transfer_mass,Water,Water,1,1,26522
native-expanded,161-Lava-Water-packed-32-baseline-w32-s03,density_swaps,Steam,Lava,0,-1,233
native-expanded,161-Lava-Water-packed-32-baseline-w32-s03,density_swaps,Water,Steam,1,1,87
native-expanded,161-Lava-Water-packed-32-baseline-w32-s03,conversions,Lava,Stone,0,0,512
native-expanded,161-Lava-Water-packed-32-baseline-w32-s03,density_swaps,Steam,Water,1,-1,151
native-expanded,161-Lava-Water-packed-32-baseline-w32-s03,density_swaps,Lava,Water,0,1,504
native-expanded,161-Lava-Water-packed-32-baseline-w32-s03,density_swaps,Stone,Water,0,1,9108
native-expanded,161-Lava-Water-packed-32-baseline-w32-s03,water_transfer_mass,Water,Water,0,1,66354
native-expanded,161-Lava-Water-packed-32-baseline-w32-s03,density_swaps,Steam,Lava,-1,-1,1
native-expanded,161-Lava-Water-packed-32-baseline-w32-s03,density_swaps,Lava,Steam,0,1,3260
native-expanded,161-Lava-Water-packed-32-baseline-w32-s03,density_swaps,Water,Steam,0,1,1488
native-expanded,161-Lava-Water-packed-32-baseline-w32-s03,density_swaps,Stone,Steam,0,1,1501
native-expanded,161-Lava-Water-packed-32-baseline-w32-s03,density_swaps,Steam,Water,0,-1,1686
native-expanded,161-Lava-Water-packed-32-baseline-w32-s03,water_transfer_mass,Water,Empty,-1,0,10012
native-expanded,161-Lava-Water-packed-32-baseline-w32-s03,empty_moves,Steam,Empty,-1,0,186
native-expanded,161-Lava-Water-packed-32-baseline-w32-s03,water_transfer_mass,Water,Water,-1,1,37919
native-expanded,161-Lava-Water-packed-32-baseline-w32-s03,empty_moves,Water,Empty,1,1,139
native-expanded,161-Lava-Water-packed-32-baseline-w32-s03,density_swaps,Water,Steam,-1,1,112
native-expanded,161-Lava-Water-packed-32-baseline-w32-s03,density_swaps,Lava,Stone,0,1,2385
native-expanded,161-Lava-Water-packed-32-baseline-w32-s03,density_swaps,Steam,Water,-1,-1,60
native-expanded,161-Lava-Water-packed-32-baseline-w32-s03,empty_moves,Steam,Empty,1,-1,71
native-expanded,161-Lava-Water-packed-32-baseline-w32-s03,water_transfer_mass,Water,Water,1,0,19892
native-expanded,161-Lava-Water-packed-32-baseline-w32-s03,empty_moves,Water,Empty,0,1,40888
native-expanded,161-Lava-Water-packed-32-baseline-w32-s03,density_swaps,Steam,Stone,0,-1,1589
native-expanded,161-Lava-Water-packed-32-baseline-w32-s03,empty_moves,Steam,Empty,0,-1,40869
native-expanded,161-Lava-Water-packed-32-baseline-w32-s03,conversions,Steam,Water,0,0,512
native-expanded,161-Lava-Water-packed-32-baseline-w32-s03,empty_moves,Water,Empty,-1,1,149
native-expanded,161-Lava-Water-packed-32-baseline-w32-s03,density_swaps,Steam,Lava,1,-1,1
native-expanded,161-Lava-Water-packed-32-baseline-w32-s03,conversions,Water,Steam,0,0,512
native-expanded,161-Lava-Water-packed-32-baseline-w32-s03,density_swaps,Steam,Stone,-1,-1,2
native-expanded,161-Lava-Water-packed-32-baseline-w32-s04,empty_moves,Steam,Empty,-1,-1,70
native-expanded,161-Lava-Water-packed-32-baseline-w32-s04,water_transfer_mass,Water,Water,-1,0,14272
native-expanded,161-Lava-Water-packed-32-baseline-w32-s04,water_transfer_mass,Water,Empty,1,0,9642
native-expanded,161-Lava-Water-packed-32-baseline-w32-s04,empty_moves,Steam,Empty,1,0,161
native-expanded,161-Lava-Water-packed-32-baseline-w32-s04,water_transfer_mass,Water,Water,1,1,28953
native-expanded,161-Lava-Water-packed-32-baseline-w32-s04,density_swaps,Steam,Lava,0,-1,216
native-expanded,161-Lava-Water-packed-32-baseline-w32-s04,density_swaps,Water,Steam,1,1,135
native-expanded,161-Lava-Water-packed-32-baseline-w32-s04,conversions,Lava,Stone,0,0,512
native-expanded,161-Lava-Water-packed-32-baseline-w32-s04,density_swaps,Steam,Water,1,-1,125
native-expanded,161-Lava-Water-packed-32-baseline-w32-s04,density_swaps,Lava,Water,0,1,565
native-expanded,161-Lava-Water-packed-32-baseline-w32-s04,density_swaps,Stone,Water,0,1,8117
native-expanded,161-Lava-Water-packed-32-baseline-w32-s04,water_transfer_mass,Water,Water,0,1,62455
native-expanded,161-Lava-Water-packed-32-baseline-w32-s04,density_swaps,Steam,Lava,-1,-1,1
native-expanded,161-Lava-Water-packed-32-baseline-w32-s04,density_swaps,Lava,Steam,0,1,3268
native-expanded,161-Lava-Water-packed-32-baseline-w32-s04,density_swaps,Stone,Steam,0,1,1527
native-expanded,161-Lava-Water-packed-32-baseline-w32-s04,density_swaps,Water,Steam,0,1,1395
native-expanded,161-Lava-Water-packed-32-baseline-w32-s04,density_swaps,Steam,Water,0,-1,1803
native-expanded,161-Lava-Water-packed-32-baseline-w32-s04,water_transfer_mass,Water,Empty,-1,0,11601
native-expanded,161-Lava-Water-packed-32-baseline-w32-s04,empty_moves,Steam,Empty,-1,0,149
native-expanded,161-Lava-Water-packed-32-baseline-w32-s04,water_transfer_mass,Water,Water,-1,1,30937
native-expanded,161-Lava-Water-packed-32-baseline-w32-s04,empty_moves,Water,Empty,1,1,133
native-expanded,161-Lava-Water-packed-32-baseline-w32-s04,density_swaps,Water,Steam,-1,1,103
native-expanded,161-Lava-Water-packed-32-baseline-w32-s04,density_swaps,Steam,Stone,1,-1,1
native-expanded,161-Lava-Water-packed-32-baseline-w32-s04,density_swaps,Lava,Stone,0,1,2345
native-expanded,161-Lava-Water-packed-32-baseline-w32-s04,density_swaps,Steam,Water,-1,-1,84
native-expanded,161-Lava-Water-packed-32-baseline-w32-s04,empty_moves,Steam,Empty,1,-1,45
native-expanded,161-Lava-Water-packed-32-baseline-w32-s04,water_transfer_mass,Water,Water,1,0,18826
native-expanded,161-Lava-Water-packed-32-baseline-w32-s04,empty_moves,Water,Empty,0,1,44559
native-expanded,161-Lava-Water-packed-32-baseline-w32-s04,density_swaps,Steam,Stone,0,-1,1472
native-expanded,161-Lava-Water-packed-32-baseline-w32-s04,empty_moves,Steam,Empty,0,-1,44467
native-expanded,161-Lava-Water-packed-32-baseline-w32-s04,conversions,Steam,Water,0,0,512
native-expanded,161-Lava-Water-packed-32-baseline-w32-s04,empty_moves,Water,Empty,-1,1,143
native-expanded,161-Lava-Water-packed-32-baseline-w32-s04,conversions,Water,Steam,0,0,512
native-expanded,161-Lava-Water-packed-32-baseline-w32-s04,density_swaps,Steam,Stone,-1,-1,2
native-controls,000-Sand-Dust-packed-32-baseline-w32-s00,density_swaps,Sand,Dust,0,1,16384
native-controls,000-Sand-Dust-packed-32-baseline-w32-s01,density_swaps,Sand,Dust,0,1,16384
native-controls,000-Sand-Dust-packed-32-baseline-w32-s02,density_swaps,Sand,Dust,0,1,16384
native-controls,000-Sand-Dust-packed-32-baseline-w32-s03,density_swaps,Sand,Dust,0,1,16384
native-controls,000-Sand-Dust-packed-32-baseline-w32-s04,density_swaps,Sand,Dust,0,1,16384
native-controls,002-Stone-Sand-packed-32-baseline-w32-s00,density_swaps,Stone,Sand,0,1,15936
native-controls,002-Stone-Sand-packed-32-baseline-w32-s01,density_swaps,Stone,Sand,0,1,15388
native-controls,002-Stone-Sand-packed-32-baseline-w32-s02,density_swaps,Stone,Sand,0,1,15688
native-controls,002-Stone-Sand-packed-32-baseline-w32-s03,density_swaps,Stone,Sand,0,1,15936
native-controls,002-Stone-Sand-packed-32-baseline-w32-s04,density_swaps,Stone,Sand,0,1,15318
native-controls,004-Rust-Sand-packed-32-baseline-w32-s00,density_swaps,Rust,Sand,0,1,16384
native-controls,004-Rust-Sand-packed-32-baseline-w32-s01,density_swaps,Rust,Sand,0,1,16384
native-controls,004-Rust-Sand-packed-32-baseline-w32-s02,density_swaps,Rust,Sand,0,1,16384
native-controls,004-Rust-Sand-packed-32-baseline-w32-s03,density_swaps,Rust,Sand,0,1,16384
native-controls,004-Rust-Sand-packed-32-baseline-w32-s04,density_swaps,Rust,Sand,0,1,16384
native-controls,006-Mercury-Sand-packed-32-baseline-w32-s00,density_swaps,Mercury,Sand,0,1,16384
native-controls,006-Mercury-Sand-packed-32-baseline-w32-s01,density_swaps,Mercury,Sand,0,1,16384
native-controls,006-Mercury-Sand-packed-32-baseline-w32-s02,density_swaps,Mercury,Sand,0,1,16384
native-controls,006-Mercury-Sand-packed-32-baseline-w32-s03,density_swaps,Mercury,Sand,0,1,16384
native-controls,006-Mercury-Sand-packed-32-baseline-w32-s04,density_swaps,Mercury,Sand,0,1,16384
native-controls,008-Mercury-Dust-packed-32-baseline-w32-s00,density_swaps,Mercury,Dust,0,1,16384
native-controls,008-Mercury-Dust-packed-32-baseline-w32-s01,density_swaps,Mercury,Dust,0,1,16384
native-controls,008-Mercury-Dust-packed-32-baseline-w32-s02,density_swaps,Mercury,Dust,0,1,16384
native-controls,008-Mercury-Dust-packed-32-baseline-w32-s03,density_swaps,Mercury,Dust,0,1,16384
native-controls,008-Mercury-Dust-packed-32-baseline-w32-s04,density_swaps,Mercury,Dust,0,1,16384
native-controls,011-Sand-Water-packed-32-baseline-w32-s00,density_swaps,Sand,Water,0,1,16384
native-controls,011-Sand-Water-packed-32-baseline-w32-s01,density_swaps,Sand,Water,0,1,16384
native-controls,011-Sand-Water-packed-32-baseline-w32-s02,density_swaps,Sand,Water,0,1,16384
native-controls,011-Sand-Water-packed-32-baseline-w32-s03,density_swaps,Sand,Water,0,1,16384
native-controls,011-Sand-Water-packed-32-baseline-w32-s04,density_swaps,Sand,Water,0,1,16384
native-controls,012-Water-Dust-packed-32-baseline-w32-s00,density_swaps,Water,Dust,0,1,16384
native-controls,012-Water-Dust-packed-32-baseline-w32-s01,density_swaps,Water,Dust,0,1,16384
native-controls,012-Water-Dust-packed-32-baseline-w32-s02,density_swaps,Water,Dust,0,1,16384
native-controls,012-Water-Dust-packed-32-baseline-w32-s03,density_swaps,Water,Dust,0,1,16384
native-controls,012-Water-Dust-packed-32-baseline-w32-s04,density_swaps,Water,Dust,0,1,16384
native-controls,015-Sand-Oil-packed-32-baseline-w32-s00,density_swaps,Sand,Oil,0,1,16384
native-controls,015-Sand-Oil-packed-32-baseline-w32-s01,density_swaps,Sand,Oil,0,1,16384
native-controls,015-Sand-Oil-packed-32-baseline-w32-s02,density_swaps,Sand,Oil,0,1,16384
native-controls,015-Sand-Oil-packed-32-baseline-w32-s03,density_swaps,Sand,Oil,0,1,16384
native-controls,015-Sand-Oil-packed-32-baseline-w32-s04,density_swaps,Sand,Oil,0,1,16384
native-controls,019-Sand-Brine-packed-32-baseline-w32-s00,density_swaps,Sand,Brine,0,1,16384
native-controls,019-Sand-Brine-packed-32-baseline-w32-s01,density_swaps,Sand,Brine,0,1,16384
native-controls,019-Sand-Brine-packed-32-baseline-w32-s02,density_swaps,Sand,Brine,0,1,16384
native-controls,019-Sand-Brine-packed-32-baseline-w32-s03,density_swaps,Sand,Brine,0,1,16384
native-controls,019-Sand-Brine-packed-32-baseline-w32-s04,density_swaps,Sand,Brine,0,1,16384
native-controls,020-Brine-Dust-packed-32-baseline-w32-s00,density_swaps,Brine,Dust,0,1,16384
native-controls,020-Brine-Dust-packed-32-baseline-w32-s01,density_swaps,Brine,Dust,0,1,16384
native-controls,020-Brine-Dust-packed-32-baseline-w32-s02,density_swaps,Brine,Dust,0,1,16384
native-controls,020-Brine-Dust-packed-32-baseline-w32-s03,density_swaps,Brine,Dust,0,1,16384
native-controls,020-Brine-Dust-packed-32-baseline-w32-s04,density_swaps,Brine,Dust,0,1,16384
native-controls,023-Sand-Paste-packed-32-baseline-w32-s00,density_swaps,Sand,Paste,0,1,16384
native-controls,023-Sand-Paste-packed-32-baseline-w32-s01,density_swaps,Sand,Paste,0,1,16384
native-controls,023-Sand-Paste-packed-32-baseline-w32-s02,density_swaps,Sand,Paste,0,1,16384
native-controls,023-Sand-Paste-packed-32-baseline-w32-s03,density_swaps,Sand,Paste,0,1,16384
native-controls,023-Sand-Paste-packed-32-baseline-w32-s04,density_swaps,Sand,Paste,0,1,16384
native-controls,024-Paste-Dust-packed-32-baseline-w32-s00,density_swaps,Paste,Dust,0,1,16384
native-controls,024-Paste-Dust-packed-32-baseline-w32-s01,density_swaps,Paste,Dust,0,1,16384
native-controls,024-Paste-Dust-packed-32-baseline-w32-s02,density_swaps,Paste,Dust,0,1,16384
native-controls,024-Paste-Dust-packed-32-baseline-w32-s03,density_swaps,Paste,Dust,0,1,16384
native-controls,024-Paste-Dust-packed-32-baseline-w32-s04,density_swaps,Paste,Dust,0,1,16384
native-controls,026-Lava-Sand-packed-32-baseline-w32-s00,density_swaps,Lava,Sand,0,1,16384
native-controls,026-Lava-Sand-packed-32-baseline-w32-s01,density_swaps,Lava,Sand,0,1,16384
native-controls,026-Lava-Sand-packed-32-baseline-w32-s02,density_swaps,Lava,Sand,0,1,16384
native-controls,026-Lava-Sand-packed-32-baseline-w32-s03,density_swaps,Lava,Sand,0,1,16384
native-controls,026-Lava-Sand-packed-32-baseline-w32-s04,density_swaps,Lava,Sand,0,1,16384
native-controls,028-Lava-Dust-packed-32-baseline-w32-s00,empty_moves,6,Empty,-1,-1,1362
native-controls,028-Lava-Dust-packed-32-baseline-w32-s00,empty_moves,4,Empty,-1,-1,4071
native-controls,028-Lava-Dust-packed-32-baseline-w32-s00,density_swaps,Dust,6,-1,1,17
native-controls,028-Lava-Dust-packed-32-baseline-w32-s00,empty_moves,6,Empty,1,0,1229
native-controls,028-Lava-Dust-packed-32-baseline-w32-s00,empty_moves,4,Empty,1,0,4193
native-controls,028-Lava-Dust-packed-32-baseline-w32-s00,density_swaps,Lava,Dust,0,1,6811
native-controls,028-Lava-Dust-packed-32-baseline-w32-s00,conversions,4,Empty,0,0,1020
native-controls,028-Lava-Dust-packed-32-baseline-w32-s00,conversions,6,4,0,0,1024
native-controls,028-Lava-Dust-packed-32-baseline-w32-s00,conversions,Dust,6,0,0,1024
native-controls,028-Lava-Dust-packed-32-baseline-w32-s00,empty_moves,6,Empty,-1,0,1216
native-controls,028-Lava-Dust-packed-32-baseline-w32-s00,empty_moves,4,Empty,-1,0,4395
native-controls,028-Lava-Dust-packed-32-baseline-w32-s00,empty_moves,6,Empty,1,-1,1354
native-controls,028-Lava-Dust-packed-32-baseline-w32-s00,empty_moves,4,Empty,1,-1,4733
native-controls,028-Lava-Dust-packed-32-baseline-w32-s00,density_swaps,Dust,6,1,1,58
native-controls,028-Lava-Dust-packed-32-baseline-w32-s00,empty_moves,6,Empty,0,-1,1552
native-controls,028-Lava-Dust-packed-32-baseline-w32-s00,empty_moves,4,Empty,0,-1,76791
native-controls,028-Lava-Dust-packed-32-baseline-w32-s00,density_swaps,Lava,6,0,1,9573
native-controls,028-Lava-Dust-packed-32-baseline-w32-s00,density_swaps,Dust,6,0,1,269
native-controls,028-Lava-Dust-packed-32-baseline-w32-s01,empty_moves,6,Empty,-1,-1,1340
native-controls,028-Lava-Dust-packed-32-baseline-w32-s01,empty_moves,4,Empty,-1,-1,4494
native-controls,028-Lava-Dust-packed-32-baseline-w32-s01,density_swaps,Dust,6,-1,1,44
native-controls,028-Lava-Dust-packed-32-baseline-w32-s01,empty_moves,6,Empty,1,0,1115
native-controls,028-Lava-Dust-packed-32-baseline-w32-s01,empty_moves,4,Empty,1,0,5362
native-controls,028-Lava-Dust-packed-32-baseline-w32-s01,density_swaps,Lava,Dust,0,1,5721
native-controls,028-Lava-Dust-packed-32-baseline-w32-s01,conversions,4,Empty,0,0,1020
native-controls,028-Lava-Dust-packed-32-baseline-w32-s01,conversions,6,4,0,0,1024
native-controls,028-Lava-Dust-packed-32-baseline-w32-s01,conversions,Dust,6,0,0,1024
native-controls,028-Lava-Dust-packed-32-baseline-w32-s01,empty_moves,6,Empty,-1,0,1176
native-controls,028-Lava-Dust-packed-32-baseline-w32-s01,empty_moves,4,Empty,-1,0,5305
native-controls,028-Lava-Dust-packed-32-baseline-w32-s01,empty_moves,6,Empty,1,-1,1289
native-controls,028-Lava-Dust-packed-32-baseline-w32-s01,empty_moves,4,Empty,1,-1,4531
native-controls,028-Lava-Dust-packed-32-baseline-w32-s01,density_swaps,Dust,6,1,1,41
native-controls,028-Lava-Dust-packed-32-baseline-w32-s01,empty_moves,6,Empty,0,-1,1384
native-controls,028-Lava-Dust-packed-32-baseline-w32-s01,empty_moves,4,Empty,0,-1,83662
native-controls,028-Lava-Dust-packed-32-baseline-w32-s01,density_swaps,Lava,6,0,1,10663
native-controls,028-Lava-Dust-packed-32-baseline-w32-s01,density_swaps,Dust,6,0,1,249
native-controls,028-Lava-Dust-packed-32-baseline-w32-s02,empty_moves,6,Empty,-1,-1,1324
native-controls,028-Lava-Dust-packed-32-baseline-w32-s02,empty_moves,4,Empty,-1,-1,4573
native-controls,028-Lava-Dust-packed-32-baseline-w32-s02,density_swaps,Dust,6,-1,1,84
native-controls,028-Lava-Dust-packed-32-baseline-w32-s02,empty_moves,6,Empty,1,0,1154
native-controls,028-Lava-Dust-packed-32-baseline-w32-s02,empty_moves,4,Empty,1,0,4687
native-controls,028-Lava-Dust-packed-32-baseline-w32-s02,density_swaps,Lava,Dust,0,1,4864
native-controls,028-Lava-Dust-packed-32-baseline-w32-s02,conversions,4,Empty,0,0,1020
native-controls,028-Lava-Dust-packed-32-baseline-w32-s02,conversions,6,4,0,0,1024
native-controls,028-Lava-Dust-packed-32-baseline-w32-s02,conversions,Dust,6,0,0,1024
native-controls,028-Lava-Dust-packed-32-baseline-w32-s02,empty_moves,6,Empty,-1,0,1140
native-controls,028-Lava-Dust-packed-32-baseline-w32-s02,empty_moves,4,Empty,-1,0,4604
native-controls,028-Lava-Dust-packed-32-baseline-w32-s02,empty_moves,6,Empty,1,-1,1311
native-controls,028-Lava-Dust-packed-32-baseline-w32-s02,empty_moves,4,Empty,1,-1,4822
native-controls,028-Lava-Dust-packed-32-baseline-w32-s02,density_swaps,Dust,6,1,1,25
native-controls,028-Lava-Dust-packed-32-baseline-w32-s02,empty_moves,6,Empty,0,-1,1493
native-controls,028-Lava-Dust-packed-32-baseline-w32-s02,empty_moves,4,Empty,0,-1,90483
native-controls,028-Lava-Dust-packed-32-baseline-w32-s02,density_swaps,Lava,6,0,1,11520
native-controls,028-Lava-Dust-packed-32-baseline-w32-s02,density_swaps,Dust,6,0,1,215
native-controls,028-Lava-Dust-packed-32-baseline-w32-s03,empty_moves,6,Empty,-1,-1,1307
native-controls,028-Lava-Dust-packed-32-baseline-w32-s03,empty_moves,4,Empty,-1,-1,4111
native-controls,028-Lava-Dust-packed-32-baseline-w32-s03,density_swaps,Dust,6,-1,1,64
native-controls,028-Lava-Dust-packed-32-baseline-w32-s03,empty_moves,6,Empty,1,0,1248
native-controls,028-Lava-Dust-packed-32-baseline-w32-s03,empty_moves,4,Empty,1,0,6004
native-controls,028-Lava-Dust-packed-32-baseline-w32-s03,density_swaps,Lava,Dust,0,1,6306
native-controls,028-Lava-Dust-packed-32-baseline-w32-s03,conversions,4,Empty,0,0,1019
native-controls,028-Lava-Dust-packed-32-baseline-w32-s03,conversions,6,4,0,0,1024
native-controls,028-Lava-Dust-packed-32-baseline-w32-s03,conversions,Dust,6,0,0,1024
native-controls,028-Lava-Dust-packed-32-baseline-w32-s03,empty_moves,6,Empty,-1,0,1181
native-controls,028-Lava-Dust-packed-32-baseline-w32-s03,empty_moves,4,Empty,-1,0,6477
native-controls,028-Lava-Dust-packed-32-baseline-w32-s03,empty_moves,6,Empty,1,-1,1372
native-controls,028-Lava-Dust-packed-32-baseline-w32-s03,empty_moves,4,Empty,1,-1,5034
native-controls,028-Lava-Dust-packed-32-baseline-w32-s03,density_swaps,Dust,6,1,1,15
native-controls,028-Lava-Dust-packed-32-baseline-w32-s03,empty_moves,6,Empty,0,-1,1488
native-controls,028-Lava-Dust-packed-32-baseline-w32-s03,empty_moves,4,Empty,0,-1,77784
native-controls,028-Lava-Dust-packed-32-baseline-w32-s03,density_swaps,Lava,6,0,1,10078
native-controls,028-Lava-Dust-packed-32-baseline-w32-s03,density_swaps,Dust,6,0,1,236
native-controls,028-Lava-Dust-packed-32-baseline-w32-s04,empty_moves,6,Empty,-1,-1,1340
native-controls,028-Lava-Dust-packed-32-baseline-w32-s04,empty_moves,4,Empty,-1,-1,4767
native-controls,028-Lava-Dust-packed-32-baseline-w32-s04,density_swaps,Dust,6,-1,1,55
native-controls,028-Lava-Dust-packed-32-baseline-w32-s04,empty_moves,6,Empty,1,0,1197
native-controls,028-Lava-Dust-packed-32-baseline-w32-s04,empty_moves,4,Empty,1,0,5353
native-controls,028-Lava-Dust-packed-32-baseline-w32-s04,density_swaps,Lava,Dust,0,1,5553
native-controls,028-Lava-Dust-packed-32-baseline-w32-s04,conversions,4,Empty,0,0,1020
native-controls,028-Lava-Dust-packed-32-baseline-w32-s04,conversions,6,4,0,0,1024
native-controls,028-Lava-Dust-packed-32-baseline-w32-s04,conversions,Dust,6,0,0,1024
native-controls,028-Lava-Dust-packed-32-baseline-w32-s04,empty_moves,6,Empty,-1,0,1177
native-controls,028-Lava-Dust-packed-32-baseline-w32-s04,empty_moves,4,Empty,-1,0,5270
native-controls,028-Lava-Dust-packed-32-baseline-w32-s04,empty_moves,6,Empty,1,-1,1309
native-controls,028-Lava-Dust-packed-32-baseline-w32-s04,empty_moves,4,Empty,1,-1,4635
native-controls,028-Lava-Dust-packed-32-baseline-w32-s04,density_swaps,Dust,6,1,1,28
native-controls,028-Lava-Dust-packed-32-baseline-w32-s04,empty_moves,6,Empty,0,-1,1382
native-controls,028-Lava-Dust-packed-32-baseline-w32-s04,empty_moves,4,Empty,0,-1,84469
native-controls,028-Lava-Dust-packed-32-baseline-w32-s04,density_swaps,Lava,6,0,1,10831
native-controls,028-Lava-Dust-packed-32-baseline-w32-s04,density_swaps,Dust,6,0,1,233
native-controls,029-Dust-Lava-packed-32-baseline-w32-s00,empty_moves,6,Empty,-1,-1,618
native-controls,029-Dust-Lava-packed-32-baseline-w32-s00,empty_moves,4,Empty,-1,-1,1396
native-controls,029-Dust-Lava-packed-32-baseline-w32-s00,density_swaps,Dust,6,-1,1,62
native-controls,029-Dust-Lava-packed-32-baseline-w32-s00,empty_moves,6,Empty,1,0,572
native-controls,029-Dust-Lava-packed-32-baseline-w32-s00,empty_moves,4,Empty,1,0,4865
native-controls,029-Dust-Lava-packed-32-baseline-w32-s00,conversions,4,Empty,0,0,508
native-controls,029-Dust-Lava-packed-32-baseline-w32-s00,conversions,6,4,0,0,512
native-controls,029-Dust-Lava-packed-32-baseline-w32-s00,conversions,Dust,6,0,0,512
native-controls,029-Dust-Lava-packed-32-baseline-w32-s00,empty_moves,6,Empty,-1,0,554
native-controls,029-Dust-Lava-packed-32-baseline-w32-s00,empty_moves,4,Empty,-1,0,4827
native-controls,029-Dust-Lava-packed-32-baseline-w32-s00,empty_moves,6,Empty,1,-1,663
native-controls,029-Dust-Lava-packed-32-baseline-w32-s00,empty_moves,4,Empty,1,-1,1432
native-controls,029-Dust-Lava-packed-32-baseline-w32-s00,density_swaps,Dust,6,1,1,68
native-controls,029-Dust-Lava-packed-32-baseline-w32-s00,empty_moves,6,Empty,0,-1,734
native-controls,029-Dust-Lava-packed-32-baseline-w32-s00,empty_moves,4,Empty,0,-1,37670
native-controls,029-Dust-Lava-packed-32-baseline-w32-s00,density_swaps,Dust,6,0,1,981
native-controls,029-Dust-Lava-packed-32-baseline-w32-s01,empty_moves,6,Empty,-1,-1,684
native-controls,029-Dust-Lava-packed-32-baseline-w32-s01,empty_moves,4,Empty,-1,-1,1393
native-controls,029-Dust-Lava-packed-32-baseline-w32-s01,density_swaps,Dust,6,-1,1,43
native-controls,029-Dust-Lava-packed-32-baseline-w32-s01,empty_moves,6,Empty,1,0,606
native-controls,029-Dust-Lava-packed-32-baseline-w32-s01,empty_moves,4,Empty,1,0,3792
native-controls,029-Dust-Lava-packed-32-baseline-w32-s01,conversions,4,Empty,0,0,508
native-controls,029-Dust-Lava-packed-32-baseline-w32-s01,conversions,6,4,0,0,512
native-controls,029-Dust-Lava-packed-32-baseline-w32-s01,conversions,Dust,6,0,0,512
native-controls,029-Dust-Lava-packed-32-baseline-w32-s01,empty_moves,6,Empty,-1,0,616
native-controls,029-Dust-Lava-packed-32-baseline-w32-s01,empty_moves,4,Empty,-1,0,3779
native-controls,029-Dust-Lava-packed-32-baseline-w32-s01,empty_moves,6,Empty,1,-1,694
native-controls,029-Dust-Lava-packed-32-baseline-w32-s01,empty_moves,4,Empty,1,-1,1496
native-controls,029-Dust-Lava-packed-32-baseline-w32-s01,density_swaps,Dust,6,1,1,59
native-controls,029-Dust-Lava-packed-32-baseline-w32-s01,empty_moves,6,Empty,0,-1,710
native-controls,029-Dust-Lava-packed-32-baseline-w32-s01,empty_moves,4,Empty,0,-1,41062
native-controls,029-Dust-Lava-packed-32-baseline-w32-s01,density_swaps,Dust,6,0,1,1010
native-controls,029-Dust-Lava-packed-32-baseline-w32-s02,empty_moves,6,Empty,-1,-1,705
native-controls,029-Dust-Lava-packed-32-baseline-w32-s02,empty_moves,4,Empty,-1,-1,1418
native-controls,029-Dust-Lava-packed-32-baseline-w32-s02,density_swaps,Dust,6,-1,1,50
native-controls,029-Dust-Lava-packed-32-baseline-w32-s02,empty_moves,6,Empty,1,0,617
native-controls,029-Dust-Lava-packed-32-baseline-w32-s02,empty_moves,4,Empty,1,0,3606
native-controls,029-Dust-Lava-packed-32-baseline-w32-s02,conversions,4,Empty,0,0,508
native-controls,029-Dust-Lava-packed-32-baseline-w32-s02,conversions,6,4,0,0,512
native-controls,029-Dust-Lava-packed-32-baseline-w32-s02,conversions,Dust,6,0,0,512
native-controls,029-Dust-Lava-packed-32-baseline-w32-s02,empty_moves,6,Empty,-1,0,618
native-controls,029-Dust-Lava-packed-32-baseline-w32-s02,empty_moves,4,Empty,-1,0,3792
native-controls,029-Dust-Lava-packed-32-baseline-w32-s02,empty_moves,6,Empty,1,-1,721
native-controls,029-Dust-Lava-packed-32-baseline-w32-s02,empty_moves,4,Empty,1,-1,1710
native-controls,029-Dust-Lava-packed-32-baseline-w32-s02,density_swaps,Dust,6,1,1,53
native-controls,029-Dust-Lava-packed-32-baseline-w32-s02,empty_moves,6,Empty,0,-1,803
native-controls,029-Dust-Lava-packed-32-baseline-w32-s02,empty_moves,4,Empty,0,-1,44415
native-controls,029-Dust-Lava-packed-32-baseline-w32-s02,density_swaps,Dust,6,0,1,921
native-controls,029-Dust-Lava-packed-32-baseline-w32-s03,empty_moves,6,Empty,-1,-1,665
native-controls,029-Dust-Lava-packed-32-baseline-w32-s03,empty_moves,4,Empty,-1,-1,1414
native-controls,029-Dust-Lava-packed-32-baseline-w32-s03,density_swaps,Dust,6,-1,1,40
native-controls,029-Dust-Lava-packed-32-baseline-w32-s03,empty_moves,6,Empty,1,0,633
native-controls,029-Dust-Lava-packed-32-baseline-w32-s03,empty_moves,4,Empty,1,0,3667
native-controls,029-Dust-Lava-packed-32-baseline-w32-s03,conversions,4,Empty,0,0,509
native-controls,029-Dust-Lava-packed-32-baseline-w32-s03,conversions,6,4,0,0,512
native-controls,029-Dust-Lava-packed-32-baseline-w32-s03,conversions,Dust,6,0,0,512
native-controls,029-Dust-Lava-packed-32-baseline-w32-s03,empty_moves,6,Empty,-1,0,602
native-controls,029-Dust-Lava-packed-32-baseline-w32-s03,empty_moves,4,Empty,-1,0,3648
native-controls,029-Dust-Lava-packed-32-baseline-w32-s03,empty_moves,6,Empty,1,-1,696
native-controls,029-Dust-Lava-packed-32-baseline-w32-s03,empty_moves,4,Empty,1,-1,1464
native-controls,029-Dust-Lava-packed-32-baseline-w32-s03,density_swaps,Dust,6,1,1,42
native-controls,029-Dust-Lava-packed-32-baseline-w32-s03,empty_moves,6,Empty,0,-1,687
native-controls,029-Dust-Lava-packed-32-baseline-w32-s03,empty_moves,4,Empty,0,-1,38137
native-controls,029-Dust-Lava-packed-32-baseline-w32-s03,density_swaps,Dust,6,0,1,1038
native-controls,029-Dust-Lava-packed-32-baseline-w32-s04,empty_moves,6,Empty,-1,-1,703
native-controls,029-Dust-Lava-packed-32-baseline-w32-s04,empty_moves,4,Empty,-1,-1,1218
native-controls,029-Dust-Lava-packed-32-baseline-w32-s04,density_swaps,Dust,6,-1,1,41
native-controls,029-Dust-Lava-packed-32-baseline-w32-s04,empty_moves,6,Empty,1,0,628
native-controls,029-Dust-Lava-packed-32-baseline-w32-s04,empty_moves,4,Empty,1,0,4120
native-controls,029-Dust-Lava-packed-32-baseline-w32-s04,conversions,4,Empty,0,0,508
native-controls,029-Dust-Lava-packed-32-baseline-w32-s04,conversions,6,4,0,0,512
native-controls,029-Dust-Lava-packed-32-baseline-w32-s04,conversions,Dust,6,0,0,512
native-controls,029-Dust-Lava-packed-32-baseline-w32-s04,empty_moves,6,Empty,-1,0,585
native-controls,029-Dust-Lava-packed-32-baseline-w32-s04,empty_moves,4,Empty,-1,0,4179
native-controls,029-Dust-Lava-packed-32-baseline-w32-s04,empty_moves,6,Empty,1,-1,700
native-controls,029-Dust-Lava-packed-32-baseline-w32-s04,empty_moves,4,Empty,1,-1,1458
native-controls,029-Dust-Lava-packed-32-baseline-w32-s04,density_swaps,Dust,6,1,1,33
native-controls,029-Dust-Lava-packed-32-baseline-w32-s04,empty_moves,6,Empty,0,-1,705
native-controls,029-Dust-Lava-packed-32-baseline-w32-s04,empty_moves,4,Empty,0,-1,41759
native-controls,029-Dust-Lava-packed-32-baseline-w32-s04,density_swaps,Dust,6,0,1,1011
native-controls,037-Mercury-Sand-packed-32-viscosity_96-w32-s00,density_swaps,Mercury,Sand,0,1,16384
native-controls,037-Mercury-Sand-packed-32-viscosity_96-w32-s01,density_swaps,Mercury,Sand,0,1,16384
native-controls,037-Mercury-Sand-packed-32-viscosity_96-w32-s02,density_swaps,Mercury,Sand,0,1,16384
native-controls,037-Mercury-Sand-packed-32-viscosity_96-w32-s03,density_swaps,Mercury,Sand,0,1,16384
native-controls,037-Mercury-Sand-packed-32-viscosity_96-w32-s04,density_swaps,Mercury,Sand,0,1,16384
native-controls,038-Mercury-Sand-packed-32-viscosity_96-w1-s00,density_swaps,Mercury,Sand,0,1,512
native-controls,038-Mercury-Sand-packed-32-viscosity_96-w1-s01,density_swaps,Mercury,Sand,0,1,512
native-controls,038-Mercury-Sand-packed-32-viscosity_96-w1-s02,density_swaps,Mercury,Sand,0,1,512
native-controls,038-Mercury-Sand-packed-32-viscosity_96-w1-s03,density_swaps,Mercury,Sand,0,1,512
native-controls,038-Mercury-Sand-packed-32-viscosity_96-w1-s04,density_swaps,Mercury,Sand,0,1,512
native-controls,039-Mercury-Sand-packed-32-viscosity_160-w32-s00,density_swaps,Mercury,Sand,0,1,16384
native-controls,039-Mercury-Sand-packed-32-viscosity_160-w32-s01,density_swaps,Mercury,Sand,0,1,16384
native-controls,039-Mercury-Sand-packed-32-viscosity_160-w32-s02,density_swaps,Mercury,Sand,0,1,16384
native-controls,039-Mercury-Sand-packed-32-viscosity_160-w32-s03,density_swaps,Mercury,Sand,0,1,16384
native-controls,039-Mercury-Sand-packed-32-viscosity_160-w32-s04,density_swaps,Mercury,Sand,0,1,16384
native-controls,040-Mercury-Sand-packed-32-viscosity_160-w1-s00,density_swaps,Mercury,Sand,0,1,512
native-controls,040-Mercury-Sand-packed-32-viscosity_160-w1-s01,density_swaps,Mercury,Sand,0,1,512
native-controls,040-Mercury-Sand-packed-32-viscosity_160-w1-s02,density_swaps,Mercury,Sand,0,1,512
native-controls,040-Mercury-Sand-packed-32-viscosity_160-w1-s03,density_swaps,Mercury,Sand,0,1,512
native-controls,040-Mercury-Sand-packed-32-viscosity_160-w1-s04,density_swaps,Mercury,Sand,0,1,512
native-controls,041-Mercury-Sand-packed-32-viscosity_224-w32-s00,density_swaps,Mercury,Sand,0,1,16384
native-controls,041-Mercury-Sand-packed-32-viscosity_224-w32-s01,density_swaps,Mercury,Sand,0,1,16384
native-controls,041-Mercury-Sand-packed-32-viscosity_224-w32-s02,density_swaps,Mercury,Sand,0,1,16384
native-controls,041-Mercury-Sand-packed-32-viscosity_224-w32-s03,density_swaps,Mercury,Sand,0,1,16384
native-controls,041-Mercury-Sand-packed-32-viscosity_224-w32-s04,density_swaps,Mercury,Sand,0,1,16384
native-controls,042-Mercury-Sand-packed-32-viscosity_224-w1-s00,density_swaps,Mercury,Sand,0,1,512
native-controls,042-Mercury-Sand-packed-32-viscosity_224-w1-s01,density_swaps,Mercury,Sand,0,1,512
native-controls,042-Mercury-Sand-packed-32-viscosity_224-w1-s02,density_swaps,Mercury,Sand,0,1,512
native-controls,042-Mercury-Sand-packed-32-viscosity_224-w1-s03,density_swaps,Mercury,Sand,0,1,512
native-controls,042-Mercury-Sand-packed-32-viscosity_224-w1-s04,density_swaps,Mercury,Sand,0,1,512
native-controls,043-Mercury-Sand-packed-32-viscosity_248-w32-s00,density_swaps,Mercury,Sand,0,1,16384
native-controls,043-Mercury-Sand-packed-32-viscosity_248-w32-s01,density_swaps,Mercury,Sand,0,1,16384
native-controls,043-Mercury-Sand-packed-32-viscosity_248-w32-s02,density_swaps,Mercury,Sand,0,1,16384
native-controls,043-Mercury-Sand-packed-32-viscosity_248-w32-s03,density_swaps,Mercury,Sand,0,1,16384
native-controls,043-Mercury-Sand-packed-32-viscosity_248-w32-s04,density_swaps,Mercury,Sand,0,1,16384
native-controls,044-Mercury-Sand-packed-32-viscosity_248-w1-s00,density_swaps,Mercury,Sand,0,1,512
native-controls,044-Mercury-Sand-packed-32-viscosity_248-w1-s01,density_swaps,Mercury,Sand,0,1,512
native-controls,044-Mercury-Sand-packed-32-viscosity_248-w1-s02,density_swaps,Mercury,Sand,0,1,512
native-controls,044-Mercury-Sand-packed-32-viscosity_248-w1-s03,density_swaps,Mercury,Sand,0,1,512
native-controls,044-Mercury-Sand-packed-32-viscosity_248-w1-s04,density_swaps,Mercury,Sand,0,1,512
native-controls,046-Sand-Dust-reentry-32-baseline-w32-s00,density_swaps,Sand,Dust,0,1,16384
native-controls,046-Sand-Dust-reentry-32-baseline-w32-s01,density_swaps,Sand,Dust,0,1,16384
native-controls,046-Sand-Dust-reentry-32-baseline-w32-s02,density_swaps,Sand,Dust,0,1,16384
native-controls,046-Sand-Dust-reentry-32-baseline-w32-s03,density_swaps,Sand,Dust,0,1,16384
native-controls,046-Sand-Dust-reentry-32-baseline-w32-s04,density_swaps,Sand,Dust,0,1,16384
native-controls,047-Sand-Dust-excavate-32-baseline-w32-s00,density_swaps,Sand,Dust,0,1,16678
native-controls,047-Sand-Dust-excavate-32-baseline-w32-s00,density_swaps,Sand,Dust,-1,1,710
native-controls,047-Sand-Dust-excavate-32-baseline-w32-s00,empty_moves,Sand,Empty,1,1,2161
native-controls,047-Sand-Dust-excavate-32-baseline-w32-s00,empty_moves,Dust,Empty,1,1,24642
native-controls,047-Sand-Dust-excavate-32-baseline-w32-s00,empty_moves,Sand,Empty,0,1,20265
native-controls,047-Sand-Dust-excavate-32-baseline-w32-s00,empty_moves,Dust,Empty,0,1,38739
native-controls,047-Sand-Dust-excavate-32-baseline-w32-s00,empty_moves,Sand,Empty,-1,1,1890
native-controls,047-Sand-Dust-excavate-32-baseline-w32-s00,empty_moves,Dust,Empty,-1,1,22880
native-controls,047-Sand-Dust-excavate-32-baseline-w32-s00,density_swaps,Sand,Dust,1,1,637
native-controls,047-Sand-Dust-excavate-32-baseline-w32-s01,density_swaps,Sand,Dust,0,1,16880
native-controls,047-Sand-Dust-excavate-32-baseline-w32-s01,density_swaps,Sand,Dust,-1,1,571
native-controls,047-Sand-Dust-excavate-32-baseline-w32-s01,empty_moves,Sand,Empty,1,1,2147
native-controls,047-Sand-Dust-excavate-32-baseline-w32-s01,empty_moves,Dust,Empty,1,1,25120
native-controls,047-Sand-Dust-excavate-32-baseline-w32-s01,empty_moves,Sand,Empty,0,1,17500
native-controls,047-Sand-Dust-excavate-32-baseline-w32-s01,empty_moves,Dust,Empty,0,1,30669
native-controls,047-Sand-Dust-excavate-32-baseline-w32-s01,empty_moves,Sand,Empty,-1,1,2078
native-controls,047-Sand-Dust-excavate-32-baseline-w32-s01,empty_moves,Dust,Empty,-1,1,20429
native-controls,047-Sand-Dust-excavate-32-baseline-w32-s01,density_swaps,Sand,Dust,1,1,465
native-controls,047-Sand-Dust-excavate-32-baseline-w32-s02,density_swaps,Sand,Dust,0,1,16848
native-controls,047-Sand-Dust-excavate-32-baseline-w32-s02,density_swaps,Sand,Dust,-1,1,608
native-controls,047-Sand-Dust-excavate-32-baseline-w32-s02,empty_moves,Sand,Empty,1,1,2132
native-controls,047-Sand-Dust-excavate-32-baseline-w32-s02,empty_moves,Dust,Empty,1,1,24946
native-controls,047-Sand-Dust-excavate-32-baseline-w32-s02,empty_moves,Sand,Empty,0,1,14779
native-controls,047-Sand-Dust-excavate-32-baseline-w32-s02,empty_moves,Dust,Empty,0,1,24469
native-controls,047-Sand-Dust-excavate-32-baseline-w32-s02,empty_moves,Sand,Empty,-1,1,2097
native-controls,047-Sand-Dust-excavate-32-baseline-w32-s02,empty_moves,Dust,Empty,-1,1,21019
native-controls,047-Sand-Dust-excavate-32-baseline-w32-s02,density_swaps,Sand,Dust,1,1,572
native-controls,047-Sand-Dust-excavate-32-baseline-w32-s03,density_swaps,Sand,Dust,0,1,16723
native-controls,047-Sand-Dust-excavate-32-baseline-w32-s03,density_swaps,Sand,Dust,-1,1,609
native-controls,047-Sand-Dust-excavate-32-baseline-w32-s03,empty_moves,Sand,Empty,1,1,2211
native-controls,047-Sand-Dust-excavate-32-baseline-w32-s03,empty_moves,Dust,Empty,1,1,24449
native-controls,047-Sand-Dust-excavate-32-baseline-w32-s03,empty_moves,Sand,Empty,0,1,19896
native-controls,047-Sand-Dust-excavate-32-baseline-w32-s03,empty_moves,Dust,Empty,0,1,37694
native-controls,047-Sand-Dust-excavate-32-baseline-w32-s03,empty_moves,Sand,Empty,-1,1,1948
native-controls,047-Sand-Dust-excavate-32-baseline-w32-s03,empty_moves,Dust,Empty,-1,1,21959
native-controls,047-Sand-Dust-excavate-32-baseline-w32-s03,density_swaps,Sand,Dust,1,1,592
native-controls,047-Sand-Dust-excavate-32-baseline-w32-s04,density_swaps,Sand,Dust,0,1,16866
native-controls,047-Sand-Dust-excavate-32-baseline-w32-s04,density_swaps,Sand,Dust,-1,1,590
native-controls,047-Sand-Dust-excavate-32-baseline-w32-s04,empty_moves,Sand,Empty,1,1,2108
native-controls,047-Sand-Dust-excavate-32-baseline-w32-s04,empty_moves,Dust,Empty,1,1,23528
native-controls,047-Sand-Dust-excavate-32-baseline-w32-s04,empty_moves,Sand,Empty,0,1,17141
native-controls,047-Sand-Dust-excavate-32-baseline-w32-s04,empty_moves,Dust,Empty,0,1,31094
native-controls,047-Sand-Dust-excavate-32-baseline-w32-s04,empty_moves,Sand,Empty,-1,1,2088
native-controls,047-Sand-Dust-excavate-32-baseline-w32-s04,empty_moves,Dust,Empty,-1,1,22837
native-controls,047-Sand-Dust-excavate-32-baseline-w32-s04,density_swaps,Sand,Dust,1,1,478
native-controls,048-Sand-Dust-packed-32-baseline-w32-s00,density_swaps,Sand,Dust,0,1,16384
native-controls,048-Sand-Dust-packed-32-baseline-w32-s01,density_swaps,Sand,Dust,0,1,16384
native-controls,048-Sand-Dust-packed-32-baseline-w32-s02,density_swaps,Sand,Dust,0,1,16384
native-controls,048-Sand-Dust-packed-32-baseline-w32-s03,density_swaps,Sand,Dust,0,1,16384
native-controls,048-Sand-Dust-packed-32-baseline-w32-s04,density_swaps,Sand,Dust,0,1,16384
native-controls,049-Mercury-Sand-packed-32-baseline-w32-s00,density_swaps,Mercury,Sand,0,1,16384
native-controls,049-Mercury-Sand-packed-32-baseline-w32-s01,density_swaps,Mercury,Sand,0,1,16384
native-controls,049-Mercury-Sand-packed-32-baseline-w32-s02,density_swaps,Mercury,Sand,0,1,16384
native-controls,049-Mercury-Sand-packed-32-baseline-w32-s03,density_swaps,Mercury,Sand,0,1,16384
native-controls,049-Mercury-Sand-packed-32-baseline-w32-s04,density_swaps,Mercury,Sand,0,1,16384
native-controls,052-Sand-Dust-packed-32-baseline-w32-s00,density_swaps,Sand,Dust,0,1,16384
native-controls,052-Sand-Dust-packed-32-baseline-w32-s01,density_swaps,Sand,Dust,0,1,16384
native-controls,052-Sand-Dust-packed-32-baseline-w32-s02,density_swaps,Sand,Dust,0,1,16384
native-controls,052-Sand-Dust-packed-32-baseline-w32-s03,density_swaps,Sand,Dust,0,1,16384
native-controls,052-Sand-Dust-packed-32-baseline-w32-s04,density_swaps,Sand,Dust,0,1,16384
native-controls,053-Mercury-Sand-packed-32-baseline-w32-s00,density_swaps,Mercury,Sand,0,1,16384
native-controls,053-Mercury-Sand-packed-32-baseline-w32-s01,density_swaps,Mercury,Sand,0,1,16384
native-controls,053-Mercury-Sand-packed-32-baseline-w32-s02,density_swaps,Mercury,Sand,0,1,16384
native-controls,053-Mercury-Sand-packed-32-baseline-w32-s03,density_swaps,Mercury,Sand,0,1,16384
native-controls,053-Mercury-Sand-packed-32-baseline-w32-s04,density_swaps,Mercury,Sand,0,1,16384
native-finalists,003-Mercury-Sand-packed-32-viscosity_96-w32-s00,density_swaps,Mercury,Sand,0,1,16384
native-finalists,003-Mercury-Sand-packed-32-viscosity_96-w32-s01,density_swaps,Mercury,Sand,0,1,16384
native-finalists,003-Mercury-Sand-packed-32-viscosity_96-w32-s02,density_swaps,Mercury,Sand,0,1,16384
native-finalists,003-Mercury-Sand-packed-32-viscosity_96-w32-s03,density_swaps,Mercury,Sand,0,1,16384
native-finalists,003-Mercury-Sand-packed-32-viscosity_96-w32-s04,density_swaps,Mercury,Sand,0,1,16384
native-finalists,003-Mercury-Sand-packed-32-viscosity_96-w32-s05,density_swaps,Mercury,Sand,0,1,16384
native-finalists,003-Mercury-Sand-packed-32-viscosity_96-w32-s06,density_swaps,Mercury,Sand,0,1,16384
native-finalists,003-Mercury-Sand-packed-32-viscosity_96-w32-s07,density_swaps,Mercury,Sand,0,1,16384
native-finalists,003-Mercury-Sand-packed-32-viscosity_96-w32-s08,density_swaps,Mercury,Sand,0,1,16384
native-finalists,003-Mercury-Sand-packed-32-viscosity_96-w32-s09,density_swaps,Mercury,Sand,0,1,16384
native-finalists,003-Mercury-Sand-packed-32-viscosity_96-w32-s10,density_swaps,Mercury,Sand,0,1,16384
native-finalists,003-Mercury-Sand-packed-32-viscosity_96-w32-s11,density_swaps,Mercury,Sand,1,1,575
native-finalists,003-Mercury-Sand-packed-32-viscosity_96-w32-s11,density_swaps,Mercury,Sand,0,1,15172
native-finalists,003-Mercury-Sand-packed-32-viscosity_96-w32-s11,density_swaps,Mercury,Sand,-1,1,635
native-finalists,003-Mercury-Sand-packed-32-viscosity_96-w32-s12,density_swaps,Mercury,Sand,1,1,169
native-finalists,003-Mercury-Sand-packed-32-viscosity_96-w32-s12,density_swaps,Mercury,Sand,0,1,16046
native-finalists,003-Mercury-Sand-packed-32-viscosity_96-w32-s12,density_swaps,Mercury,Sand,-1,1,169
native-finalists,003-Mercury-Sand-packed-32-viscosity_96-w32-s13,density_swaps,Mercury,Sand,1,1,475
native-finalists,003-Mercury-Sand-packed-32-viscosity_96-w32-s13,density_swaps,Mercury,Sand,0,1,15402
native-finalists,003-Mercury-Sand-packed-32-viscosity_96-w32-s13,density_swaps,Mercury,Sand,-1,1,505
native-finalists,003-Mercury-Sand-packed-32-viscosity_96-w32-s14,density_swaps,Mercury,Sand,1,1,356
native-finalists,003-Mercury-Sand-packed-32-viscosity_96-w32-s14,density_swaps,Mercury,Sand,0,1,15603
native-finalists,003-Mercury-Sand-packed-32-viscosity_96-w32-s14,density_swaps,Mercury,Sand,-1,1,422
native-finalists,003-Mercury-Sand-packed-32-viscosity_96-w32-s15,density_swaps,Mercury,Sand,1,1,229
native-finalists,003-Mercury-Sand-packed-32-viscosity_96-w32-s15,density_swaps,Mercury,Sand,0,1,15905
native-finalists,003-Mercury-Sand-packed-32-viscosity_96-w32-s15,density_swaps,Mercury,Sand,-1,1,249
native-finalists,003-Mercury-Sand-packed-32-viscosity_96-w32-s16,density_swaps,Mercury,Sand,1,1,210
native-finalists,003-Mercury-Sand-packed-32-viscosity_96-w32-s16,density_swaps,Mercury,Sand,0,1,15946
native-finalists,003-Mercury-Sand-packed-32-viscosity_96-w32-s16,density_swaps,Mercury,Sand,-1,1,227
native-finalists,003-Mercury-Sand-packed-32-viscosity_96-w32-s17,density_swaps,Mercury,Sand,1,1,261
native-finalists,003-Mercury-Sand-packed-32-viscosity_96-w32-s17,density_swaps,Mercury,Sand,0,1,15840
native-finalists,003-Mercury-Sand-packed-32-viscosity_96-w32-s17,density_swaps,Mercury,Sand,-1,1,281
native-finalists,003-Mercury-Sand-packed-32-viscosity_96-w32-s18,density_swaps,Mercury,Sand,1,1,111
native-finalists,003-Mercury-Sand-packed-32-viscosity_96-w32-s18,density_swaps,Mercury,Sand,0,1,16150
native-finalists,003-Mercury-Sand-packed-32-viscosity_96-w32-s18,density_swaps,Mercury,Sand,-1,1,122
native-finalists,003-Mercury-Sand-packed-32-viscosity_96-w32-s19,density_swaps,Mercury,Sand,1,1,129
native-finalists,003-Mercury-Sand-packed-32-viscosity_96-w32-s19,density_swaps,Mercury,Sand,0,1,16110
native-finalists,003-Mercury-Sand-packed-32-viscosity_96-w32-s19,density_swaps,Mercury,Sand,-1,1,143
native-finalists,004-Mercury-Sand-packed-32-viscosity_96-w1-s00,density_swaps,Mercury,Sand,0,1,512
native-finalists,004-Mercury-Sand-packed-32-viscosity_96-w1-s01,density_swaps,Mercury,Sand,0,1,512
native-finalists,004-Mercury-Sand-packed-32-viscosity_96-w1-s02,density_swaps,Mercury,Sand,0,1,512
native-finalists,004-Mercury-Sand-packed-32-viscosity_96-w1-s03,density_swaps,Mercury,Sand,0,1,512
native-finalists,004-Mercury-Sand-packed-32-viscosity_96-w1-s04,density_swaps,Mercury,Sand,0,1,512
native-finalists,004-Mercury-Sand-packed-32-viscosity_96-w1-s05,density_swaps,Mercury,Sand,0,1,512
native-finalists,004-Mercury-Sand-packed-32-viscosity_96-w1-s06,density_swaps,Mercury,Sand,0,1,512
native-finalists,004-Mercury-Sand-packed-32-viscosity_96-w1-s07,density_swaps,Mercury,Sand,0,1,512
native-finalists,004-Mercury-Sand-packed-32-viscosity_96-w1-s08,density_swaps,Mercury,Sand,0,1,512
native-finalists,004-Mercury-Sand-packed-32-viscosity_96-w1-s09,density_swaps,Mercury,Sand,0,1,512
native-finalists,004-Mercury-Sand-packed-32-viscosity_96-w1-s10,density_swaps,Mercury,Sand,0,1,512
native-finalists,004-Mercury-Sand-packed-32-viscosity_96-w1-s11,density_swaps,Mercury,Sand,0,1,512
native-finalists,004-Mercury-Sand-packed-32-viscosity_96-w1-s12,density_swaps,Mercury,Sand,0,1,512
native-finalists,004-Mercury-Sand-packed-32-viscosity_96-w1-s13,density_swaps,Mercury,Sand,0,1,512
native-finalists,004-Mercury-Sand-packed-32-viscosity_96-w1-s14,density_swaps,Mercury,Sand,0,1,512
native-finalists,004-Mercury-Sand-packed-32-viscosity_96-w1-s15,density_swaps,Mercury,Sand,0,1,512
native-finalists,004-Mercury-Sand-packed-32-viscosity_96-w1-s16,density_swaps,Mercury,Sand,0,1,512
native-finalists,004-Mercury-Sand-packed-32-viscosity_96-w1-s17,density_swaps,Mercury,Sand,0,1,512
native-finalists,004-Mercury-Sand-packed-32-viscosity_96-w1-s18,density_swaps,Mercury,Sand,0,1,512
native-finalists,004-Mercury-Sand-packed-32-viscosity_96-w1-s19,density_swaps,Mercury,Sand,0,1,512
native-finalists,005-Mercury-Sand-packed-32-viscosity_160-w32-s00,density_swaps,Mercury,Sand,0,1,16384
native-finalists,005-Mercury-Sand-packed-32-viscosity_160-w32-s01,density_swaps,Mercury,Sand,0,1,16384
native-finalists,005-Mercury-Sand-packed-32-viscosity_160-w32-s02,density_swaps,Mercury,Sand,0,1,16384
native-finalists,005-Mercury-Sand-packed-32-viscosity_160-w32-s03,density_swaps,Mercury,Sand,0,1,16384
native-finalists,005-Mercury-Sand-packed-32-viscosity_160-w32-s04,density_swaps,Mercury,Sand,0,1,16384
native-finalists,005-Mercury-Sand-packed-32-viscosity_160-w32-s05,density_swaps,Mercury,Sand,0,1,16384
native-finalists,005-Mercury-Sand-packed-32-viscosity_160-w32-s06,density_swaps,Mercury,Sand,0,1,16384
native-finalists,005-Mercury-Sand-packed-32-viscosity_160-w32-s07,density_swaps,Mercury,Sand,0,1,16384
native-finalists,005-Mercury-Sand-packed-32-viscosity_160-w32-s08,density_swaps,Mercury,Sand,0,1,16384
native-finalists,005-Mercury-Sand-packed-32-viscosity_160-w32-s09,density_swaps,Mercury,Sand,0,1,16384
native-finalists,005-Mercury-Sand-packed-32-viscosity_160-w32-s10,density_swaps,Mercury,Sand,0,1,16384
native-finalists,005-Mercury-Sand-packed-32-viscosity_160-w32-s11,density_swaps,Mercury,Sand,1,1,575
native-finalists,005-Mercury-Sand-packed-32-viscosity_160-w32-s11,density_swaps,Mercury,Sand,0,1,15172
native-finalists,005-Mercury-Sand-packed-32-viscosity_160-w32-s11,density_swaps,Mercury,Sand,-1,1,635
native-finalists,005-Mercury-Sand-packed-32-viscosity_160-w32-s12,density_swaps,Mercury,Sand,1,1,169
native-finalists,005-Mercury-Sand-packed-32-viscosity_160-w32-s12,density_swaps,Mercury,Sand,0,1,16046
native-finalists,005-Mercury-Sand-packed-32-viscosity_160-w32-s12,density_swaps,Mercury,Sand,-1,1,169
native-finalists,005-Mercury-Sand-packed-32-viscosity_160-w32-s13,density_swaps,Mercury,Sand,1,1,475
native-finalists,005-Mercury-Sand-packed-32-viscosity_160-w32-s13,density_swaps,Mercury,Sand,0,1,15402
native-finalists,005-Mercury-Sand-packed-32-viscosity_160-w32-s13,density_swaps,Mercury,Sand,-1,1,505
native-finalists,005-Mercury-Sand-packed-32-viscosity_160-w32-s14,density_swaps,Mercury,Sand,1,1,356
native-finalists,005-Mercury-Sand-packed-32-viscosity_160-w32-s14,density_swaps,Mercury,Sand,0,1,15603
native-finalists,005-Mercury-Sand-packed-32-viscosity_160-w32-s14,density_swaps,Mercury,Sand,-1,1,422
native-finalists,005-Mercury-Sand-packed-32-viscosity_160-w32-s15,density_swaps,Mercury,Sand,1,1,229
native-finalists,005-Mercury-Sand-packed-32-viscosity_160-w32-s15,density_swaps,Mercury,Sand,0,1,15905
native-finalists,005-Mercury-Sand-packed-32-viscosity_160-w32-s15,density_swaps,Mercury,Sand,-1,1,249
native-finalists,005-Mercury-Sand-packed-32-viscosity_160-w32-s16,density_swaps,Mercury,Sand,1,1,210
native-finalists,005-Mercury-Sand-packed-32-viscosity_160-w32-s16,density_swaps,Mercury,Sand,0,1,15946
native-finalists,005-Mercury-Sand-packed-32-viscosity_160-w32-s16,density_swaps,Mercury,Sand,-1,1,227
native-finalists,005-Mercury-Sand-packed-32-viscosity_160-w32-s17,density_swaps,Mercury,Sand,1,1,261
native-finalists,005-Mercury-Sand-packed-32-viscosity_160-w32-s17,density_swaps,Mercury,Sand,0,1,15840
native-finalists,005-Mercury-Sand-packed-32-viscosity_160-w32-s17,density_swaps,Mercury,Sand,-1,1,281
native-finalists,005-Mercury-Sand-packed-32-viscosity_160-w32-s18,density_swaps,Mercury,Sand,1,1,111
native-finalists,005-Mercury-Sand-packed-32-viscosity_160-w32-s18,density_swaps,Mercury,Sand,0,1,16150
native-finalists,005-Mercury-Sand-packed-32-viscosity_160-w32-s18,density_swaps,Mercury,Sand,-1,1,122
native-finalists,005-Mercury-Sand-packed-32-viscosity_160-w32-s19,density_swaps,Mercury,Sand,1,1,129
native-finalists,005-Mercury-Sand-packed-32-viscosity_160-w32-s19,density_swaps,Mercury,Sand,0,1,16110
native-finalists,005-Mercury-Sand-packed-32-viscosity_160-w32-s19,density_swaps,Mercury,Sand,-1,1,143
native-finalists,006-Mercury-Sand-packed-32-viscosity_160-w1-s00,density_swaps,Mercury,Sand,0,1,512
native-finalists,006-Mercury-Sand-packed-32-viscosity_160-w1-s01,density_swaps,Mercury,Sand,0,1,512
native-finalists,006-Mercury-Sand-packed-32-viscosity_160-w1-s02,density_swaps,Mercury,Sand,0,1,512
native-finalists,006-Mercury-Sand-packed-32-viscosity_160-w1-s03,density_swaps,Mercury,Sand,0,1,512
native-finalists,006-Mercury-Sand-packed-32-viscosity_160-w1-s04,density_swaps,Mercury,Sand,0,1,512
native-finalists,006-Mercury-Sand-packed-32-viscosity_160-w1-s05,density_swaps,Mercury,Sand,0,1,512
native-finalists,006-Mercury-Sand-packed-32-viscosity_160-w1-s06,density_swaps,Mercury,Sand,0,1,512
native-finalists,006-Mercury-Sand-packed-32-viscosity_160-w1-s07,density_swaps,Mercury,Sand,0,1,512
native-finalists,006-Mercury-Sand-packed-32-viscosity_160-w1-s08,density_swaps,Mercury,Sand,0,1,512
native-finalists,006-Mercury-Sand-packed-32-viscosity_160-w1-s09,density_swaps,Mercury,Sand,0,1,512
native-finalists,006-Mercury-Sand-packed-32-viscosity_160-w1-s10,density_swaps,Mercury,Sand,0,1,512
native-finalists,006-Mercury-Sand-packed-32-viscosity_160-w1-s11,density_swaps,Mercury,Sand,0,1,512
native-finalists,006-Mercury-Sand-packed-32-viscosity_160-w1-s12,density_swaps,Mercury,Sand,0,1,512
native-finalists,006-Mercury-Sand-packed-32-viscosity_160-w1-s13,density_swaps,Mercury,Sand,0,1,512
native-finalists,006-Mercury-Sand-packed-32-viscosity_160-w1-s14,density_swaps,Mercury,Sand,0,1,512
native-finalists,006-Mercury-Sand-packed-32-viscosity_160-w1-s15,density_swaps,Mercury,Sand,0,1,512
native-finalists,006-Mercury-Sand-packed-32-viscosity_160-w1-s16,density_swaps,Mercury,Sand,0,1,512
native-finalists,006-Mercury-Sand-packed-32-viscosity_160-w1-s17,density_swaps,Mercury,Sand,0,1,512
native-finalists,006-Mercury-Sand-packed-32-viscosity_160-w1-s18,density_swaps,Mercury,Sand,0,1,512
native-finalists,006-Mercury-Sand-packed-32-viscosity_160-w1-s19,density_swaps,Mercury,Sand,0,1,512
native-finalists,007-Mercury-Sand-packed-32-viscosity_224-w32-s00,density_swaps,Mercury,Sand,0,1,16384
native-finalists,007-Mercury-Sand-packed-32-viscosity_224-w32-s01,density_swaps,Mercury,Sand,0,1,16384
native-finalists,007-Mercury-Sand-packed-32-viscosity_224-w32-s02,density_swaps,Mercury,Sand,0,1,16384
native-finalists,007-Mercury-Sand-packed-32-viscosity_224-w32-s03,density_swaps,Mercury,Sand,0,1,16384
native-finalists,007-Mercury-Sand-packed-32-viscosity_224-w32-s04,density_swaps,Mercury,Sand,0,1,16384
native-finalists,007-Mercury-Sand-packed-32-viscosity_224-w32-s05,density_swaps,Mercury,Sand,0,1,16384
native-finalists,007-Mercury-Sand-packed-32-viscosity_224-w32-s06,density_swaps,Mercury,Sand,0,1,16384
native-finalists,007-Mercury-Sand-packed-32-viscosity_224-w32-s07,density_swaps,Mercury,Sand,0,1,16384
native-finalists,007-Mercury-Sand-packed-32-viscosity_224-w32-s08,density_swaps,Mercury,Sand,0,1,16384
native-finalists,007-Mercury-Sand-packed-32-viscosity_224-w32-s09,density_swaps,Mercury,Sand,0,1,16384
native-finalists,007-Mercury-Sand-packed-32-viscosity_224-w32-s10,density_swaps,Mercury,Sand,0,1,16384
native-finalists,007-Mercury-Sand-packed-32-viscosity_224-w32-s11,density_swaps,Mercury,Sand,1,1,575
native-finalists,007-Mercury-Sand-packed-32-viscosity_224-w32-s11,density_swaps,Mercury,Sand,0,1,15172
native-finalists,007-Mercury-Sand-packed-32-viscosity_224-w32-s11,density_swaps,Mercury,Sand,-1,1,635
native-finalists,007-Mercury-Sand-packed-32-viscosity_224-w32-s12,density_swaps,Mercury,Sand,1,1,169
native-finalists,007-Mercury-Sand-packed-32-viscosity_224-w32-s12,density_swaps,Mercury,Sand,0,1,16046
native-finalists,007-Mercury-Sand-packed-32-viscosity_224-w32-s12,density_swaps,Mercury,Sand,-1,1,169
native-finalists,007-Mercury-Sand-packed-32-viscosity_224-w32-s13,density_swaps,Mercury,Sand,1,1,475
native-finalists,007-Mercury-Sand-packed-32-viscosity_224-w32-s13,density_swaps,Mercury,Sand,0,1,15402
native-finalists,007-Mercury-Sand-packed-32-viscosity_224-w32-s13,density_swaps,Mercury,Sand,-1,1,505
native-finalists,007-Mercury-Sand-packed-32-viscosity_224-w32-s14,density_swaps,Mercury,Sand,1,1,356
native-finalists,007-Mercury-Sand-packed-32-viscosity_224-w32-s14,density_swaps,Mercury,Sand,0,1,15603
native-finalists,007-Mercury-Sand-packed-32-viscosity_224-w32-s14,density_swaps,Mercury,Sand,-1,1,422
native-finalists,007-Mercury-Sand-packed-32-viscosity_224-w32-s15,density_swaps,Mercury,Sand,1,1,229
native-finalists,007-Mercury-Sand-packed-32-viscosity_224-w32-s15,density_swaps,Mercury,Sand,0,1,15905
native-finalists,007-Mercury-Sand-packed-32-viscosity_224-w32-s15,density_swaps,Mercury,Sand,-1,1,249
native-finalists,007-Mercury-Sand-packed-32-viscosity_224-w32-s16,density_swaps,Mercury,Sand,1,1,210
native-finalists,007-Mercury-Sand-packed-32-viscosity_224-w32-s16,density_swaps,Mercury,Sand,0,1,15946
native-finalists,007-Mercury-Sand-packed-32-viscosity_224-w32-s16,density_swaps,Mercury,Sand,-1,1,227
native-finalists,007-Mercury-Sand-packed-32-viscosity_224-w32-s17,density_swaps,Mercury,Sand,1,1,261
native-finalists,007-Mercury-Sand-packed-32-viscosity_224-w32-s17,density_swaps,Mercury,Sand,0,1,15840
native-finalists,007-Mercury-Sand-packed-32-viscosity_224-w32-s17,density_swaps,Mercury,Sand,-1,1,281
native-finalists,007-Mercury-Sand-packed-32-viscosity_224-w32-s18,density_swaps,Mercury,Sand,1,1,111
native-finalists,007-Mercury-Sand-packed-32-viscosity_224-w32-s18,density_swaps,Mercury,Sand,0,1,16150
native-finalists,007-Mercury-Sand-packed-32-viscosity_224-w32-s18,density_swaps,Mercury,Sand,-1,1,122
native-finalists,007-Mercury-Sand-packed-32-viscosity_224-w32-s19,density_swaps,Mercury,Sand,1,1,129
native-finalists,007-Mercury-Sand-packed-32-viscosity_224-w32-s19,density_swaps,Mercury,Sand,0,1,16110
native-finalists,007-Mercury-Sand-packed-32-viscosity_224-w32-s19,density_swaps,Mercury,Sand,-1,1,143
native-finalists,008-Mercury-Sand-packed-32-viscosity_224-w1-s00,density_swaps,Mercury,Sand,0,1,512
native-finalists,008-Mercury-Sand-packed-32-viscosity_224-w1-s01,density_swaps,Mercury,Sand,0,1,512
native-finalists,008-Mercury-Sand-packed-32-viscosity_224-w1-s02,density_swaps,Mercury,Sand,0,1,512
native-finalists,008-Mercury-Sand-packed-32-viscosity_224-w1-s03,density_swaps,Mercury,Sand,0,1,512
native-finalists,008-Mercury-Sand-packed-32-viscosity_224-w1-s04,density_swaps,Mercury,Sand,0,1,512
native-finalists,008-Mercury-Sand-packed-32-viscosity_224-w1-s05,density_swaps,Mercury,Sand,0,1,512
native-finalists,008-Mercury-Sand-packed-32-viscosity_224-w1-s06,density_swaps,Mercury,Sand,0,1,512
native-finalists,008-Mercury-Sand-packed-32-viscosity_224-w1-s07,density_swaps,Mercury,Sand,0,1,512
native-finalists,008-Mercury-Sand-packed-32-viscosity_224-w1-s08,density_swaps,Mercury,Sand,0,1,512
native-finalists,008-Mercury-Sand-packed-32-viscosity_224-w1-s09,density_swaps,Mercury,Sand,0,1,512
native-finalists,008-Mercury-Sand-packed-32-viscosity_224-w1-s10,density_swaps,Mercury,Sand,0,1,512
native-finalists,008-Mercury-Sand-packed-32-viscosity_224-w1-s11,density_swaps,Mercury,Sand,0,1,512
native-finalists,008-Mercury-Sand-packed-32-viscosity_224-w1-s12,density_swaps,Mercury,Sand,0,1,512
native-finalists,008-Mercury-Sand-packed-32-viscosity_224-w1-s13,density_swaps,Mercury,Sand,0,1,512
native-finalists,008-Mercury-Sand-packed-32-viscosity_224-w1-s14,density_swaps,Mercury,Sand,0,1,512
native-finalists,008-Mercury-Sand-packed-32-viscosity_224-w1-s15,density_swaps,Mercury,Sand,0,1,512
native-finalists,008-Mercury-Sand-packed-32-viscosity_224-w1-s16,density_swaps,Mercury,Sand,0,1,512
native-finalists,008-Mercury-Sand-packed-32-viscosity_224-w1-s17,density_swaps,Mercury,Sand,0,1,512
native-finalists,008-Mercury-Sand-packed-32-viscosity_224-w1-s18,density_swaps,Mercury,Sand,0,1,512
native-finalists,008-Mercury-Sand-packed-32-viscosity_224-w1-s19,density_swaps,Mercury,Sand,0,1,512
native-finalists,009-Mercury-Sand-packed-32-viscosity_248-w32-s00,density_swaps,Mercury,Sand,0,1,16384
native-finalists,009-Mercury-Sand-packed-32-viscosity_248-w32-s01,density_swaps,Mercury,Sand,0,1,16384
native-finalists,009-Mercury-Sand-packed-32-viscosity_248-w32-s02,density_swaps,Mercury,Sand,0,1,16384
native-finalists,009-Mercury-Sand-packed-32-viscosity_248-w32-s03,density_swaps,Mercury,Sand,0,1,16384
native-finalists,009-Mercury-Sand-packed-32-viscosity_248-w32-s04,density_swaps,Mercury,Sand,0,1,16384
native-finalists,009-Mercury-Sand-packed-32-viscosity_248-w32-s05,density_swaps,Mercury,Sand,0,1,16384
native-finalists,009-Mercury-Sand-packed-32-viscosity_248-w32-s06,density_swaps,Mercury,Sand,0,1,16384
native-finalists,009-Mercury-Sand-packed-32-viscosity_248-w32-s07,density_swaps,Mercury,Sand,0,1,16384
native-finalists,009-Mercury-Sand-packed-32-viscosity_248-w32-s08,density_swaps,Mercury,Sand,0,1,16384
native-finalists,009-Mercury-Sand-packed-32-viscosity_248-w32-s09,density_swaps,Mercury,Sand,0,1,16384
native-finalists,009-Mercury-Sand-packed-32-viscosity_248-w32-s10,density_swaps,Mercury,Sand,0,1,16384
native-finalists,009-Mercury-Sand-packed-32-viscosity_248-w32-s11,density_swaps,Mercury,Sand,1,1,575
native-finalists,009-Mercury-Sand-packed-32-viscosity_248-w32-s11,density_swaps,Mercury,Sand,0,1,15172
native-finalists,009-Mercury-Sand-packed-32-viscosity_248-w32-s11,density_swaps,Mercury,Sand,-1,1,635
native-finalists,009-Mercury-Sand-packed-32-viscosity_248-w32-s12,density_swaps,Mercury,Sand,1,1,169
native-finalists,009-Mercury-Sand-packed-32-viscosity_248-w32-s12,density_swaps,Mercury,Sand,0,1,16046
native-finalists,009-Mercury-Sand-packed-32-viscosity_248-w32-s12,density_swaps,Mercury,Sand,-1,1,169
native-finalists,009-Mercury-Sand-packed-32-viscosity_248-w32-s13,density_swaps,Mercury,Sand,1,1,475
native-finalists,009-Mercury-Sand-packed-32-viscosity_248-w32-s13,density_swaps,Mercury,Sand,0,1,15402
native-finalists,009-Mercury-Sand-packed-32-viscosity_248-w32-s13,density_swaps,Mercury,Sand,-1,1,505
native-finalists,009-Mercury-Sand-packed-32-viscosity_248-w32-s14,density_swaps,Mercury,Sand,1,1,356
native-finalists,009-Mercury-Sand-packed-32-viscosity_248-w32-s14,density_swaps,Mercury,Sand,0,1,15603
native-finalists,009-Mercury-Sand-packed-32-viscosity_248-w32-s14,density_swaps,Mercury,Sand,-1,1,422
native-finalists,009-Mercury-Sand-packed-32-viscosity_248-w32-s15,density_swaps,Mercury,Sand,1,1,229
native-finalists,009-Mercury-Sand-packed-32-viscosity_248-w32-s15,density_swaps,Mercury,Sand,0,1,15905
native-finalists,009-Mercury-Sand-packed-32-viscosity_248-w32-s15,density_swaps,Mercury,Sand,-1,1,249
native-finalists,009-Mercury-Sand-packed-32-viscosity_248-w32-s16,density_swaps,Mercury,Sand,1,1,210
native-finalists,009-Mercury-Sand-packed-32-viscosity_248-w32-s16,density_swaps,Mercury,Sand,0,1,15946
native-finalists,009-Mercury-Sand-packed-32-viscosity_248-w32-s16,density_swaps,Mercury,Sand,-1,1,227
native-finalists,009-Mercury-Sand-packed-32-viscosity_248-w32-s17,density_swaps,Mercury,Sand,1,1,261
native-finalists,009-Mercury-Sand-packed-32-viscosity_248-w32-s17,density_swaps,Mercury,Sand,0,1,15840
native-finalists,009-Mercury-Sand-packed-32-viscosity_248-w32-s17,density_swaps,Mercury,Sand,-1,1,281
native-finalists,009-Mercury-Sand-packed-32-viscosity_248-w32-s18,density_swaps,Mercury,Sand,1,1,111
native-finalists,009-Mercury-Sand-packed-32-viscosity_248-w32-s18,density_swaps,Mercury,Sand,0,1,16150
native-finalists,009-Mercury-Sand-packed-32-viscosity_248-w32-s18,density_swaps,Mercury,Sand,-1,1,122
native-finalists,009-Mercury-Sand-packed-32-viscosity_248-w32-s19,density_swaps,Mercury,Sand,1,1,129
native-finalists,009-Mercury-Sand-packed-32-viscosity_248-w32-s19,density_swaps,Mercury,Sand,0,1,16110
native-finalists,009-Mercury-Sand-packed-32-viscosity_248-w32-s19,density_swaps,Mercury,Sand,-1,1,143
native-finalists,010-Mercury-Sand-packed-32-viscosity_248-w1-s00,density_swaps,Mercury,Sand,0,1,512
native-finalists,010-Mercury-Sand-packed-32-viscosity_248-w1-s01,density_swaps,Mercury,Sand,0,1,512
native-finalists,010-Mercury-Sand-packed-32-viscosity_248-w1-s02,density_swaps,Mercury,Sand,0,1,512
native-finalists,010-Mercury-Sand-packed-32-viscosity_248-w1-s03,density_swaps,Mercury,Sand,0,1,512
native-finalists,010-Mercury-Sand-packed-32-viscosity_248-w1-s04,density_swaps,Mercury,Sand,0,1,512
native-finalists,010-Mercury-Sand-packed-32-viscosity_248-w1-s05,density_swaps,Mercury,Sand,0,1,512
native-finalists,010-Mercury-Sand-packed-32-viscosity_248-w1-s06,density_swaps,Mercury,Sand,0,1,512
native-finalists,010-Mercury-Sand-packed-32-viscosity_248-w1-s07,density_swaps,Mercury,Sand,0,1,512
native-finalists,010-Mercury-Sand-packed-32-viscosity_248-w1-s08,density_swaps,Mercury,Sand,0,1,512
native-finalists,010-Mercury-Sand-packed-32-viscosity_248-w1-s09,density_swaps,Mercury,Sand,0,1,512
native-finalists,010-Mercury-Sand-packed-32-viscosity_248-w1-s10,density_swaps,Mercury,Sand,0,1,512
native-finalists,010-Mercury-Sand-packed-32-viscosity_248-w1-s11,density_swaps,Mercury,Sand,0,1,512
native-finalists,010-Mercury-Sand-packed-32-viscosity_248-w1-s12,density_swaps,Mercury,Sand,0,1,512
native-finalists,010-Mercury-Sand-packed-32-viscosity_248-w1-s13,density_swaps,Mercury,Sand,0,1,512
native-finalists,010-Mercury-Sand-packed-32-viscosity_248-w1-s14,density_swaps,Mercury,Sand,0,1,512
native-finalists,010-Mercury-Sand-packed-32-viscosity_248-w1-s15,density_swaps,Mercury,Sand,0,1,512
native-finalists,010-Mercury-Sand-packed-32-viscosity_248-w1-s16,density_swaps,Mercury,Sand,0,1,512
native-finalists,010-Mercury-Sand-packed-32-viscosity_248-w1-s17,density_swaps,Mercury,Sand,0,1,512
native-finalists,010-Mercury-Sand-packed-32-viscosity_248-w1-s18,density_swaps,Mercury,Sand,0,1,512
native-finalists,010-Mercury-Sand-packed-32-viscosity_248-w1-s19,density_swaps,Mercury,Sand,0,1,512
native-finalists,012-Sand-Dust-reentry-32-baseline-w32-s00,density_swaps,Sand,Dust,0,1,16384
native-finalists,012-Sand-Dust-reentry-32-baseline-w32-s01,density_swaps,Sand,Dust,0,1,16384
native-finalists,012-Sand-Dust-reentry-32-baseline-w32-s02,density_swaps,Sand,Dust,0,1,16384
native-finalists,012-Sand-Dust-reentry-32-baseline-w32-s03,density_swaps,Sand,Dust,0,1,16384
native-finalists,012-Sand-Dust-reentry-32-baseline-w32-s04,density_swaps,Sand,Dust,0,1,16384
native-finalists,012-Sand-Dust-reentry-32-baseline-w32-s05,density_swaps,Sand,Dust,0,1,16384
native-finalists,012-Sand-Dust-reentry-32-baseline-w32-s06,density_swaps,Sand,Dust,0,1,16384
native-finalists,012-Sand-Dust-reentry-32-baseline-w32-s07,density_swaps,Sand,Dust,0,1,16384
native-finalists,012-Sand-Dust-reentry-32-baseline-w32-s08,density_swaps,Sand,Dust,0,1,16384
native-finalists,012-Sand-Dust-reentry-32-baseline-w32-s09,density_swaps,Sand,Dust,0,1,16384
native-finalists,012-Sand-Dust-reentry-32-baseline-w32-s10,density_swaps,Sand,Dust,0,1,16384
native-finalists,012-Sand-Dust-reentry-32-baseline-w32-s11,density_swaps,Sand,Dust,0,1,15172
native-finalists,012-Sand-Dust-reentry-32-baseline-w32-s11,density_swaps,Sand,Dust,-1,1,635
native-finalists,012-Sand-Dust-reentry-32-baseline-w32-s11,density_swaps,Sand,Dust,1,1,575
native-finalists,012-Sand-Dust-reentry-32-baseline-w32-s12,density_swaps,Sand,Dust,0,1,16046
native-finalists,012-Sand-Dust-reentry-32-baseline-w32-s12,density_swaps,Sand,Dust,-1,1,169
native-finalists,012-Sand-Dust-reentry-32-baseline-w32-s12,density_swaps,Sand,Dust,1,1,169
native-finalists,012-Sand-Dust-reentry-32-baseline-w32-s13,density_swaps,Sand,Dust,0,1,15402
native-finalists,012-Sand-Dust-reentry-32-baseline-w32-s13,density_swaps,Sand,Dust,-1,1,505
native-finalists,012-Sand-Dust-reentry-32-baseline-w32-s13,density_swaps,Sand,Dust,1,1,475
native-finalists,012-Sand-Dust-reentry-32-baseline-w32-s14,density_swaps,Sand,Dust,0,1,15603
native-finalists,012-Sand-Dust-reentry-32-baseline-w32-s14,density_swaps,Sand,Dust,-1,1,422
native-finalists,012-Sand-Dust-reentry-32-baseline-w32-s14,density_swaps,Sand,Dust,1,1,356
native-finalists,012-Sand-Dust-reentry-32-baseline-w32-s15,density_swaps,Sand,Dust,0,1,15905
native-finalists,012-Sand-Dust-reentry-32-baseline-w32-s15,density_swaps,Sand,Dust,-1,1,249
native-finalists,012-Sand-Dust-reentry-32-baseline-w32-s15,density_swaps,Sand,Dust,1,1,229
native-finalists,012-Sand-Dust-reentry-32-baseline-w32-s16,density_swaps,Sand,Dust,0,1,15946
native-finalists,012-Sand-Dust-reentry-32-baseline-w32-s16,density_swaps,Sand,Dust,-1,1,227
native-finalists,012-Sand-Dust-reentry-32-baseline-w32-s16,density_swaps,Sand,Dust,1,1,210
native-finalists,012-Sand-Dust-reentry-32-baseline-w32-s17,density_swaps,Sand,Dust,0,1,15840
native-finalists,012-Sand-Dust-reentry-32-baseline-w32-s17,density_swaps,Sand,Dust,-1,1,281
native-finalists,012-Sand-Dust-reentry-32-baseline-w32-s17,density_swaps,Sand,Dust,1,1,261
native-finalists,012-Sand-Dust-reentry-32-baseline-w32-s18,density_swaps,Sand,Dust,0,1,16150
native-finalists,012-Sand-Dust-reentry-32-baseline-w32-s18,density_swaps,Sand,Dust,-1,1,122
native-finalists,012-Sand-Dust-reentry-32-baseline-w32-s18,density_swaps,Sand,Dust,1,1,111
native-finalists,012-Sand-Dust-reentry-32-baseline-w32-s19,density_swaps,Sand,Dust,0,1,16110
native-finalists,012-Sand-Dust-reentry-32-baseline-w32-s19,density_swaps,Sand,Dust,-1,1,143
native-finalists,012-Sand-Dust-reentry-32-baseline-w32-s19,density_swaps,Sand,Dust,1,1,129
native-finalists,013-Sand-Dust-excavate-32-baseline-w32-s00,density_swaps,Sand,Dust,0,1,16678
native-finalists,013-Sand-Dust-excavate-32-baseline-w32-s00,density_swaps,Sand,Dust,-1,1,710
native-finalists,013-Sand-Dust-excavate-32-baseline-w32-s00,empty_moves,Sand,Empty,1,1,2161
native-finalists,013-Sand-Dust-excavate-32-baseline-w32-s00,empty_moves,Dust,Empty,1,1,24642
native-finalists,013-Sand-Dust-excavate-32-baseline-w32-s00,empty_moves,Sand,Empty,0,1,20265
native-finalists,013-Sand-Dust-excavate-32-baseline-w32-s00,empty_moves,Dust,Empty,0,1,38739
native-finalists,013-Sand-Dust-excavate-32-baseline-w32-s00,empty_moves,Sand,Empty,-1,1,1890
native-finalists,013-Sand-Dust-excavate-32-baseline-w32-s00,empty_moves,Dust,Empty,-1,1,22880
native-finalists,013-Sand-Dust-excavate-32-baseline-w32-s00,density_swaps,Sand,Dust,1,1,637
native-finalists,013-Sand-Dust-excavate-32-baseline-w32-s01,density_swaps,Sand,Dust,0,1,16880
native-finalists,013-Sand-Dust-excavate-32-baseline-w32-s01,density_swaps,Sand,Dust,-1,1,571
native-finalists,013-Sand-Dust-excavate-32-baseline-w32-s01,empty_moves,Sand,Empty,1,1,2147
native-finalists,013-Sand-Dust-excavate-32-baseline-w32-s01,empty_moves,Dust,Empty,1,1,25120
native-finalists,013-Sand-Dust-excavate-32-baseline-w32-s01,empty_moves,Sand,Empty,0,1,17500
native-finalists,013-Sand-Dust-excavate-32-baseline-w32-s01,empty_moves,Dust,Empty,0,1,30669
native-finalists,013-Sand-Dust-excavate-32-baseline-w32-s01,empty_moves,Sand,Empty,-1,1,2078
native-finalists,013-Sand-Dust-excavate-32-baseline-w32-s01,empty_moves,Dust,Empty,-1,1,20429
native-finalists,013-Sand-Dust-excavate-32-baseline-w32-s01,density_swaps,Sand,Dust,1,1,465
native-finalists,013-Sand-Dust-excavate-32-baseline-w32-s02,density_swaps,Sand,Dust,0,1,16848
native-finalists,013-Sand-Dust-excavate-32-baseline-w32-s02,density_swaps,Sand,Dust,-1,1,608
native-finalists,013-Sand-Dust-excavate-32-baseline-w32-s02,empty_moves,Sand,Empty,1,1,2132
native-finalists,013-Sand-Dust-excavate-32-baseline-w32-s02,empty_moves,Dust,Empty,1,1,24946
native-finalists,013-Sand-Dust-excavate-32-baseline-w32-s02,empty_moves,Sand,Empty,0,1,14779
native-finalists,013-Sand-Dust-excavate-32-baseline-w32-s02,empty_moves,Dust,Empty,0,1,24469
native-finalists,013-Sand-Dust-excavate-32-baseline-w32-s02,empty_moves,Sand,Empty,-1,1,2097
native-finalists,013-Sand-Dust-excavate-32-baseline-w32-s02,empty_moves,Dust,Empty,-1,1,21019
native-finalists,013-Sand-Dust-excavate-32-baseline-w32-s02,density_swaps,Sand,Dust,1,1,572
native-finalists,013-Sand-Dust-excavate-32-baseline-w32-s03,density_swaps,Sand,Dust,0,1,16723
native-finalists,013-Sand-Dust-excavate-32-baseline-w32-s03,density_swaps,Sand,Dust,-1,1,609
native-finalists,013-Sand-Dust-excavate-32-baseline-w32-s03,empty_moves,Sand,Empty,1,1,2211
native-finalists,013-Sand-Dust-excavate-32-baseline-w32-s03,empty_moves,Dust,Empty,1,1,24449
native-finalists,013-Sand-Dust-excavate-32-baseline-w32-s03,empty_moves,Sand,Empty,0,1,19896
native-finalists,013-Sand-Dust-excavate-32-baseline-w32-s03,empty_moves,Dust,Empty,0,1,37694
native-finalists,013-Sand-Dust-excavate-32-baseline-w32-s03,empty_moves,Sand,Empty,-1,1,1948
native-finalists,013-Sand-Dust-excavate-32-baseline-w32-s03,empty_moves,Dust,Empty,-1,1,21959
native-finalists,013-Sand-Dust-excavate-32-baseline-w32-s03,density_swaps,Sand,Dust,1,1,592
native-finalists,013-Sand-Dust-excavate-32-baseline-w32-s04,density_swaps,Sand,Dust,0,1,16866
native-finalists,013-Sand-Dust-excavate-32-baseline-w32-s04,density_swaps,Sand,Dust,-1,1,590
native-finalists,013-Sand-Dust-excavate-32-baseline-w32-s04,empty_moves,Sand,Empty,1,1,2108
native-finalists,013-Sand-Dust-excavate-32-baseline-w32-s04,empty_moves,Dust,Empty,1,1,23528
native-finalists,013-Sand-Dust-excavate-32-baseline-w32-s04,empty_moves,Sand,Empty,0,1,17141
native-finalists,013-Sand-Dust-excavate-32-baseline-w32-s04,empty_moves,Dust,Empty,0,1,31094
native-finalists,013-Sand-Dust-excavate-32-baseline-w32-s04,empty_moves,Sand,Empty,-1,1,2088
native-finalists,013-Sand-Dust-excavate-32-baseline-w32-s04,empty_moves,Dust,Empty,-1,1,22837
native-finalists,013-Sand-Dust-excavate-32-baseline-w32-s04,density_swaps,Sand,Dust,1,1,478
native-finalists,013-Sand-Dust-excavate-32-baseline-w32-s05,density_swaps,Sand,Dust,0,1,16839
native-finalists,013-Sand-Dust-excavate-32-baseline-w32-s05,density_swaps,Sand,Dust,-1,1,606
native-finalists,013-Sand-Dust-excavate-32-baseline-w32-s05,empty_moves,Sand,Empty,1,1,2138
native-finalists,013-Sand-Dust-excavate-32-baseline-w32-s05,empty_moves,Dust,Empty,1,1,23675
native-finalists,013-Sand-Dust-excavate-32-baseline-w32-s05,empty_moves,Sand,Empty,0,1,14390
native-finalists,013-Sand-Dust-excavate-32-baseline-w32-s05,empty_moves,Dust,Empty,0,1,23953
native-finalists,013-Sand-Dust-excavate-32-baseline-w32-s05,empty_moves,Sand,Empty,-1,1,2086
native-finalists,013-Sand-Dust-excavate-32-baseline-w32-s05,empty_moves,Dust,Empty,-1,1,23113
native-finalists,013-Sand-Dust-excavate-32-baseline-w32-s05,density_swaps,Sand,Dust,1,1,584
native-finalists,013-Sand-Dust-excavate-32-baseline-w32-s06,density_swaps,Sand,Dust,0,1,16840
native-finalists,013-Sand-Dust-excavate-32-baseline-w32-s06,density_swaps,Sand,Dust,-1,1,594
native-finalists,013-Sand-Dust-excavate-32-baseline-w32-s06,empty_moves,Sand,Empty,1,1,2174
native-finalists,013-Sand-Dust-excavate-32-baseline-w32-s06,empty_moves,Dust,Empty,1,1,23203
native-finalists,013-Sand-Dust-excavate-32-baseline-w32-s06,empty_moves,Sand,Empty,0,1,19513
native-finalists,013-Sand-Dust-excavate-32-baseline-w32-s06,empty_moves,Dust,Empty,0,1,37194
native-finalists,013-Sand-Dust-excavate-32-baseline-w32-s06,empty_moves,Sand,Empty,-1,1,1920
native-finalists,013-Sand-Dust-excavate-32-baseline-w32-s06,empty_moves,Dust,Empty,-1,1,23409
native-finalists,013-Sand-Dust-excavate-32-baseline-w32-s06,density_swaps,Sand,Dust,1,1,555
native-finalists,013-Sand-Dust-excavate-32-baseline-w32-s07,density_swaps,Sand,Dust,0,1,16852
native-finalists,013-Sand-Dust-excavate-32-baseline-w32-s07,density_swaps,Sand,Dust,-1,1,587
native-finalists,013-Sand-Dust-excavate-32-baseline-w32-s07,empty_moves,Sand,Empty,1,1,2140
native-finalists,013-Sand-Dust-excavate-32-baseline-w32-s07,empty_moves,Dust,Empty,1,1,22454
native-finalists,013-Sand-Dust-excavate-32-baseline-w32-s07,empty_moves,Sand,Empty,0,1,16733
native-finalists,013-Sand-Dust-excavate-32-baseline-w32-s07,empty_moves,Dust,Empty,0,1,29970
native-finalists,013-Sand-Dust-excavate-32-baseline-w32-s07,empty_moves,Sand,Empty,-1,1,2105
native-finalists,013-Sand-Dust-excavate-32-baseline-w32-s07,empty_moves,Dust,Empty,-1,1,24016
native-finalists,013-Sand-Dust-excavate-32-baseline-w32-s07,density_swaps,Sand,Dust,1,1,497
native-finalists,013-Sand-Dust-excavate-32-baseline-w32-s08,density_swaps,Sand,Dust,0,1,16872
native-finalists,013-Sand-Dust-excavate-32-baseline-w32-s08,density_swaps,Sand,Dust,-1,1,607
native-finalists,013-Sand-Dust-excavate-32-baseline-w32-s08,empty_moves,Sand,Empty,1,1,2109
native-finalists,013-Sand-Dust-excavate-32-baseline-w32-s08,empty_moves,Dust,Empty,1,1,21881
native-finalists,013-Sand-Dust-excavate-32-baseline-w32-s08,empty_moves,Sand,Empty,0,1,13976
native-finalists,013-Sand-Dust-excavate-32-baseline-w32-s08,empty_moves,Dust,Empty,0,1,22473
native-finalists,013-Sand-Dust-excavate-32-baseline-w32-s08,empty_moves,Sand,Empty,-1,1,2091
native-finalists,013-Sand-Dust-excavate-32-baseline-w32-s08,empty_moves,Dust,Empty,-1,1,24419
native-finalists,013-Sand-Dust-excavate-32-baseline-w32-s08,density_swaps,Sand,Dust,1,1,589
native-finalists,013-Sand-Dust-excavate-32-baseline-w32-s09,density_swaps,Sand,Dust,0,1,16844
native-finalists,013-Sand-Dust-excavate-32-baseline-w32-s09,density_swaps,Sand,Dust,-1,1,554
native-finalists,013-Sand-Dust-excavate-32-baseline-w32-s09,empty_moves,Sand,Empty,1,1,2297
native-finalists,013-Sand-Dust-excavate-32-baseline-w32-s09,empty_moves,Dust,Empty,1,1,21044
native-finalists,013-Sand-Dust-excavate-32-baseline-w32-s09,empty_moves,Sand,Empty,0,1,19009
native-finalists,013-Sand-Dust-excavate-32-baseline-w32-s09,empty_moves,Dust,Empty,0,1,34984
native-finalists,013-Sand-Dust-excavate-32-baseline-w32-s09,empty_moves,Sand,Empty,-1,1,2007
native-finalists,013-Sand-Dust-excavate-32-baseline-w32-s09,empty_moves,Dust,Empty,-1,1,24900
native-finalists,013-Sand-Dust-excavate-32-baseline-w32-s09,density_swaps,Sand,Dust,1,1,498
native-finalists,013-Sand-Dust-excavate-32-baseline-w32-s10,density_swaps,Sand,Dust,0,1,16881
native-finalists,013-Sand-Dust-excavate-32-baseline-w32-s10,density_swaps,Sand,Dust,-1,1,600
native-finalists,013-Sand-Dust-excavate-32-baseline-w32-s10,empty_moves,Sand,Empty,1,1,2115
native-finalists,013-Sand-Dust-excavate-32-baseline-w32-s10,empty_moves,Dust,Empty,1,1,19818
native-finalists,013-Sand-Dust-excavate-32-baseline-w32-s10,empty_moves,Sand,Empty,0,1,16340
native-finalists,013-Sand-Dust-excavate-32-baseline-w32-s10,empty_moves,Dust,Empty,0,1,27790
native-finalists,013-Sand-Dust-excavate-32-baseline-w32-s10,empty_moves,Sand,Empty,-1,1,2100
native-finalists,013-Sand-Dust-excavate-32-baseline-w32-s10,empty_moves,Dust,Empty,-1,1,25408
native-finalists,013-Sand-Dust-excavate-32-baseline-w32-s10,density_swaps,Sand,Dust,1,1,510
native-finalists,013-Sand-Dust-excavate-32-baseline-w32-s11,density_swaps,Sand,Dust,0,1,15612
native-finalists,013-Sand-Dust-excavate-32-baseline-w32-s11,density_swaps,Sand,Dust,-1,1,1218
native-finalists,013-Sand-Dust-excavate-32-baseline-w32-s11,empty_moves,Sand,Empty,1,1,2112
native-finalists,013-Sand-Dust-excavate-32-baseline-w32-s11,empty_moves,Dust,Empty,1,1,22302
native-finalists,013-Sand-Dust-excavate-32-baseline-w32-s11,empty_moves,Sand,Empty,0,1,13642
native-finalists,013-Sand-Dust-excavate-32-baseline-w32-s11,empty_moves,Dust,Empty,0,1,21505
native-finalists,013-Sand-Dust-excavate-32-baseline-w32-s11,empty_moves,Sand,Empty,-1,1,2071
native-finalists,013-Sand-Dust-excavate-32-baseline-w32-s11,empty_moves,Dust,Empty,-1,1,25421
native-finalists,013-Sand-Dust-excavate-32-baseline-w32-s11,density_swaps,Sand,Dust,1,1,1197
native-finalists,013-Sand-Dust-excavate-32-baseline-w32-s12,density_swaps,Sand,Dust,0,1,16676
native-finalists,013-Sand-Dust-excavate-32-baseline-w32-s12,density_swaps,Sand,Dust,-1,1,788
native-finalists,013-Sand-Dust-excavate-32-baseline-w32-s12,empty_moves,Sand,Empty,1,1,2307
native-finalists,013-Sand-Dust-excavate-32-baseline-w32-s12,empty_moves,Dust,Empty,1,1,21700
native-finalists,013-Sand-Dust-excavate-32-baseline-w32-s12,empty_moves,Sand,Empty,0,1,18490
native-finalists,013-Sand-Dust-excavate-32-baseline-w32-s12,empty_moves,Dust,Empty,0,1,34731
native-finalists,013-Sand-Dust-excavate-32-baseline-w32-s12,empty_moves,Sand,Empty,-1,1,1933
native-finalists,013-Sand-Dust-excavate-32-baseline-w32-s12,empty_moves,Dust,Empty,-1,1,26282
native-finalists,013-Sand-Dust-excavate-32-baseline-w32-s12,density_swaps,Sand,Dust,1,1,645
native-finalists,013-Sand-Dust-excavate-32-baseline-w32-s13,density_swaps,Sand,Dust,0,1,16015
native-finalists,013-Sand-Dust-excavate-32-baseline-w32-s13,density_swaps,Sand,Dust,-1,1,1092
native-finalists,013-Sand-Dust-excavate-32-baseline-w32-s13,empty_moves,Sand,Empty,1,1,1974
native-finalists,013-Sand-Dust-excavate-32-baseline-w32-s13,empty_moves,Dust,Empty,1,1,20291
native-finalists,013-Sand-Dust-excavate-32-baseline-w32-s13,empty_moves,Sand,Empty,0,1,15852
native-finalists,013-Sand-Dust-excavate-32-baseline-w32-s13,empty_moves,Dust,Empty,0,1,28643
native-finalists,013-Sand-Dust-excavate-32-baseline-w32-s13,empty_moves,Sand,Empty,-1,1,1997
native-finalists,013-Sand-Dust-excavate-32-baseline-w32-s13,empty_moves,Dust,Empty,-1,1,26388
native-finalists,013-Sand-Dust-excavate-32-baseline-w32-s13,density_swaps,Sand,Dust,1,1,1202
native-finalists,013-Sand-Dust-excavate-32-baseline-w32-s14,density_swaps,Sand,Dust,0,1,17018
native-finalists,013-Sand-Dust-excavate-32-baseline-w32-s14,density_swaps,Sand,Dust,-1,1,1118
native-finalists,013-Sand-Dust-excavate-32-baseline-w32-s14,empty_moves,Sand,Empty,1,1,1768
native-finalists,013-Sand-Dust-excavate-32-baseline-w32-s14,empty_moves,Dust,Empty,1,1,19299
native-finalists,013-Sand-Dust-excavate-32-baseline-w32-s14,empty_moves,Sand,Empty,0,1,12510
native-finalists,013-Sand-Dust-excavate-32-baseline-w32-s14,empty_moves,Dust,Empty,0,1,23293
native-finalists,013-Sand-Dust-excavate-32-baseline-w32-s14,empty_moves,Sand,Empty,-1,1,1802
native-finalists,013-Sand-Dust-excavate-32-baseline-w32-s14,empty_moves,Dust,Empty,-1,1,26702
native-finalists,013-Sand-Dust-excavate-32-baseline-w32-s14,density_swaps,Sand,Dust,1,1,1248
native-finalists,013-Sand-Dust-excavate-32-baseline-w32-s15,density_swaps,Sand,Dust,0,1,16340
native-finalists,013-Sand-Dust-excavate-32-baseline-w32-s15,density_swaps,Sand,Dust,-1,1,953
native-finalists,013-Sand-Dust-excavate-32-baseline-w32-s15,empty_moves,Sand,Empty,1,1,1728
native-finalists,013-Sand-Dust-excavate-32-baseline-w32-s15,empty_moves,Dust,Empty,1,1,18411
native-finalists,013-Sand-Dust-excavate-32-baseline-w32-s15,empty_moves,Sand,Empty,0,1,18161
native-finalists,013-Sand-Dust-excavate-32-baseline-w32-s15,empty_moves,Dust,Empty,0,1,31813
native-finalists,013-Sand-Dust-excavate-32-baseline-w32-s15,empty_moves,Sand,Empty,-1,1,2551
native-finalists,013-Sand-Dust-excavate-32-baseline-w32-s15,empty_moves,Dust,Empty,-1,1,31227
native-finalists,013-Sand-Dust-excavate-32-baseline-w32-s15,density_swaps,Sand,Dust,1,1,686
native-finalists,013-Sand-Dust-excavate-32-baseline-w32-s16,density_swaps,Sand,Dust,0,1,16383
native-finalists,013-Sand-Dust-excavate-32-baseline-w32-s16,density_swaps,Sand,Dust,-1,1,761
native-finalists,013-Sand-Dust-excavate-32-baseline-w32-s16,empty_moves,Sand,Empty,1,1,2079
native-finalists,013-Sand-Dust-excavate-32-baseline-w32-s16,empty_moves,Dust,Empty,1,1,23231
native-finalists,013-Sand-Dust-excavate-32-baseline-w32-s16,empty_moves,Sand,Empty,0,1,15768
native-finalists,013-Sand-Dust-excavate-32-baseline-w32-s16,empty_moves,Dust,Empty,0,1,27862
native-finalists,013-Sand-Dust-excavate-32-baseline-w32-s16,empty_moves,Sand,Empty,-1,1,2039
native-finalists,013-Sand-Dust-excavate-32-baseline-w32-s16,empty_moves,Dust,Empty,-1,1,23416
native-finalists,013-Sand-Dust-excavate-32-baseline-w32-s16,density_swaps,Sand,Dust,1,1,756
native-finalists,013-Sand-Dust-excavate-32-baseline-w32-s17,density_swaps,Sand,Dust,0,1,16977
native-finalists,013-Sand-Dust-excavate-32-baseline-w32-s17,density_swaps,Sand,Dust,-1,1,839
native-finalists,013-Sand-Dust-excavate-32-baseline-w32-s17,empty_moves,Sand,Empty,1,1,2142
native-finalists,013-Sand-Dust-excavate-32-baseline-w32-s17,empty_moves,Dust,Empty,1,1,26916
native-finalists,013-Sand-Dust-excavate-32-baseline-w32-s17,empty_moves,Sand,Empty,0,1,12233
native-finalists,013-Sand-Dust-excavate-32-baseline-w32-s17,empty_moves,Dust,Empty,0,1,22184
native-finalists,013-Sand-Dust-excavate-32-baseline-w32-s17,empty_moves,Sand,Empty,-1,1,1741
native-finalists,013-Sand-Dust-excavate-32-baseline-w32-s17,empty_moves,Dust,Empty,-1,1,18512
native-finalists,013-Sand-Dust-excavate-32-baseline-w32-s17,density_swaps,Sand,Dust,1,1,1118
native-finalists,013-Sand-Dust-excavate-32-baseline-w32-s18,density_swaps,Sand,Dust,0,1,18560
native-finalists,013-Sand-Dust-excavate-32-baseline-w32-s18,density_swaps,Sand,Dust,-1,1,593
native-finalists,013-Sand-Dust-excavate-32-baseline-w32-s18,empty_moves,Sand,Empty,1,1,1493
native-finalists,013-Sand-Dust-excavate-32-baseline-w32-s18,empty_moves,Dust,Empty,1,1,22110
native-finalists,013-Sand-Dust-excavate-32-baseline-w32-s18,empty_moves,Sand,Empty,0,1,16291
native-finalists,013-Sand-Dust-excavate-32-baseline-w32-s18,empty_moves,Dust,Empty,0,1,39328
native-finalists,013-Sand-Dust-excavate-32-baseline-w32-s18,empty_moves,Sand,Empty,-1,1,2317
native-finalists,013-Sand-Dust-excavate-32-baseline-w32-s18,empty_moves,Dust,Empty,-1,1,21272
native-finalists,013-Sand-Dust-excavate-32-baseline-w32-s18,density_swaps,Sand,Dust,1,1,768
native-finalists,013-Sand-Dust-excavate-32-baseline-w32-s19,density_swaps,Sand,Dust,0,1,17612
native-finalists,013-Sand-Dust-excavate-32-baseline-w32-s19,density_swaps,Sand,Dust,-1,1,716
native-finalists,013-Sand-Dust-excavate-32-baseline-w32-s19,empty_moves,Sand,Empty,1,1,1841
native-finalists,013-Sand-Dust-excavate-32-baseline-w32-s19,empty_moves,Dust,Empty,1,1,22986
native-finalists,013-Sand-Dust-excavate-32-baseline-w32-s19,empty_moves,Sand,Empty,0,1,14255
native-finalists,013-Sand-Dust-excavate-32-baseline-w32-s19,empty_moves,Dust,Empty,0,1,29114
native-finalists,013-Sand-Dust-excavate-32-baseline-w32-s19,empty_moves,Sand,Empty,-1,1,2219
native-finalists,013-Sand-Dust-excavate-32-baseline-w32-s19,empty_moves,Dust,Empty,-1,1,22461
native-finalists,013-Sand-Dust-excavate-32-baseline-w32-s19,density_swaps,Sand,Dust,1,1,744
native-finalists,014-Sand-Dust-packed-32-baseline-w32-s00,density_swaps,Sand,Dust,0,1,16384
native-finalists,014-Sand-Dust-packed-32-baseline-w32-s01,density_swaps,Sand,Dust,0,1,16384
native-finalists,014-Sand-Dust-packed-32-baseline-w32-s02,density_swaps,Sand,Dust,0,1,16384
native-finalists,014-Sand-Dust-packed-32-baseline-w32-s03,density_swaps,Sand,Dust,0,1,16384
native-finalists,014-Sand-Dust-packed-32-baseline-w32-s04,density_swaps,Sand,Dust,0,1,16384
native-finalists,014-Sand-Dust-packed-32-baseline-w32-s05,density_swaps,Sand,Dust,0,1,16384
native-finalists,014-Sand-Dust-packed-32-baseline-w32-s06,density_swaps,Sand,Dust,0,1,16384
native-finalists,014-Sand-Dust-packed-32-baseline-w32-s07,density_swaps,Sand,Dust,0,1,16384
native-finalists,014-Sand-Dust-packed-32-baseline-w32-s08,density_swaps,Sand,Dust,0,1,16384
native-finalists,014-Sand-Dust-packed-32-baseline-w32-s09,density_swaps,Sand,Dust,0,1,16384
native-finalists,014-Sand-Dust-packed-32-baseline-w32-s10,density_swaps,Sand,Dust,0,1,16384
native-finalists,014-Sand-Dust-packed-32-baseline-w32-s11,density_swaps,Sand,Dust,0,1,15172
native-finalists,014-Sand-Dust-packed-32-baseline-w32-s11,density_swaps,Sand,Dust,-1,1,635
native-finalists,014-Sand-Dust-packed-32-baseline-w32-s11,density_swaps,Sand,Dust,1,1,575
native-finalists,014-Sand-Dust-packed-32-baseline-w32-s12,density_swaps,Sand,Dust,0,1,16046
native-finalists,014-Sand-Dust-packed-32-baseline-w32-s12,density_swaps,Sand,Dust,-1,1,169
native-finalists,014-Sand-Dust-packed-32-baseline-w32-s12,density_swaps,Sand,Dust,1,1,169
native-finalists,014-Sand-Dust-packed-32-baseline-w32-s13,density_swaps,Sand,Dust,0,1,15402
native-finalists,014-Sand-Dust-packed-32-baseline-w32-s13,density_swaps,Sand,Dust,-1,1,505
native-finalists,014-Sand-Dust-packed-32-baseline-w32-s13,density_swaps,Sand,Dust,1,1,475
native-finalists,014-Sand-Dust-packed-32-baseline-w32-s14,density_swaps,Sand,Dust,0,1,15603
native-finalists,014-Sand-Dust-packed-32-baseline-w32-s14,density_swaps,Sand,Dust,-1,1,422
native-finalists,014-Sand-Dust-packed-32-baseline-w32-s14,density_swaps,Sand,Dust,1,1,356
native-finalists,014-Sand-Dust-packed-32-baseline-w32-s15,density_swaps,Sand,Dust,0,1,15905
native-finalists,014-Sand-Dust-packed-32-baseline-w32-s15,density_swaps,Sand,Dust,-1,1,249
native-finalists,014-Sand-Dust-packed-32-baseline-w32-s15,density_swaps,Sand,Dust,1,1,229
native-finalists,014-Sand-Dust-packed-32-baseline-w32-s16,density_swaps,Sand,Dust,0,1,15946
native-finalists,014-Sand-Dust-packed-32-baseline-w32-s16,density_swaps,Sand,Dust,-1,1,227
native-finalists,014-Sand-Dust-packed-32-baseline-w32-s16,density_swaps,Sand,Dust,1,1,210
native-finalists,014-Sand-Dust-packed-32-baseline-w32-s17,density_swaps,Sand,Dust,0,1,15840
native-finalists,014-Sand-Dust-packed-32-baseline-w32-s17,density_swaps,Sand,Dust,-1,1,281
native-finalists,014-Sand-Dust-packed-32-baseline-w32-s17,density_swaps,Sand,Dust,1,1,261
native-finalists,014-Sand-Dust-packed-32-baseline-w32-s18,density_swaps,Sand,Dust,0,1,16150
native-finalists,014-Sand-Dust-packed-32-baseline-w32-s18,density_swaps,Sand,Dust,-1,1,122
native-finalists,014-Sand-Dust-packed-32-baseline-w32-s18,density_swaps,Sand,Dust,1,1,111
native-finalists,014-Sand-Dust-packed-32-baseline-w32-s19,density_swaps,Sand,Dust,0,1,16110
native-finalists,014-Sand-Dust-packed-32-baseline-w32-s19,density_swaps,Sand,Dust,-1,1,143
native-finalists,014-Sand-Dust-packed-32-baseline-w32-s19,density_swaps,Sand,Dust,1,1,129
native-finalists,015-Mercury-Sand-packed-32-baseline-w32-s00,density_swaps,Mercury,Sand,0,1,16384
native-finalists,015-Mercury-Sand-packed-32-baseline-w32-s01,density_swaps,Mercury,Sand,0,1,16384
native-finalists,015-Mercury-Sand-packed-32-baseline-w32-s02,density_swaps,Mercury,Sand,0,1,16384
native-finalists,015-Mercury-Sand-packed-32-baseline-w32-s03,density_swaps,Mercury,Sand,0,1,16384
native-finalists,015-Mercury-Sand-packed-32-baseline-w32-s04,density_swaps,Mercury,Sand,0,1,16384
native-finalists,015-Mercury-Sand-packed-32-baseline-w32-s05,density_swaps,Mercury,Sand,0,1,16384
native-finalists,015-Mercury-Sand-packed-32-baseline-w32-s06,density_swaps,Mercury,Sand,0,1,16384
native-finalists,015-Mercury-Sand-packed-32-baseline-w32-s07,density_swaps,Mercury,Sand,0,1,16384
native-finalists,015-Mercury-Sand-packed-32-baseline-w32-s08,density_swaps,Mercury,Sand,0,1,16384
native-finalists,015-Mercury-Sand-packed-32-baseline-w32-s09,density_swaps,Mercury,Sand,0,1,16384
native-finalists,015-Mercury-Sand-packed-32-baseline-w32-s10,density_swaps,Mercury,Sand,0,1,16384
native-finalists,015-Mercury-Sand-packed-32-baseline-w32-s11,density_swaps,Mercury,Sand,1,1,575
native-finalists,015-Mercury-Sand-packed-32-baseline-w32-s11,density_swaps,Mercury,Sand,0,1,15172
native-finalists,015-Mercury-Sand-packed-32-baseline-w32-s11,density_swaps,Mercury,Sand,-1,1,635
native-finalists,015-Mercury-Sand-packed-32-baseline-w32-s12,density_swaps,Mercury,Sand,1,1,169
native-finalists,015-Mercury-Sand-packed-32-baseline-w32-s12,density_swaps,Mercury,Sand,0,1,16046
native-finalists,015-Mercury-Sand-packed-32-baseline-w32-s12,density_swaps,Mercury,Sand,-1,1,169
native-finalists,015-Mercury-Sand-packed-32-baseline-w32-s13,density_swaps,Mercury,Sand,1,1,475
native-finalists,015-Mercury-Sand-packed-32-baseline-w32-s13,density_swaps,Mercury,Sand,0,1,15402
native-finalists,015-Mercury-Sand-packed-32-baseline-w32-s13,density_swaps,Mercury,Sand,-1,1,505
native-finalists,015-Mercury-Sand-packed-32-baseline-w32-s14,density_swaps,Mercury,Sand,1,1,356
native-finalists,015-Mercury-Sand-packed-32-baseline-w32-s14,density_swaps,Mercury,Sand,0,1,15603
native-finalists,015-Mercury-Sand-packed-32-baseline-w32-s14,density_swaps,Mercury,Sand,-1,1,422
native-finalists,015-Mercury-Sand-packed-32-baseline-w32-s15,density_swaps,Mercury,Sand,1,1,229
native-finalists,015-Mercury-Sand-packed-32-baseline-w32-s15,density_swaps,Mercury,Sand,0,1,15905
native-finalists,015-Mercury-Sand-packed-32-baseline-w32-s15,density_swaps,Mercury,Sand,-1,1,249
native-finalists,015-Mercury-Sand-packed-32-baseline-w32-s16,density_swaps,Mercury,Sand,1,1,210
native-finalists,015-Mercury-Sand-packed-32-baseline-w32-s16,density_swaps,Mercury,Sand,0,1,15946
native-finalists,015-Mercury-Sand-packed-32-baseline-w32-s16,density_swaps,Mercury,Sand,-1,1,227
native-finalists,015-Mercury-Sand-packed-32-baseline-w32-s17,density_swaps,Mercury,Sand,1,1,261
native-finalists,015-Mercury-Sand-packed-32-baseline-w32-s17,density_swaps,Mercury,Sand,0,1,15840
native-finalists,015-Mercury-Sand-packed-32-baseline-w32-s17,density_swaps,Mercury,Sand,-1,1,281
native-finalists,015-Mercury-Sand-packed-32-baseline-w32-s18,density_swaps,Mercury,Sand,1,1,111
native-finalists,015-Mercury-Sand-packed-32-baseline-w32-s18,density_swaps,Mercury,Sand,0,1,16150
native-finalists,015-Mercury-Sand-packed-32-baseline-w32-s18,density_swaps,Mercury,Sand,-1,1,122
native-finalists,015-Mercury-Sand-packed-32-baseline-w32-s19,density_swaps,Mercury,Sand,1,1,129
native-finalists,015-Mercury-Sand-packed-32-baseline-w32-s19,density_swaps,Mercury,Sand,0,1,16110
native-finalists,015-Mercury-Sand-packed-32-baseline-w32-s19,density_swaps,Mercury,Sand,-1,1,143
native-finalists,018-Sand-Dust-packed-32-baseline-w32-s00,density_swaps,Sand,Dust,0,1,16384
native-finalists,018-Sand-Dust-packed-32-baseline-w32-s01,density_swaps,Sand,Dust,0,1,16384
native-finalists,018-Sand-Dust-packed-32-baseline-w32-s02,density_swaps,Sand,Dust,0,1,16384
native-finalists,018-Sand-Dust-packed-32-baseline-w32-s03,density_swaps,Sand,Dust,0,1,16384
native-finalists,018-Sand-Dust-packed-32-baseline-w32-s04,density_swaps,Sand,Dust,0,1,16384
native-finalists,018-Sand-Dust-packed-32-baseline-w32-s05,density_swaps,Sand,Dust,0,1,16384
native-finalists,018-Sand-Dust-packed-32-baseline-w32-s06,density_swaps,Sand,Dust,0,1,16384
native-finalists,018-Sand-Dust-packed-32-baseline-w32-s07,density_swaps,Sand,Dust,0,1,16384
native-finalists,018-Sand-Dust-packed-32-baseline-w32-s08,density_swaps,Sand,Dust,0,1,16384
native-finalists,018-Sand-Dust-packed-32-baseline-w32-s09,density_swaps,Sand,Dust,0,1,16384
native-finalists,018-Sand-Dust-packed-32-baseline-w32-s10,density_swaps,Sand,Dust,0,1,16384
native-finalists,018-Sand-Dust-packed-32-baseline-w32-s11,density_swaps,Sand,Dust,0,1,16384
native-finalists,018-Sand-Dust-packed-32-baseline-w32-s12,density_swaps,Sand,Dust,0,1,16384
native-finalists,018-Sand-Dust-packed-32-baseline-w32-s13,density_swaps,Sand,Dust,0,1,16384
native-finalists,018-Sand-Dust-packed-32-baseline-w32-s14,density_swaps,Sand,Dust,0,1,16384
native-finalists,018-Sand-Dust-packed-32-baseline-w32-s15,density_swaps,Sand,Dust,0,1,16384
native-finalists,018-Sand-Dust-packed-32-baseline-w32-s16,density_swaps,Sand,Dust,0,1,16384
native-finalists,018-Sand-Dust-packed-32-baseline-w32-s17,density_swaps,Sand,Dust,0,1,16384
native-finalists,018-Sand-Dust-packed-32-baseline-w32-s18,density_swaps,Sand,Dust,0,1,16384
native-finalists,018-Sand-Dust-packed-32-baseline-w32-s19,density_swaps,Sand,Dust,0,1,16384
native-finalists,019-Mercury-Sand-packed-32-baseline-w32-s00,density_swaps,Mercury,Sand,0,1,16384
native-finalists,019-Mercury-Sand-packed-32-baseline-w32-s01,density_swaps,Mercury,Sand,0,1,16384
native-finalists,019-Mercury-Sand-packed-32-baseline-w32-s02,density_swaps,Mercury,Sand,0,1,16384
native-finalists,019-Mercury-Sand-packed-32-baseline-w32-s03,density_swaps,Mercury,Sand,0,1,16384
native-finalists,019-Mercury-Sand-packed-32-baseline-w32-s04,density_swaps,Mercury,Sand,0,1,16384
native-finalists,019-Mercury-Sand-packed-32-baseline-w32-s05,density_swaps,Mercury,Sand,0,1,16384
native-finalists,019-Mercury-Sand-packed-32-baseline-w32-s06,density_swaps,Mercury,Sand,0,1,16384
native-finalists,019-Mercury-Sand-packed-32-baseline-w32-s07,density_swaps,Mercury,Sand,0,1,16384
native-finalists,019-Mercury-Sand-packed-32-baseline-w32-s08,density_swaps,Mercury,Sand,0,1,16384
native-finalists,019-Mercury-Sand-packed-32-baseline-w32-s09,density_swaps,Mercury,Sand,0,1,16384
native-finalists,019-Mercury-Sand-packed-32-baseline-w32-s10,density_swaps,Mercury,Sand,0,1,16384
native-finalists,019-Mercury-Sand-packed-32-baseline-w32-s11,density_swaps,Mercury,Sand,0,1,16384
native-finalists,019-Mercury-Sand-packed-32-baseline-w32-s12,density_swaps,Mercury,Sand,0,1,16384
native-finalists,019-Mercury-Sand-packed-32-baseline-w32-s13,density_swaps,Mercury,Sand,0,1,16384
native-finalists,019-Mercury-Sand-packed-32-baseline-w32-s14,density_swaps,Mercury,Sand,0,1,16384
native-finalists,019-Mercury-Sand-packed-32-baseline-w32-s15,density_swaps,Mercury,Sand,0,1,16384
native-finalists,019-Mercury-Sand-packed-32-baseline-w32-s16,density_swaps,Mercury,Sand,0,1,16384
native-finalists,019-Mercury-Sand-packed-32-baseline-w32-s17,density_swaps,Mercury,Sand,0,1,16384
native-finalists,019-Mercury-Sand-packed-32-baseline-w32-s18,density_swaps,Mercury,Sand,0,1,16384
native-finalists,019-Mercury-Sand-packed-32-baseline-w32-s19,density_swaps,Mercury,Sand,0,1,16384
native-finalists,020-Sand-Dust-packed-32-baseline-w32-s00,density_swaps,Sand,Dust,0,1,16384
native-finalists,020-Sand-Dust-packed-32-baseline-w32-s01,density_swaps,Sand,Dust,0,1,16384
native-finalists,020-Sand-Dust-packed-32-baseline-w32-s02,density_swaps,Sand,Dust,0,1,16384
native-finalists,020-Sand-Dust-packed-32-baseline-w32-s03,density_swaps,Sand,Dust,0,1,16384
native-finalists,020-Sand-Dust-packed-32-baseline-w32-s04,density_swaps,Sand,Dust,0,1,16384
native-finalists,020-Sand-Dust-packed-32-baseline-w32-s05,density_swaps,Sand,Dust,0,1,16384
native-finalists,020-Sand-Dust-packed-32-baseline-w32-s06,density_swaps,Sand,Dust,0,1,16384
native-finalists,020-Sand-Dust-packed-32-baseline-w32-s07,density_swaps,Sand,Dust,0,1,16384
native-finalists,020-Sand-Dust-packed-32-baseline-w32-s08,density_swaps,Sand,Dust,0,1,16384
native-finalists,020-Sand-Dust-packed-32-baseline-w32-s09,density_swaps,Sand,Dust,0,1,16384
native-finalists,020-Sand-Dust-packed-32-baseline-w32-s10,density_swaps,Sand,Dust,0,1,16384
native-finalists,020-Sand-Dust-packed-32-baseline-w32-s11,density_swaps,Sand,Dust,0,1,15172
native-finalists,020-Sand-Dust-packed-32-baseline-w32-s11,density_swaps,Sand,Dust,-1,1,635
native-finalists,020-Sand-Dust-packed-32-baseline-w32-s11,density_swaps,Sand,Dust,1,1,575
native-finalists,020-Sand-Dust-packed-32-baseline-w32-s12,density_swaps,Sand,Dust,0,1,16046
native-finalists,020-Sand-Dust-packed-32-baseline-w32-s12,density_swaps,Sand,Dust,-1,1,169
native-finalists,020-Sand-Dust-packed-32-baseline-w32-s12,density_swaps,Sand,Dust,1,1,169
native-finalists,020-Sand-Dust-packed-32-baseline-w32-s13,density_swaps,Sand,Dust,0,1,15402
native-finalists,020-Sand-Dust-packed-32-baseline-w32-s13,density_swaps,Sand,Dust,-1,1,505
native-finalists,020-Sand-Dust-packed-32-baseline-w32-s13,density_swaps,Sand,Dust,1,1,475
native-finalists,020-Sand-Dust-packed-32-baseline-w32-s14,density_swaps,Sand,Dust,0,1,15603
native-finalists,020-Sand-Dust-packed-32-baseline-w32-s14,density_swaps,Sand,Dust,-1,1,422
native-finalists,020-Sand-Dust-packed-32-baseline-w32-s14,density_swaps,Sand,Dust,1,1,356
native-finalists,020-Sand-Dust-packed-32-baseline-w32-s15,density_swaps,Sand,Dust,0,1,15905
native-finalists,020-Sand-Dust-packed-32-baseline-w32-s15,density_swaps,Sand,Dust,-1,1,249
native-finalists,020-Sand-Dust-packed-32-baseline-w32-s15,density_swaps,Sand,Dust,1,1,229
native-finalists,020-Sand-Dust-packed-32-baseline-w32-s16,density_swaps,Sand,Dust,0,1,15946
native-finalists,020-Sand-Dust-packed-32-baseline-w32-s16,density_swaps,Sand,Dust,-1,1,227
native-finalists,020-Sand-Dust-packed-32-baseline-w32-s16,density_swaps,Sand,Dust,1,1,210
native-finalists,020-Sand-Dust-packed-32-baseline-w32-s17,density_swaps,Sand,Dust,0,1,15840
native-finalists,020-Sand-Dust-packed-32-baseline-w32-s17,density_swaps,Sand,Dust,-1,1,281
native-finalists,020-Sand-Dust-packed-32-baseline-w32-s17,density_swaps,Sand,Dust,1,1,261
native-finalists,020-Sand-Dust-packed-32-baseline-w32-s18,density_swaps,Sand,Dust,0,1,16150
native-finalists,020-Sand-Dust-packed-32-baseline-w32-s18,density_swaps,Sand,Dust,-1,1,122
native-finalists,020-Sand-Dust-packed-32-baseline-w32-s18,density_swaps,Sand,Dust,1,1,111
native-finalists,020-Sand-Dust-packed-32-baseline-w32-s19,density_swaps,Sand,Dust,0,1,16110
native-finalists,020-Sand-Dust-packed-32-baseline-w32-s19,density_swaps,Sand,Dust,-1,1,143
native-finalists,020-Sand-Dust-packed-32-baseline-w32-s19,density_swaps,Sand,Dust,1,1,129
native-finalists,021-Mercury-Sand-packed-32-baseline-w32-s00,density_swaps,Mercury,Sand,0,1,16384
native-finalists,021-Mercury-Sand-packed-32-baseline-w32-s01,density_swaps,Mercury,Sand,0,1,16384
native-finalists,021-Mercury-Sand-packed-32-baseline-w32-s02,density_swaps,Mercury,Sand,0,1,16384
native-finalists,021-Mercury-Sand-packed-32-baseline-w32-s03,density_swaps,Mercury,Sand,0,1,16384
native-finalists,021-Mercury-Sand-packed-32-baseline-w32-s04,density_swaps,Mercury,Sand,0,1,16384
native-finalists,021-Mercury-Sand-packed-32-baseline-w32-s05,density_swaps,Mercury,Sand,0,1,16384
native-finalists,021-Mercury-Sand-packed-32-baseline-w32-s06,density_swaps,Mercury,Sand,0,1,16384
native-finalists,021-Mercury-Sand-packed-32-baseline-w32-s07,density_swaps,Mercury,Sand,0,1,16384
native-finalists,021-Mercury-Sand-packed-32-baseline-w32-s08,density_swaps,Mercury,Sand,0,1,16384
native-finalists,021-Mercury-Sand-packed-32-baseline-w32-s09,density_swaps,Mercury,Sand,0,1,16384
native-finalists,021-Mercury-Sand-packed-32-baseline-w32-s10,density_swaps,Mercury,Sand,0,1,16384
native-finalists,021-Mercury-Sand-packed-32-baseline-w32-s11,density_swaps,Mercury,Sand,1,1,575
native-finalists,021-Mercury-Sand-packed-32-baseline-w32-s11,density_swaps,Mercury,Sand,0,1,15172
native-finalists,021-Mercury-Sand-packed-32-baseline-w32-s11,density_swaps,Mercury,Sand,-1,1,635
native-finalists,021-Mercury-Sand-packed-32-baseline-w32-s12,density_swaps,Mercury,Sand,1,1,169
native-finalists,021-Mercury-Sand-packed-32-baseline-w32-s12,density_swaps,Mercury,Sand,0,1,16046
native-finalists,021-Mercury-Sand-packed-32-baseline-w32-s12,density_swaps,Mercury,Sand,-1,1,169
native-finalists,021-Mercury-Sand-packed-32-baseline-w32-s13,density_swaps,Mercury,Sand,1,1,475
native-finalists,021-Mercury-Sand-packed-32-baseline-w32-s13,density_swaps,Mercury,Sand,0,1,15402
native-finalists,021-Mercury-Sand-packed-32-baseline-w32-s13,density_swaps,Mercury,Sand,-1,1,505
native-finalists,021-Mercury-Sand-packed-32-baseline-w32-s14,density_swaps,Mercury,Sand,1,1,356
native-finalists,021-Mercury-Sand-packed-32-baseline-w32-s14,density_swaps,Mercury,Sand,0,1,15603
native-finalists,021-Mercury-Sand-packed-32-baseline-w32-s14,density_swaps,Mercury,Sand,-1,1,422
native-finalists,021-Mercury-Sand-packed-32-baseline-w32-s15,density_swaps,Mercury,Sand,1,1,229
native-finalists,021-Mercury-Sand-packed-32-baseline-w32-s15,density_swaps,Mercury,Sand,0,1,15905
native-finalists,021-Mercury-Sand-packed-32-baseline-w32-s15,density_swaps,Mercury,Sand,-1,1,249
native-finalists,021-Mercury-Sand-packed-32-baseline-w32-s16,density_swaps,Mercury,Sand,1,1,210
native-finalists,021-Mercury-Sand-packed-32-baseline-w32-s16,density_swaps,Mercury,Sand,0,1,15946
native-finalists,021-Mercury-Sand-packed-32-baseline-w32-s16,density_swaps,Mercury,Sand,-1,1,227
native-finalists,021-Mercury-Sand-packed-32-baseline-w32-s17,density_swaps,Mercury,Sand,1,1,261
native-finalists,021-Mercury-Sand-packed-32-baseline-w32-s17,density_swaps,Mercury,Sand,0,1,15840
native-finalists,021-Mercury-Sand-packed-32-baseline-w32-s17,density_swaps,Mercury,Sand,-1,1,281
native-finalists,021-Mercury-Sand-packed-32-baseline-w32-s18,density_swaps,Mercury,Sand,1,1,111
native-finalists,021-Mercury-Sand-packed-32-baseline-w32-s18,density_swaps,Mercury,Sand,0,1,16150
native-finalists,021-Mercury-Sand-packed-32-baseline-w32-s18,density_swaps,Mercury,Sand,-1,1,122
native-finalists,021-Mercury-Sand-packed-32-baseline-w32-s19,density_swaps,Mercury,Sand,1,1,129
native-finalists,021-Mercury-Sand-packed-32-baseline-w32-s19,density_swaps,Mercury,Sand,0,1,16110
native-finalists,021-Mercury-Sand-packed-32-baseline-w32-s19,density_swaps,Mercury,Sand,-1,1,143
