group,id,top,bottom,layout,seed,workers,variant,ticks,breakthrough,swaps,conversions,initial_water_mass,final_water_mass,chunk_allocations,max_cores,histogram_used,tick_us_p95,sha256
native-expanded,000-Sand-Dust-packed-32-baseline-w32-s00,2,14,packed,0,1,baseline,1800,-1,0,0,0,0,0,6,14,0.9,441509ea551e491783a719bc6d7cda5277a75d255b0f1460f419a91ef089f63b
native-expanded,000-Sand-Dust-packed-32-baseline-w32-s01,2,14,packed,1,1,baseline,1800,-1,0,0,0,0,0,3,14,0.8,993662ba652b620000c7f3bb008b6582ddc75d35e25eb7a3ac3faab87f18e456
native-expanded,000-Sand-Dust-packed-32-baseline-w32-s02,2,14,packed,2,1,baseline,1800,-1,0,0,0,0,0,3,14,0.8,2448b29f5624c94f60e46421e3cdba8fb170ec97aa16fe8a662ed9031dbdad05
native-expanded,000-Sand-Dust-packed-32-baseline-w32-s03,2,14,packed,3,1,baseline,1800,-1,0,0,0,0,0,3,14,1.3,9a1f3e405c8cf226ab6dfaa563b6458d567b541698d28065e0e944c242941bd6
native-expanded,000-Sand-Dust-packed-32-baseline-w32-s04,2,14,packed,4,1,baseline,1800,-1,0,0,0,0,0,3,14,1.1,ff0fed5041adf22a2c3bda6e73e2375173b2e567bf5597e27676998de9a5b1b6
native-expanded,001-Dust-Sand-packed-32-baseline-w32-s00,14,2,packed,0,1,baseline,1800,-1,0,0,0,0,0,6,14,0.9,752b29e6ed2a0ca5f76117978cce64efd18c6d209f15ae3f053d22d685322d27
native-expanded,001-Dust-Sand-packed-32-baseline-w32-s01,14,2,packed,1,1,baseline,1800,-1,0,0,0,0,0,3,14,1.4,b92b06c894ff3d8998af34a6667a8136ab55abab187f8069ba01a1903f2a11ef
native-expanded,001-Dust-Sand-packed-32-baseline-w32-s02,14,2,packed,2,1,baseline,1800,-1,0,0,0,0,0,3,14,1.4,224836717e0a8b0c93c6e3e6dd3299a7c716d0bc7c347e1f5010dd1f108e3739
native-expanded,001-Dust-Sand-packed-32-baseline-w32-s03,14,2,packed,3,1,baseline,1800,-1,0,0,0,0,0,3,14,1.3,a5773749c31404f557d1d194d9503e0de482bedd4738901b76d1e55a2b30e839
native-expanded,001-Dust-Sand-packed-32-baseline-w32-s04,14,2,packed,4,1,baseline,1800,-1,0,0,0,0,0,3,14,2,5b762282203dd432ef6a429a5d6938cfc4c9c6be7659749b993ec9ab72f9db36
native-expanded,002-Stone-Sand-packed-32-baseline-w32-s00,13,2,packed,0,1,baseline,1800,-1,0,0,0,0,0,6,8,1.6,0691041e3dc4fb8d99dd71a0c13954e089a840e7be27b6df666ee685b1208445
native-expanded,002-Stone-Sand-packed-32-baseline-w32-s01,13,2,packed,1,1,baseline,1800,-1,0,0,0,0,0,3,8,1.3,a0fc6156ab5d401d1cbf8ca6cd6bd6c65fa803312ec6fcb87182e84f1b229ab4
native-expanded,002-Stone-Sand-packed-32-baseline-w32-s02,13,2,packed,2,1,baseline,1800,-1,0,0,0,0,0,3,8,1.3,8fafe8692283e36c78e7518554dca22c0c1776f0c75f36d0660bbd711d87e456
native-expanded,002-Stone-Sand-packed-32-baseline-w32-s03,13,2,packed,3,1,baseline,1800,-1,0,0,0,0,0,3,8,1.2,1f66438d4ccf1d8a8206672c692cec72b9bb69fcd030e61e255fd1356643a1df
native-expanded,002-Stone-Sand-packed-32-baseline-w32-s04,13,2,packed,4,1,baseline,1800,-1,0,0,0,0,0,3,8,2,88a041f542e0cf59c1e7d9a6cd7213b5bedf5fdbc320295a3495a6bb8efaf3e5
native-expanded,003-Sand-Stone-packed-32-baseline-w32-s00,2,13,packed,0,1,baseline,1800,-1,0,0,0,0,0,6,10,1.3,68daae553fde64b2ef311aaf893eeaaaeadc68e69e2bfe631b9e696b38a8b9bb
native-expanded,003-Sand-Stone-packed-32-baseline-w32-s01,2,13,packed,1,1,baseline,1800,-1,0,0,0,0,0,3,10,1.6,ce842ee4560b2bc05ec2deb5b1bd9cf415cf79b324e7776e3f6822312d5f4d39
native-expanded,003-Sand-Stone-packed-32-baseline-w32-s02,2,13,packed,2,1,baseline,1800,-1,0,0,0,0,0,3,10,1.5,7d9e32701b565811bd16674b29b308b71a04e048dfb456a4f89f0a29f0afe284
native-expanded,003-Sand-Stone-packed-32-baseline-w32-s03,2,13,packed,3,1,baseline,1800,-1,0,0,0,0,0,3,10,1.2,edfe46b4f50948ef873e980374fa33844a68c6a3af4bd8f409e6eb9618bb6724
native-expanded,003-Sand-Stone-packed-32-baseline-w32-s04,2,13,packed,4,1,baseline,1800,-1,0,0,0,0,0,3,10,1.1,4e329baad6c3a5e4953cd0654332cdf1a16b1111b177a934f967f98c9f6a649f
native-expanded,004-Rust-Sand-packed-32-baseline-w32-s00,29,2,packed,0,1,baseline,1800,-1,0,0,0,0,0,6,14,1.2,5b6dc568820c45c5d757cfa541ce50d944ad8fa68fc2cd2c8e9e5fbbc58d0dc6
native-expanded,004-Rust-Sand-packed-32-baseline-w32-s01,29,2,packed,1,1,baseline,1800,-1,0,0,0,0,0,3,14,1.5,40f43acfcef82e76432ba9418e8f33a6e50982b7b1cf22e721cad178efd2027f
native-expanded,004-Rust-Sand-packed-32-baseline-w32-s02,29,2,packed,2,1,baseline,1800,-1,0,0,0,0,0,3,14,1.1,048747d82526c6cf0b68b83fb728a9d776138858425726b8be7059d5641eae9e
native-expanded,004-Rust-Sand-packed-32-baseline-w32-s03,29,2,packed,3,1,baseline,1800,-1,0,0,0,0,0,3,14,0.8,64fb6015428b75198ed07dccc16ebe160571874aa7938f1df80e7d3b69294a77
native-expanded,004-Rust-Sand-packed-32-baseline-w32-s04,29,2,packed,4,1,baseline,1800,-1,0,0,0,0,0,3,14,1.2,53cd5afcbc4a1543a7f3cf276564ff65f21c8d27ba638b0151ab5db60e5c72cf
native-expanded,005-Sand-Rust-packed-32-baseline-w32-s00,2,29,packed,0,1,baseline,1800,-1,0,0,0,0,0,6,14,1.3,7d56bae800994801b7155c2d6311f2751f98827846e9cb5d0c039da179c6919a
native-expanded,005-Sand-Rust-packed-32-baseline-w32-s01,2,29,packed,1,1,baseline,1800,-1,0,0,0,0,0,3,14,1.2,227867934f9ff5bad31e72b88c0b600cfb9ff0ce5ca7d1dab29e21d2e1a44791
native-expanded,005-Sand-Rust-packed-32-baseline-w32-s02,2,29,packed,2,1,baseline,1800,-1,0,0,0,0,0,3,14,1.3,a9a20cc3412f24da68adafa226ce35006d6852f10002580e776985545491dff2
native-expanded,005-Sand-Rust-packed-32-baseline-w32-s03,2,29,packed,3,1,baseline,1800,-1,0,0,0,0,0,3,14,1.3,2d3a348e2a5e15c918029620f5451c96fd68d8267e65963317b5df80244e1a12
native-expanded,005-Sand-Rust-packed-32-baseline-w32-s04,2,29,packed,4,1,baseline,1800,-1,0,0,0,0,0,3,14,1.3,e6201f882a805a97ac63282c194fdd4cc561fba10f4454a0c3af6e1778fa50f6
native-expanded,006-Mercury-Sand-packed-32-baseline-w32-s00,33,2,packed,0,1,baseline,1800,960,16384,0,0,0,0,6,23,328.5,e201f762db122247fe63a1a5b6127ff3179e128a859175d92bb8a226f9d0cba3
native-expanded,006-Mercury-Sand-packed-32-baseline-w32-s01,33,2,packed,1,1,baseline,1800,960,16384,0,0,0,0,3,23,310.9,599fb71d121f8126c7fe0648a2535b82b51884c631c431b5f5e01235279be646
native-expanded,006-Mercury-Sand-packed-32-baseline-w32-s02,33,2,packed,2,1,baseline,1800,960,16384,0,0,0,0,3,23,307.1,49ec235c20e45e3c8d2df4bc82d6b9abbb9be70aca23dd74205ec55811556927
native-expanded,006-Mercury-Sand-packed-32-baseline-w32-s03,33,2,packed,3,1,baseline,1800,960,16384,0,0,0,0,3,23,309.9,858d4af076fecaaa4760234ac443198ad77c8dcbe5fbe411d791c97fb23c153a
native-expanded,006-Mercury-Sand-packed-32-baseline-w32-s04,33,2,packed,4,1,baseline,1800,960,16384,0,0,0,0,3,23,322.9,e3ab88f2406a064cd59295d2c9de03d5c09a741543a78f24065f867afd20c815
native-expanded,007-Sand-Mercury-packed-32-baseline-w32-s00,2,33,packed,0,1,baseline,1800,-1,0,0,0,0,0,6,18,0.9,8ff76e7edff183150ebfc7d8d5e086ff851bb851352c31b0b1cb1b3aec892441
native-expanded,007-Sand-Mercury-packed-32-baseline-w32-s01,2,33,packed,1,1,baseline,1800,-1,0,0,0,0,0,3,18,1.2,012556cac01df170c7455f3daf33abf3b38e727601c45485d550f12494ba8bab
native-expanded,007-Sand-Mercury-packed-32-baseline-w32-s02,2,33,packed,2,1,baseline,1800,-1,0,0,0,0,0,3,18,1,ef0448fe06e5fef9efd46d541e69dae3a92c297360a5e680872ce6ba6138304a
native-expanded,007-Sand-Mercury-packed-32-baseline-w32-s03,2,33,packed,3,1,baseline,1800,-1,0,0,0,0,0,3,18,0.7,a9300210494e1aa6480b10eb106f391f57c290684d465e3b5f13a3b965d7240e
native-expanded,007-Sand-Mercury-packed-32-baseline-w32-s04,2,33,packed,4,1,baseline,1800,-1,0,0,0,0,0,3,18,0.9,1fea86857a3584c41b448cff2e674bac5f26b215f9fda492a8fd2a531a317aed
native-expanded,008-Mercury-Dust-packed-32-baseline-w32-s00,33,14,packed,0,1,baseline,1800,960,16384,0,0,0,0,6,23,427.6,a4d6f5e832849d9833786e448a1e68b02c1b2f0b4122071c6cfc5b412a289379
native-expanded,008-Mercury-Dust-packed-32-baseline-w32-s01,33,14,packed,1,1,baseline,1800,960,16384,0,0,0,0,3,23,349.3,44df1251f7c495210d7455b8191073a603e42c3d15087998cc9a4cc3e9da5d98
native-expanded,008-Mercury-Dust-packed-32-baseline-w32-s02,33,14,packed,2,1,baseline,1800,960,16384,0,0,0,0,3,23,355,a1b05e1ea0e66da8f10941a9850617270cf4c62ff5833909d3eb4ca9c5c7042f
native-expanded,008-Mercury-Dust-packed-32-baseline-w32-s03,33,14,packed,3,1,baseline,1800,960,16384,0,0,0,0,3,23,369.2,73141cf22b75a29070939ff409cf86669f2e4d6be26cfb87b9bdb48d2742caf9
native-expanded,008-Mercury-Dust-packed-32-baseline-w32-s04,33,14,packed,4,1,baseline,1800,960,16384,0,0,0,0,3,23,368.8,de8f8ea37262d3de0fba79212696778048a739f766ce39c90d9eb805cb3d7c82
native-expanded,009-Dust-Mercury-packed-32-baseline-w32-s00,14,33,packed,0,1,baseline,1800,-1,0,0,0,0,0,6,18,0.9,324b1976fc3d9ebe1ead2b0be2c64af9fded1fd44d57c46f339214b91fbdb74b
native-expanded,009-Dust-Mercury-packed-32-baseline-w32-s01,14,33,packed,1,1,baseline,1800,-1,0,0,0,0,0,3,18,1.2,eef6a96a9974a6e6a948feeb6cf8e4ffe72b556fe4162e263a20c85ce5d56ad5
native-expanded,009-Dust-Mercury-packed-32-baseline-w32-s02,14,33,packed,2,1,baseline,1800,-1,0,0,0,0,0,3,18,1.2,5eaa4c613819948cfed460f9270db2a6f3ee39adaec3bd5fb7b019745bd99200
native-expanded,009-Dust-Mercury-packed-32-baseline-w32-s03,14,33,packed,3,1,baseline,1800,-1,0,0,0,0,0,3,18,0.8,32831ede781350574403ebf5b4ef1379d31e71e84dfefc39a75c0314102559f8
native-expanded,009-Dust-Mercury-packed-32-baseline-w32-s04,14,33,packed,4,1,baseline,1800,-1,0,0,0,0,0,3,18,0.8,5b7ea697a693f5bd40e29f69d7cc08f8045de3b30dd71bd5c78a3917254daeb7
native-expanded,010-Water-Sand-packed-32-baseline-w32-s00,3,2,packed,0,1,baseline,1800,-1,0,0,130560,130560,0,6,11,1,256e5b334927bec07688f4fe3f8aade9bff315792ac2e018074ecc922428eef6
native-expanded,010-Water-Sand-packed-32-baseline-w32-s01,3,2,packed,1,1,baseline,1800,-1,0,0,130560,130560,0,3,11,0.9,682b33b5c5c7b714507a0591129d21c6e688a79d02b97bc41357dbd08e79fb54
native-expanded,010-Water-Sand-packed-32-baseline-w32-s02,3,2,packed,2,1,baseline,1800,-1,0,0,130560,130560,0,3,11,0.7,ba2212c2d06a6fe2ad734ee75f0bb28d07c792823f16fcd16a8ea7a2b0503433
native-expanded,010-Water-Sand-packed-32-baseline-w32-s03,3,2,packed,3,1,baseline,1800,-1,0,0,130560,130560,0,3,11,0.7,4ead72b8330246b538f108b9dd1a47d030cb986ac40ba1fb0e43a59b3dda22f7
native-expanded,010-Water-Sand-packed-32-baseline-w32-s04,3,2,packed,4,1,baseline,1800,-1,0,0,130560,130560,0,3,11,0.9,4dc200472269af266c5fe455377f293f855b664eae52b99b33caf0e81b0d9792
native-expanded,011-Sand-Water-packed-32-baseline-w32-s00,2,3,packed,0,1,baseline,1800,32,16384,0,261120,261120,0,6,16,1.3,ed786dad12847eaccb89acf11e7495534f9f5ef455c19ffc8d3d69d27ded6274
native-expanded,011-Sand-Water-packed-32-baseline-w32-s01,2,3,packed,1,1,baseline,1800,32,16384,0,261120,261120,0,3,16,1.8,8d436d7f22a2326cdee7172eeff128118b2a5d8f7fe102bdf7067e102b2ea85b
native-expanded,011-Sand-Water-packed-32-baseline-w32-s02,2,3,packed,2,1,baseline,1800,32,16384,0,261120,261120,0,3,16,1.6,f1f5eec730aac90e16df08c94e6b1ce9d44109a74e25926d64394371cd100098
native-expanded,011-Sand-Water-packed-32-baseline-w32-s03,2,3,packed,3,1,baseline,1800,32,16384,0,261120,261120,0,3,16,1.5,0fd7800fe9961e205f9f0ec675853f542ed7fb266f632f3217cda562c1543974
native-expanded,011-Sand-Water-packed-32-baseline-w32-s04,2,3,packed,4,1,baseline,1800,32,16384,0,261120,261120,0,3,16,1.6,c43095474f1ca2f1d75517351a528bb7c6c54a96a0d6804e4243bec917254b78
native-expanded,012-Water-Dust-packed-32-baseline-w32-s00,3,14,packed,0,1,baseline,1800,32,16384,0,130560,130560,0,6,16,0.9,bbcb54f4aa07e4de502cabd1f2a22c2ede23f4e9ed39937eb04415cfad1f8e59
native-expanded,012-Water-Dust-packed-32-baseline-w32-s01,3,14,packed,1,1,baseline,1800,32,16384,0,130560,130560,0,3,16,1.2,f4c1786badd271e9dcbcc1c1257b39ff39fd9c71c3a74ddfc58aadddc3214ad6
native-expanded,012-Water-Dust-packed-32-baseline-w32-s02,3,14,packed,2,1,baseline,1800,32,16384,0,130560,130560,0,3,16,1.5,bd4387378f570e85bf0c262ae90f95987864f59dd65a2214035dcedf6069fc60
native-expanded,012-Water-Dust-packed-32-baseline-w32-s03,3,14,packed,3,1,baseline,1800,32,16384,0,130560,130560,0,3,16,2.4,a19e10433c7149acf705761d30d8524639fb8ece79c4bf4fe747e49007a6a66d
native-expanded,012-Water-Dust-packed-32-baseline-w32-s04,3,14,packed,4,1,baseline,1800,32,16384,0,130560,130560,0,3,16,1.7,023a051d7624f70a7d7919a93213cb98f3054aee192943774ff3058aa4f19120
native-expanded,013-Dust-Water-packed-32-baseline-w32-s00,14,3,packed,0,1,baseline,1800,-1,0,0,261120,261120,0,6,11,0.8,8c548ba514909503b901637b29697da17c13eea7ca64f675041d4276ac0e6561
native-expanded,013-Dust-Water-packed-32-baseline-w32-s01,14,3,packed,1,1,baseline,1800,-1,0,0,261120,261120,0,3,11,1.2,c4468576ce76f6f6492abce2700fcbda3e9d1f37fa9635f15347ed87a3423639
native-expanded,013-Dust-Water-packed-32-baseline-w32-s02,14,3,packed,2,1,baseline,1800,-1,0,0,261120,261120,0,3,11,1.2,486ae22575504ff9ea303207f5902baabfc0d8fdd7111f93c3c06cc530cd3605
native-expanded,013-Dust-Water-packed-32-baseline-w32-s03,14,3,packed,3,1,baseline,1800,-1,0,0,261120,261120,0,3,11,0.7,d5167089f42318e31830dcf2db10bf5a7abf4bb21c789aa6dda2dfa2024e40b6
native-expanded,013-Dust-Water-packed-32-baseline-w32-s04,14,3,packed,4,1,baseline,1800,-1,0,0,261120,261120,0,3,11,0.7,50ee070d771106a5ebeacdcce14a3d6f34226a994c501ca8d363ee7489d0d855
native-expanded,014-Oil-Sand-packed-32-baseline-w32-s00,16,2,packed,0,1,baseline,1800,-1,0,0,0,0,0,6,18,0.8,45d6735a648f7b76b4bdcf8fed7f58752a43bb3fadf04fa1be9e4050ece760d4
native-expanded,014-Oil-Sand-packed-32-baseline-w32-s01,16,2,packed,1,1,baseline,1800,-1,0,0,0,0,0,3,18,0.9,f5fca6ead57f21158cc52345964e9538211bdeef6a0df15ed38f8d0760744262
native-expanded,014-Oil-Sand-packed-32-baseline-w32-s02,16,2,packed,2,1,baseline,1800,-1,0,0,0,0,0,3,18,1.3,809e8977f27bd4abe3af17721d9856d7d48a90e90d521f17dadae5881a932005
native-expanded,014-Oil-Sand-packed-32-baseline-w32-s03,16,2,packed,3,1,baseline,1800,-1,0,0,0,0,0,3,18,1,6003d8fb0661d391561c56516eb2275c7122f9baa9eee7dc6856beab8acc6a9e
native-expanded,014-Oil-Sand-packed-32-baseline-w32-s04,16,2,packed,4,1,baseline,1800,-1,0,0,0,0,0,3,18,1.3,eed91867b7ccca12d1628f76bdbee458016f81030d9616d9e544b410d86299c1
native-expanded,015-Sand-Oil-packed-32-baseline-w32-s00,2,16,packed,0,1,baseline,1800,32,16384,0,0,0,0,6,23,1.3,d3d57d52e0a26ede96c52b0b2fb0bcd2131086d221b7c3254c21b238207ccf23
native-expanded,015-Sand-Oil-packed-32-baseline-w32-s01,2,16,packed,1,1,baseline,1800,32,16384,0,0,0,0,3,23,1.7,539499a56e7a0beef67a78348b45979808e94633d5e214cae89101e4513f3da9
native-expanded,015-Sand-Oil-packed-32-baseline-w32-s02,2,16,packed,2,1,baseline,1800,32,16384,0,0,0,0,3,23,2.1,9fc427c12344ec62f253f28609a4d742387b55ad28852340f443a0c38af24e59
native-expanded,015-Sand-Oil-packed-32-baseline-w32-s03,2,16,packed,3,1,baseline,1800,32,16384,0,0,0,0,3,23,1.5,4873363a1dec169a858b6267e2b656bdc367a6b8af5ce31092ec56ed5cc71a39
native-expanded,015-Sand-Oil-packed-32-baseline-w32-s04,2,16,packed,4,1,baseline,1800,32,16384,0,0,0,0,3,23,1.6,fbd1fcdf8b2f97a5c1d300b387fdb714c1b7026f8c2f7712fa839d90d08c94da
native-expanded,016-Oil-Dust-packed-32-baseline-w32-s00,16,14,packed,0,1,baseline,1800,-1,0,0,0,0,0,6,18,0.8,ad08ec921bc8698a00153e80be5395e4d72caec71ddb3f0f23e84076369e4a7c
native-expanded,016-Oil-Dust-packed-32-baseline-w32-s01,16,14,packed,1,1,baseline,1800,-1,0,0,0,0,0,3,18,1.2,f4e2424d8cd8b155834b4dbff9ac668633a885790f4b5b7abf4a26f10596a6e5
native-expanded,016-Oil-Dust-packed-32-baseline-w32-s02,16,14,packed,2,1,baseline,1800,-1,0,0,0,0,0,3,18,0.9,671303e08fe01d0f50d8736495add2fda0a8413d08c5a21638d23df9be2aa6ca
native-expanded,016-Oil-Dust-packed-32-baseline-w32-s03,16,14,packed,3,1,baseline,1800,-1,0,0,0,0,0,3,18,0.8,8a80ee5919cec5ecd9ab27c5e602cbba3e3f6a96372dd36b93f848ce1c46ecd2
native-expanded,016-Oil-Dust-packed-32-baseline-w32-s04,16,14,packed,4,1,baseline,1800,-1,0,0,0,0,0,3,18,1,e7ea17132df1c39a568a81b62d64f610e0133d17fbd6b8a52d6be4cc4d346dca
native-expanded,017-Dust-Oil-packed-32-baseline-w32-s00,14,16,packed,0,1,baseline,1800,-1,0,0,0,0,0,6,18,1.4,5ed6d0b455d534c0c0757a342c01b39885657a6478cfea8db4801238a910150e
native-expanded,017-Dust-Oil-packed-32-baseline-w32-s01,14,16,packed,1,1,baseline,1800,-1,0,0,0,0,0,3,18,1.4,a43c752eac8a2cfe0ecb1d8b4bef70b3f4420e4c8b1367cef6864d6697c8e7a8
native-expanded,017-Dust-Oil-packed-32-baseline-w32-s02,14,16,packed,2,1,baseline,1800,-1,0,0,0,0,0,3,18,1.2,4a970362a697de8d395973011d40e08e3c5c3d99a35b49cd6deba91f139c815d
native-expanded,017-Dust-Oil-packed-32-baseline-w32-s03,14,16,packed,3,1,baseline,1800,-1,0,0,0,0,0,3,18,0.8,358ee2db3b25e77563d50294f57b2e5e7b6c4172503974058c46998f5628cfc5
native-expanded,017-Dust-Oil-packed-32-baseline-w32-s04,14,16,packed,4,1,baseline,1800,-1,0,0,0,0,0,3,18,0.9,e27191b805ac478da1ce350d6f8b9cfce6d04383da93a0e71fc6e9861467f1ef
native-expanded,018-Brine-Sand-packed-32-baseline-w32-s00,24,2,packed,0,1,baseline,1800,-1,0,0,0,0,0,6,18,0.7,af90c5cc663e002d8923b4885c710e902e1cea0aea4540cdd03744676b5e0e16
native-expanded,018-Brine-Sand-packed-32-baseline-w32-s01,24,2,packed,1,1,baseline,1800,-1,0,0,0,0,0,3,18,0.7,05c10381ac2f655202f41d05d8b10d4a2b0ff98870c294c10750cc4b56fce957
native-expanded,018-Brine-Sand-packed-32-baseline-w32-s02,24,2,packed,2,1,baseline,1800,-1,0,0,0,0,0,3,18,0.8,f3d0472d88033d2619aba96d4d7a61f71222b10b80bf6e5048fa6986ade6a688
native-expanded,018-Brine-Sand-packed-32-baseline-w32-s03,24,2,packed,3,1,baseline,1800,-1,0,0,0,0,0,3,18,1.2,fd0073dfb8dacab4a5dc2cec082cfda9affede56c47a330fd8e3bee0ce7f59e2
native-expanded,018-Brine-Sand-packed-32-baseline-w32-s04,24,2,packed,4,1,baseline,1800,-1,0,0,0,0,0,3,18,0.7,9478f07ca3cbf9647f386079ae96ca731b1409119e3f028bbe7ad5862f2bb262
native-expanded,019-Sand-Brine-packed-32-baseline-w32-s00,2,24,packed,0,1,baseline,1800,32,16384,0,0,0,0,6,23,0.9,980547d5f7c3a0cac8ac2682d030bb5c6e6413ca6ee8fdf5cbcf579de8833c89
native-expanded,019-Sand-Brine-packed-32-baseline-w32-s01,2,24,packed,1,1,baseline,1800,32,16384,0,0,0,0,3,23,1.1,f059d12a275ea2a228972c56f0cabc604bd56a904844451ef09dfb9770412c90
native-expanded,019-Sand-Brine-packed-32-baseline-w32-s02,2,24,packed,2,1,baseline,1800,32,16384,0,0,0,0,3,23,1,5440e27a7cb5ca621ba2863ed359edeebea01dca7dcba58cdf3c100183305582
native-expanded,019-Sand-Brine-packed-32-baseline-w32-s03,2,24,packed,3,1,baseline,1800,32,16384,0,0,0,0,3,23,1.5,0ceb93ce5a1864107837e6ab3017627ff93ea45966f404362f86945e994021af
native-expanded,019-Sand-Brine-packed-32-baseline-w32-s04,2,24,packed,4,1,baseline,1800,32,16384,0,0,0,0,3,23,1.3,bff9ef1dd8ab59309dd36c07495af63f50bc4182feccbd73538191e61c276f75
native-expanded,020-Brine-Dust-packed-32-baseline-w32-s00,24,14,packed,0,1,baseline,1800,32,16384,0,0,0,0,6,23,1.3,9e30caabdfae5d831a2876990024fd06f4b86e8cccf579ef0f09f17089bce2b1
native-expanded,020-Brine-Dust-packed-32-baseline-w32-s01,24,14,packed,1,1,baseline,1800,32,16384,0,0,0,0,3,23,1.3,052d7f4f685c8bb62041b8b75740f5e28a3bd65df4881ff53c4e6a4792a8012f
native-expanded,020-Brine-Dust-packed-32-baseline-w32-s02,24,14,packed,2,1,baseline,1800,32,16384,0,0,0,0,3,23,1.5,0d4a7da4b97a02184da67138d1f137068f20244deec2c58b75cf0f50f2f3f03b
native-expanded,020-Brine-Dust-packed-32-baseline-w32-s03,24,14,packed,3,1,baseline,1800,32,16384,0,0,0,0,3,23,1.1,e83f3b0092cc011a3bd2bb321467308a085c8ed1fe1955d7c5eeea0dd5efc1ef
native-expanded,020-Brine-Dust-packed-32-baseline-w32-s04,24,14,packed,4,1,baseline,1800,32,16384,0,0,0,0,3,23,1.5,6144012818991933e51c5cbfdbd40f19fae0068ce54df3f519ed7f2bd45595e8
native-expanded,021-Dust-Brine-packed-32-baseline-w32-s00,14,24,packed,0,1,baseline,1800,-1,0,0,0,0,0,6,18,0.9,e3ec6ca8bfe9c8ae2267d0c65813a15db56dfa10525199a9282ce552ffcb78eb
native-expanded,021-Dust-Brine-packed-32-baseline-w32-s01,14,24,packed,1,1,baseline,1800,-1,0,0,0,0,0,3,18,0.7,cb8c954a94245ec459d34efc5c29f7a30856cfdbecf617ea4fc81ad81ad52273
native-expanded,021-Dust-Brine-packed-32-baseline-w32-s02,14,24,packed,2,1,baseline,1800,-1,0,0,0,0,0,3,18,1.2,462b706d06a90644da8249d1bc951383ef095868ec09175b3c50e13c1f4e682a
native-expanded,021-Dust-Brine-packed-32-baseline-w32-s03,14,24,packed,3,1,baseline,1800,-1,0,0,0,0,0,3,18,1.3,08ea43cc28a698e0158ca5c765290ccea29e0b35ee150b7dc61228cfb6d205fe
native-expanded,021-Dust-Brine-packed-32-baseline-w32-s04,14,24,packed,4,1,baseline,1800,-1,0,0,0,0,0,3,18,0.7,dead1daa81ca9439ede04196fc8be22d80cb95d6ad959fca615f71d4bfb89efb
native-expanded,022-Paste-Sand-packed-32-baseline-w32-s00,20,2,packed,0,1,baseline,1800,-1,0,0,0,0,0,6,18,0.9,249af63a4ca6fc6ebe5d0f77663883b30b6fa3b31148c22b5f2c2e643a7f4d87
native-expanded,022-Paste-Sand-packed-32-baseline-w32-s01,20,2,packed,1,1,baseline,1800,-1,0,0,0,0,0,3,18,1.2,5d990a73664301b54c1a4fe4964f9960a70ef51311257804fbec1aa3494a6e83
native-expanded,022-Paste-Sand-packed-32-baseline-w32-s02,20,2,packed,2,1,baseline,1800,-1,0,0,0,0,0,3,18,0.9,ceec4a99e44bd22bd59da5656e157e779931b6d4252420d810565a6e6d6adb59
native-expanded,022-Paste-Sand-packed-32-baseline-w32-s03,20,2,packed,3,1,baseline,1800,-1,0,0,0,0,0,3,18,1,994f2be938000a1efef171e7ebf39b8643f3ca19ff96ddce28615e25c01720f5
native-expanded,022-Paste-Sand-packed-32-baseline-w32-s04,20,2,packed,4,1,baseline,1800,-1,0,0,0,0,0,3,18,1.1,2a8802c3747b3b0cd3c983ec6d78739e356664a04615328a217428ee11755c0e
native-expanded,023-Sand-Paste-packed-32-baseline-w32-s00,2,20,packed,0,1,baseline,1800,32,16384,0,0,0,0,6,23,1.4,e59f8f0aafe1a4364b52ff3ce61c3f299cdf2687f4aeaa71364d1dc44ead9021
native-expanded,023-Sand-Paste-packed-32-baseline-w32-s01,2,20,packed,1,1,baseline,1800,32,16384,0,0,0,0,3,23,1.7,f15e18a1ffdb7b8361c758175df587f46d611d3d532b4bfd6b1af398750e8ff9
native-expanded,023-Sand-Paste-packed-32-baseline-w32-s02,2,20,packed,2,1,baseline,1800,32,16384,0,0,0,0,3,23,2.9,54ebfc1e66a972defe1fa6131ecd50eb9f639ab5c3bbc00e7c9a7fd203d72362
native-expanded,023-Sand-Paste-packed-32-baseline-w32-s03,2,20,packed,3,1,baseline,1800,32,16384,0,0,0,0,3,23,1.6,5168ecc2a4a26489044a7fd060747e118e2020f19b5fdfb46f5607452bff33b6
native-expanded,023-Sand-Paste-packed-32-baseline-w32-s04,2,20,packed,4,1,baseline,1800,32,16384,0,0,0,0,3,23,1.6,3dcca240a3dda9112131a0603fa98511cb127b46a663115eb4884a5ef80c4620
native-expanded,024-Paste-Dust-packed-32-baseline-w32-s00,20,14,packed,0,1,baseline,1800,32,16384,0,0,0,0,6,23,1.2,043e3dfe7f699c05d4b62f436d05e2c0de11776c8dd746457e1c74db1183f410
native-expanded,024-Paste-Dust-packed-32-baseline-w32-s01,20,14,packed,1,1,baseline,1800,32,16384,0,0,0,0,3,23,1.6,8b80b59ba827023efad033159385076afc55fe75f8680b1fb40b27dab39cd340
native-expanded,024-Paste-Dust-packed-32-baseline-w32-s02,20,14,packed,2,1,baseline,1800,32,16384,0,0,0,0,3,23,1.8,e9d0b56b51a775dcb803dd03d774583032a773763fbf38e3b0c83abc76b0f955
native-expanded,024-Paste-Dust-packed-32-baseline-w32-s03,20,14,packed,3,1,baseline,1800,32,16384,0,0,0,0,3,23,1.4,59f312d16b4daa4bc76c21fd0965686bec1be1d95053bb16233650f548aa2a68
native-expanded,024-Paste-Dust-packed-32-baseline-w32-s04,20,14,packed,4,1,baseline,1800,32,16384,0,0,0,0,3,23,1.2,1e3e6487851b4d24c84160837cc50bf3ca6e06c7a05e2608ce9ef632e9f8f014
native-expanded,025-Dust-Paste-packed-32-baseline-w32-s00,14,20,packed,0,1,baseline,1800,-1,0,0,0,0,0,6,18,1,787baf265dcf07c9d4d7ccd6fd850840e664459c4f7cff1891b6e2567368dbea
native-expanded,025-Dust-Paste-packed-32-baseline-w32-s01,14,20,packed,1,1,baseline,1800,-1,0,0,0,0,0,3,18,0.7,44436571442bfe192aad3b57a18bf72b5a631629be16f7b2bdb11e951455c6fc
native-expanded,025-Dust-Paste-packed-32-baseline-w32-s02,14,20,packed,2,1,baseline,1800,-1,0,0,0,0,0,3,18,0.7,777c79fae58406e84c253d6b10ad8255aee2fd4cc6381286b6d68a4917498c43
native-expanded,025-Dust-Paste-packed-32-baseline-w32-s03,14,20,packed,3,1,baseline,1800,-1,0,0,0,0,0,3,18,1.2,721dbb8915bc7fe28410c47689714afd79e4523e334254cad7f20765dbe62864
native-expanded,025-Dust-Paste-packed-32-baseline-w32-s04,14,20,packed,4,1,baseline,1800,-1,0,0,0,0,0,3,18,1.2,572416e5dcbaa8ce30c0279e506eca44ae064fb80e8a75a9c3f40462824aa9d1
native-expanded,026-Lava-Sand-packed-32-baseline-w32-s00,8,2,packed,0,1,baseline,1800,32,16384,0,0,0,0,6,23,1,9e38a8919390fa9507df59bd82b49dd75bf8e6481656cb0d2a913a06de88ea50
native-expanded,026-Lava-Sand-packed-32-baseline-w32-s01,8,2,packed,1,1,baseline,1800,32,16384,0,0,0,0,3,23,1.1,43fe1ff04c9dadfc839fcc48bf30b9a36096949c395e0ed13b1748be9f76a4ec
native-expanded,026-Lava-Sand-packed-32-baseline-w32-s02,8,2,packed,2,1,baseline,1800,32,16384,0,0,0,0,3,23,1.3,a51c16f3b3177be47eaaae52cf76e60c8696d33478d59252ac74eb1d0e4653f3
native-expanded,026-Lava-Sand-packed-32-baseline-w32-s03,8,2,packed,3,1,baseline,1800,32,16384,0,0,0,0,3,23,2,1270108f3b4424243ea3366c4a5421f0dd046d5405c3a917f2a5499fdbe7e8fa
native-expanded,026-Lava-Sand-packed-32-baseline-w32-s04,8,2,packed,4,1,baseline,1800,32,16384,0,0,0,0,3,23,1,a2d5de315b9da4c13984cb2633171c23cb60a7966a35f70f0f7921d965b760c5
native-expanded,027-Sand-Lava-packed-32-baseline-w32-s00,2,8,packed,0,1,baseline,1800,-1,0,0,0,0,0,6,18,0.7,ab8a1873584cc9f6f5905cfd04910c37aab484634271d0bc79f39b10bf329eca
native-expanded,027-Sand-Lava-packed-32-baseline-w32-s01,2,8,packed,1,1,baseline,1800,-1,0,0,0,0,0,3,18,1.2,84d44ed49420ee5b96fa14fdeb5d4b56a9ae4ebcdbedb49b64d774bfa93ad035
native-expanded,027-Sand-Lava-packed-32-baseline-w32-s02,2,8,packed,2,1,baseline,1800,-1,0,0,0,0,0,3,18,1.3,9eefc2504940d92e382d8510b80a1d0b50e99287148c12ac61aeed714b6be65c
native-expanded,027-Sand-Lava-packed-32-baseline-w32-s03,2,8,packed,3,1,baseline,1800,-1,0,0,0,0,0,3,18,1.4,210f6578d0ee44be1c2074f6de772b544c659ee5784bca7dac459cffc4dcac03
native-expanded,027-Sand-Lava-packed-32-baseline-w32-s04,2,8,packed,4,1,baseline,1800,-1,0,0,0,0,0,3,18,0.7,ba6558f0d6df040254b4f1b116692bc8a3f3d83dc28c91485366e87588216111
native-expanded,028-Lava-Dust-packed-32-baseline-w32-s00,8,14,packed,0,1,baseline,1800,32,17086,3068,0,0,0,6,70,623.6,3014516da06a7f220c3ef351328dfde9572d40a843ffe0b5985efb12d8b20260
native-expanded,028-Lava-Dust-packed-32-baseline-w32-s01,8,14,packed,1,1,baseline,1800,32,17097,3068,0,0,0,3,69,479.3,536d6987ea03b3a87b2288546f1edb64bfee5ee965eeb073abd2207be35ae1fb
native-expanded,028-Lava-Dust-packed-32-baseline-w32-s02,8,14,packed,2,1,baseline,1800,32,17172,3068,0,0,0,3,69,400.1,bee7622b957db4fa51d2fc895c70ad04baa16028da72a2a2abe73505753cc25e
native-expanded,028-Lava-Dust-packed-32-baseline-w32-s03,8,14,packed,3,1,baseline,1800,32,17138,3069,0,0,0,3,68,404.7,ecbf8a2864d4b428e25b1c20b703708fc1edd016b35d833e6498ab1d51154677
native-expanded,028-Lava-Dust-packed-32-baseline-w32-s04,8,14,packed,4,1,baseline,1800,32,17100,3069,0,0,0,3,69,380.9,6f598780500be7f7f193dd309f4df1b3e6fb38d6b8f8b43ad371bb4974f7f5f7
native-expanded,029-Dust-Lava-packed-32-baseline-w32-s00,14,8,packed,0,1,baseline,1800,-1,1111,1532,0,0,0,6,49,412.6,1166b8fc732facc27fbbfc07c10861e70ebcf54d090f3e64bdf5239bfb68bac7
native-expanded,029-Dust-Lava-packed-32-baseline-w32-s01,14,8,packed,1,1,baseline,1800,-1,1112,1532,0,0,0,3,49,356.8,a014d7ef3783d380c97f0d326a36cc4f7a0d12127cab099d459ae173fde68893
native-expanded,029-Dust-Lava-packed-32-baseline-w32-s02,14,8,packed,2,1,baseline,1800,-1,1024,1532,0,0,0,3,49,361.1,4c78bb2ca8797f1ae765083ace7bc94cc8028d1370bda1fd09588eda8c866c8c
native-expanded,029-Dust-Lava-packed-32-baseline-w32-s03,14,8,packed,3,1,baseline,1800,-1,1120,1533,0,0,0,3,49,380.3,4217c35bda19c1b470352ac53a931a1fe0668662119fc297b644aad8543f96a3
native-expanded,029-Dust-Lava-packed-32-baseline-w32-s04,14,8,packed,4,1,baseline,1800,-1,1085,1532,0,0,0,3,49,340.9,859c721e939c2ffd973ddb5009e7ae91afa597fafc5a82f0dacd9e597652347d
native-expanded,030-Sand-Wall-packed-32-baseline-w32-s00,2,1,packed,0,1,baseline,1800,-1,0,0,0,0,0,6,6,0.9,aedcaf2598526167ad4a063f49c8bd7427c16c2445e7b55f06eecb7b9c3ee20c
native-expanded,030-Sand-Wall-packed-32-baseline-w32-s01,2,1,packed,1,1,baseline,1800,-1,0,0,0,0,0,3,6,0.7,d0499910cadbd44a1e42db4f32cd3eca432c040140f623a8a65df2f9647fe5fb
native-expanded,030-Sand-Wall-packed-32-baseline-w32-s02,2,1,packed,2,1,baseline,1800,-1,0,0,0,0,0,3,6,1.2,ee23eaf0965f3ea8538f33feeb2bcf70d2c7702b65ab2a7923c03b6926c039b3
native-expanded,030-Sand-Wall-packed-32-baseline-w32-s03,2,1,packed,3,1,baseline,1800,-1,0,0,0,0,0,3,6,0.9,1877089712bee3ad969a2c7265d9a17dde07b4342533c9a4fd75a29f763aad87
native-expanded,030-Sand-Wall-packed-32-baseline-w32-s04,2,1,packed,4,1,baseline,1800,-1,0,0,0,0,0,3,6,0.9,0d886ec5d85f7b69bbb3c2609587c3b2d10208f88a46340ceb9812921eff37d0
native-expanded,031-Mercury-Wall-packed-32-baseline-w32-s00,33,1,packed,0,1,baseline,1800,-1,0,0,0,0,0,6,10,0.7,ced76720891ed539e118eca155e9fa503d6444b98029272e2ebbf7b54f64f8e1
native-expanded,031-Mercury-Wall-packed-32-baseline-w32-s01,33,1,packed,1,1,baseline,1800,-1,0,0,0,0,0,3,10,0.9,6f58b6fd18042fbeadf8522fae6192359ff0aa3e40316917304cd2bd761a669f
native-expanded,031-Mercury-Wall-packed-32-baseline-w32-s02,33,1,packed,2,1,baseline,1800,-1,0,0,0,0,0,3,10,0.7,ef94f173dc0d9de4199e63a2361ca589937f52cc8c0d44bfd53fb3c2189e945f
native-expanded,031-Mercury-Wall-packed-32-baseline-w32-s03,33,1,packed,3,1,baseline,1800,-1,0,0,0,0,0,3,10,1,372404ba7b9afe4f3374c2dc69f56bedc76867f148626a9d2a2b8c593d935d52
native-expanded,031-Mercury-Wall-packed-32-baseline-w32-s04,33,1,packed,4,1,baseline,1800,-1,0,0,0,0,0,3,10,0.9,6ad777d34a8ee34ce18e4f3ee805713f6335aee695ddaca76b946e69a6ddd3db
native-expanded,032-Sand-Concrete-packed-32-baseline-w32-s00,2,31,packed,0,1,baseline,1800,-1,0,0,0,0,0,6,8,0.8,aaef056a38df7556be49ec641fb5c81143de16af530208b3297e3f7d30b0fac9
native-expanded,032-Sand-Concrete-packed-32-baseline-w32-s01,2,31,packed,1,1,baseline,1800,-1,0,0,0,0,0,3,8,1.3,b3cdad773c002e0387e345b4c6acfb672f4f97090def4fede43d5998343e8501
native-expanded,032-Sand-Concrete-packed-32-baseline-w32-s02,2,31,packed,2,1,baseline,1800,-1,0,0,0,0,0,3,8,0.7,98c7b83c6848479874e953d8cc3093d9822ac128a5eeeb44cd28e4d37102fc79
native-expanded,032-Sand-Concrete-packed-32-baseline-w32-s03,2,31,packed,3,1,baseline,1800,-1,0,0,0,0,0,3,8,1.2,3e6d99114e016b2a2ff9c7a8b397ddf4b5eefbb0dc63c5fb90dc1e259b5785c6
native-expanded,032-Sand-Concrete-packed-32-baseline-w32-s04,2,31,packed,4,1,baseline,1800,-1,0,0,0,0,0,3,8,0.7,5f40f82f38b81648dfac1c0fc07bc96eefd58c69b490e731684467d3fd375806
native-expanded,033-Mercury-Concrete-packed-32-baseline-w32-s00,33,31,packed,0,1,baseline,1800,-1,0,0,0,0,0,6,12,0.7,7d6430b4c1bbd1d93e4262b5a7017cd9f152308376e3c61b93d80d5f82ff815d
native-expanded,033-Mercury-Concrete-packed-32-baseline-w32-s01,33,31,packed,1,1,baseline,1800,-1,0,0,0,0,0,3,12,1.2,2eb7a55748475711e8cb44035d8a19a6587b3e366c35ab7bbae562942c50b2c5
native-expanded,033-Mercury-Concrete-packed-32-baseline-w32-s02,33,31,packed,2,1,baseline,1800,-1,0,0,0,0,0,3,12,0.9,3498cb5d7b1b44506eb5cc88ed47d6cd7e6bc5c8be84d76ee7e436488c24738b
native-expanded,033-Mercury-Concrete-packed-32-baseline-w32-s03,33,31,packed,3,1,baseline,1800,-1,0,0,0,0,0,3,12,1.5,ec1dfbbaf4bfd77cad28d272e8ebbc2b70922aa33bb03e2b603dc8480ce51bca
native-expanded,033-Mercury-Concrete-packed-32-baseline-w32-s04,33,31,packed,4,1,baseline,1800,-1,0,0,0,0,0,3,12,2,6d0a526bf54069a1eb4743030bf461dff0d8fdbff48a394022d2c94f5ce43fba
native-expanded,034-Sand-Seed-packed-32-baseline-w32-s00,2,19,packed,0,1,baseline,1800,-1,0,0,0,0,0,6,14,1.7,6e0a701b6cdf369412da4505d0bb54f5b13db516c8ba8a17af2a60e9ad7e9323
native-expanded,034-Sand-Seed-packed-32-baseline-w32-s01,2,19,packed,1,1,baseline,1800,-1,0,0,0,0,0,3,14,0.8,a393b50f25f2f4e4509d4c829e076d34c728d91c558395fc65ca30df0bd1b396
native-expanded,034-Sand-Seed-packed-32-baseline-w32-s02,2,19,packed,2,1,baseline,1800,-1,0,0,0,0,0,3,14,0.9,4260f6ae522eacdca74b47860d9bbd220cac205afdf2d50116b0b1001cb1a88d
native-expanded,034-Sand-Seed-packed-32-baseline-w32-s03,2,19,packed,3,1,baseline,1800,-1,0,0,0,0,0,3,14,0.8,7f1921e4bfde8a8ef0dc9a91522bbef84e538bb5201c31ca68c596a75c807058
native-expanded,034-Sand-Seed-packed-32-baseline-w32-s04,2,19,packed,4,1,baseline,1800,-1,0,0,0,0,0,3,14,1.3,d73add9de4f7380ba3b37b88c4f3005ab9f72ec6ac5e50cdb52bdea337cb4a20
native-expanded,035-Sand-Salt-packed-32-baseline-w32-s00,2,23,packed,0,1,baseline,1800,-1,0,0,0,0,0,6,14,2.6,2c567a047362ac066d0e1d36cc15367a63f2b8d94bbf883d805fb33c10ed4a22
native-expanded,035-Sand-Salt-packed-32-baseline-w32-s01,2,23,packed,1,1,baseline,1800,-1,0,0,0,0,0,3,14,0.7,d3b036f7e9a2e3e0407bd9614bc5e327238892bc6aabbb875560d78ade43c4a8
native-expanded,035-Sand-Salt-packed-32-baseline-w32-s02,2,23,packed,2,1,baseline,1800,-1,0,0,0,0,0,3,14,0.8,2f6bab105fa300c24fb2b131e5fee9f96067f741b8ac2caf6308edefc645b6f0
native-expanded,035-Sand-Salt-packed-32-baseline-w32-s03,2,23,packed,3,1,baseline,1800,-1,0,0,0,0,0,3,14,1.2,acc68ec4c7c706aa88a905ec6b8f424a90d07e0ea096c0e17671c4d8c7f2cfc8
native-expanded,035-Sand-Salt-packed-32-baseline-w32-s04,2,23,packed,4,1,baseline,1800,-1,0,0,0,0,0,3,14,0.7,b3ea9c5ab537f1a98f09317252b86246cdbd4eb084bef002fdefab185ac0851f
native-expanded,036-Sand-Sodium-packed-32-baseline-w32-s00,2,25,packed,0,1,baseline,1800,-1,0,0,0,0,0,6,14,1.4,a6e4eba1420e3329a94c02c62f129bf875ff1f85490d47228cf46819d8cb19b7
native-expanded,036-Sand-Sodium-packed-32-baseline-w32-s01,2,25,packed,1,1,baseline,1800,-1,0,0,0,0,0,3,14,1,1cba71bec8984c3d4a336c76581628571f015b367de70d8994b4cefb08a42164
native-expanded,036-Sand-Sodium-packed-32-baseline-w32-s02,2,25,packed,2,1,baseline,1800,-1,0,0,0,0,0,3,14,0.9,17e47674d98a29af5c741c73889810bcc00c988a69ac80844e7189bcd37092c2
native-expanded,036-Sand-Sodium-packed-32-baseline-w32-s03,2,25,packed,3,1,baseline,1800,-1,0,0,0,0,0,3,14,0.9,c6a158e5c73b5ccd93fd1a1b9b792f4ff09cf021148dd23d47bc469485cf50d7
native-expanded,036-Sand-Sodium-packed-32-baseline-w32-s04,2,25,packed,4,1,baseline,1800,-1,0,0,0,0,0,3,14,1,38fd23760bc3714690ef3c607fb3c84543a58555d9b18f5741e0337a7f99240c
native-expanded,037-Sand-Gunpowder-packed-32-baseline-w32-s00,2,26,packed,0,1,baseline,1800,-1,0,0,0,0,0,6,14,0.9,def4d988239729ffe4fc538c474f932fedfe7f9d50b8e12e4b988887b951d588
native-expanded,037-Sand-Gunpowder-packed-32-baseline-w32-s01,2,26,packed,1,1,baseline,1800,-1,0,0,0,0,0,3,14,1,fd2ef8f8afc3ad99615c48ad4a142729d19ffc3fecb8e5d41af35330119ec810
native-expanded,037-Sand-Gunpowder-packed-32-baseline-w32-s02,2,26,packed,2,1,baseline,1800,-1,0,0,0,0,0,3,14,1.3,5ac7f413c0cdb34bea6e4b38608c06a54d49bdd9a6dc7d6d6f3e6afc576e834a
native-expanded,037-Sand-Gunpowder-packed-32-baseline-w32-s03,2,26,packed,3,1,baseline,1800,-1,0,0,0,0,0,3,14,0.9,596f44efc8d0cdd868bf505f65923edc59293cd5b3c80254ac9edd34071e9230
native-expanded,037-Sand-Gunpowder-packed-32-baseline-w32-s04,2,26,packed,4,1,baseline,1800,-1,0,0,0,0,0,3,14,1.4,5602929f3e529adb870700a1a938c3014e8b105f3f1ea7b3333d8cdbc9a75756
native-expanded,038-Sand-Coal-packed-32-baseline-w32-s00,2,27,packed,0,1,baseline,1800,-1,0,0,0,0,0,6,14,1.3,54287e142aa7d29107011cc5dca76cd636b2c5b9f4eab08f47f016f5dc0cc389
native-expanded,038-Sand-Coal-packed-32-baseline-w32-s01,2,27,packed,1,1,baseline,1800,-1,0,0,0,0,0,3,14,1.5,c46631951d9abf6aec3dd4b953dd24db303ce6cb4eb8ff8fcfe9d40c4de96636
native-expanded,038-Sand-Coal-packed-32-baseline-w32-s02,2,27,packed,2,1,baseline,1800,-1,0,0,0,0,0,3,14,1.7,6f2baf44e237ca13907dddd2970346ea595ed82abedc6d5c0c418b1ecb69e6d2
native-expanded,038-Sand-Coal-packed-32-baseline-w32-s03,2,27,packed,3,1,baseline,1800,-1,0,0,0,0,0,3,14,1.5,04790a1002e57ffa948e4c501ee2f2877d35e9c18de96ff6c40cf57c1d8e30b5
native-expanded,038-Sand-Coal-packed-32-baseline-w32-s04,2,27,packed,4,1,baseline,1800,-1,0,0,0,0,0,3,14,1.3,ea3882c63de8ed8cdeff6422f9a23b8178cffdd8d0ab8f2080c66536a1ef0bf0
native-expanded,039-Stone-Dust-packed-32-baseline-w32-s00,13,14,packed,0,1,baseline,1800,-1,0,0,0,0,0,6,8,2.2,d460ac2ea28e724a9bf9f961ce4870e47365b59ed3599730c8143b94f5aae1a2
native-expanded,039-Stone-Dust-packed-32-baseline-w32-s01,13,14,packed,1,1,baseline,1800,-1,0,0,0,0,0,3,8,1.8,9b2d0d70c41f52a1b88aee320359f661d1696ce4d7a63ae465caca5af53030ed
native-expanded,039-Stone-Dust-packed-32-baseline-w32-s02,13,14,packed,2,1,baseline,1800,-1,0,0,0,0,0,3,8,2.1,8c71c2f61c233918aebd7f4b3f65413fe8cd971a2f14665fae7e043a810c0741
native-expanded,039-Stone-Dust-packed-32-baseline-w32-s03,13,14,packed,3,1,baseline,1800,-1,0,0,0,0,0,3,8,2.2,cb5150ea7d08919353a7cfafcf98ed4279f45623116d06beadc1d9c40eb7ded5
native-expanded,039-Stone-Dust-packed-32-baseline-w32-s04,13,14,packed,4,1,baseline,1800,-1,0,0,0,0,0,3,8,2,6ff985371a43c6392a576021601d208b98d800d343a9aadc66945039b3f45ca1
native-expanded,040-Stone-Seed-packed-32-baseline-w32-s00,13,19,packed,0,1,baseline,1800,-1,0,0,0,0,0,6,8,1.3,2c8dd04e9444d0c0a777cdcc5d4b226a0d498a175ba040fb0bd62803be96b356
native-expanded,040-Stone-Seed-packed-32-baseline-w32-s01,13,19,packed,1,1,baseline,1800,-1,0,0,0,0,0,3,8,1.3,c812ec945c09e6f9f9c2be0da538e7d9669c55b4a1d8dc5a89a223a7a3013bfa
native-expanded,040-Stone-Seed-packed-32-baseline-w32-s02,13,19,packed,2,1,baseline,1800,-1,0,0,0,0,0,3,8,1.5,2c8fd50244074457c05ad08ec498c85504f2e6c4257b5df05a6d19f893d55727
native-expanded,040-Stone-Seed-packed-32-baseline-w32-s03,13,19,packed,3,1,baseline,1800,-1,0,0,0,0,0,3,8,2,b27744c38252121b9fefa0255d168dd5339dfec70d309e613bc2a85f5b513c4e
native-expanded,040-Stone-Seed-packed-32-baseline-w32-s04,13,19,packed,4,1,baseline,1800,-1,0,0,0,0,0,3,8,1.3,cd03818b035ddcf574042d1dbef9a413cacf54c0f43a008e598457c6d289caa9
native-expanded,041-Stone-Salt-packed-32-baseline-w32-s00,13,23,packed,0,1,baseline,1800,-1,0,0,0,0,0,6,8,1.3,3a3e7df7e3b5c7f04819fe7ce68ca369d0ed84226d3031c557ce0f8c39068ab9
native-expanded,041-Stone-Salt-packed-32-baseline-w32-s01,13,23,packed,1,1,baseline,1800,-1,0,0,0,0,0,3,8,1.2,3d6ef163fd8eec0395b77c9ae2bf5f1a7222f1de484aeba1d6e25af03611fa02
native-expanded,041-Stone-Salt-packed-32-baseline-w32-s02,13,23,packed,2,1,baseline,1800,-1,0,0,0,0,0,3,8,1.2,a24f9f53fe4be5c839b9a40f53e3dbc9d5228f224a2141e1664c6e8784ded0b4
native-expanded,041-Stone-Salt-packed-32-baseline-w32-s03,13,23,packed,3,1,baseline,1800,-1,0,0,0,0,0,3,8,1.2,72dd648aa4929da3d084b2367c1d0b1739320dee127510658de20c24135e00ac
native-expanded,041-Stone-Salt-packed-32-baseline-w32-s04,13,23,packed,4,1,baseline,1800,-1,0,0,0,0,0,3,8,1.1,8298666e611d30957366b9440591aec99c4db7c56ec79642c681f0cd501c32e5
native-expanded,042-Stone-Sodium-packed-32-baseline-w32-s00,13,25,packed,0,1,baseline,1800,-1,0,0,0,0,0,6,8,2.2,5d745dab1be8339be5f4a5c4327bdea3a93a34ebff7f2318fa56413e1e46080a
native-expanded,042-Stone-Sodium-packed-32-baseline-w32-s01,13,25,packed,1,1,baseline,1800,-1,0,0,0,0,0,3,8,1.6,19d1584fa621c96013b9202243667ccc82e846b021cb81a3f73fe4dd8262cd96
native-expanded,042-Stone-Sodium-packed-32-baseline-w32-s02,13,25,packed,2,1,baseline,1800,-1,0,0,0,0,0,3,8,1.6,2436344f8674ce7f2d73e3ec0b06c6c699996032b181db6ef279c4b38fc90424
native-expanded,042-Stone-Sodium-packed-32-baseline-w32-s03,13,25,packed,3,1,baseline,1800,-1,0,0,0,0,0,3,8,1.2,c2311b724b0218856088f7e78f9b4891378376c88db1ea8e92f90abdb5a2b37e
native-expanded,042-Stone-Sodium-packed-32-baseline-w32-s04,13,25,packed,4,1,baseline,1800,-1,0,0,0,0,0,3,8,1.2,4d39a67778cfd85aa9a8dc5ad959e2a94e788cfac6b5e8e19dd5c9497c3f1a31
native-expanded,043-Stone-Gunpowder-packed-32-baseline-w32-s00,13,26,packed,0,1,baseline,1800,-1,0,0,0,0,0,6,8,1.2,2c88372bdbeab8530aa9a2eb1662e750adc3e1c56372991f344d1f983ec5dbf6
native-expanded,043-Stone-Gunpowder-packed-32-baseline-w32-s01,13,26,packed,1,1,baseline,1800,-1,0,0,0,0,0,3,8,1.4,4c3cef013a2c2eaaee3f85ebb41fcf45fe0051fc220cb05e591f18fc275339cd
native-expanded,043-Stone-Gunpowder-packed-32-baseline-w32-s02,13,26,packed,2,1,baseline,1800,-1,0,0,0,0,0,3,8,1.3,db04e2458a2759164f3565077e79bc7a04f6fc70e8005e6a3d2d270884ef10a7
native-expanded,043-Stone-Gunpowder-packed-32-baseline-w32-s03,13,26,packed,3,1,baseline,1800,-1,0,0,0,0,0,3,8,1.6,6f85a801ca3b4199683d3ec81b3b294011bc60c719836a492b953ac824889b8f
native-expanded,043-Stone-Gunpowder-packed-32-baseline-w32-s04,13,26,packed,4,1,baseline,1800,-1,0,0,0,0,0,3,8,1.7,32a906ef04ca2c5baf6081c5659675b6d1359dac8e7cad49f6b2883ead85f6cf
native-expanded,044-Stone-Coal-packed-32-baseline-w32-s00,13,27,packed,0,1,baseline,1800,-1,0,0,0,0,0,6,8,1.6,d2601a125b0061fdb11a81829ef0465c3b3274e02e96903b6559d93344604a42
native-expanded,044-Stone-Coal-packed-32-baseline-w32-s01,13,27,packed,1,1,baseline,1800,-1,0,0,0,0,0,3,8,1.8,a8efc4b4d58653d0402d9032c703710fba78206c87b7bbc38f9af818838fa8c0
native-expanded,044-Stone-Coal-packed-32-baseline-w32-s02,13,27,packed,2,1,baseline,1800,-1,0,0,0,0,0,3,8,2.2,2b5a5d15585bc2c5c0462927d592ad057a69da62b89a6b787c3e9efed37ceaad
native-expanded,044-Stone-Coal-packed-32-baseline-w32-s03,13,27,packed,3,1,baseline,1800,-1,0,0,0,0,0,3,8,1.5,9433026dd2d2dd9cd8909332862b5d12253cbb527eeb9a19087322b4980fceda
native-expanded,044-Stone-Coal-packed-32-baseline-w32-s04,13,27,packed,4,1,baseline,1800,-1,0,0,0,0,0,3,8,1.6,b1a60f019f4dc58574357d3c8f9563983697ab211e0480fb1a0891aaa77a7469
native-expanded,045-Stone-Rust-packed-32-baseline-w32-s00,13,29,packed,0,1,baseline,1800,-1,0,0,0,0,0,6,8,1.3,1aa07df06b7383d95864a62348491b302593f0c8e4f39a98c0a0d52ead37ea34
native-expanded,045-Stone-Rust-packed-32-baseline-w32-s01,13,29,packed,1,1,baseline,1800,-1,0,0,0,0,0,3,8,1.4,235faaa6f96cb493d825026169f606d5b1490f03f428f5f6c9d8e0b62a51b0d4
native-expanded,045-Stone-Rust-packed-32-baseline-w32-s02,13,29,packed,2,1,baseline,1800,-1,0,0,0,0,0,3,8,1.2,f585e2acc33efe9e84da5d4881d713c4ddf29f7b3f6470170779864bfabe23d4
native-expanded,045-Stone-Rust-packed-32-baseline-w32-s03,13,29,packed,3,1,baseline,1800,-1,0,0,0,0,0,3,8,1.2,385af554338d6e95aac6b8d9ab963ab252a71680391f477506f4288a3755476b
native-expanded,045-Stone-Rust-packed-32-baseline-w32-s04,13,29,packed,4,1,baseline,1800,-1,0,0,0,0,0,3,8,1,7e838799adea2f7bfb29cd1004cbf30e74d67280ebdd6fbe3ececa47f1eeb253
native-expanded,046-Dust-Stone-packed-32-baseline-w32-s00,14,13,packed,0,1,baseline,1800,-1,0,0,0,0,0,6,10,1,3958155cec4ff42f78965c739c216150cbf9e01da039599b735a289ac5f157c3
native-expanded,046-Dust-Stone-packed-32-baseline-w32-s01,14,13,packed,1,1,baseline,1800,-1,0,0,0,0,0,3,10,0.8,eca18858453ee1c5e8f3f93067ebb30d8ba01e8582d7149f2c1da34d2b564372
native-expanded,046-Dust-Stone-packed-32-baseline-w32-s02,14,13,packed,2,1,baseline,1800,-1,0,0,0,0,0,3,10,1.2,73c24f388f3b90217f0aa5666cb6dc3aa2e9de2ba6a2862912233b9676a4cfb8
native-expanded,046-Dust-Stone-packed-32-baseline-w32-s03,14,13,packed,3,1,baseline,1800,-1,0,0,0,0,0,3,10,1.3,c550df405f3058403ee043f15b7d1bf6091532db28697d9061e7ddadadbcec87
native-expanded,046-Dust-Stone-packed-32-baseline-w32-s04,14,13,packed,4,1,baseline,1800,-1,0,0,0,0,0,3,10,1.3,32b43ebeff40c05d71066d5bafe597631d50e5fb5199989955eeeacbe4f38fa8
native-expanded,047-Dust-Seed-packed-32-baseline-w32-s00,14,19,packed,0,1,baseline,1800,-1,0,0,0,0,0,6,14,1.2,7dbbe6830422c9a447f88d02cefeaa1c5002c144a5063ac12b7087eee716e3d3
native-expanded,047-Dust-Seed-packed-32-baseline-w32-s01,14,19,packed,1,1,baseline,1800,-1,0,0,0,0,0,3,14,0.8,fc56dd26a5e704762881fd502f7ef13b566690fa6b86d1e656a8d756f562e7e5
native-expanded,047-Dust-Seed-packed-32-baseline-w32-s02,14,19,packed,2,1,baseline,1800,-1,0,0,0,0,0,3,14,1.2,908c47eb0cb9ba7c136075d4e8c23a445e57ee8ad1ff2dd71f67d6d15921f199
native-expanded,047-Dust-Seed-packed-32-baseline-w32-s03,14,19,packed,3,1,baseline,1800,-1,0,0,0,0,0,3,14,1.2,e729738beded3a0f56985d714aaf7a9405c971d3dbe4d7802feb61c91e01f7bf
native-expanded,047-Dust-Seed-packed-32-baseline-w32-s04,14,19,packed,4,1,baseline,1800,-1,0,0,0,0,0,3,14,2.1,32477ee502039340ee4ed40c893bf0b9a2cfe6b368dc42cc0fc4199dc8f18c9f
native-expanded,048-Dust-Salt-packed-32-baseline-w32-s00,14,23,packed,0,1,baseline,1800,-1,0,0,0,0,0,6,14,2.4,a1ab202837249668a948eaca81c39946e49cafe44d88909035e691b86ae5c814
native-expanded,048-Dust-Salt-packed-32-baseline-w32-s01,14,23,packed,1,1,baseline,1800,-1,0,0,0,0,0,3,14,1.3,85502c08a6d1d516b6af6d4aa1db8fcd1498379eec3e2265c833fca48feb45b6
native-expanded,048-Dust-Salt-packed-32-baseline-w32-s02,14,23,packed,2,1,baseline,1800,-1,0,0,0,0,0,3,14,1.9,2e06642790a90d503f5c3c2a8cfcb5441f755c21837e1a5c41d11c741badff9c
native-expanded,048-Dust-Salt-packed-32-baseline-w32-s03,14,23,packed,3,1,baseline,1800,-1,0,0,0,0,0,3,14,3,59216e15d8605117a5ea2f2c9790eb50a9f2052a2fc6b1374aab5490aa6fe239
native-expanded,048-Dust-Salt-packed-32-baseline-w32-s04,14,23,packed,4,1,baseline,1800,-1,0,0,0,0,0,3,14,2.2,5b3db6edb797257c8a8c03c9bfa1ae8845d54ab8b30710e0d9227c3242c8f86d
native-expanded,049-Dust-Sodium-packed-32-baseline-w32-s00,14,25,packed,0,1,baseline,1800,-1,0,0,0,0,0,6,14,1.4,3c2237449106c9aa1270e90bad3353201a32ed4fa3857587fba71c14381ce56d
native-expanded,049-Dust-Sodium-packed-32-baseline-w32-s01,14,25,packed,1,1,baseline,1800,-1,0,0,0,0,0,3,14,1.7,6765aa91aa851ae415eccf9d2fe884f7c861e348da5bb3ec20b2f44f1c9cedea
native-expanded,049-Dust-Sodium-packed-32-baseline-w32-s02,14,25,packed,2,1,baseline,1800,-1,0,0,0,0,0,3,14,1.4,ccc6ba3b014ce9eba41648ba6572fe9ce1646b194095877e17a8886591b319ee
native-expanded,049-Dust-Sodium-packed-32-baseline-w32-s03,14,25,packed,3,1,baseline,1800,-1,0,0,0,0,0,3,14,1.3,f52e00020cd8405cafe2eadbd291e5327c105f86565eeceb070958415ba67f36
native-expanded,049-Dust-Sodium-packed-32-baseline-w32-s04,14,25,packed,4,1,baseline,1800,-1,0,0,0,0,0,3,14,2,18bb67c4ad575ad296780a5a6fccafb7086dabd662d0571a14bb0e6fad3cbc90
native-expanded,050-Dust-Gunpowder-packed-32-baseline-w32-s00,14,26,packed,0,1,baseline,1800,-1,0,0,0,0,0,6,14,2.5,a7bcb69dd3182960780976593cf94c8a88e40b6783a30346ccd68c5280a7de4c
native-expanded,050-Dust-Gunpowder-packed-32-baseline-w32-s01,14,26,packed,1,1,baseline,1800,-1,0,0,0,0,0,3,14,1.5,c203d1f43f8a980e9b4e2b4502cdd703f3c1866494b858700423a55062d1f4e5
native-expanded,050-Dust-Gunpowder-packed-32-baseline-w32-s02,14,26,packed,2,1,baseline,1800,-1,0,0,0,0,0,3,14,1.6,7baf398c7d38528e0b15c5caa1833d8f88e4f44951514bd7e46ac230eacba2ea
native-expanded,050-Dust-Gunpowder-packed-32-baseline-w32-s03,14,26,packed,3,1,baseline,1800,-1,0,0,0,0,0,3,14,1.3,c57c469833fca337d442fe6b1028a5ae8aa1c34b06ffcaa473ca15c06c1826f8
native-expanded,050-Dust-Gunpowder-packed-32-baseline-w32-s04,14,26,packed,4,1,baseline,1800,-1,0,0,0,0,0,3,14,1.2,175e8fb38e57d2ddb57ae22c55feae5e82687f80858ab9995b3f67331d66ad92
native-expanded,051-Dust-Coal-packed-32-baseline-w32-s00,14,27,packed,0,1,baseline,1800,-1,0,0,0,0,0,6,14,1.3,eefcc0c994d135c2a5402596f91a731094bcabf6fa8be124a3eb7c4505347df0
native-expanded,051-Dust-Coal-packed-32-baseline-w32-s01,14,27,packed,1,1,baseline,1800,-1,0,0,0,0,0,3,14,1.3,398384706328852b425d5ecdd0d4c0fe85276233c2207015b1b3d5e516d0131d
native-expanded,051-Dust-Coal-packed-32-baseline-w32-s02,14,27,packed,2,1,baseline,1800,-1,0,0,0,0,0,3,14,1.1,19f399dc9a531cdcd8ed61c95301edd162af99188a8f9ab95289da96c9e9da33
native-expanded,051-Dust-Coal-packed-32-baseline-w32-s03,14,27,packed,3,1,baseline,1800,-1,0,0,0,0,0,3,14,1.2,6d13483eb791ac896913366effea0f6a02852c7e517f5104b20fbfece03f4d38
native-expanded,051-Dust-Coal-packed-32-baseline-w32-s04,14,27,packed,4,1,baseline,1800,-1,0,0,0,0,0,3,14,1.3,ce2c8a73cb2ff0836bc03153398536f88c31b587e6685fef5881d7b7d7d13325
native-expanded,052-Dust-Rust-packed-32-baseline-w32-s00,14,29,packed,0,1,baseline,1800,-1,0,0,0,0,0,6,14,1.2,2f6e51c10a3612e4a159f3a0d990db7811fd0b9cf25da8882ed5900d6c48946d
native-expanded,052-Dust-Rust-packed-32-baseline-w32-s01,14,29,packed,1,1,baseline,1800,-1,0,0,0,0,0,3,14,1.3,222666f58ab645fffd88d620845c33bd8fba1a77371c42ca9ff4d98f725c6624
native-expanded,052-Dust-Rust-packed-32-baseline-w32-s02,14,29,packed,2,1,baseline,1800,-1,0,0,0,0,0,3,14,1.2,e90a30bcb72587ec5180f7a665369da4f5e58a2b58b7003876b84946320bca41
native-expanded,052-Dust-Rust-packed-32-baseline-w32-s03,14,29,packed,3,1,baseline,1800,-1,0,0,0,0,0,3,14,1.2,cae85c7d48fd2bbd3e05b15c486f87f63e97c015221f466f2e4aea99408ebff1
native-expanded,052-Dust-Rust-packed-32-baseline-w32-s04,14,29,packed,4,1,baseline,1800,-1,0,0,0,0,0,3,14,1,bed6c95c57121d766c719558d9b14050826bf3e1676e661ba29200d66df97f6c
native-expanded,053-Seed-Sand-packed-32-baseline-w32-s00,19,2,packed,0,1,baseline,1800,-1,0,590,0,0,0,6,15,409,3d6e3b80e23506e297feac88a6dcacb7631b1132280067233248421a097acaee
native-expanded,053-Seed-Sand-packed-32-baseline-w32-s01,19,2,packed,1,1,baseline,1800,-1,0,590,0,0,0,3,15,412.7,97b12366b599a0e9db3e3aba525275963ef63c75250e07a23d6769251a31f3b7
native-expanded,053-Seed-Sand-packed-32-baseline-w32-s02,19,2,packed,2,1,baseline,1800,-1,0,589,0,0,0,3,15,547.8,b172d13841e28b6dcce7551e69fef5704588ea0e71ddd37340c8943abcb55552
native-expanded,053-Seed-Sand-packed-32-baseline-w32-s03,19,2,packed,3,1,baseline,1800,-1,0,589,0,0,0,3,15,427.9,14f0a8baa950aefd3a5e5369780f4cd01379bb6f49f08cebb1e0fecbe4b04802
native-expanded,053-Seed-Sand-packed-32-baseline-w32-s04,19,2,packed,4,1,baseline,1800,-1,0,590,0,0,0,3,15,515,84e0c25b39c1b49e6d59a50d9b1d2ec0799de6c2065c222793392dd5af9e8c83
native-expanded,054-Seed-Stone-packed-32-baseline-w32-s00,19,13,packed,0,1,baseline,1800,-1,0,0,0,0,0,6,10,1.2,4f11ab6a0c09ebf8858c84913179601d77ac200a0121cca93e659f5e36fa561c
native-expanded,054-Seed-Stone-packed-32-baseline-w32-s01,19,13,packed,1,1,baseline,1800,-1,0,0,0,0,0,3,10,1.3,cc118fdc9e0296d0650d00be19a86d0e5b5e30713197885b04822c5d2ab5b718
native-expanded,054-Seed-Stone-packed-32-baseline-w32-s02,19,13,packed,2,1,baseline,1800,-1,0,0,0,0,0,3,10,1.4,99b33531c96550cd6f3b1b1d1412306d39eee16a6c8da1b920cab2ce288d4430
native-expanded,054-Seed-Stone-packed-32-baseline-w32-s03,19,13,packed,3,1,baseline,1800,-1,0,0,0,0,0,3,10,1.5,45a163e28d4a9f9541878d9c78e7f7ee4e8c8dfcb44518b48e05f3ca9615c3d1
native-expanded,054-Seed-Stone-packed-32-baseline-w32-s04,19,13,packed,4,1,baseline,1800,-1,0,0,0,0,0,3,10,1.3,13bc54b15d824a6a8908aaf9aeb42d8bd52ec22860150f583604a56adf569f14
native-expanded,055-Seed-Dust-packed-32-baseline-w32-s00,19,14,packed,0,1,baseline,1800,-1,0,0,0,0,0,6,14,1.2,3820a5f4a56ac5966a152abb097356703a83f7fc0a0b129d509f9f1ce5dc2e4f
native-expanded,055-Seed-Dust-packed-32-baseline-w32-s01,19,14,packed,1,1,baseline,1800,-1,0,0,0,0,0,3,14,1.3,de796c0ca1b21673e709dd3c333381cd1d08d736b8c67f97b131b20ad3cfaf84
native-expanded,055-Seed-Dust-packed-32-baseline-w32-s02,19,14,packed,2,1,baseline,1800,-1,0,0,0,0,0,3,14,1.3,16a7e758e063f526dc225c3b69d5c253754d747ec3116fc99062556bf4ee9618
native-expanded,055-Seed-Dust-packed-32-baseline-w32-s03,19,14,packed,3,1,baseline,1800,-1,0,0,0,0,0,3,14,1.3,15d624ee69d11d23b96e34bba6451ace2f125a1f9c799fc10da0105b9547a3ec
native-expanded,055-Seed-Dust-packed-32-baseline-w32-s04,19,14,packed,4,1,baseline,1800,-1,0,0,0,0,0,3,14,1.5,fc97e3dfee83fba706e770c21c1bf54a9490b82e961b7299e7b0e5d06cfb71e8
native-expanded,056-Seed-Salt-packed-32-baseline-w32-s00,19,23,packed,0,1,baseline,1800,-1,0,0,0,0,0,6,14,1.4,490ba77615d261eaf9461531d2b45a4fae8f2f37c61b190dbc8c18d12ef7e425
native-expanded,056-Seed-Salt-packed-32-baseline-w32-s01,19,23,packed,1,1,baseline,1800,-1,0,0,0,0,0,3,14,1.3,6a4b3427bd1ba877774eb5639bdbddbec5cb4d2f32f36356b1e5a4d88fa0fb74
native-expanded,056-Seed-Salt-packed-32-baseline-w32-s02,19,23,packed,2,1,baseline,1800,-1,0,0,0,0,0,3,14,1.1,84d780b68f889aa31e94467bb877a079006778058c9b2ef8711495a10812f205
native-expanded,056-Seed-Salt-packed-32-baseline-w32-s03,19,23,packed,3,1,baseline,1800,-1,0,0,0,0,0,3,14,1.3,c88a2c29f34a3b69b4ef54e189b38bab811c3b8ce6e34f5ab65dc8a25bd94fb8
native-expanded,056-Seed-Salt-packed-32-baseline-w32-s04,19,23,packed,4,1,baseline,1800,-1,0,0,0,0,0,3,14,1.2,7200a7cd26b137b024095021c0fc824a5693f2d44b15b3af687e86c08b0d8dd0
native-expanded,057-Seed-Sodium-packed-32-baseline-w32-s00,19,25,packed,0,1,baseline,1800,-1,0,0,0,0,0,6,14,1.3,273290ef694ca27fb9dcb2d6e3815bfae286cacc4852f71589d5926929256ea5
native-expanded,057-Seed-Sodium-packed-32-baseline-w32-s01,19,25,packed,1,1,baseline,1800,-1,0,0,0,0,0,3,14,1.8,63e7a37d16ff5f1582071aa85310aea8a9b38c6a786cb1e03cd5618313dd65ee
native-expanded,057-Seed-Sodium-packed-32-baseline-w32-s02,19,25,packed,2,1,baseline,1800,-1,0,0,0,0,0,3,14,2,539744a4e02ef9c6204804dafaf75b45aae52b38adfdcef0ad140dfdfe1be3ca
native-expanded,057-Seed-Sodium-packed-32-baseline-w32-s03,19,25,packed,3,1,baseline,1800,-1,0,0,0,0,0,3,14,1.5,bee00cbffdcebc11fe7fb846957f4e51acfe607dcae35b4c9b119a11ca51f2a4
native-expanded,057-Seed-Sodium-packed-32-baseline-w32-s04,19,25,packed,4,1,baseline,1800,-1,0,0,0,0,0,3,14,1.7,25a46cbb00c5a930ed0377f76a08315c9ff213b187222aa9adaaf7c1a5e9e311
native-expanded,058-Seed-Gunpowder-packed-32-baseline-w32-s00,19,26,packed,0,1,baseline,1800,-1,0,0,0,0,0,6,14,1.3,fd34e023a859c4c6c81e317b28e553a908a96dd0115085a5ffb61c8580e0bc23
native-expanded,058-Seed-Gunpowder-packed-32-baseline-w32-s01,19,26,packed,1,1,baseline,1800,-1,0,0,0,0,0,3,14,2.3,58459e2e4edd970672f445b20917c2b330a084e2bee05403f6bee6446ff0983b
native-expanded,058-Seed-Gunpowder-packed-32-baseline-w32-s02,19,26,packed,2,1,baseline,1800,-1,0,0,0,0,0,3,14,1.1,2a0adef6ced4d65501dec7b25676fc64558a9663af936a79c6b2de278ae9a506
native-expanded,058-Seed-Gunpowder-packed-32-baseline-w32-s03,19,26,packed,3,1,baseline,1800,-1,0,0,0,0,0,3,14,1.5,dd12c571706bf71adda937d97f2731722cbd927b4b4b03796418dcc314950452
native-expanded,058-Seed-Gunpowder-packed-32-baseline-w32-s04,19,26,packed,4,1,baseline,1800,-1,0,0,0,0,0,3,14,3,132b1fb2c6e47daf7dbcb3b77011f35264aed035626ee41156e44e863b2e67f7
native-expanded,059-Seed-Coal-packed-32-baseline-w32-s00,19,27,packed,0,1,baseline,1800,-1,0,0,0,0,0,6,14,2.6,7a74e750bd58ed01fbc4b55083465b781f0b74c239d6ac660b18adb0ec3a804b
native-expanded,059-Seed-Coal-packed-32-baseline-w32-s01,19,27,packed,1,1,baseline,1800,-1,0,0,0,0,0,3,14,1.3,8c332c71ece1e7210c36b7213d28a5ae0c90d2c0ab83bc7a990e93cc5ba9dec5
native-expanded,059-Seed-Coal-packed-32-baseline-w32-s02,19,27,packed,2,1,baseline,1800,-1,0,0,0,0,0,3,14,1.5,13b2aabb55f91e03bb554116312def479f79ef0a7dbe0f575de78828fdf66e11
native-expanded,059-Seed-Coal-packed-32-baseline-w32-s03,19,27,packed,3,1,baseline,1800,-1,0,0,0,0,0,3,14,1.7,580aba18e5cd4099b4d7cc48099ac411618264337f978947f315998c51c12f03
native-expanded,059-Seed-Coal-packed-32-baseline-w32-s04,19,27,packed,4,1,baseline,1800,-1,0,0,0,0,0,3,14,1.6,1b934c4313dca881012a8669d4be3a8bad793a7c6e8d1fa7329aff0d76d9c952
native-expanded,060-Seed-Rust-packed-32-baseline-w32-s00,19,29,packed,0,1,baseline,1800,-1,0,0,0,0,0,6,14,1.8,4fb118023632f490449f70ab3f4aa96758a3b9f8ed5147c2a2ff452cf9db4567
native-expanded,060-Seed-Rust-packed-32-baseline-w32-s01,19,29,packed,1,1,baseline,1800,-1,0,0,0,0,0,3,14,1.7,15457139495fd1da3048528154329a0c42bc3b187196cfa67bc35e19447cfd86
native-expanded,060-Seed-Rust-packed-32-baseline-w32-s02,19,29,packed,2,1,baseline,1800,-1,0,0,0,0,0,3,14,2,d3a47ceaf8b9c2be5b427a3ead7486ef8baaa07db691b7d61db611db668030d1
native-expanded,060-Seed-Rust-packed-32-baseline-w32-s03,19,29,packed,3,1,baseline,1800,-1,0,0,0,0,0,3,14,1.7,abdce8bffa7a7e7a2e36c6490c958148d69b14180f3388b13171f2419199a321
native-expanded,060-Seed-Rust-packed-32-baseline-w32-s04,19,29,packed,4,1,baseline,1800,-1,0,0,0,0,0,3,14,1.8,b389c2c35ac34c635af3c2d2e82ec905467cd1b8474ce81528c951c5ddb8e4a7
native-expanded,061-Salt-Sand-packed-32-baseline-w32-s00,23,2,packed,0,1,baseline,1800,-1,0,0,0,0,0,6,14,1.8,00f26bc33d8d37ae8377512f6b274c6c0da2de5b8ac59b319969010426130cc5
native-expanded,061-Salt-Sand-packed-32-baseline-w32-s01,23,2,packed,1,1,baseline,1800,-1,0,0,0,0,0,3,14,3,5c067d9baba890fb7aeac47ce581e548b9cfa3d5e67e4b6e7d172df9f22bafc3
native-expanded,061-Salt-Sand-packed-32-baseline-w32-s02,23,2,packed,2,1,baseline,1800,-1,0,0,0,0,0,3,14,1.3,cd86ab0a2b639b37436116b6501c1c167cf94831d191d2be172b86ead4fa37b7
native-expanded,061-Salt-Sand-packed-32-baseline-w32-s03,23,2,packed,3,1,baseline,1800,-1,0,0,0,0,0,3,14,1.4,2be97bb6891a86ffdbfcbf41c0aed2697f2dad502907df220f70d85b294546d9
native-expanded,061-Salt-Sand-packed-32-baseline-w32-s04,23,2,packed,4,1,baseline,1800,-1,0,0,0,0,0,3,14,1.8,c76688e64dbff40c7d9e15db8112b8f911c710a9d8169361c3051155b077bc9a
native-expanded,062-Salt-Stone-packed-32-baseline-w32-s00,23,13,packed,0,1,baseline,1800,-1,0,0,0,0,0,6,10,1.6,5dde1c7cdb2d7a883d42720851282511570d57e32b7c952c0b5c61d8d9a9e859
native-expanded,062-Salt-Stone-packed-32-baseline-w32-s01,23,13,packed,1,1,baseline,1800,-1,0,0,0,0,0,3,10,1.5,e5c104409b8c35b4f33814ca27a84994b381206dece2282084cdb483af7f0cc0
native-expanded,062-Salt-Stone-packed-32-baseline-w32-s02,23,13,packed,2,1,baseline,1800,-1,0,0,0,0,0,3,10,1.4,21c87b3cfb06e9f3d55507bc42cf9c66adef15dd8a9a510248fef3042c5f41f4
native-expanded,062-Salt-Stone-packed-32-baseline-w32-s03,23,13,packed,3,1,baseline,1800,-1,0,0,0,0,0,3,10,1.5,ae9d8db7a029a7a7bbd79246eb873b376ae5d971f0740bb7e54846990c0adfc8
native-expanded,062-Salt-Stone-packed-32-baseline-w32-s04,23,13,packed,4,1,baseline,1800,-1,0,0,0,0,0,3,10,1.7,7e857539df5e99e29819102ad11b872e5f94569a4272d6e6694ce5ebbad8797f
native-expanded,063-Salt-Dust-packed-32-baseline-w32-s00,23,14,packed,0,1,baseline,1800,-1,0,0,0,0,0,6,14,1.4,962f79ed969ab65b3a66c945d821311439307225aed0684417acc28ab244b1b3
native-expanded,063-Salt-Dust-packed-32-baseline-w32-s01,23,14,packed,1,1,baseline,1800,-1,0,0,0,0,0,3,14,1.2,d27bb0ff9cf61829ba82c274022b0a15b415ebb8f5828b76f33bf82769ea1feb
native-expanded,063-Salt-Dust-packed-32-baseline-w32-s02,23,14,packed,2,1,baseline,1800,-1,0,0,0,0,0,3,14,1.3,9b585a07ed6f7a5cae324a062d472ed2d7ed90be361ae674bc8fd4bb48fdc8f5
native-expanded,063-Salt-Dust-packed-32-baseline-w32-s03,23,14,packed,3,1,baseline,1800,-1,0,0,0,0,0,3,14,1.3,7f6a867d8f347913b0d74cfec4ea30dde55da4323e50a3dcabf4e3e989b00668
native-expanded,063-Salt-Dust-packed-32-baseline-w32-s04,23,14,packed,4,1,baseline,1800,-1,0,0,0,0,0,3,14,1.2,582c42d3e3527cbfc49e909896c639e114f84ec76f7d432df26c7594cc40c229
native-expanded,064-Salt-Seed-packed-32-baseline-w32-s00,23,19,packed,0,1,baseline,1800,-1,0,0,0,0,0,6,14,0.9,3501b3c82c94ceb21ed2bc68b578ee3d5d6954fe69487b7f99746b61526c134a
native-expanded,064-Salt-Seed-packed-32-baseline-w32-s01,23,19,packed,1,1,baseline,1800,-1,0,0,0,0,0,3,14,1.3,a62543f35d1408d733a6958f1daac5177cc3d8eb28d5e0d0b9cf37ff34bf9bfd
native-expanded,064-Salt-Seed-packed-32-baseline-w32-s02,23,19,packed,2,1,baseline,1800,-1,0,0,0,0,0,3,14,1,d3f0342c09f377f5f9aa9090ce3d2e72bf00ebdbd7c51e5d3128a281cf33f436
native-expanded,064-Salt-Seed-packed-32-baseline-w32-s03,23,19,packed,3,1,baseline,1800,-1,0,0,0,0,0,3,14,2.3,a813cb813cbdf09428c13d07eced77ac9fa4685a31b4d5880a6be156a1802cbf
native-expanded,064-Salt-Seed-packed-32-baseline-w32-s04,23,19,packed,4,1,baseline,1800,-1,0,0,0,0,0,3,14,1.3,ce7297011e68294cde36c7edf2735b15c8050d346eb6bb9da03b6a6a1d9b2824
native-expanded,065-Salt-Sodium-packed-32-baseline-w32-s00,23,25,packed,0,1,baseline,1800,-1,0,0,0,0,0,6,14,1.3,fb49ea599a22eed36b4abd0409c2b8d20d7ed603ff8e5d280c10f332f29e8315
native-expanded,065-Salt-Sodium-packed-32-baseline-w32-s01,23,25,packed,1,1,baseline,1800,-1,0,0,0,0,0,3,14,1.2,c6032e6d6cecd6d5034feab2d60983796c33bc06b4a52cac7e5e13c9670381ce
native-expanded,065-Salt-Sodium-packed-32-baseline-w32-s02,23,25,packed,2,1,baseline,1800,-1,0,0,0,0,0,3,14,1.3,b42d34d30afd2465575a73a0a72c0c4ea47f6f2f2144d3f8d3ac0a426210399a
native-expanded,065-Salt-Sodium-packed-32-baseline-w32-s03,23,25,packed,3,1,baseline,1800,-1,0,0,0,0,0,3,14,1.4,a86e1acbb2a23f36573710a1f3528760e0e63bc62a85fe0f34a0876303763a49
native-expanded,065-Salt-Sodium-packed-32-baseline-w32-s04,23,25,packed,4,1,baseline,1800,-1,0,0,0,0,0,3,14,1.2,c445acbdc55011a6f552ae53cfca145ecb80c7230fe8af68acd8a87ba9e4fb40
native-expanded,066-Salt-Gunpowder-packed-32-baseline-w32-s00,23,26,packed,0,1,baseline,1800,-1,0,0,0,0,0,6,14,1.2,2153cd38f8e87ff3bbcfc0999dc8b4f9a04af6778d36191078472f5b878f762d
native-expanded,066-Salt-Gunpowder-packed-32-baseline-w32-s01,23,26,packed,1,1,baseline,1800,-1,0,0,0,0,0,3,14,1.3,237ee9cf0a34d3a6d668bf25c312981e8ab8d78b4dae75041da64ba4ded32a5f
native-expanded,066-Salt-Gunpowder-packed-32-baseline-w32-s02,23,26,packed,2,1,baseline,1800,-1,0,0,0,0,0,3,14,0.7,9e52cb2941ab989afd8da18b7de4596ae328e15a5b2be286b10844ea17f7490f
native-expanded,066-Salt-Gunpowder-packed-32-baseline-w32-s03,23,26,packed,3,1,baseline,1800,-1,0,0,0,0,0,3,14,0.8,c90954727b29cea773d8a5691e6fbd413e8d8380d1694ade3da55a6429f658da
native-expanded,066-Salt-Gunpowder-packed-32-baseline-w32-s04,23,26,packed,4,1,baseline,1800,-1,0,0,0,0,0,3,14,0.9,2b3b801dd4e41ff5864ee3bb42880052e454c0aed990aba671bd208b15312216
native-expanded,067-Salt-Coal-packed-32-baseline-w32-s00,23,27,packed,0,1,baseline,1800,-1,0,0,0,0,0,6,14,1.4,a47bd5441f776ea51de50c719ed4a0d53163339082871dec91ccfcbb21ced5b8
native-expanded,067-Salt-Coal-packed-32-baseline-w32-s01,23,27,packed,1,1,baseline,1800,-1,0,0,0,0,0,3,14,1.2,3609432d80b9a88eb4684c9d57dda05659f1f022a540e9b7e7e1958a40b21682
native-expanded,067-Salt-Coal-packed-32-baseline-w32-s02,23,27,packed,2,1,baseline,1800,-1,0,0,0,0,0,3,14,1.2,2047c7e08f610821928b1fb2b79169e9558aa427b25fef34ad2fcbc01252bd1d
native-expanded,067-Salt-Coal-packed-32-baseline-w32-s03,23,27,packed,3,1,baseline,1800,-1,0,0,0,0,0,3,14,2.5,c9985acd1358b3c3cd581b2a2a1578697ec5b538c6ac45dcbdee787dee3e6b4b
native-expanded,067-Salt-Coal-packed-32-baseline-w32-s04,23,27,packed,4,1,baseline,1800,-1,0,0,0,0,0,3,14,1.3,88e69b0500789ab2809a44d2f358001e5e9d6f9aa477bd70ef59de3c06b2424a
native-expanded,068-Salt-Rust-packed-32-baseline-w32-s00,23,29,packed,0,1,baseline,1800,-1,0,0,0,0,0,6,14,0.9,e790ff873bcf5060ebb3a5b1545d9bf90d6db7bab4291c4cddb10608459289c3
native-expanded,068-Salt-Rust-packed-32-baseline-w32-s01,23,29,packed,1,1,baseline,1800,-1,0,0,0,0,0,3,14,0.9,9aea549c5398313c8d9e6281df14c02696e18001efb54becd1363f75bdfce176
native-expanded,068-Salt-Rust-packed-32-baseline-w32-s02,23,29,packed,2,1,baseline,1800,-1,0,0,0,0,0,3,14,0.8,050d15bd7c059606c56b6d32b7a7f5c6cbffcc37f5608c57b67f1c1701b9d72b
native-expanded,068-Salt-Rust-packed-32-baseline-w32-s03,23,29,packed,3,1,baseline,1800,-1,0,0,0,0,0,3,14,1.3,6cdf227cf0d2a2b65fdfb5930b412c16e838703d580ccc2592d1f0e8a52e16c4
native-expanded,068-Salt-Rust-packed-32-baseline-w32-s04,23,29,packed,4,1,baseline,1800,-1,0,0,0,0,0,3,14,0.9,81677a7b281f3d710a888d8caba43f7221a7e6e16571c62ad182599a8ef9ab92
native-expanded,069-Sodium-Sand-packed-32-baseline-w32-s00,25,2,packed,0,1,baseline,1800,-1,0,0,0,0,0,6,14,1.2,8f447398069307a97130f9e11ab12b7776fdac44d9a8ce6ae38b5cd6fbe97137
native-expanded,069-Sodium-Sand-packed-32-baseline-w32-s01,25,2,packed,1,1,baseline,1800,-1,0,0,0,0,0,3,14,1.2,959df870c66f22c56439e38083f1259f6d6f40290ba45a38fbfe48c46877ee21
native-expanded,069-Sodium-Sand-packed-32-baseline-w32-s02,25,2,packed,2,1,baseline,1800,-1,0,0,0,0,0,3,14,0.9,fdd549ee921c8e4a6ba6859e9a03388d8111e53288c8bed83aff15de8a2b73d3
native-expanded,069-Sodium-Sand-packed-32-baseline-w32-s03,25,2,packed,3,1,baseline,1800,-1,0,0,0,0,0,3,14,1.4,645f00bda332880bfae5f94f6023b462291c83a2c08e7aba3af40889567ea643
native-expanded,069-Sodium-Sand-packed-32-baseline-w32-s04,25,2,packed,4,1,baseline,1800,-1,0,0,0,0,0,3,14,1.3,cecaa6f822bcd34148a9745548ae44609736db78c404f1815b0ea833ed228eb1
native-expanded,070-Sodium-Stone-packed-32-baseline-w32-s00,25,13,packed,0,1,baseline,1800,-1,0,0,0,0,0,6,10,1.3,41c0581d8c68d0783097d5a73b828676c40d0f606b5f95094f43fe96f3d3baef
native-expanded,070-Sodium-Stone-packed-32-baseline-w32-s01,25,13,packed,1,1,baseline,1800,-1,0,0,0,0,0,3,10,0.8,2da82befa47651c26064c6e64a12a378c4bdfca87bed4fab7a530c1d3f874710
native-expanded,070-Sodium-Stone-packed-32-baseline-w32-s02,25,13,packed,2,1,baseline,1800,-1,0,0,0,0,0,3,10,1.2,4a48e7569b6bdf201c7af8a31adb6e2015491f3b393055aee0545e3dca44a0c5
native-expanded,070-Sodium-Stone-packed-32-baseline-w32-s03,25,13,packed,3,1,baseline,1800,-1,0,0,0,0,0,3,10,1.3,22d5f095f5c6cb58068d209b152f611019e561c834efbfb20e44e3ca7b102b8e
native-expanded,070-Sodium-Stone-packed-32-baseline-w32-s04,25,13,packed,4,1,baseline,1800,-1,0,0,0,0,0,3,10,1.3,c31e6911fcfcb4de5119093dc3f23d91197bcbe882451d5cc06388a9fd178435
native-expanded,071-Sodium-Dust-packed-32-baseline-w32-s00,25,14,packed,0,1,baseline,1800,-1,0,0,0,0,0,6,14,1.2,cb50d24da51b29ad386ecc15d580edf7a6a556ac8e427e071dd3587dd1190dd6
native-expanded,071-Sodium-Dust-packed-32-baseline-w32-s01,25,14,packed,1,1,baseline,1800,-1,0,0,0,0,0,3,14,1.3,0fbcf82d1435c8c22f9fe0502edb10c2df57d200d5979a2af155fc1f01f28437
native-expanded,071-Sodium-Dust-packed-32-baseline-w32-s02,25,14,packed,2,1,baseline,1800,-1,0,0,0,0,0,3,14,1.2,e38fc7df64ece8a50458da7a1dda24e1cdc58cf917453d5c0d9779174c1c0844
native-expanded,071-Sodium-Dust-packed-32-baseline-w32-s03,25,14,packed,3,1,baseline,1800,-1,0,0,0,0,0,3,14,1.3,5eb67927a361aa2e4426615c2c0a224f0d6f0c5eea48b2483aaf61687ec3b2ca
native-expanded,071-Sodium-Dust-packed-32-baseline-w32-s04,25,14,packed,4,1,baseline,1800,-1,0,0,0,0,0,3,14,1.2,a695207d0a0f93ec47bd617712a338a4f916179c7663d85ae326931feccfe808
native-expanded,072-Sodium-Seed-packed-32-baseline-w32-s00,25,19,packed,0,1,baseline,1800,-1,0,0,0,0,0,6,14,1.2,c8a17687fe1f16463eb06e575d2931a5d5dd647a87f14ff5bff49f0959dcb2b7
native-expanded,072-Sodium-Seed-packed-32-baseline-w32-s01,25,19,packed,1,1,baseline,1800,-1,0,0,0,0,0,3,14,1.3,778e561384990a4da1aae2dab3f4f2ecd223e4a3cbc2cafdb2eabcfa7464fdd0
native-expanded,072-Sodium-Seed-packed-32-baseline-w32-s02,25,19,packed,2,1,baseline,1800,-1,0,0,0,0,0,3,14,1.2,bd2e1306a02da6db0003b2a1f4d102f838af04e7c5081fd603cf0382f24c3d72
native-expanded,072-Sodium-Seed-packed-32-baseline-w32-s03,25,19,packed,3,1,baseline,1800,-1,0,0,0,0,0,3,14,1.2,e6af7c5383ebd9c224089d0b3da7ac9018e7db3f6baf2264490ff32dd621e29f
native-expanded,072-Sodium-Seed-packed-32-baseline-w32-s04,25,19,packed,4,1,baseline,1800,-1,0,0,0,0,0,3,14,1.3,edf21a54f0401e57f9b42947af8e9c7af0def375425aa9372c852986c0f123e7
native-expanded,073-Sodium-Salt-packed-32-baseline-w32-s00,25,23,packed,0,1,baseline,1800,-1,0,0,0,0,0,6,14,1.3,c54f75183b01c8364cdb41997014d1fbb9b885805659dafc1797d7b6afb95a8f
native-expanded,073-Sodium-Salt-packed-32-baseline-w32-s01,25,23,packed,1,1,baseline,1800,-1,0,0,0,0,0,3,14,1.4,f0d637913ef58c1d6907bc68fbfee596a945e0c0326c8fedc355e5a3cee6a5ee
native-expanded,073-Sodium-Salt-packed-32-baseline-w32-s02,25,23,packed,2,1,baseline,1800,-1,0,0,0,0,0,3,14,1.9,0db808f783c1f18a9ee59fd602da4f45ab71c07d7f881bf779534cab031a899e
native-expanded,073-Sodium-Salt-packed-32-baseline-w32-s03,25,23,packed,3,1,baseline,1800,-1,0,0,0,0,0,3,14,1.1,4c9e6a7a08627617fdf72c25fb93d04d5e72a960aed6b8a98fa2f88e86dca06f
native-expanded,073-Sodium-Salt-packed-32-baseline-w32-s04,25,23,packed,4,1,baseline,1800,-1,0,0,0,0,0,3,14,0.7,a05eb37aa21d090a954db9bc130e36b1a0193659d4b162cd8ff53ef8700cc8b5
native-expanded,074-Sodium-Gunpowder-packed-32-baseline-w32-s00,25,26,packed,0,1,baseline,1800,-1,0,0,0,0,0,6,14,1.2,6a0e9e9864513cb6a626d5a7dedffe06de1e49160eb8090d82ef31baf5137e4d
native-expanded,074-Sodium-Gunpowder-packed-32-baseline-w32-s01,25,26,packed,1,1,baseline,1800,-1,0,0,0,0,0,3,14,1,84762b3afab0115a6807e6549b75df11eecce70f283f6a86a02c31a8f810b486
native-expanded,074-Sodium-Gunpowder-packed-32-baseline-w32-s02,25,26,packed,2,1,baseline,1800,-1,0,0,0,0,0,3,14,1.2,7969e43e6bf44952fb0da4d607fd98e551b24f1ea4304e898054dea9a23cce3a
native-expanded,074-Sodium-Gunpowder-packed-32-baseline-w32-s03,25,26,packed,3,1,baseline,1800,-1,0,0,0,0,0,3,14,1.1,54f5f1b32e137740be4607d103b3a925fdc4e42d31bd1c472aaf283bfccfe53a
native-expanded,074-Sodium-Gunpowder-packed-32-baseline-w32-s04,25,26,packed,4,1,baseline,1800,-1,0,0,0,0,0,3,14,1.2,b33970ba9d9068ef904de7b47edbcc6e4794c1fdd18a59fd5977600b4bc564bf
native-expanded,075-Sodium-Coal-packed-32-baseline-w32-s00,25,27,packed,0,1,baseline,1800,-1,0,0,0,0,0,6,14,1.2,a7e494429afb86a31869a5073279e986075b2daff5295bac65ba7e6af5f000ce
native-expanded,075-Sodium-Coal-packed-32-baseline-w32-s01,25,27,packed,1,1,baseline,1800,-1,0,0,0,0,0,3,14,1.3,a3bbca8627237f9056f0a784cf04418045488efdf65254e2a7c2007d7e007473
native-expanded,075-Sodium-Coal-packed-32-baseline-w32-s02,25,27,packed,2,1,baseline,1800,-1,0,0,0,0,0,3,14,1.3,4d712d68c1b1e5e293e51945f7ea21fe6cfe77dd3a85a737428fe77db179c7b8
native-expanded,075-Sodium-Coal-packed-32-baseline-w32-s03,25,27,packed,3,1,baseline,1800,-1,0,0,0,0,0,3,14,1.3,c915af94d559166a35540dd29cea1e8139bb153a3ac90801e39b0a31279d55eb
native-expanded,075-Sodium-Coal-packed-32-baseline-w32-s04,25,27,packed,4,1,baseline,1800,-1,0,0,0,0,0,3,14,1.2,d5010d748a145e11ba676146ad49927536039d6726cd0b4967b33bf555ca29b0
native-expanded,076-Sodium-Rust-packed-32-baseline-w32-s00,25,29,packed,0,1,baseline,1800,-1,0,0,0,0,0,6,14,1.2,d655ae07a73986d1c506ef0afb4d9dced132c4f73c52a946e05fa8e2024250c7
native-expanded,076-Sodium-Rust-packed-32-baseline-w32-s01,25,29,packed,1,1,baseline,1800,-1,0,0,0,0,0,3,14,1.3,c10181c199fe5b3c5e859227c10b23bdcb96131fbd204819723eb8736bc1198d
native-expanded,076-Sodium-Rust-packed-32-baseline-w32-s02,25,29,packed,2,1,baseline,1800,-1,0,0,0,0,0,3,14,1.8,2f775183c983d89235d06c13a8aede03bb3d2c2d754fe9c87a53d1bc4e131dbf
native-expanded,076-Sodium-Rust-packed-32-baseline-w32-s03,25,29,packed,3,1,baseline,1800,-1,0,0,0,0,0,3,14,1.2,dccdd2c1ca908f8a985189e2612abba9d8811e88a63748034a17941871a15d57
native-expanded,076-Sodium-Rust-packed-32-baseline-w32-s04,25,29,packed,4,1,baseline,1800,-1,0,0,0,0,0,3,14,1.2,70e14218b1f8ef1f830dddeec8dde09044c9e2753ad787587765fdcc7e44afe4
native-expanded,077-Gunpowder-Sand-packed-32-baseline-w32-s00,26,2,packed,0,1,baseline,1800,-1,0,0,0,0,0,6,14,1,bfa0ea7ca9112ec92fee6e29b67c5857e6f1091b11803f8353939caeb8b0360a
native-expanded,077-Gunpowder-Sand-packed-32-baseline-w32-s01,26,2,packed,1,1,baseline,1800,-1,0,0,0,0,0,3,14,1.4,b471f4f7104dfa78529e7886fae19a7614ffe523877c9ee6073cd6e2e9ec0d9d
native-expanded,077-Gunpowder-Sand-packed-32-baseline-w32-s02,26,2,packed,2,1,baseline,1800,-1,0,0,0,0,0,3,14,1.3,03afeb8b1e6acfc1005c174e04b1259dcfecf832169c61657ca205e1b69c077f
native-expanded,077-Gunpowder-Sand-packed-32-baseline-w32-s03,26,2,packed,3,1,baseline,1800,-1,0,0,0,0,0,3,14,1.2,fbe3a99d927f39e70457d647563c943827e7a077e124fb2bcecff4606c430caf
native-expanded,077-Gunpowder-Sand-packed-32-baseline-w32-s04,26,2,packed,4,1,baseline,1800,-1,0,0,0,0,0,3,14,1.2,91aa33a6379c865a9a8c5ad61174badc218b4a88b26dbc23135bbfa3f6da6c3f
native-expanded,078-Gunpowder-Stone-packed-32-baseline-w32-s00,26,13,packed,0,1,baseline,1800,-1,0,0,0,0,0,6,10,1.1,0bab39592ec31e0fe46949dde2c8b571cfb854aa289550da992d528daaa4803a
native-expanded,078-Gunpowder-Stone-packed-32-baseline-w32-s01,26,13,packed,1,1,baseline,1800,-1,0,0,0,0,0,3,10,1.3,42d2c7c671f344b430e44e6fe7689f7ca973fab76d55a7bcb44fd462a2f44e72
native-expanded,078-Gunpowder-Stone-packed-32-baseline-w32-s02,26,13,packed,2,1,baseline,1800,-1,0,0,0,0,0,3,10,1.2,6068d4599975e7274a2a83ecc0aacce7de6f708009da83828c91621aab5f8e18
native-expanded,078-Gunpowder-Stone-packed-32-baseline-w32-s03,26,13,packed,3,1,baseline,1800,-1,0,0,0,0,0,3,10,1.2,84216c56894fed42ee8ab58af7ea7e3ae93bb1ce7178397f36e027d6e94867a1
native-expanded,078-Gunpowder-Stone-packed-32-baseline-w32-s04,26,13,packed,4,1,baseline,1800,-1,0,0,0,0,0,3,10,1.2,6d7f35fa87accc257380d4243d4fffd66a0f1a2e47b357dd756ced0a10249da1
native-expanded,079-Gunpowder-Dust-packed-32-baseline-w32-s00,26,14,packed,0,1,baseline,1800,-1,0,0,0,0,0,6,14,1.2,b0887b5c8d1c1dd3f57ebf73c7105f8b7b221b4029c07ca7ece27653af08af99
native-expanded,079-Gunpowder-Dust-packed-32-baseline-w32-s01,26,14,packed,1,1,baseline,1800,-1,0,0,0,0,0,3,14,1.3,72efc864cc4e2c40acecaca9bf4e662ee12a85664d0b744117cf97601275fa4a
native-expanded,079-Gunpowder-Dust-packed-32-baseline-w32-s02,26,14,packed,2,1,baseline,1800,-1,0,0,0,0,0,3,14,1.3,7a1917c0bfdd3e9d2078a2130d1ca5bf77939bafaa646892dbae45f77d2b4655
native-expanded,079-Gunpowder-Dust-packed-32-baseline-w32-s03,26,14,packed,3,1,baseline,1800,-1,0,0,0,0,0,3,14,0.9,d1248c505d75db25a68a0a5553abd534ed41a33516a0a145e73c4138a9dde237
native-expanded,079-Gunpowder-Dust-packed-32-baseline-w32-s04,26,14,packed,4,1,baseline,1800,-1,0,0,0,0,0,3,14,1.4,a7edd3e3d82332e5229f1f61b40653ec7c76453c902b789a7d238b02ec4534db
native-expanded,080-Gunpowder-Seed-packed-32-baseline-w32-s00,26,19,packed,0,1,baseline,1800,-1,0,0,0,0,0,6,14,1.3,b99e468d3c3341b3e25ef2be691f788d6e9c8a662f2806406e4c4716ba6317c1
native-expanded,080-Gunpowder-Seed-packed-32-baseline-w32-s01,26,19,packed,1,1,baseline,1800,-1,0,0,0,0,0,3,14,1.1,ff3d9527f3593c69ccd5834ce25963b2070e6d2fbe40ad9740bc762845796be7
native-expanded,080-Gunpowder-Seed-packed-32-baseline-w32-s02,26,19,packed,2,1,baseline,1800,-1,0,0,0,0,0,3,14,1.2,a0988e327d234bcef867a5898d0cc5ebdde73ae31b8116f423760c14a1b1b19f
native-expanded,080-Gunpowder-Seed-packed-32-baseline-w32-s03,26,19,packed,3,1,baseline,1800,-1,0,0,0,0,0,3,14,1.2,bc0a6a78cc01b6a6507b255f8717e8465991df4c25719f17a71e5436f7dfa047
native-expanded,080-Gunpowder-Seed-packed-32-baseline-w32-s04,26,19,packed,4,1,baseline,1800,-1,0,0,0,0,0,3,14,1.3,2bf96b1df9fdb9d7d83d46054e9d49f91bb4a546bea62712fac4844caba03639
native-expanded,081-Gunpowder-Salt-packed-32-baseline-w32-s00,26,23,packed,0,1,baseline,1800,-1,0,0,0,0,0,6,14,1.3,f59322faf3ab100b70a2a7339767e4ca80406f19955e4722847af47153db3274
native-expanded,081-Gunpowder-Salt-packed-32-baseline-w32-s01,26,23,packed,1,1,baseline,1800,-1,0,0,0,0,0,3,14,1.2,2034549742f5968345d34db2cad51a33e3e1b9117953801ea49d4e43abb7b09d
native-expanded,081-Gunpowder-Salt-packed-32-baseline-w32-s02,26,23,packed,2,1,baseline,1800,-1,0,0,0,0,0,3,14,0.8,7af8dac2d8f75c98576423a9501fac4ed2fedb0a06fde85ca619df1edb939186
native-expanded,081-Gunpowder-Salt-packed-32-baseline-w32-s03,26,23,packed,3,1,baseline,1800,-1,0,0,0,0,0,3,14,1.2,210b6fee6f82a7922c79635cab888bb19a99ded5c0a3df28e7f3e242d1d11202
native-expanded,081-Gunpowder-Salt-packed-32-baseline-w32-s04,26,23,packed,4,1,baseline,1800,-1,0,0,0,0,0,3,14,0.9,bd640e2142886ce11784d79eeb087ddd4c6bc2241d58840ec95bc3d628b6b13f
native-expanded,082-Gunpowder-Sodium-packed-32-baseline-w32-s00,26,25,packed,0,1,baseline,1800,-1,0,0,0,0,0,6,14,1.2,da53619cd212d7a44cba849c0f6011f770af7d500c3a787c16f1f35c8a86718c
native-expanded,082-Gunpowder-Sodium-packed-32-baseline-w32-s01,26,25,packed,1,1,baseline,1800,-1,0,0,0,0,0,3,14,1.2,465a867b8eb69c661b11cc7cd35dea8b226099ec6369fc3044898aadca00a895
native-expanded,082-Gunpowder-Sodium-packed-32-baseline-w32-s02,26,25,packed,2,1,baseline,1800,-1,0,0,0,0,0,3,14,1.4,1aa61e523ddebafb0d0b5b127f0953cdfadaa534827df53a5b51fffd8e3dc7a0
native-expanded,082-Gunpowder-Sodium-packed-32-baseline-w32-s03,26,25,packed,3,1,baseline,1800,-1,0,0,0,0,0,3,14,0.9,a580f784df6b8e92082cb96fd1df30b98367b5b21e38810f4540e1c5fea4034b
native-expanded,082-Gunpowder-Sodium-packed-32-baseline-w32-s04,26,25,packed,4,1,baseline,1800,-1,0,0,0,0,0,3,14,1.3,e41c471b57ba85fe59b6a749b30eef12bff5e43edb03b686a0cf85be8d13a6ef
native-expanded,083-Gunpowder-Coal-packed-32-baseline-w32-s00,26,27,packed,0,1,baseline,1800,-1,0,0,0,0,0,6,14,0.9,5f9d12ed1b0775699db19e349239c83f21eaa203d10854d4a1719ac0c883b5f8
native-expanded,083-Gunpowder-Coal-packed-32-baseline-w32-s01,26,27,packed,1,1,baseline,1800,-1,0,0,0,0,0,3,14,0.7,5d0c553f740e3ce3cbd858344b092ca37f853d0cf26a5ab4d8452ed4cf13271c
native-expanded,083-Gunpowder-Coal-packed-32-baseline-w32-s02,26,27,packed,2,1,baseline,1800,-1,0,0,0,0,0,3,14,1.2,0fd3b05aa7e1749b74e9943bda709e99fc503b18824a564d5536e275ed11c80b
native-expanded,083-Gunpowder-Coal-packed-32-baseline-w32-s03,26,27,packed,3,1,baseline,1800,-1,0,0,0,0,0,3,14,0.9,7c9568a497ed3052252f5bf2960a8dc7c7b6bc799c983fa784557dd58f5e0f12
native-expanded,083-Gunpowder-Coal-packed-32-baseline-w32-s04,26,27,packed,4,1,baseline,1800,-1,0,0,0,0,0,3,14,1.2,876f8e6947995eb590a1c89e0946f111f24c9b84e9f08227aeb39476159235c6
native-expanded,084-Gunpowder-Rust-packed-32-baseline-w32-s00,26,29,packed,0,1,baseline,1800,-1,0,0,0,0,0,6,14,1.3,b97d0c3813929bae9537b00f91350e4e99e9393b1b346138d5afe3a5f51e6baa
native-expanded,084-Gunpowder-Rust-packed-32-baseline-w32-s01,26,29,packed,1,1,baseline,1800,-1,0,0,0,0,0,3,14,1.2,049c10f2c8f04813f5836636feef3f0dfa5a353cdc71a3770c126bbf2c0b8f68
native-expanded,084-Gunpowder-Rust-packed-32-baseline-w32-s02,26,29,packed,2,1,baseline,1800,-1,0,0,0,0,0,3,14,1.3,01ebf1ca8f7911e3c07c30d71afdeb9edf47803be7c13cc956df5293bd6241df
native-expanded,084-Gunpowder-Rust-packed-32-baseline-w32-s03,26,29,packed,3,1,baseline,1800,-1,0,0,0,0,0,3,14,1.3,08d3f47094cefb94a047acf2079b28c4a5221406459c27aa05bbce410118f82a
native-expanded,084-Gunpowder-Rust-packed-32-baseline-w32-s04,26,29,packed,4,1,baseline,1800,-1,0,0,0,0,0,3,14,1.4,eae3e921a8dd618d7e467be1b328406cfee7293e9b8d044b3aaa3688ee277529
native-expanded,085-Coal-Sand-packed-32-baseline-w32-s00,27,2,packed,0,1,baseline,1800,-1,0,0,0,0,0,6,14,1.4,8e885889047f35c55b4f1d6deda433725bff02c1df4904f63b2cf038cc15e4b0
native-expanded,085-Coal-Sand-packed-32-baseline-w32-s01,27,2,packed,1,1,baseline,1800,-1,0,0,0,0,0,3,14,1.2,bf2b2664c5ff4c8524560eea818fcdee85595dab2a62242272b9f7f5a8463d1d
native-expanded,085-Coal-Sand-packed-32-baseline-w32-s02,27,2,packed,2,1,baseline,1800,-1,0,0,0,0,0,3,14,1.2,8dcaaef57a1d3d467e2f4f3ddcfd05cab9c14a7930e72cf6ee48e6f8ac67f340
native-expanded,085-Coal-Sand-packed-32-baseline-w32-s03,27,2,packed,3,1,baseline,1800,-1,0,0,0,0,0,3,14,1.2,87ee22755420c2a6a0d998094efe6da39855995f2b1f379460dbfc1cae83e446
native-expanded,085-Coal-Sand-packed-32-baseline-w32-s04,27,2,packed,4,1,baseline,1800,-1,0,0,0,0,0,3,14,1.2,b8abcc73656a2034c0ce749164ffd371be3230d1b2e4c9826a17295d15ee4ba9
native-expanded,086-Coal-Stone-packed-32-baseline-w32-s00,27,13,packed,0,1,baseline,1800,-1,0,0,0,0,0,6,10,1.2,12e0e60b9d748dd7608155902fc4791ad9d32755ed130b165e0f98476937048f
native-expanded,086-Coal-Stone-packed-32-baseline-w32-s01,27,13,packed,1,1,baseline,1800,-1,0,0,0,0,0,3,10,1.2,5d34ed1daef5973179c4b35b541fc531d20bd3660bad05b64cd5830e400ecaac
native-expanded,086-Coal-Stone-packed-32-baseline-w32-s02,27,13,packed,2,1,baseline,1800,-1,0,0,0,0,0,3,10,1.3,eee42d15ec0442e2130ab06377dfba6f29161721ab78c8311f328b9cb070771b
native-expanded,086-Coal-Stone-packed-32-baseline-w32-s03,27,13,packed,3,1,baseline,1800,-1,0,0,0,0,0,3,10,1.3,ad515c967c37b8089f337084dc80f86eba351af97834e5e04a65e749f6982166
native-expanded,086-Coal-Stone-packed-32-baseline-w32-s04,27,13,packed,4,1,baseline,1800,-1,0,0,0,0,0,3,10,1.4,30e111144222a63b4e27f8e793958424d76d576479c2a4c3f4dd3b7d9ecf7e9b
native-expanded,087-Coal-Dust-packed-32-baseline-w32-s00,27,14,packed,0,1,baseline,1800,-1,0,0,0,0,0,6,14,1.2,ec1e6a7067d7a0a659b1dc0075a893c25855d2007854fc39c8a3245a96663548
native-expanded,087-Coal-Dust-packed-32-baseline-w32-s01,27,14,packed,1,1,baseline,1800,-1,0,0,0,0,0,3,14,1.6,e2af0d381e9e16aeecf2f01ecebe3a982fd8420d5a28530d355af62b70156b38
native-expanded,087-Coal-Dust-packed-32-baseline-w32-s02,27,14,packed,2,1,baseline,1800,-1,0,0,0,0,0,3,14,1.3,d4ae9424eb6ceecf1bd1c67d96d906c752ad739890f4c8d598d430d4e152c174
native-expanded,087-Coal-Dust-packed-32-baseline-w32-s03,27,14,packed,3,1,baseline,1800,-1,0,0,0,0,0,3,14,1.3,78276156f30c58c7cfb93f7426a3ca660006523d612523cab9cc7651ce3d844f
native-expanded,087-Coal-Dust-packed-32-baseline-w32-s04,27,14,packed,4,1,baseline,1800,-1,0,0,0,0,0,3,14,1.2,1ea944e4b3f2503d1df131632c02f85e27efc44f3af20368de1afb3f843078d0
native-expanded,088-Coal-Seed-packed-32-baseline-w32-s00,27,19,packed,0,1,baseline,1800,-1,0,0,0,0,0,6,14,1.2,5839aebab77ffd910f56b62169197c6b0d18071d66bb1f2bdf42a87ac17c0e28
native-expanded,088-Coal-Seed-packed-32-baseline-w32-s01,27,19,packed,1,1,baseline,1800,-1,0,0,0,0,0,3,14,1.2,d04007779f1869ca9c3261d5725035b170070fbf7304c545346dc8f8e50abb51
native-expanded,088-Coal-Seed-packed-32-baseline-w32-s02,27,19,packed,2,1,baseline,1800,-1,0,0,0,0,0,3,14,1.3,f2f4038dd63ed7f2f96e13e70010f9cbc40b1b7dafcba4bc91a287a4a177de2a
native-expanded,088-Coal-Seed-packed-32-baseline-w32-s03,27,19,packed,3,1,baseline,1800,-1,0,0,0,0,0,3,14,1,2f8a0892101a196e73174ae1a5d21fe9fee282c3043c69faaa8bf391a5b9591d
native-expanded,088-Coal-Seed-packed-32-baseline-w32-s04,27,19,packed,4,1,baseline,1800,-1,0,0,0,0,0,3,14,0.7,1bf0d3fa2422f55e6d638f7b98d52f232fb6ad0def761562636c9a1698077317
native-expanded,089-Coal-Salt-packed-32-baseline-w32-s00,27,23,packed,0,1,baseline,1800,-1,0,0,0,0,0,6,14,1.2,8ff9f543e4214812dd6e14e2559b7d6db723233066c4ee5f56b078d3978dbf98
native-expanded,089-Coal-Salt-packed-32-baseline-w32-s01,27,23,packed,1,1,baseline,1800,-1,0,0,0,0,0,3,14,1.2,b655bfe4644627a3185a60a90965a6328970ca8cd4d355b385e9871890bfbeb6
native-expanded,089-Coal-Salt-packed-32-baseline-w32-s02,27,23,packed,2,1,baseline,1800,-1,0,0,0,0,0,3,14,0.9,47f0380ee99590ee8f1b8e659cf966f9ee0c5935790efc4348295376c60c62d0
native-expanded,089-Coal-Salt-packed-32-baseline-w32-s03,27,23,packed,3,1,baseline,1800,-1,0,0,0,0,0,3,14,1.2,455f177294ab4f7dbcd904f240d7ac7a884432a48db38b2c8841b3f38e89dbb1
native-expanded,089-Coal-Salt-packed-32-baseline-w32-s04,27,23,packed,4,1,baseline,1800,-1,0,0,0,0,0,3,14,1.5,4b721fc53dfbb6184768a659a7a86f1d1d137bd4b01f2e6e4f83de57b72dfffd
native-expanded,090-Coal-Sodium-packed-32-baseline-w32-s00,27,25,packed,0,1,baseline,1800,-1,0,0,0,0,0,6,14,1.3,5ae783af704fa7219033c55a31ed9e7415c8b6ffcafbaff594526dfb505098d4
native-expanded,090-Coal-Sodium-packed-32-baseline-w32-s01,27,25,packed,1,1,baseline,1800,-1,0,0,0,0,0,3,14,1.1,9357dae6b293232caa39607ba24dbd7f8d9bea9a4761ff35f594f14ef18ae31e
native-expanded,090-Coal-Sodium-packed-32-baseline-w32-s02,27,25,packed,2,1,baseline,1800,-1,0,0,0,0,0,3,14,1.3,b1031e7f475a689de0c81adb130264a5547093a11885b4a980e7b5dc22ebcdaa
native-expanded,090-Coal-Sodium-packed-32-baseline-w32-s03,27,25,packed,3,1,baseline,1800,-1,0,0,0,0,0,3,14,1.2,5d3164cb549531a50bf82a9daf24e7ecb7e7bb6f85d530df497e7a44c8f7b172
native-expanded,090-Coal-Sodium-packed-32-baseline-w32-s04,27,25,packed,4,1,baseline,1800,-1,0,0,0,0,0,3,14,1.7,7a7046a10703bebde1647dfd6db9aecddf8d36d0291f2a1dd875ceb1931f9491
native-expanded,091-Coal-Gunpowder-packed-32-baseline-w32-s00,27,26,packed,0,1,baseline,1800,-1,0,0,0,0,0,6,14,1.3,02750e9ab4ad98303dbdc23cd7132ad8a5bbe1e3cd37cbd9cc2fa41ed3413c47
native-expanded,091-Coal-Gunpowder-packed-32-baseline-w32-s01,27,26,packed,1,1,baseline,1800,-1,0,0,0,0,0,3,14,1.3,5625e8088f28d37e7ccb2636101f64284ea2e02d7b5b03a479b6edde50af38b6
native-expanded,091-Coal-Gunpowder-packed-32-baseline-w32-s02,27,26,packed,2,1,baseline,1800,-1,0,0,0,0,0,3,14,0.9,49419ceccd82cd614399c8a175b041b0d3cedaf06b030fc4814a2964ef629b3f
native-expanded,091-Coal-Gunpowder-packed-32-baseline-w32-s03,27,26,packed,3,1,baseline,1800,-1,0,0,0,0,0,3,14,2.2,8e579a8ca20a799a244d34312608c95347c16356794dd8451598ec8d3de29b76
native-expanded,091-Coal-Gunpowder-packed-32-baseline-w32-s04,27,26,packed,4,1,baseline,1800,-1,0,0,0,0,0,3,14,1.3,9d8b2dd5f2c83a805dca3c50d142b98e0ba53025a39237b92cdb20d32acfcf87
native-expanded,092-Coal-Rust-packed-32-baseline-w32-s00,27,29,packed,0,1,baseline,1800,-1,0,0,0,0,0,6,14,1.3,9e0991f199e692dac9ece40358790da8af765dcc2df89268eacfc3459ae163df
native-expanded,092-Coal-Rust-packed-32-baseline-w32-s01,27,29,packed,1,1,baseline,1800,-1,0,0,0,0,0,3,14,1.5,91d73f84240f2394a6d91abc0164107b8a095062fda5d9919e672b8a273d5350
native-expanded,092-Coal-Rust-packed-32-baseline-w32-s02,27,29,packed,2,1,baseline,1800,-1,0,0,0,0,0,3,14,1.3,9e7a4d7d8c6ba70d7b45b25a64696b66638d32a19381d20544a62f45addd005a
native-expanded,092-Coal-Rust-packed-32-baseline-w32-s03,27,29,packed,3,1,baseline,1800,-1,0,0,0,0,0,3,14,1.2,aa660e8d488acf3f00bf3d15c8cc696bc23f249332772686c29f922531997132
native-expanded,092-Coal-Rust-packed-32-baseline-w32-s04,27,29,packed,4,1,baseline,1800,-1,0,0,0,0,0,3,14,1.3,40fd8e0d4e5820376dc9de03a9805e126d389e0dff89c534d5b8ee4477ce9907
native-expanded,093-Rust-Stone-packed-32-baseline-w32-s00,29,13,packed,0,1,baseline,1800,-1,0,0,0,0,0,6,10,1.2,6beff4084ccdeb9fd725b99a4f356e415e9449e5182d887281958a09c6a30cee
native-expanded,093-Rust-Stone-packed-32-baseline-w32-s01,29,13,packed,1,1,baseline,1800,-1,0,0,0,0,0,3,10,2.2,be0ea8163666cee9dbdb784aa7b26d23d9a2e7a3ac9f2864af043a48b1b58554
native-expanded,093-Rust-Stone-packed-32-baseline-w32-s02,29,13,packed,2,1,baseline,1800,-1,0,0,0,0,0,3,10,0.9,152c1dce4edab673538abda513132f7bc62a00c9f6d0fc3dab6a8b7ace4b8b1a
native-expanded,093-Rust-Stone-packed-32-baseline-w32-s03,29,13,packed,3,1,baseline,1800,-1,0,0,0,0,0,3,10,1.3,c8d3f4e35d4c3d1017f62e1dae08c34c05dd2ed4c03621fc76a9ff4d503f24c6
native-expanded,093-Rust-Stone-packed-32-baseline-w32-s04,29,13,packed,4,1,baseline,1800,-1,0,0,0,0,0,3,10,1.3,62633a0d114e9cf037e40baedaf0a6030677cce2f1fe46de784d5efe8e406a8c
native-expanded,094-Rust-Dust-packed-32-baseline-w32-s00,29,14,packed,0,1,baseline,1800,-1,0,0,0,0,0,6,14,1.2,e5b3e8f6915e16e58266ec75e7f77a372716d610abc5058e3b838376e3ff8929
native-expanded,094-Rust-Dust-packed-32-baseline-w32-s01,29,14,packed,1,1,baseline,1800,-1,0,0,0,0,0,3,14,1.3,cf3b57fc3fffcb9146308984a14ae0491ac4bcc433b76b3e8775ab5862571795
native-expanded,094-Rust-Dust-packed-32-baseline-w32-s02,29,14,packed,2,1,baseline,1800,-1,0,0,0,0,0,3,14,1.3,07d5a0ac491c7aae1b4b009c401026d8c7d3606ac32f8de5018de770a6f58de4
native-expanded,094-Rust-Dust-packed-32-baseline-w32-s03,29,14,packed,3,1,baseline,1800,-1,0,0,0,0,0,3,14,1.2,dc170f6163761df4ee3d58092a84825c271d3d0f828f04ebddbcde2f87488047
native-expanded,094-Rust-Dust-packed-32-baseline-w32-s04,29,14,packed,4,1,baseline,1800,-1,0,0,0,0,0,3,14,1.3,5a9866c849e0827a09f3cc4485f1c909bcfc9440bd4b8871bf64c6ae74a52795
native-expanded,095-Rust-Seed-packed-32-baseline-w32-s00,29,19,packed,0,1,baseline,1800,-1,0,0,0,0,0,6,14,1.2,234b820e9065710a825c72ce2b89d283eecc42ebbaac97b09434f0808401f7be
native-expanded,095-Rust-Seed-packed-32-baseline-w32-s01,29,19,packed,1,1,baseline,1800,-1,0,0,0,0,0,3,14,0.8,df78f80a578a5e9778952996d23e979f4268e9dedbeaf933cbe5f29cc608cd1d
native-expanded,095-Rust-Seed-packed-32-baseline-w32-s02,29,19,packed,2,1,baseline,1800,-1,0,0,0,0,0,3,14,1.3,44e352b7408fa3872b89801ebdb7b84ca16bd394dedd5cefc9b7913d210b55bf
native-expanded,095-Rust-Seed-packed-32-baseline-w32-s03,29,19,packed,3,1,baseline,1800,-1,0,0,0,0,0,3,14,1.2,055f8172aef7028d76c699dea7ad44fa968b67c93f7d8aba68754f9d430bd149
native-expanded,095-Rust-Seed-packed-32-baseline-w32-s04,29,19,packed,4,1,baseline,1800,-1,0,0,0,0,0,3,14,1.1,bdb66e7e7609a64393f7ee1a9b44e98924f24e7da1fcf3804bb12738c158f797
native-expanded,096-Rust-Salt-packed-32-baseline-w32-s00,29,23,packed,0,1,baseline,1800,-1,0,0,0,0,0,6,14,1.3,e271f1ca9c18d60ec8bfd5d8f43da42819aa785639bb4fb1247560e309c7e2ac
native-expanded,096-Rust-Salt-packed-32-baseline-w32-s01,29,23,packed,1,1,baseline,1800,-1,0,0,0,0,0,3,14,1.3,e6b9db3dea041559a2b6787f39cd6f8b9081649ace48046e8351d236f3004414
native-expanded,096-Rust-Salt-packed-32-baseline-w32-s02,29,23,packed,2,1,baseline,1800,-1,0,0,0,0,0,3,14,1.2,b9881f9bb4a32a58f9e775755ca31b213ffb3336da18843e4caf9ec43c55d71f
native-expanded,096-Rust-Salt-packed-32-baseline-w32-s03,29,23,packed,3,1,baseline,1800,-1,0,0,0,0,0,3,14,1.3,6740e333028db40af67fcabae606d60133515e8900d510d4fb56380c5e0a5681
native-expanded,096-Rust-Salt-packed-32-baseline-w32-s04,29,23,packed,4,1,baseline,1800,-1,0,0,0,0,0,3,14,1.2,280aeb6ace924f381e9cd4233e4c4e82e162a24ad8da5705f808aa284b54e06c
native-expanded,097-Rust-Sodium-packed-32-baseline-w32-s00,29,25,packed,0,1,baseline,1800,-1,0,0,0,0,0,6,14,1.2,8c71e071cc10f15f7bc3d79917d84139c7fb2aa194d7761d7a0ea41d352076f2
native-expanded,097-Rust-Sodium-packed-32-baseline-w32-s01,29,25,packed,1,1,baseline,1800,-1,0,0,0,0,0,3,14,0.9,bb91b2ca27df92f94b6af111e2858734cd0762c230dec7c121846085bacf2279
native-expanded,097-Rust-Sodium-packed-32-baseline-w32-s02,29,25,packed,2,1,baseline,1800,-1,0,0,0,0,0,3,14,1.1,689b8814f687f1994199f754b71f77b66c6da172aad3202e1f45f765236777c4
native-expanded,097-Rust-Sodium-packed-32-baseline-w32-s03,29,25,packed,3,1,baseline,1800,-1,0,0,0,0,0,3,14,1.2,a3e1d4d574725e550c727f2501269160d2b1b0bc2d88f4ef6479b3263932e2cd
native-expanded,097-Rust-Sodium-packed-32-baseline-w32-s04,29,25,packed,4,1,baseline,1800,-1,0,0,0,0,0,3,14,1.3,6b50f4fe93e45a6a2a2757fc06bce7b0ca7791e262f62f5d840ef38e30672712
native-expanded,098-Rust-Gunpowder-packed-32-baseline-w32-s00,29,26,packed,0,1,baseline,1800,-1,0,0,0,0,0,6,14,0.7,abe11b6a1b6f4a5d5ca7425334095633922de21946bc874062befa18097a6284
native-expanded,098-Rust-Gunpowder-packed-32-baseline-w32-s01,29,26,packed,1,1,baseline,1800,-1,0,0,0,0,0,3,14,1.1,46657e0884042c4e75b7ae73916a951f7db6e471b2ad90201219f93dde1675b5
native-expanded,098-Rust-Gunpowder-packed-32-baseline-w32-s02,29,26,packed,2,1,baseline,1800,-1,0,0,0,0,0,3,14,1.3,4316f9b7a3fb9771892d48a37753e2292d4cbf1f1f89d63ff52d86101265f5f0
native-expanded,098-Rust-Gunpowder-packed-32-baseline-w32-s03,29,26,packed,3,1,baseline,1800,-1,0,0,0,0,0,3,14,1.2,6f01b7c78451669cd1718e9718fd357b3242250e5a8a1e267a956ac4f8d6f101
native-expanded,098-Rust-Gunpowder-packed-32-baseline-w32-s04,29,26,packed,4,1,baseline,1800,-1,0,0,0,0,0,3,14,1.2,9a4ab7ee5ddd5af81bd4d3e0715c6fb01d3879c944fb649d83390d3696691eec
native-expanded,099-Rust-Coal-packed-32-baseline-w32-s00,29,27,packed,0,1,baseline,1800,-1,0,0,0,0,0,6,14,1.1,878b504c7e939287e9b45f02ae496617ac36905501fdb7348cbe2dbf637565b8
native-expanded,099-Rust-Coal-packed-32-baseline-w32-s01,29,27,packed,1,1,baseline,1800,-1,0,0,0,0,0,3,14,0.7,8ced8189e6cf94ad4fcdf645cd671d380153c1d6324b0a2fff5720ce9c32baa4
native-expanded,099-Rust-Coal-packed-32-baseline-w32-s02,29,27,packed,2,1,baseline,1800,-1,0,0,0,0,0,3,14,1.5,ee8da085b9d15386200686a72d6a81858b4a1583398d40b06af24d7f4c75cfce
native-expanded,099-Rust-Coal-packed-32-baseline-w32-s03,29,27,packed,3,1,baseline,1800,-1,0,0,0,0,0,3,14,1.3,a27cd007c8cc87043f0ce92f3be30bba17c5f8d1824f35e4c9338721d19e13ea
native-expanded,099-Rust-Coal-packed-32-baseline-w32-s04,29,27,packed,4,1,baseline,1800,-1,0,0,0,0,0,3,14,1.2,38e8735bca9177808fc28a15b7f8a54a3550ed3b17922ac94ee81d3224cbe5a5
native-expanded,100-Sand-Dust-holes-32-baseline-w32-s00,2,14,holes,0,1,baseline,1800,-1,0,0,0,0,0,6,20,1.3,550a31b62ddc7ee0feb6ee3174f1fd8e11b8c12f3b6f7632ba62931c2254a2e9
native-expanded,100-Sand-Dust-holes-32-baseline-w32-s01,2,14,holes,1,1,baseline,1800,-1,0,0,0,0,0,3,20,1.9,133a8aef7fa43087312d5e424e542bc141e69893b7a3fe0c18218fb08cf9ce47
native-expanded,100-Sand-Dust-holes-32-baseline-w32-s02,2,14,holes,2,1,baseline,1800,-1,0,0,0,0,0,3,20,1.6,7c0c2b1d59f7c57f758bfbd5076f422dee678f66cc3b5682393fc9991ba7d9d3
native-expanded,100-Sand-Dust-holes-32-baseline-w32-s03,2,14,holes,3,1,baseline,1800,-1,0,0,0,0,0,3,20,1.1,ecee6f3d6766b96a879f97cc3074ed5feb40b0bd3df70f4e2feffee7593235d9
native-expanded,100-Sand-Dust-holes-32-baseline-w32-s04,2,14,holes,4,1,baseline,1800,-1,0,0,0,0,0,3,20,1.5,a4a665086109a72bae8cb83c3d5a6546fe2a0eaa11952d542e6feb81b4df797d
native-expanded,101-Sand-Dust-slope-32-baseline-w32-s00,2,14,slope,0,1,baseline,1800,-1,0,0,0,0,0,6,16,1.1,25b45f70a8b9a76fa98af89fb42fb12820ced67a2fe9a3b42efb533995f8a915
native-expanded,101-Sand-Dust-slope-32-baseline-w32-s01,2,14,slope,1,1,baseline,1800,-1,0,0,0,0,0,3,17,1.5,97c8b2aad6814515d5413fabae15029ebb7fba322cc1713d774aad7773c8259c
native-expanded,101-Sand-Dust-slope-32-baseline-w32-s02,2,14,slope,2,1,baseline,1800,-1,0,0,0,0,0,3,16,1.3,5cba80a32e4fc9abefbc75face6963b1c4ae0256defba9aad7432086d27421b4
native-expanded,101-Sand-Dust-slope-32-baseline-w32-s03,2,14,slope,3,1,baseline,1800,-1,0,0,0,0,0,3,17,1.5,71d7c1019ef6372c6617159855bcc6427f896a17544c78068ac0aea3009cffa8
native-expanded,101-Sand-Dust-slope-32-baseline-w32-s04,2,14,slope,4,1,baseline,1800,-1,0,0,0,0,0,3,16,1.5,fe9104d9a9a73e68fbb6f44ba807c3dda76f1fa1bd46b9c765f7d6220576d538
native-expanded,102-Sand-Dust-unsupported-32-baseline-w32-s00,2,14,unsupported,0,1,baseline,1800,-1,0,0,0,0,0,6,15,0.9,8a514c0f0006a9150ca91c54b3d7b54a49ed80009b4f13dfe097bba051c6a371
native-expanded,102-Sand-Dust-unsupported-32-baseline-w32-s01,2,14,unsupported,1,1,baseline,1800,-1,0,0,0,0,0,3,15,1.2,a7a920467ea38d767f0b40215eb25d500f3c931ff3e7e249a912a1939b8952f1
native-expanded,102-Sand-Dust-unsupported-32-baseline-w32-s02,2,14,unsupported,2,1,baseline,1800,-1,0,0,0,0,0,3,15,1.5,212f4195d0605f0f92612fcee365d29d3e248220dc6d046d16d770a613258348
native-expanded,102-Sand-Dust-unsupported-32-baseline-w32-s03,2,14,unsupported,3,1,baseline,1800,-1,0,0,0,0,0,3,15,1.4,b93de78b99eb95844f8bb9f8c1ca1a8811bfe28ff71793a64a45ffb43202bddd
native-expanded,102-Sand-Dust-unsupported-32-baseline-w32-s04,2,14,unsupported,4,1,baseline,1800,-1,0,0,0,0,0,3,15,1.5,da510b8cb9d9306a26f811dadec694b7ad7da3fda9145d858da711d7b634d8be
native-expanded,103-Sand-Dust-granular-32-baseline-w32-s00,2,14,granular,0,1,baseline,1800,-1,0,0,0,0,0,6,14,1,649a73d06ec292d9531a20787502d538cc75f0c1a8fc721ecb606a14ac1e8c27
native-expanded,103-Sand-Dust-granular-32-baseline-w32-s01,2,14,granular,1,1,baseline,1800,-1,0,0,0,0,0,3,14,0.7,78f942ff12ef11a677f80beebb70abf3ff6b8f3580c3f0342626bde85d387b88
native-expanded,103-Sand-Dust-granular-32-baseline-w32-s02,2,14,granular,2,1,baseline,1800,-1,0,0,0,0,0,3,14,1.4,aaedc75daf404c5f08f46720ae95cf809eafee68efd3ff0dd42216a84d4e16af
native-expanded,103-Sand-Dust-granular-32-baseline-w32-s03,2,14,granular,3,1,baseline,1800,-1,0,0,0,0,0,3,14,1.2,61b65b84014f07b11eece086d71bc1a5bcde19626e60ea9ac21ba13801734b09
native-expanded,103-Sand-Dust-granular-32-baseline-w32-s04,2,14,granular,4,1,baseline,1800,-1,0,0,0,0,0,3,14,1.4,155e038cefe8dc8bf5162a381eabcd360ac10e90b3893d6346af53c2a5f65e8e
native-expanded,104-Stone-Sand-holes-32-baseline-w32-s00,13,2,holes,0,1,baseline,1800,-1,0,0,0,0,0,6,12,0.8,8cc0bbcc6c670ac34eba3622e3abd7468e6b16ff390ca270f12bff3756443eb0
native-expanded,104-Stone-Sand-holes-32-baseline-w32-s01,13,2,holes,1,1,baseline,1800,-1,0,0,0,0,0,3,12,1.8,bb0c025445d7da9e29295caed93a5c2dce9cbaaf7b5aa031709f50120c9a0736
native-expanded,104-Stone-Sand-holes-32-baseline-w32-s02,13,2,holes,2,1,baseline,1800,-1,0,0,0,0,0,3,12,1.4,fdae2e707f3fe11fdda2a4b204cf90762dc5fffdbe0721680a141eed7823ad8c
native-expanded,104-Stone-Sand-holes-32-baseline-w32-s03,13,2,holes,3,1,baseline,1800,-1,0,0,0,0,0,3,12,1.8,dcc20ecf8c40d3f100d27712505a9b434a0725d55634a775ba0a4277d3186cdd
native-expanded,104-Stone-Sand-holes-32-baseline-w32-s04,13,2,holes,4,1,baseline,1800,-1,0,0,0,0,0,3,12,1.5,1d8472ce9a7b67267b054a7c5dc47a68914d68dcf539b34ce469ec82ad8b0ea9
native-expanded,105-Stone-Sand-slope-32-baseline-w32-s00,13,2,slope,0,1,baseline,1800,-1,0,0,0,0,0,6,9,1.2,ea800cf6ba1e1bda45a2917fa6f65f82e64c4b76628aadda5ebdc7540bef2c19
native-expanded,105-Stone-Sand-slope-32-baseline-w32-s01,13,2,slope,1,1,baseline,1800,-1,0,0,0,0,0,3,9,0.8,8820484081640eae316d9f3601ce4b50792fa581cf83475218b31e20ab90404a
native-expanded,105-Stone-Sand-slope-32-baseline-w32-s02,13,2,slope,2,1,baseline,1800,-1,0,0,0,0,0,3,9,1.3,13a6333986eeb6741425be2d89b21023e03685a8efe3b42ef631b0969e5e3819
native-expanded,105-Stone-Sand-slope-32-baseline-w32-s03,13,2,slope,3,1,baseline,1800,-1,0,0,0,0,0,3,9,1.2,6e6bb8dce3340f559e7062c1a5f067815ad20e0b89e60557e3ddbd5dbca2d1d4
native-expanded,105-Stone-Sand-slope-32-baseline-w32-s04,13,2,slope,4,1,baseline,1800,-1,0,0,0,0,0,3,9,1,7b90b2e1f536eef3ac8769e7df6bb8142c7b8d64d54400fe658577d605f487a4
native-expanded,106-Stone-Sand-unsupported-32-baseline-w32-s00,13,2,unsupported,0,1,baseline,1800,-1,0,0,0,0,0,6,9,1.1,f7808c72d021fc8f83fbead36e593415a21afe23ce200ab66b050df03c06adc9
native-expanded,106-Stone-Sand-unsupported-32-baseline-w32-s01,13,2,unsupported,1,1,baseline,1800,-1,0,0,0,0,0,3,9,1.5,292f22ea751f654e65b5919dd7a5cc69e820843081c27a10c293bfb0747032c8
native-expanded,106-Stone-Sand-unsupported-32-baseline-w32-s02,13,2,unsupported,2,1,baseline,1800,-1,0,0,0,0,0,3,9,1.4,c98b2c6173987c6e8f3d0ba5488135d665121729573182771190bc3a17289cf5
native-expanded,106-Stone-Sand-unsupported-32-baseline-w32-s03,13,2,unsupported,3,1,baseline,1800,-1,0,0,0,0,0,3,9,1,337caccf5fe00215d285b10e28957d23927b90337d923d4f7244a57d3c6019fe
native-expanded,106-Stone-Sand-unsupported-32-baseline-w32-s04,13,2,unsupported,4,1,baseline,1800,-1,0,0,0,0,0,3,9,1.4,9ea483a892c62c8107be616a6fabf08c40dfe63e22f332e83a63fef0e716523e
native-expanded,107-Stone-Sand-granular-32-baseline-w32-s00,13,2,granular,0,1,baseline,1800,-1,0,0,0,0,0,6,8,1.2,1861e4ada05adc9cad2339039838c582be8c4d1ed52df3d8503d6eefaf5ee96a
native-expanded,107-Stone-Sand-granular-32-baseline-w32-s01,13,2,granular,1,1,baseline,1800,-1,0,0,0,0,0,3,8,1.2,497d9b6a1cfe39dabfadfa68e097bbf86f0c8204bd01bf74cb7e20916d95465e
native-expanded,107-Stone-Sand-granular-32-baseline-w32-s02,13,2,granular,2,1,baseline,1800,-1,0,0,0,0,0,3,8,1.2,e2ff158262fd8a2bf881af2f4d07aa7d569a02689b4096f17efed4360457ee89
native-expanded,107-Stone-Sand-granular-32-baseline-w32-s03,13,2,granular,3,1,baseline,1800,-1,0,0,0,0,0,3,8,1.2,ca13ce371d11091e070c893ca0141055d03770fa235f3c984d8ff52773ac5ee8
native-expanded,107-Stone-Sand-granular-32-baseline-w32-s04,13,2,granular,4,1,baseline,1800,-1,0,0,0,0,0,3,8,1.4,ee5420489b2df9bceec9067b61895add65c3c897ce13160ea76cdc1a1f4ba20f
native-expanded,108-Rust-Sand-holes-32-baseline-w32-s00,29,2,holes,0,1,baseline,1800,-1,0,0,0,0,0,6,20,0.7,ad3c1ae3b3695634214e359fb393327c6fd34d1b7666a7b984cce335b74ebdf1
native-expanded,108-Rust-Sand-holes-32-baseline-w32-s01,29,2,holes,1,1,baseline,1800,-1,0,0,0,0,0,3,20,1.5,7624a21d42a644be60abc33e1a0af237ac18cb03ce66279eaaf4b139bf626012
native-expanded,108-Rust-Sand-holes-32-baseline-w32-s02,29,2,holes,2,1,baseline,1800,-1,0,0,0,0,0,3,20,1.6,6fa0d7f085cda2637ca73c159f9c56c84cc94254af7654f00ef74f42fe336136
native-expanded,108-Rust-Sand-holes-32-baseline-w32-s03,29,2,holes,3,1,baseline,1800,-1,0,0,0,0,0,3,20,1.1,9bbf95abf449783a2ea3cfb447eee2a506e1a8b59f36f8997aa34868898085f7
native-expanded,108-Rust-Sand-holes-32-baseline-w32-s04,29,2,holes,4,1,baseline,1800,-1,0,0,0,0,0,3,20,1.5,92e2cfb8523dab691ff941c110f4b3dd2e2347ba29c7656ec74e846f53edc9c8
native-expanded,109-Rust-Sand-slope-32-baseline-w32-s00,29,2,slope,0,1,baseline,1800,-1,0,0,0,0,0,6,16,0.8,7077135133da1728e83d27a6eaab64235445c115b5fcf073888c6c20df1de6d1
native-expanded,109-Rust-Sand-slope-32-baseline-w32-s01,29,2,slope,1,1,baseline,1800,-1,0,0,0,0,0,3,17,1.6,fdf9ed45aecca67dac1bc93ebe4d5aa2ead7e7c471d44e399bc5f083fe50301a
native-expanded,109-Rust-Sand-slope-32-baseline-w32-s02,29,2,slope,2,1,baseline,1800,-1,0,0,0,0,0,3,16,2,2073226638e79707c032bfcade2ac9b2960f1b93dd3c6e4264ab39a11f6bee88
native-expanded,109-Rust-Sand-slope-32-baseline-w32-s03,29,2,slope,3,1,baseline,1800,-1,0,0,0,0,0,3,17,1.5,7ce0a13440308933301e309e75adeee3a7d35d9c791c0292c4000adcac72ecab
native-expanded,109-Rust-Sand-slope-32-baseline-w32-s04,29,2,slope,4,1,baseline,1800,-1,0,0,0,0,0,3,16,1.5,ba1d7dae88c608270a9e61edd3161e4990c1c8a8ff2025db9bdc1283585e07e9
native-expanded,110-Rust-Sand-unsupported-32-baseline-w32-s00,29,2,unsupported,0,1,baseline,1800,-1,0,0,0,0,0,6,15,1.2,8ca3d07619babb356e8d01eacd1c70b85c22575efd4164acc335388076a92e35
native-expanded,110-Rust-Sand-unsupported-32-baseline-w32-s01,29,2,unsupported,1,1,baseline,1800,-1,0,0,0,0,0,3,15,1.9,6a3eac30b44d4ea4a3ae73ab1d5906b4725377d1652cf6ba61d8d40a7a05f649
native-expanded,110-Rust-Sand-unsupported-32-baseline-w32-s02,29,2,unsupported,2,1,baseline,1800,-1,0,0,0,0,0,3,15,1.8,47eebca65c395475d660a749938b9a80f075a461a0c9cec8715fc1ee019edbe8
native-expanded,110-Rust-Sand-unsupported-32-baseline-w32-s03,29,2,unsupported,3,1,baseline,1800,-1,0,0,0,0,0,3,15,1.3,285fdc1ab5f1fb05e14e72b9c983a4efc5d3feaea05cd1beff38ec2a17ba240d
native-expanded,110-Rust-Sand-unsupported-32-baseline-w32-s04,29,2,unsupported,4,1,baseline,1800,-1,0,0,0,0,0,3,15,1.9,0267f4abbdb268ab5f292073090b56b8da38941e66a2f66d6ead31bec06a47c4
native-expanded,111-Rust-Sand-granular-32-baseline-w32-s00,29,2,granular,0,1,baseline,1800,-1,0,0,0,0,0,6,14,1.7,d94ea57cc3f15865993af9abe1063ae3f34637a5a23eb9513da3949f10aeba94
native-expanded,111-Rust-Sand-granular-32-baseline-w32-s01,29,2,granular,1,1,baseline,1800,-1,0,0,0,0,0,3,14,1.9,259e087940c0321aa72179edd2294156b784a36e325da353e8348c49179cb900
native-expanded,111-Rust-Sand-granular-32-baseline-w32-s02,29,2,granular,2,1,baseline,1800,-1,0,0,0,0,0,3,14,1.3,9a73a995129d7e44fff51094cc68e76b93d7df0c65288f34d7fa6d991c656bb2
native-expanded,111-Rust-Sand-granular-32-baseline-w32-s03,29,2,granular,3,1,baseline,1800,-1,0,0,0,0,0,3,14,1.3,c4f0d3e76769e97346b571f67cee7cf54aa5f16fec5d5f6492808dc9e96d8421
native-expanded,111-Rust-Sand-granular-32-baseline-w32-s04,29,2,granular,4,1,baseline,1800,-1,0,0,0,0,0,3,14,1.4,f2252fa9e06d6b2ed0808da43c0f9a9a652382992c0f58ef885614907755b0ca
native-expanded,112-Mercury-Sand-packed-16-baseline-w32-s00,33,2,packed,0,1,baseline,1800,480,8192,0,0,0,0,4,23,240.6,9f96f72b5226523aa614f81ce863e69db654bb9186af30ac757f7efdb3127950
native-expanded,112-Mercury-Sand-packed-16-baseline-w32-s01,33,2,packed,1,1,baseline,1800,480,8192,0,0,0,0,2,23,248.2,fa40c3ee7eb26b6ca474a9b1174f4c00a037338a441de1196767009179c67b4f
native-expanded,112-Mercury-Sand-packed-16-baseline-w32-s02,33,2,packed,2,1,baseline,1800,480,8192,0,0,0,0,2,23,265.3,174dcbc7ec43266dc6c3d3eecf9ca37895274a24c5b3ee9fc6740796067c4397
native-expanded,112-Mercury-Sand-packed-16-baseline-w32-s03,33,2,packed,3,1,baseline,1800,480,8192,0,0,0,0,2,23,263.9,ffe50bbd1877687cdab81c549953b23fd78ebdbc925993b3e9b922205010de9d
native-expanded,112-Mercury-Sand-packed-16-baseline-w32-s04,33,2,packed,4,1,baseline,1800,480,8192,0,0,0,0,2,23,216.3,0c6af2194790a5fc7ed42456902d02b466e566675170ab865e27b6f0ca970d34
native-expanded,113-Mercury-Sand-packed-64-baseline-w32-s00,33,2,packed,0,1,baseline,1800,-1,26880,0,0,0,0,6,22,562.8,549dde8c96e4e0e327693db0b684b191dba234225caf3cb63be4180d1adad222
native-expanded,113-Mercury-Sand-packed-64-baseline-w32-s01,33,2,packed,1,1,baseline,1800,-1,26880,0,0,0,0,3,22,602.4,a1c53ab9278095f9f61106f91d5f136f3f20c09ca3c3f94a0e4c1b53dc605d40
native-expanded,113-Mercury-Sand-packed-64-baseline-w32-s02,33,2,packed,2,1,baseline,1800,-1,26880,0,0,0,0,3,22,585.3,7d8bcabf4200b3ec2bbf7a4dde13d14e925d47bdaf28310383658b067aae1fb4
native-expanded,113-Mercury-Sand-packed-64-baseline-w32-s03,33,2,packed,3,1,baseline,1800,-1,26880,0,0,0,0,3,22,486.9,706bdace6a38f74d6d122093d4a597bf021d42200d6fdde6f02732898459439d
native-expanded,113-Mercury-Sand-packed-64-baseline-w32-s04,33,2,packed,4,1,baseline,1800,-1,26880,0,0,0,0,3,22,615.5,c2ae81be0d9f4aff80341203fbabdfdcc6367257f2ed4a8964fd158f1e68fee7
native-expanded,114-Mercury-Sand-open-32-baseline-w32-s00,33,2,open,0,1,baseline,1800,240,6098,0,0,0,0,6,35,484,00f80082b51238a8e506f28c0aea473a4c4ad28504d395cdc6989e24ed6d45bd
native-expanded,114-Mercury-Sand-open-32-baseline-w32-s01,33,2,open,1,1,baseline,1800,300,6374,0,0,0,0,6,35,471.9,8c6d9a346a086b30f689f1ac86fb850a4c12efb5f9968dc3ec4c4d95aef9a3ba
native-expanded,114-Mercury-Sand-open-32-baseline-w32-s02,33,2,open,2,1,baseline,1800,330,6466,0,0,0,0,6,35,489.7,0611b8a63c74b5c06ce83e5df4f817cc1b4c45ceebf26d2b5b11e81ffd372bb4
native-expanded,114-Mercury-Sand-open-32-baseline-w32-s03,33,2,open,3,1,baseline,1800,330,6542,0,0,0,0,6,35,467.6,b123ff05a46e232df591bc0630ae77fcd2f39891ee0cb03634727e11abcee45e
native-expanded,114-Mercury-Sand-open-32-baseline-w32-s04,33,2,open,4,1,baseline,1800,330,6676,0,0,0,0,6,35,477.8,220af1ca16d904848d380867f4c0a74ef8b638c852f0a3005adaf9df719fdc1c
native-expanded,115-Mercury-Sand-saturated-32-baseline-w32-s00,33,2,saturated,0,1,baseline,1800,540,17501,0,23715,23715,0,6,47,503.8,84116fafe8e7fe7206fae13671dc527367a2bb772f6b27e07e3b427ca741e240
native-expanded,115-Mercury-Sand-saturated-32-baseline-w32-s01,33,2,saturated,1,1,baseline,1800,510,17485,0,23715,23715,0,3,47,454.2,3c3dc75e52534c8f6991ae5908f8faacb12725910979fe86e47f164460e2c347
native-expanded,115-Mercury-Sand-saturated-32-baseline-w32-s02,33,2,saturated,2,1,baseline,1800,570,17529,0,23715,23715,0,3,47,478.6,b25c48997fa0a3ad376612b6c3fee6cebff0e3bed56871dfb486b1931dd9471d
native-expanded,115-Mercury-Sand-saturated-32-baseline-w32-s03,33,2,saturated,3,1,baseline,1800,570,17544,0,23715,23715,0,3,47,444.1,d4a63be4929d7cd467809c3b173d02bf9db2033a35aa43c3fcc173e8ec9d9c59
native-expanded,115-Mercury-Sand-saturated-32-baseline-w32-s04,33,2,saturated,4,1,baseline,1800,540,17503,0,23715,23715,0,3,47,437.1,876ee799418c426d86f915b600bf60c2638ecfe64c3c180636d7bd0a4c010da7
native-expanded,116-Mercury-Dust-packed-16-baseline-w32-s00,33,14,packed,0,1,baseline,1800,480,8192,0,0,0,0,4,23,256.9,53caaacc2682c01a204bd87349fa038ff4293bc1245a8ffa03a0b0dfca84a44f
native-expanded,116-Mercury-Dust-packed-16-baseline-w32-s01,33,14,packed,1,1,baseline,1800,480,8192,0,0,0,0,2,23,233.7,0300f425e70d29c54a49570caa00ce8449599abf1d4e68a2415f0eec6f23b1af
native-expanded,116-Mercury-Dust-packed-16-baseline-w32-s02,33,14,packed,2,1,baseline,1800,480,8192,0,0,0,0,2,23,223.1,b97c01a3da6df8cb51e7cd30209b4c77c276737f5776f81ee149ce4538b181ec
native-expanded,116-Mercury-Dust-packed-16-baseline-w32-s03,33,14,packed,3,1,baseline,1800,480,8192,0,0,0,0,2,23,278.7,280d452d4f642a35878c03d65132f37efe1204eaf22d1e6fdce1cb3c971c20db
native-expanded,116-Mercury-Dust-packed-16-baseline-w32-s04,33,14,packed,4,1,baseline,1800,480,8192,0,0,0,0,2,23,237.8,16e52f6efce78fe245eb7ba672329c3001a5125a216dfdea93a56f0913fecbb2
native-expanded,117-Mercury-Dust-packed-64-baseline-w32-s00,33,14,packed,0,1,baseline,1800,-1,26880,0,0,0,0,6,22,720.5,bca1109b7676446e26f9714eeab3d5cb9a6dded74760e74420895fd90277b078
native-expanded,117-Mercury-Dust-packed-64-baseline-w32-s01,33,14,packed,1,1,baseline,1800,-1,26880,0,0,0,0,3,22,607.7,2d6a2e75ad272cbab215344c7f6116efaba50b62c56599fef1dc6ea504f1a31f
native-expanded,117-Mercury-Dust-packed-64-baseline-w32-s02,33,14,packed,2,1,baseline,1800,-1,26880,0,0,0,0,3,22,572.5,702153787eecf3822370ad81830c4808421c895f73f76a0823f678420ab7bc28
native-expanded,117-Mercury-Dust-packed-64-baseline-w32-s03,33,14,packed,3,1,baseline,1800,-1,26880,0,0,0,0,3,22,673.1,5e61e45111150006e878da0586aab023eb9287e838e8d9363084206308cfb24a
native-expanded,117-Mercury-Dust-packed-64-baseline-w32-s04,33,14,packed,4,1,baseline,1800,-1,26880,0,0,0,0,3,22,748.5,14be6bdfb0b2e4baa8fb6548f84fb4fca5e85dfcbbc12f5fe8fe212103bbbf00
native-expanded,118-Mercury-Dust-open-32-baseline-w32-s00,33,14,open,0,1,baseline,1800,240,6098,0,0,0,0,6,35,567.2,972d4afca214f99c098e0a7b93bd561ea6d94619ac6d60b9248b5f24fe920d24
native-expanded,118-Mercury-Dust-open-32-baseline-w32-s01,33,14,open,1,1,baseline,1800,300,6374,0,0,0,0,6,35,513.8,0c2976dac7ba95785eda6bdfd4a9e032a7b3a5ea2e4a8b6df618173a8d8238c5
native-expanded,118-Mercury-Dust-open-32-baseline-w32-s02,33,14,open,2,1,baseline,1800,330,6466,0,0,0,0,6,35,539.6,7d4c332506f544799eaa361c25c0eb7bf61598a6f40bd28d421268dbfb77e919
native-expanded,118-Mercury-Dust-open-32-baseline-w32-s03,33,14,open,3,1,baseline,1800,330,6542,0,0,0,0,6,35,494.3,783cfaef1e7caca096b2a49ebbf1a177d29625649506803db91e5c416f873bbf
native-expanded,118-Mercury-Dust-open-32-baseline-w32-s04,33,14,open,4,1,baseline,1800,330,6676,0,0,0,0,6,35,469,668dfe54d2186dccf88ccb5d952c3a4792153734dcc542410b8485faf5be5e4f
native-expanded,119-Mercury-Dust-saturated-32-baseline-w32-s00,33,14,saturated,0,1,baseline,1800,873,17785,0,23715,23715,0,6,40,477.3,c155801f87162e2f2bd5738732b1a0b904af11f303947c7dcd440e95af80392f
native-expanded,119-Mercury-Dust-saturated-32-baseline-w32-s01,33,14,saturated,1,1,baseline,1800,873,17793,0,23715,23715,0,3,40,419.8,9fcf62cc46925c1f647b0288de353a2acba60792fde495ef6f710b6da9ab5af0
native-expanded,119-Mercury-Dust-saturated-32-baseline-w32-s02,33,14,saturated,2,1,baseline,1800,873,17769,0,23715,23715,0,3,40,488.1,981c92cfebda8db2db6427e1f50b07bd214980f4896036a09fcb20a1fb340fe2
native-expanded,119-Mercury-Dust-saturated-32-baseline-w32-s03,33,14,saturated,3,1,baseline,1800,873,17772,0,23715,23715,0,3,40,515.4,2442a123086f1d09fae3400a0034cd67b535d379c1ce38b2993c6e520a81863a
native-expanded,119-Mercury-Dust-saturated-32-baseline-w32-s04,33,14,saturated,4,1,baseline,1800,873,17781,0,23715,23715,0,3,40,483.6,3ed666d0a14d818c7021399bdc6c136501103fb7d1d15c86ace277fcfaaabddf
native-expanded,120-Water-Sand-packed-16-baseline-w32-s00,3,2,packed,0,1,baseline,1800,-1,0,0,130560,130560,0,4,11,2.3,0bcb835eda466dfafc04b9ccaad5a9b558aba25953b1145e0a3fc7ba49098d3a
native-expanded,120-Water-Sand-packed-16-baseline-w32-s01,3,2,packed,1,1,baseline,1800,-1,0,0,130560,130560,0,2,11,2.3,fe3a6ef35e4eda109c689efd6a8e40b3cc19bbe6c929c732a31529ae8d4ce83a
native-expanded,120-Water-Sand-packed-16-baseline-w32-s02,3,2,packed,2,1,baseline,1800,-1,0,0,130560,130560,0,2,11,2.3,382d2f936e3b39bf6976b6014e498459e069c14d1f82861f3ec3595d6d6f2fc6
native-expanded,120-Water-Sand-packed-16-baseline-w32-s03,3,2,packed,3,1,baseline,1800,-1,0,0,130560,130560,0,2,11,1.3,a6c4de7708d508d775b957e17e2851ac77b0fb268bba129cb091cdf8f318cd1c
native-expanded,120-Water-Sand-packed-16-baseline-w32-s04,3,2,packed,4,1,baseline,1800,-1,0,0,130560,130560,0,2,11,2.3,bf915131e8d7b2407785f816bba3f8014edca3cac5429cc4f8cd0c2ef161e92c
native-expanded,121-Water-Sand-packed-64-baseline-w32-s00,3,2,packed,0,1,baseline,1800,-1,0,0,130560,130560,0,6,11,1.2,a9beb22a20f5a0a2797f210ce53b94f5ef5016bf1887f7534102348a5c3865c6
native-expanded,121-Water-Sand-packed-64-baseline-w32-s01,3,2,packed,1,1,baseline,1800,-1,0,0,130560,130560,0,3,11,2.3,876f6f1ac04112e73c164ab63dfd07f84b0bff528e5a958ba4ad37587148fce7
native-expanded,121-Water-Sand-packed-64-baseline-w32-s02,3,2,packed,2,1,baseline,1800,-1,0,0,130560,130560,0,3,11,1.2,21ddec0db4e0b1396bd5fefa8ab00b707d6e7896f5cf8b42070ca82c8d019e8a
native-expanded,121-Water-Sand-packed-64-baseline-w32-s03,3,2,packed,3,1,baseline,1800,-1,0,0,130560,130560,0,3,11,1.3,ff19f795b347b86dc2cf8ea30dfafc2fd55213970fd8eb7d7c1fd052b3cdf8fd
native-expanded,121-Water-Sand-packed-64-baseline-w32-s04,3,2,packed,4,1,baseline,1800,-1,0,0,130560,130560,0,3,11,2.3,21c76c7610289e14c4ce27fddba0f82fbcac3f0901b997671e08963b914fcf26
native-expanded,122-Water-Sand-open-32-baseline-w32-s00,3,2,open,0,1,baseline,1800,-1,1010,0,130560,130560,0,6,31,794.9,549c15afd9edff2d96cbd5967e5ec97906a3d33222e9e50a96546143cc3337b2
native-expanded,122-Water-Sand-open-32-baseline-w32-s01,3,2,open,1,1,baseline,1800,-1,716,0,130560,130560,0,6,31,749,596ca155b64f2df7f5f8193cac6c9045368369eab261ab8630a8bf15e7258edb
native-expanded,122-Water-Sand-open-32-baseline-w32-s02,3,2,open,2,1,baseline,1800,-1,240,0,130560,130560,0,6,30,706.7,00c4b0a7b438564184627c524bf5e852c4e69eda16885c0a4d1f9d26f2e343bf
native-expanded,122-Water-Sand-open-32-baseline-w32-s03,3,2,open,3,1,baseline,1800,-1,426,0,130560,130560,0,6,30,737.8,ce31e11b7eb1c4d4cea29c07b0d195658bddbdba5ba2d6a3025fce581d48e12b
native-expanded,122-Water-Sand-open-32-baseline-w32-s04,3,2,open,4,1,baseline,1800,-1,561,0,130560,130560,0,6,30,842.8,72f55793d696fb16e90db3a846b57f37ea30a3d0d444c22df8491e6458e863be
native-expanded,123-Water-Sand-saturated-32-baseline-w32-s00,3,2,saturated,0,1,baseline,1800,-1,1300,0,154275,154275,0,6,18,2.3,6800c66c5a6530d5a135691b858f26992fc7afed93f31ca344f86424264c8b0a
native-expanded,123-Water-Sand-saturated-32-baseline-w32-s01,3,2,saturated,1,1,baseline,1800,-1,1285,0,154275,154275,0,3,18,2.7,a91e454d52d34ff8c8cbf83759ef6d43e4884baabf7c940aee957199b27e68f5
native-expanded,123-Water-Sand-saturated-32-baseline-w32-s02,3,2,saturated,2,1,baseline,1800,-1,1311,0,154275,154275,0,3,18,1.5,a014f41e98b7b577c1f0a8c8dcb45e0def141817ad80e1b31f5c5bfe016c7338
native-expanded,123-Water-Sand-saturated-32-baseline-w32-s03,3,2,saturated,3,1,baseline,1800,-1,1310,0,154275,154275,0,3,18,2.7,6562e12aeb43e55fd96889a74b89a8492b5f81dff79dd28ede513a5e3f8207f6
native-expanded,123-Water-Sand-saturated-32-baseline-w32-s04,3,2,saturated,4,1,baseline,1800,-1,1303,0,154275,154275,0,3,18,1.8,28dc3b6d34056a00e675acde2199ebf3b84aab372b6b74d8657c03a0ed93a2f7
native-expanded,124-Water-Dust-packed-16-baseline-w32-s00,3,14,packed,0,1,baseline,1800,16,8192,0,130560,130560,0,4,16,1.2,9e8ee45d888fd3b0efeca8590101544127bc2589589fdfd3dcda7de49b76554d
native-expanded,124-Water-Dust-packed-16-baseline-w32-s01,3,14,packed,1,1,baseline,1800,16,8192,0,130560,130560,0,2,16,1.3,ef362989607094e711730bbd6f627189f46eaf51cd640c688be1669d10aa1a2d
native-expanded,124-Water-Dust-packed-16-baseline-w32-s02,3,14,packed,2,1,baseline,1800,16,8192,0,130560,130560,0,2,16,1.3,fab28a5737fd925d9d7ed25ff444d680056a1571d6d9df76c9a84e3f73c0b4d4
native-expanded,124-Water-Dust-packed-16-baseline-w32-s03,3,14,packed,3,1,baseline,1800,16,8192,0,130560,130560,0,2,16,2.6,170d8215e2fdc2031617cf75a3d4f0c5d737a5ba03c20611fb5b2407eebb3dd9
native-expanded,124-Water-Dust-packed-16-baseline-w32-s04,3,14,packed,4,1,baseline,1800,16,8192,0,130560,130560,0,2,16,2.6,ec639a41e0e4d1ebf2525d79dd9ed498063fc158d7dad791b56e8bac6e832a12
native-expanded,125-Water-Dust-packed-64-baseline-w32-s00,3,14,packed,0,1,baseline,1800,64,32768,0,130560,130560,0,6,16,5.4,f3e87c66a100d3ce1eda3da7bf05727c26a90703fb0b390350e51a6128ca1eea
native-expanded,125-Water-Dust-packed-64-baseline-w32-s01,3,14,packed,1,1,baseline,1800,64,32768,0,130560,130560,0,3,16,20.1,a305f591e5c54c72535e7e50cbe12b887811e8218d7dd44a1b683e157da62d7b
native-expanded,125-Water-Dust-packed-64-baseline-w32-s02,3,14,packed,2,1,baseline,1800,64,32768,0,130560,130560,0,3,16,5.2,83439139163d923fe04eab1781e2fce1da79373d4827f9ae72d00e4c4a208c07
native-expanded,125-Water-Dust-packed-64-baseline-w32-s03,3,14,packed,3,1,baseline,1800,64,32768,0,130560,130560,0,3,16,24.7,6331d2bf2fd17f35606cbce313acf16d957d69ccc8239bbf20ae831dfe5ad4b7
native-expanded,125-Water-Dust-packed-64-baseline-w32-s04,3,14,packed,4,1,baseline,1800,64,32768,0,130560,130560,0,3,16,5.4,5e293ef1b97f5eb711e8830236b1a45a53d7ea7e98197f0243c2458282f124c8
native-expanded,126-Water-Dust-open-32-baseline-w32-s00,3,14,open,0,1,baseline,1800,32,11109,0,130560,130560,0,6,31,653.5,2fcc3044041f6a6b9889e2edfc106d883825fb35f5087ecc00a2042aea2e333f
native-expanded,126-Water-Dust-open-32-baseline-w32-s01,3,14,open,1,1,baseline,1800,32,10356,0,130560,130560,0,6,31,696.9,56549c8361612536d24bbd22acffafd495ea354d272322954c6866520eb86e7b
native-expanded,126-Water-Dust-open-32-baseline-w32-s02,3,14,open,2,1,baseline,1800,32,9597,0,130560,130560,0,6,31,655,5463ff98cb1806910f08e29dbd57fbfee51820f639ad559abfa5908dd70f4424
native-expanded,126-Water-Dust-open-32-baseline-w32-s03,3,14,open,3,1,baseline,1800,32,8784,0,130560,130560,0,6,31,459.1,02b752c7aaf2997eedcce00971ae0126b00a84854f2bd89468e45b86d3610163
native-expanded,126-Water-Dust-open-32-baseline-w32-s04,3,14,open,4,1,baseline,1800,32,8699,0,130560,130560,0,6,31,647.4,6207e24805bf49ec2645b41fed8a4fe14d410e277dfe9573c4acdadbc03e7f72
native-expanded,127-Water-Dust-saturated-32-baseline-w32-s00,3,14,saturated,0,1,baseline,1800,1,16242,0,154275,154275,0,6,18,1.6,b09328f73152a0193139df82d2bd7141914feafbe9999b103caafd39cb2b84da
native-expanded,127-Water-Dust-saturated-32-baseline-w32-s01,3,14,saturated,1,1,baseline,1800,1,16255,0,154275,154275,0,3,17,2.8,79b4a66708e1591828f24d87422b38a86a172aa4a01389a5036eca27e90fbd1a
native-expanded,127-Water-Dust-saturated-32-baseline-w32-s02,3,14,saturated,2,1,baseline,1800,1,16230,0,154275,154275,0,3,17,1.6,8f60ff99e7814f538780b578ea24472b9e34034b6c33da0c2ec746c16656f1ef
native-expanded,127-Water-Dust-saturated-32-baseline-w32-s03,3,14,saturated,3,1,baseline,1800,1,16230,0,154275,154275,0,3,18,1.6,175b06fb0c8e89eab01ea0c023cb70b5b29ef550b8c568c35d74a759f3f7926f
native-expanded,127-Water-Dust-saturated-32-baseline-w32-s04,3,14,saturated,4,1,baseline,1800,1,16239,0,154275,154275,0,3,18,2.8,39bee6f25378e68ba6e907007037c44e6663453b59ecf5cbb92b5d4e560b9fc4
native-expanded,128-Oil-Sand-packed-16-baseline-w32-s00,16,2,packed,0,1,baseline,1800,-1,0,0,0,0,0,4,18,1.2,1c732d33bdeed43111d06257d066d1417cded99b0521e8c4ff94b1ad8b9380ac
native-expanded,128-Oil-Sand-packed-16-baseline-w32-s01,16,2,packed,1,1,baseline,1800,-1,0,0,0,0,0,2,18,1.2,7b8133da4be8602397a20f36defe0455ddfcc35a66239dd087075129699fc919
native-expanded,128-Oil-Sand-packed-16-baseline-w32-s02,16,2,packed,2,1,baseline,1800,-1,0,0,0,0,0,2,18,1.3,569841c98fb98da1def8a47d12940243fe66cf1f386dce070b8f511392885284
native-expanded,128-Oil-Sand-packed-16-baseline-w32-s03,16,2,packed,3,1,baseline,1800,-1,0,0,0,0,0,2,18,2.3,fc3c73d341e40fb8e7b406eabd4bcb114bcbd32f5164236da084b8811457d1f3
native-expanded,128-Oil-Sand-packed-16-baseline-w32-s04,16,2,packed,4,1,baseline,1800,-1,0,0,0,0,0,2,18,1.2,8d1630d061aa3aeffdb8edcbb8e5cad73ebc8cc560a4701de03cc116ad7d9eda
native-expanded,129-Oil-Sand-packed-64-baseline-w32-s00,16,2,packed,0,1,baseline,1800,-1,0,0,0,0,0,6,18,2.3,13b28d0478a9a7390a901816f529aed1bc98875d7a5f01dcf60f8c4608b6a5b3
native-expanded,129-Oil-Sand-packed-64-baseline-w32-s01,16,2,packed,1,1,baseline,1800,-1,0,0,0,0,0,3,18,1.3,2dd80b1bce6847700a685c3709a572d207423f3995c00bce260b0adf52029423
native-expanded,129-Oil-Sand-packed-64-baseline-w32-s02,16,2,packed,2,1,baseline,1800,-1,0,0,0,0,0,3,18,1.1,57afa089f165b00c1b427b37229c57d3a821c4657ea21c6e8c2ec848b8009e00
native-expanded,129-Oil-Sand-packed-64-baseline-w32-s03,16,2,packed,3,1,baseline,1800,-1,0,0,0,0,0,3,18,2.3,2aaf503c3c9c2bf90e308784396e0d7f21973444e42f3b9f09baa1105576789c
native-expanded,129-Oil-Sand-packed-64-baseline-w32-s04,16,2,packed,4,1,baseline,1800,-1,0,0,0,0,0,3,18,2.3,177995c1294486ab02cfbfbafb2ba21a41e2e2a29efbd795be29c6f990747cea
native-expanded,130-Oil-Sand-open-32-baseline-w32-s00,16,2,open,0,1,baseline,1800,-1,1034,0,0,0,0,6,35,658.7,d360bbcf8008f007e2ace20f7ddf93771a01972002f1df346bb63d659ffcfa42
native-expanded,130-Oil-Sand-open-32-baseline-w32-s01,16,2,open,1,1,baseline,1800,-1,647,0,0,0,0,6,35,587.4,424859e1104842eef3ad1dc958eb08a929b1edabcf623b9b9ce5766363792cd0
native-expanded,130-Oil-Sand-open-32-baseline-w32-s02,16,2,open,2,1,baseline,1800,-1,252,0,0,0,0,6,35,614.4,e23849a85d1b9bbf73517aaff79cf44e26c0f73425601944d57b085a3c966130
native-expanded,130-Oil-Sand-open-32-baseline-w32-s03,16,2,open,3,1,baseline,1800,-1,420,0,0,0,0,6,34,695.6,9273da321e01296eccef77ebb7293d8ee9eceb1e0369d4db2f446e5c6e7f5ca7
native-expanded,130-Oil-Sand-open-32-baseline-w32-s04,16,2,open,4,1,baseline,1800,-1,480,0,0,0,0,6,34,680.1,8b01354539b8f600287474c71e9c19ae08b9aaa841079c8c205c4ef98ecff004
native-expanded,131-Oil-Sand-saturated-32-baseline-w32-s00,16,2,saturated,0,1,baseline,1800,-1,1300,0,23715,23715,0,6,33,2.1,92b6512aff5d2ab6cd24d92c733d4738326393b388a9e0d9d4576c0013485d1a
native-expanded,131-Oil-Sand-saturated-32-baseline-w32-s01,16,2,saturated,1,1,baseline,1800,-1,1285,0,23715,23715,0,3,33,1.8,7b91bdc7db57bbc33750fb78bcaf37dcb67e84740701fc65923dddcf2247b2e3
native-expanded,131-Oil-Sand-saturated-32-baseline-w32-s02,16,2,saturated,2,1,baseline,1800,-1,1311,0,23715,23715,0,3,33,1.8,5427dac4deaec76f5e48201fdc8059e6b4e4abf9d154d689cde1f0e76dff811a
native-expanded,131-Oil-Sand-saturated-32-baseline-w32-s03,16,2,saturated,3,1,baseline,1800,-1,1310,0,23715,23715,0,3,33,1.5,995d1dcb75832c6968e4b11b007db1ead998e3e1067c50db2b6d4a6de504bed4
native-expanded,131-Oil-Sand-saturated-32-baseline-w32-s04,16,2,saturated,4,1,baseline,1800,-1,1303,0,23715,23715,0,3,33,2.7,2c6bb7c329d9302eeb1023a21363d86a08a38e85b4d516a2e71ab3af34ed70d7
native-expanded,132-Oil-Dust-packed-16-baseline-w32-s00,16,14,packed,0,1,baseline,1800,-1,0,0,0,0,0,4,18,1.2,2f69d63ac4c5665140637cbad8962481ec0fe9b4e701dc0d97817d9a298d7012
native-expanded,132-Oil-Dust-packed-16-baseline-w32-s01,16,14,packed,1,1,baseline,1800,-1,0,0,0,0,0,2,18,1.3,ea0238040fc2f8ccdca7b50b6104f341116b2186d5899ea67c6fd4823bb73ca0
native-expanded,132-Oil-Dust-packed-16-baseline-w32-s02,16,14,packed,2,1,baseline,1800,-1,0,0,0,0,0,2,18,1.3,10f49879c648024940707a8364817dee9d61309b870231f728db211ef67fb970
native-expanded,132-Oil-Dust-packed-16-baseline-w32-s03,16,14,packed,3,1,baseline,1800,-1,0,0,0,0,0,2,18,2.3,15bbd3758ebadc03b61d9e266e5f0d5178442ba22cb8e9c63692bc45b4f10abc
native-expanded,132-Oil-Dust-packed-16-baseline-w32-s04,16,14,packed,4,1,baseline,1800,-1,0,0,0,0,0,2,18,1.4,383fad1068e3951b77ceb0177bc269331ffb5be5413ce398bbbf9fb6fbf29c33
native-expanded,133-Oil-Dust-packed-64-baseline-w32-s00,16,14,packed,0,1,baseline,1800,-1,0,0,0,0,0,6,18,1.1,446a9c660374c2ff0aea02daca50d404bfa351a85a57fc422a24b143305f49b1
native-expanded,133-Oil-Dust-packed-64-baseline-w32-s01,16,14,packed,1,1,baseline,1800,-1,0,0,0,0,0,3,18,2.3,67e36f0f79e3ffa9af302f6c0b120ae87d9952968ca1e16a103cb4a48a6cf557
native-expanded,133-Oil-Dust-packed-64-baseline-w32-s02,16,14,packed,2,1,baseline,1800,-1,0,0,0,0,0,3,18,1.4,dfe71400c7ea64216645cc7db4e060554f0138dbbb899ff9a605202ed02ecbc3
native-expanded,133-Oil-Dust-packed-64-baseline-w32-s03,16,14,packed,3,1,baseline,1800,-1,0,0,0,0,0,3,18,1.3,0d02fad7c34c69a75beffa85106021ce5442d966b5a2d19b9f11a01dc120330c
native-expanded,133-Oil-Dust-packed-64-baseline-w32-s04,16,14,packed,4,1,baseline,1800,-1,0,0,0,0,0,3,18,1.5,6367c1cc095d4b7feb13ceabd5029602cbfce16a2718de96bed49cb0c48555f5
native-expanded,134-Oil-Dust-open-32-baseline-w32-s00,16,14,open,0,1,baseline,1800,-1,0,0,0,0,0,6,32,853.7,9e11dd4fd67826e385456f4c89b761b33e5a95aeeeb23313cc07365f2d01b66e
native-expanded,134-Oil-Dust-open-32-baseline-w32-s01,16,14,open,1,1,baseline,1800,-1,0,0,0,0,0,6,32,743.2,d11dd74a18566bb964cb02956a023c1e34e009585b0e8456a196f1fbde909afc
native-expanded,134-Oil-Dust-open-32-baseline-w32-s02,16,14,open,2,1,baseline,1800,-1,0,0,0,0,0,6,32,871,6f5ee0f2f8de2eb45abf84715135e604db4734115ab97c84c050622daed0f1d4
native-expanded,134-Oil-Dust-open-32-baseline-w32-s03,16,14,open,3,1,baseline,1800,-1,0,0,0,0,0,6,31,654.7,f4574333de876fa240b8276f5a05611917fa6e3f50b7ccb7bf2d7a6ae1a0168e
native-expanded,134-Oil-Dust-open-32-baseline-w32-s04,16,14,open,4,1,baseline,1800,-1,0,0,0,0,0,6,31,848,c17d31f0278a725eea651b4fe5548cec95f60fe479bf98c0fb7a43911eb7773e
native-expanded,135-Oil-Dust-saturated-32-baseline-w32-s00,16,14,saturated,0,1,baseline,1800,-1,1353,0,23715,23715,0,6,25,1.3,1efec4e77e4512da39f4008fd4f9fbf2ce182a6b8185f8bacad5cd7f00ff202e
native-expanded,135-Oil-Dust-saturated-32-baseline-w32-s01,16,14,saturated,1,1,baseline,1800,-1,1362,0,23715,23715,0,3,25,2.7,b37e9f8c7996b53ad8e369941c34eb304699c7e8c0fac5da6a5beeeb962c20a9
native-expanded,135-Oil-Dust-saturated-32-baseline-w32-s02,16,14,saturated,2,1,baseline,1800,-1,1338,0,23715,23715,0,3,25,2.7,b7d93704e1eb57a3b3030f511a0a9dfd59f0d151e9cd0295c2d377382e8e3735
native-expanded,135-Oil-Dust-saturated-32-baseline-w32-s03,16,14,saturated,3,1,baseline,1800,-1,1341,0,23715,23715,0,3,25,1.7,141dfa4496b1eeb898a7a3ae2382fe3b6b910d0099bb5a76a59952717316eb26
native-expanded,135-Oil-Dust-saturated-32-baseline-w32-s04,16,14,saturated,4,1,baseline,1800,-1,1350,0,23715,23715,0,3,25,1.8,50f2b525a4b8ca3eeca2982864b860de23c55e6b1b46d8ba21728d9f47f6ccdb
native-expanded,136-Brine-Sand-packed-16-baseline-w32-s00,24,2,packed,0,1,baseline,1800,-1,0,0,0,0,0,4,18,1.3,5c3a26bf0c11a816a88d97d40e2366ac1f1d00575ea4f9b7576b8018c8d939f5
native-expanded,136-Brine-Sand-packed-16-baseline-w32-s01,24,2,packed,1,1,baseline,1800,-1,0,0,0,0,0,2,18,1.4,67da9c8315bc3703b8d38a7d6556611898432614e6442bbf01ac3ab7d97bea53
native-expanded,136-Brine-Sand-packed-16-baseline-w32-s02,24,2,packed,2,1,baseline,1800,-1,0,0,0,0,0,2,18,1.2,7a73887b30022a351ee144ded34b673bc97e537067ad99218bd1b274303b9543
native-expanded,136-Brine-Sand-packed-16-baseline-w32-s03,24,2,packed,3,1,baseline,1800,-1,0,0,0,0,0,2,18,1.3,27cd8be8783ca6f7a5e22f6a6fabb949ae335f4ff2c14ca068c510b241cee38a
native-expanded,136-Brine-Sand-packed-16-baseline-w32-s04,24,2,packed,4,1,baseline,1800,-1,0,0,0,0,0,2,18,2.3,d91cc7cfae611cd5578b34b95b5bc754d22e1a78a1ca66397a3cfe2e1c16e71e
native-expanded,137-Brine-Sand-packed-64-baseline-w32-s00,24,2,packed,0,1,baseline,1800,-1,0,0,0,0,0,6,18,1.8,d0ade50c5afd44380a6571d9b843e42a610e6275f7f52921ae8c13ac7e67f725
native-expanded,137-Brine-Sand-packed-64-baseline-w32-s01,24,2,packed,1,1,baseline,1800,-1,0,0,0,0,0,3,18,1.4,68280c4c3ad5cf2a181d00d5c3c99fcdaf379ce4c4eac0be89ab4dce37a0b92c
native-expanded,137-Brine-Sand-packed-64-baseline-w32-s02,24,2,packed,2,1,baseline,1800,-1,0,0,0,0,0,3,18,1.3,8909ca71756340619793fd7d7e6a49e0e0e08a73afba568e5d7b3e571b8eccfa
native-expanded,137-Brine-Sand-packed-64-baseline-w32-s03,24,2,packed,3,1,baseline,1800,-1,0,0,0,0,0,3,18,1.5,27141251ffa3d80706256e9b42bc1622f3406f6d8ab54dbc6798cf0457f80c82
native-expanded,137-Brine-Sand-packed-64-baseline-w32-s04,24,2,packed,4,1,baseline,1800,-1,0,0,0,0,0,3,18,1.3,7f7a60829c36f6eeaafb00155465b33b5321f3816bbc4001a686a6be9acae201
native-expanded,138-Brine-Sand-open-32-baseline-w32-s00,24,2,open,0,1,baseline,1800,-1,897,0,0,0,0,6,35,544.9,aa0e4798264c6fbc0fc305394b653d6e823516d6e2da6617ea8702901100e69b
native-expanded,138-Brine-Sand-open-32-baseline-w32-s01,24,2,open,1,1,baseline,1800,-1,607,0,0,0,0,6,35,545.1,779fc06441429aa0c6ca3fff9c3bfe0b19b72185f0eb36da8b88bf21b81f1cc4
native-expanded,138-Brine-Sand-open-32-baseline-w32-s02,24,2,open,2,1,baseline,1800,-1,231,0,0,0,0,6,35,528,cac853d02e5aaf4c612c02df45493809994aec7b6cb1991d6fa0d6591bb0fd99
native-expanded,138-Brine-Sand-open-32-baseline-w32-s03,24,2,open,3,1,baseline,1800,-1,390,0,0,0,0,6,34,575.5,e4764c415330034fbdb7bf981e4390e8c57ae09f2c175429efabfbb1a05dfa8b
native-expanded,138-Brine-Sand-open-32-baseline-w32-s04,24,2,open,4,1,baseline,1800,-1,422,0,0,0,0,6,34,807.7,cf01853d681558a09c1401519edd33e356468784c270c6411ca45df0ed27f91e
native-expanded,139-Brine-Sand-saturated-32-baseline-w32-s00,24,2,saturated,0,1,baseline,1800,-1,2985,0,23715,23715,0,6,46,1.9,1c405b32126394f4794711bba3689d60020a3054d0be3bae9ca605232a31b2eb
native-expanded,139-Brine-Sand-saturated-32-baseline-w32-s01,24,2,saturated,1,1,baseline,1800,-1,2965,0,23715,23715,0,3,46,2,734e5f4ad306ce36565c1f78f03efe1d389b3ff60a27840babb300370ec2d838
native-expanded,139-Brine-Sand-saturated-32-baseline-w32-s02,24,2,saturated,2,1,baseline,1800,-1,2945,0,23715,23715,0,3,46,1.7,bcd3dfb294aba918af7178644a98684efcabf37a10baf7c45126f2e0072603f5
native-expanded,139-Brine-Sand-saturated-32-baseline-w32-s03,24,2,saturated,3,1,baseline,1800,-1,2974,0,23715,23715,0,3,46,1.8,50616e1a1b5da05ba0c6c632db2704f288cc3a1891e5606ad6985a3a38587b4b
native-expanded,139-Brine-Sand-saturated-32-baseline-w32-s04,24,2,saturated,4,1,baseline,1800,-1,2980,0,23715,23715,0,3,46,1.8,d8e1d1c8e19a128a8551298e4ccd1796e3ddd8d9c84d3a93630513bdd3592705
native-expanded,140-Brine-Dust-packed-16-baseline-w32-s00,24,14,packed,0,1,baseline,1800,16,8192,0,0,0,0,4,23,1.3,7c415631b6b3577e5b5d799c11a67e1d032f5dda444b03bb0afab646e26eefef
native-expanded,140-Brine-Dust-packed-16-baseline-w32-s01,24,14,packed,1,1,baseline,1800,16,8192,0,0,0,0,2,23,2.2,1b8df9a5413111bea12c9fd543cf4b19d4ccd239b3ad272f06b1180ce3cbb642
native-expanded,140-Brine-Dust-packed-16-baseline-w32-s02,24,14,packed,2,1,baseline,1800,16,8192,0,0,0,0,2,23,1.4,13250cf89b032ca626e1fa6d446957dd76199319abeca34cfea42d8a28a0aafc
native-expanded,140-Brine-Dust-packed-16-baseline-w32-s03,24,14,packed,3,1,baseline,1800,16,8192,0,0,0,0,2,23,1.5,9c1dbe8733876df5dff0b3bb0bc7a3028f95d2d1b5040b1ed637d8c182d9ab61
native-expanded,140-Brine-Dust-packed-16-baseline-w32-s04,24,14,packed,4,1,baseline,1800,16,8192,0,0,0,0,2,23,1.5,668a8861f3ac2ef19d24983f0fefa3baa0483b75ebc49fad0673def2263c2daa
native-expanded,141-Brine-Dust-packed-64-baseline-w32-s00,24,14,packed,0,1,baseline,1800,64,32768,0,0,0,0,6,23,30.5,bd185c24c9532203f07683c07b39b0892f305368cbafd11c68ca189a19a9cf66
native-expanded,141-Brine-Dust-packed-64-baseline-w32-s01,24,14,packed,1,1,baseline,1800,64,32768,0,0,0,0,3,23,12.1,95368bc0b1d0b2f7cdca27eb002f226ecdca01bd79afef9c7e774ff7344f9b24
native-expanded,141-Brine-Dust-packed-64-baseline-w32-s02,24,14,packed,2,1,baseline,1800,64,32768,0,0,0,0,3,23,86,02c25a7a04f461290c8cf932991955d785b40b004f53b762e1a1e0829f9ed116
native-expanded,141-Brine-Dust-packed-64-baseline-w32-s03,24,14,packed,3,1,baseline,1800,64,32768,0,0,0,0,3,23,110.6,bd4f0bf1032d6528c8f157c1f33afd97e063192f553eb70ddfe56d5d3730242a
native-expanded,141-Brine-Dust-packed-64-baseline-w32-s04,24,14,packed,4,1,baseline,1800,64,32768,0,0,0,0,3,23,15,3df5658a5fdf4550a01e889ac1d20760592e6794e43bfedce30fcde787cded76
native-expanded,142-Brine-Dust-open-32-baseline-w32-s00,24,14,open,0,1,baseline,1800,32,10747,0,0,0,0,6,35,573.8,7af9e1dde227218364ec0e230ec60caea6413214c1fb5cd2cd929f9dc553b3ae
native-expanded,142-Brine-Dust-open-32-baseline-w32-s01,24,14,open,1,1,baseline,1800,32,10113,0,0,0,0,6,35,393.8,a9e16f79bf766fade01ca746928a01520d5c71941b723a592d669ee78c0d7976
native-expanded,142-Brine-Dust-open-32-baseline-w32-s02,24,14,open,2,1,baseline,1800,32,9389,0,0,0,0,6,35,389.4,cd8a0c3051bb63fb4c62b169c0259fc6c72ae62ca5bd596c9924648d2429cc14
native-expanded,142-Brine-Dust-open-32-baseline-w32-s03,24,14,open,3,1,baseline,1800,32,8684,0,0,0,0,6,35,2.3,4bb5b9c255fc7224dd8b74878ba5a441fa6cad2955cfe5a0c089daca779ac978
native-expanded,142-Brine-Dust-open-32-baseline-w32-s04,24,14,open,4,1,baseline,1800,32,8554,0,0,0,0,6,35,2.3,5ada9b9a21eec9345f43f9e7197bfd2310c9271d57ed9aba090f9be0f5a27729
native-expanded,143-Brine-Dust-saturated-32-baseline-w32-s00,24,14,saturated,0,1,baseline,1800,32,17730,0,23715,23715,0,6,39,1.4,4e66d474ee8e4784c3908548ae75e522af8aa296a69a56250fd0d941ce86eaa2
native-expanded,143-Brine-Dust-saturated-32-baseline-w32-s01,24,14,saturated,1,1,baseline,1800,32,17743,0,23715,23715,0,3,40,2.1,e1fa47fccd590264ab9c7efb9d562cb492ca2a363ea58e6d4634972362329580
native-expanded,143-Brine-Dust-saturated-32-baseline-w32-s02,24,14,saturated,2,1,baseline,1800,32,17718,0,23715,23715,0,3,39,2.2,63169daf7cdce312f17f6858ce981a2b4d990447c238f295d675106d25cad67b
native-expanded,143-Brine-Dust-saturated-32-baseline-w32-s03,24,14,saturated,3,1,baseline,1800,32,17719,0,23715,23715,0,3,41,1.8,6e0ab4b668c82baab07444f27671157d161a891c9e8aabfd32f4380e01f9bba5
native-expanded,143-Brine-Dust-saturated-32-baseline-w32-s04,24,14,saturated,4,1,baseline,1800,32,17727,0,23715,23715,0,3,40,2.8,f62503ba42005ee2c15b57f3d99270df18d69d90edb4450cfaab848c6293ca34
native-expanded,144-Paste-Sand-packed-16-baseline-w32-s00,20,2,packed,0,1,baseline,1800,-1,0,0,0,0,0,4,18,1.6,f9e86ea9b2976eed1bcbffc21355aa4ee08799480c4b2015f2cbb3d914796f13
native-expanded,144-Paste-Sand-packed-16-baseline-w32-s01,20,2,packed,1,1,baseline,1800,-1,0,0,0,0,0,2,18,1.3,12b995dfdb4cefaba7b0014fa216f37ffbfead9df648509c1f8aa13a9a12c58e
native-expanded,144-Paste-Sand-packed-16-baseline-w32-s02,20,2,packed,2,1,baseline,1800,-1,0,0,0,0,0,2,18,1.3,6d389117b7b50476c3180704c7429e2b50e08af3be25eff324d643deabf231c1
native-expanded,144-Paste-Sand-packed-16-baseline-w32-s03,20,2,packed,3,1,baseline,1800,-1,0,0,0,0,0,2,18,1.3,c14dae9c3a9e8fbb501ad2f0352b151adc4ad6d88ce3fe14fa22a89622b7299c
native-expanded,144-Paste-Sand-packed-16-baseline-w32-s04,20,2,packed,4,1,baseline,1800,-1,0,0,0,0,0,2,18,2.3,ab547540fbf1309127ff62560a3e4d3d249ca3fda163d0fbbd2c03e38cf2161a
native-expanded,145-Paste-Sand-packed-64-baseline-w32-s00,20,2,packed,0,1,baseline,1800,-1,0,0,0,0,0,6,18,1.2,0ea8706308ba72660c034b95f60b8b8e0a0ff123ce60e434d054dce021a8d8d4
native-expanded,145-Paste-Sand-packed-64-baseline-w32-s01,20,2,packed,1,1,baseline,1800,-1,0,0,0,0,0,3,18,1.2,4a47fef43c6a28307ca5c41eb2dd3cf758c2718e2b0070b92287343b01a3c8ed
native-expanded,145-Paste-Sand-packed-64-baseline-w32-s02,20,2,packed,2,1,baseline,1800,-1,0,0,0,0,0,3,18,1.3,75b12b4c6686bd5d828c2205c520a7d30b88b4be723a43816302e2c6f9773a6a
native-expanded,145-Paste-Sand-packed-64-baseline-w32-s03,20,2,packed,3,1,baseline,1800,-1,0,0,0,0,0,3,18,1.3,6c14122293edf70acdf001e436b0402656c417b53d20933a30e123877b3a1ca5
native-expanded,145-Paste-Sand-packed-64-baseline-w32-s04,20,2,packed,4,1,baseline,1800,-1,0,0,0,0,0,3,18,0.9,ead4e9ea2f8a59f2a58c8d9f028953534e22dfc4b625c0f0538f1b2606b433df
native-expanded,146-Paste-Sand-open-32-baseline-w32-s00,20,2,open,0,1,baseline,1800,-1,1251,0,0,0,0,6,35,373.8,b47f0105f880c4eed77933e5ab25b054b5d39daf23bf6bb953f1a5a82978b4ce
native-expanded,146-Paste-Sand-open-32-baseline-w32-s01,20,2,open,1,1,baseline,1800,-1,771,0,0,0,0,6,35,407.2,908ea4a4f1ad85a8280315368d4ad009f4c2d65728d1bfe85e8f930ce88febe6
native-expanded,146-Paste-Sand-open-32-baseline-w32-s02,20,2,open,2,1,baseline,1800,-1,328,0,0,0,0,6,35,446.9,62521ddb2afc42a76a75c28ea0441fd07696b8919e5b7b66af81bd7498b6a59b
native-expanded,146-Paste-Sand-open-32-baseline-w32-s03,20,2,open,3,1,baseline,1800,-1,433,0,0,0,0,6,34,424.2,44a9a420ef48d814d8558c91a372d36fe3d1073961cc3cf2cd8f96e2c645f251
native-expanded,146-Paste-Sand-open-32-baseline-w32-s04,20,2,open,4,1,baseline,1800,-1,510,0,0,0,0,6,34,423.6,faf2ecf31578c10ea3e7abb24b312c8731da1b151d036616bf3c1dd42dd26961
native-expanded,147-Paste-Sand-saturated-32-baseline-w32-s00,20,2,saturated,0,1,baseline,1800,-1,2985,0,23715,23715,0,6,46,1.6,f7b39deff9e43b150d7569bee1c9f2cee734ca5e32961abf0c3ff28542a496ce
native-expanded,147-Paste-Sand-saturated-32-baseline-w32-s01,20,2,saturated,1,1,baseline,1800,-1,2965,0,23715,23715,0,3,46,1.8,3af555090dad1b1484db0eb5b1c8566d373130d9c1570304add07549498ae832
native-expanded,147-Paste-Sand-saturated-32-baseline-w32-s02,20,2,saturated,2,1,baseline,1800,-1,2945,0,23715,23715,0,3,46,1.7,e4f41d1687c852b1400d1bff459742979f58cf91253238577281b4846fc9e936
native-expanded,147-Paste-Sand-saturated-32-baseline-w32-s03,20,2,saturated,3,1,baseline,1800,-1,2974,0,23715,23715,0,3,46,2.4,027d9f5d78f73c24d2a9731a6de61d27666e3971bc76a34b89dce2e503555aba
native-expanded,147-Paste-Sand-saturated-32-baseline-w32-s04,20,2,saturated,4,1,baseline,1800,-1,2980,0,23715,23715,0,3,46,1.6,40fd6465951c43eb3768cc01ab0bc9a01174ca082db5f19292836a68e8949a1b
native-expanded,148-Paste-Dust-packed-16-baseline-w32-s00,20,14,packed,0,1,baseline,1800,16,8192,0,0,0,0,4,23,1.4,534b62f0828e4a08e49affd3daee1e9e1c06a9cc111457b3c9edd0e54f6a0ab5
native-expanded,148-Paste-Dust-packed-16-baseline-w32-s01,20,14,packed,1,1,baseline,1800,16,8192,0,0,0,0,2,23,3.4,2c27899038fbef261e2b0c06de139966eff8dd4747905bbea0fcbda91c581173
native-expanded,148-Paste-Dust-packed-16-baseline-w32-s02,20,14,packed,2,1,baseline,1800,16,8192,0,0,0,0,2,23,1.5,05452f4f671e5cd14f837927a711d889f2ef5380138702212341c6ec78693193
native-expanded,148-Paste-Dust-packed-16-baseline-w32-s03,20,14,packed,3,1,baseline,1800,16,8192,0,0,0,0,2,23,1.7,3859cca89e21e3126e2b8ea0ed35182a566cfd63aa7cb161030bb2ea880a2607
native-expanded,148-Paste-Dust-packed-16-baseline-w32-s04,20,14,packed,4,1,baseline,1800,16,8192,0,0,0,0,2,23,2.3,f0eb92fe255e9e8c569750781cb0ed7fffc0e8cdce3f6f5665f429818c9abbfe
native-expanded,149-Paste-Dust-packed-64-baseline-w32-s00,20,14,packed,0,1,baseline,1800,64,32768,0,0,0,0,6,23,6.1,6511627ac0137dcba630124d4ea64529e65024bbc3595af65d8f20c0764602d9
native-expanded,149-Paste-Dust-packed-64-baseline-w32-s01,20,14,packed,1,1,baseline,1800,64,32768,0,0,0,0,3,23,22.9,979209a938264a7dcf19087f3e48307c8ddb5a76522649ef75ef380abd59d749
native-expanded,149-Paste-Dust-packed-64-baseline-w32-s02,20,14,packed,2,1,baseline,1800,64,32768,0,0,0,0,3,23,44.6,0a614cf27ef9d6b5894b1826c384fb0f13e8f203a0c963202e1bdb75d7d5404e
native-expanded,149-Paste-Dust-packed-64-baseline-w32-s03,20,14,packed,3,1,baseline,1800,64,32768,0,0,0,0,3,23,27.3,d6de97319f7c46028342a0999ab6d4a126913caed2da03405282fd6fb447aa7b
native-expanded,149-Paste-Dust-packed-64-baseline-w32-s04,20,14,packed,4,1,baseline,1800,64,32768,0,0,0,0,3,23,8.1,a1d581120cf478f95afff334b093399895ebb57e6edc930ad1650ca06bd98e4a
native-expanded,150-Paste-Dust-open-32-baseline-w32-s00,20,14,open,0,1,baseline,1800,32,10811,0,0,0,0,6,35,436.8,9e40041092a31938192fe51db05ecc2185dd670e80d2cf3eb144e0eec5395576
native-expanded,150-Paste-Dust-open-32-baseline-w32-s01,20,14,open,1,1,baseline,1800,32,10225,0,0,0,0,6,34,335,278b2ded2a8638106253f935116e4921c7d7669256ae0414595156e135dea297
native-expanded,150-Paste-Dust-open-32-baseline-w32-s02,20,14,open,2,1,baseline,1800,32,9425,0,0,0,0,6,35,347.4,94284ce01447006250f6d60cf362867ed4dc3e7ce5e576cdd3d4d884e8c73855
native-expanded,150-Paste-Dust-open-32-baseline-w32-s03,20,14,open,3,1,baseline,1800,32,8705,0,0,0,0,6,35,2.5,ee7d6a99d271b8ec20cb51a7313ab18476da8c396c463622a43f901c47bc944d
native-expanded,150-Paste-Dust-open-32-baseline-w32-s04,20,14,open,4,1,baseline,1800,32,8579,0,0,0,0,6,35,2.3,f489e3c1487484035b45f46807687cdd5aefaa80376f5504c91003200675268a
native-expanded,151-Paste-Dust-saturated-32-baseline-w32-s00,20,14,saturated,0,1,baseline,1800,32,17730,0,23715,23715,0,6,39,1.8,701cf351b55ace4f19e5e025561b9208f20546ddf76124f97d78c2e41fc563e5
native-expanded,151-Paste-Dust-saturated-32-baseline-w32-s01,20,14,saturated,1,1,baseline,1800,32,17743,0,23715,23715,0,3,40,2.5,4c8b9a703e99565ca986b525c1f9ee2c9e0516441adb20de6a784ae7f824acca
native-expanded,151-Paste-Dust-saturated-32-baseline-w32-s02,20,14,saturated,2,1,baseline,1800,32,17718,0,23715,23715,0,3,39,2.8,8ae3ae2018f441a70252c195ec0e61cf3f7b44ef64e10bc5152403ed42f523a8
native-expanded,151-Paste-Dust-saturated-32-baseline-w32-s03,20,14,saturated,3,1,baseline,1800,32,17719,0,23715,23715,0,3,41,2.1,b2cc51755af2d7c08d4aea7803306e3ab3d6593bc19a5e161c86b69823721f55
native-expanded,151-Paste-Dust-saturated-32-baseline-w32-s04,20,14,saturated,4,1,baseline,1800,32,17727,0,23715,23715,0,3,40,2.7,fef604f25c587a6c84ae09405186156d26edf890e75d8d5ffc7ca957291f57d8
native-expanded,152-Lava-Sand-packed-16-baseline-w32-s00,8,2,packed,0,1,baseline,1800,16,8192,0,0,0,0,4,23,1.4,e7dcde4c6ec5d1593daa660540467174da9b6ec873e38d72ee8f496087742a27
native-expanded,152-Lava-Sand-packed-16-baseline-w32-s01,8,2,packed,1,1,baseline,1800,16,8192,0,0,0,0,2,23,1.5,a36ab0e1fa0cf3ef7e772426b0f41cf22b94865e4cafe09fbffaacca0203fc68
native-expanded,152-Lava-Sand-packed-16-baseline-w32-s02,8,2,packed,2,1,baseline,1800,16,8192,0,0,0,0,2,23,1.4,0aa881817cf611f3510121976f647d8c988419e38643fbbed5309808c0c7ec25
native-expanded,152-Lava-Sand-packed-16-baseline-w32-s03,8,2,packed,3,1,baseline,1800,16,8192,0,0,0,0,2,23,1.5,b4d1077aefe9c44d5be8e7974c8cf50308757a493b77e19929b25736d18bc691
native-expanded,152-Lava-Sand-packed-16-baseline-w32-s04,8,2,packed,4,1,baseline,1800,16,8192,0,0,0,0,2,23,1.4,235311363655d91f785b56de664fb65434e632ad191990afd20d0a714f52302d
native-expanded,153-Lava-Sand-packed-64-baseline-w32-s00,8,2,packed,0,1,baseline,1800,64,32768,0,0,0,0,6,23,6.5,760eb15aacb5a804e753fbfcc867c0ce4d7f560914e82cb245ad2e6b1e4000b8
native-expanded,153-Lava-Sand-packed-64-baseline-w32-s01,8,2,packed,1,1,baseline,1800,64,32768,0,0,0,0,3,23,57.1,6416b7b24403aaf37868b7070f75fa9d812a294dfd26379eda4d2345a0ec02de
native-expanded,153-Lava-Sand-packed-64-baseline-w32-s02,8,2,packed,2,1,baseline,1800,64,32768,0,0,0,0,3,23,7.6,6ea9e30cc8c715bbdedc236f853f9c252e6478c9910bf2fe7db6eee3b79326ea
native-expanded,153-Lava-Sand-packed-64-baseline-w32-s03,8,2,packed,3,1,baseline,1800,64,32768,0,0,0,0,3,23,22.5,bbf03874e9a0b354ff76a855340590b613f6042220dc813314227f1d832523c0
native-expanded,153-Lava-Sand-packed-64-baseline-w32-s04,8,2,packed,4,1,baseline,1800,64,32768,0,0,0,0,3,23,19.6,354b1f2bddfb83919ae6b3a1fabfd86ae9694ad5dd6476421185598ed2d6d846
native-expanded,154-Lava-Sand-open-32-baseline-w32-s00,8,2,open,0,1,baseline,1800,32,10746,0,0,0,0,6,35,434.9,743a56d696655bc4084de4940a7f8bc733ba3100bb09505a125affa869c9c848
native-expanded,154-Lava-Sand-open-32-baseline-w32-s01,8,2,open,1,1,baseline,1800,32,10131,0,0,0,0,6,35,337.9,b30516bfc0001c84e9adbe084856e503144a4502b0efc6b4c4920691e1a36353
native-expanded,154-Lava-Sand-open-32-baseline-w32-s02,8,2,open,2,1,baseline,1800,32,9403,0,0,0,0,6,35,399.5,987e8b3fee7d5dc5ea713bcceb78dcf3e56fbb886b09d9bbbd5475224ed502e6
native-expanded,154-Lava-Sand-open-32-baseline-w32-s03,8,2,open,3,1,baseline,1800,32,8714,0,0,0,0,6,35,3.9,a2bf3c48d34deb6dcdd5b51f085d65d95d145cab574975070988a1342c74d9b3
native-expanded,154-Lava-Sand-open-32-baseline-w32-s04,8,2,open,4,1,baseline,1800,32,8560,0,0,0,0,6,35,1.6,32b614e6167bf84c768253b374cfac6e3478de09ba14fbdcb340aad7261ae968
native-expanded,155-Lava-Sand-saturated-32-baseline-w32-s00,8,2,saturated,0,1,baseline,1800,34,16697,279,23715,23715,0,6,115,536.2,8e7e6fd950bd822568b34917eea87a7c8deeca81e5b90411aa2dc93b12b84637
native-expanded,155-Lava-Sand-saturated-32-baseline-w32-s01,8,2,saturated,1,1,baseline,1800,32,16702,279,23715,23715,0,3,115,437.8,ff8d6e3aeaaaf4de2027be96949abc99bb6512ab1f4644b20667fe16c2c0ec88
native-expanded,155-Lava-Sand-saturated-32-baseline-w32-s02,8,2,saturated,2,1,baseline,1800,32,16668,279,23715,23715,0,3,115,408.9,a81dd5f3fd4b5a8aa9fff92492f05f57ef0c0511401ac93fdbadad0ecd4b2334
native-expanded,155-Lava-Sand-saturated-32-baseline-w32-s03,8,2,saturated,3,1,baseline,1800,32,16712,279,23715,23715,0,3,113,579.7,deff20af1bcb21a2cd6dc80a733941aa748c2090572fbc31dc316d5037c42935
native-expanded,155-Lava-Sand-saturated-32-baseline-w32-s04,8,2,saturated,4,1,baseline,1800,32,16729,279,23715,23715,0,3,116,491,04c168f3e6b9ee05b4d06f100a9e31b72acc9ed3604944f9629c7a4002657670
native-expanded,156-Lava-Dust-packed-16-baseline-w32-s00,8,14,packed,0,1,baseline,1800,16,8486,1532,0,0,0,4,66,395.9,b9ccb65aeb166cf21533339ec028e7f8b36efdf239bdcf09836fb163917e267c
native-expanded,156-Lava-Dust-packed-16-baseline-w32-s01,8,14,packed,1,1,baseline,1800,16,8492,1531,0,0,0,2,68,345.5,8dd57a22949ae013af0a69f292986cdd34c15bc4b313ae668e132204cb2e3591
native-expanded,156-Lava-Dust-packed-16-baseline-w32-s02,8,14,packed,2,1,baseline,1800,16,8549,1532,0,0,0,2,66,364.3,030df05061f8152c9e4872d9184121d1c5519dd95a9f0245fa789a0551864b4a
native-expanded,156-Lava-Dust-packed-16-baseline-w32-s03,8,14,packed,3,1,baseline,1800,16,8504,1532,0,0,0,2,67,397,43d3fe05a47d62a51d09cabbbe6d711d15b7ff0d78be5743ce6cf7fb372c3b7f
native-expanded,156-Lava-Dust-packed-16-baseline-w32-s04,8,14,packed,4,1,baseline,1800,16,8510,1532,0,0,0,2,67,377.7,1bf2ce32f778359ddfccd260e14cf97f3e49c215a050299fb5639b8bd2c21b6a
native-expanded,157-Lava-Dust-packed-64-baseline-w32-s00,8,14,packed,0,1,baseline,1800,64,34336,6139,0,0,0,6,70,1030.1,b483892a8b68c4436c86f11c4ae571a184ffde63cca8988b99de44fe2f933fd2
native-expanded,157-Lava-Dust-packed-64-baseline-w32-s01,8,14,packed,1,1,baseline,1800,64,34367,6141,0,0,0,3,70,907,8129e6842553e2688366400d3bf5a66239277ae8dbc14508969cf926cdb276ef
native-expanded,157-Lava-Dust-packed-64-baseline-w32-s02,8,14,packed,2,1,baseline,1800,64,34501,6140,0,0,0,3,71,934.3,c1949972c44f9bad3402f8db645e5465c89ca4ac2d530a81ad4a113649267b28
native-expanded,157-Lava-Dust-packed-64-baseline-w32-s03,8,14,packed,3,1,baseline,1800,64,34361,6141,0,0,0,3,71,994.4,16096831f6739a69dc3a3ce2e018770432f97dab2a3f1966f0da309e169800e6
native-expanded,157-Lava-Dust-packed-64-baseline-w32-s04,8,14,packed,4,1,baseline,1800,64,34376,6141,0,0,0,3,71,1045.6,ad1455dcc72e93fc5ef90cc7276ebf3ba6c6d948a948a744a6edc5325ff42843
native-expanded,158-Lava-Dust-open-32-baseline-w32-s00,8,14,open,0,1,baseline,1800,32,13073,3070,0,0,0,6,72,909.8,5fd456bbc2061455863773e21e9ef0ffb4d3591caeb90fcfaf0a768fd96e9753
native-expanded,158-Lava-Dust-open-32-baseline-w32-s01,8,14,open,1,1,baseline,1800,32,12839,3069,0,0,0,6,71,845.3,4826ac3a7052e9f3958c78a0cc057a925e7350fadd6f7e5f4dd866d1ea2529e4
native-expanded,158-Lava-Dust-open-32-baseline-w32-s02,8,14,open,2,1,baseline,1800,32,12379,3070,0,0,0,6,72,943.9,bd6469f00b0133cf4d2e98cdec7a76aba0c91aeb5c7ab7dcb466bc7e5b56d5cc
native-expanded,158-Lava-Dust-open-32-baseline-w32-s03,8,14,open,3,1,baseline,1800,32,11930,3069,0,0,0,6,71,752.3,5beff3184b97f6dfbc3d3466621b88d42d700450a6484dcf6abfc36a5e5629ab
native-expanded,158-Lava-Dust-open-32-baseline-w32-s04,8,14,open,4,1,baseline,1800,32,11814,3068,0,0,0,6,71,1183.7,05d9075806083c20c825d2d97837b5aaeaf39cb6a7123e33a67eb0253c5d44fa
native-expanded,159-Lava-Dust-saturated-32-baseline-w32-s00,8,14,saturated,0,1,baseline,1800,34,25006,3073,23715,24034,0,6,183,990.1,9f7c8a481a98b80239db9156532111876687330e1b9d44d64f7f1cdabdd75fd5
native-expanded,159-Lava-Dust-saturated-32-baseline-w32-s01,8,14,saturated,1,1,baseline,1800,34,24888,3063,23715,23715,0,3,184,653.4,521be5fd6ed8005c2f9aea274ac083a71e5f4ce71cb345755fae25225ea47e60
native-expanded,159-Lava-Dust-saturated-32-baseline-w32-s02,8,14,saturated,2,1,baseline,1800,34,25332,3088,23715,24257,0,3,185,857.8,64f57061909238da01b1cba8a3dc4659006862fe0ea2860aa2bd4df371876fe4
native-expanded,159-Lava-Dust-saturated-32-baseline-w32-s03,8,14,saturated,3,1,baseline,1800,32,25437,3094,23715,24576,0,3,191,823.9,4c5790578f4339ad34bfafa5f0cc2dbe2f578375fa234c662ca7d5c0d80020a1
native-expanded,159-Lava-Dust-saturated-32-baseline-w32-s04,8,14,saturated,4,1,baseline,1800,34,25175,3080,23715,24160,0,3,185,697.4,202a5c82e0cb4bfd4d4de78ddc2a82e3a1d5363d90316fff1be5e3fefdf0b558
native-expanded,160-Water-Salt-packed-32-baseline-w32-s00,3,23,packed,0,1,baseline,1800,-1,0,58,130560,123165,0,6,32,1.3,4d3667d636c4c5c4738e1a11c1026b097f066baa28a8a4ec47440f0a266069e6
native-expanded,160-Water-Salt-packed-32-baseline-w32-s01,3,23,packed,1,1,baseline,1800,-1,0,62,130560,122655,0,3,32,2.7,f7a82b7e07366c9a11cc0037253a2f6120ab807d63110de55274951c91a8a149
native-expanded,160-Water-Salt-packed-32-baseline-w32-s02,3,23,packed,2,1,baseline,1800,-1,0,58,130560,123165,0,3,32,1.6,2d437de1d7284405cb648b45f034ec5a75957e508abd9ff1e1f7baaa8a021dae
native-expanded,160-Water-Salt-packed-32-baseline-w32-s03,3,23,packed,3,1,baseline,1800,-1,0,58,130560,123165,0,3,32,2.7,b7703d99e6814e56d56dcda2c1e9fc7b71608122e6ca90998b3dd5de781bc08c
native-expanded,160-Water-Salt-packed-32-baseline-w32-s04,3,23,packed,4,1,baseline,1800,-1,0,58,130560,123165,0,3,32,2.6,294454747e9afffa257e7a36c9cbb8a268ff1d12e910df69742b1d2f049707df
native-expanded,161-Lava-Water-packed-32-baseline-w32-s00,8,3,packed,0,1,baseline,1800,-1,20907,1536,261120,261120,0,6,87,1140.4,ce9bc8d5f2ef8837d6c4b6cad45ce8ef11d24496a28e4732a1e30ed4b3a4e21d
native-expanded,161-Lava-Water-packed-32-baseline-w32-s01,8,3,packed,1,1,baseline,1800,-1,20581,1536,261120,261120,0,3,85,901.9,16e6b2f2ce0e543c444ae3667175a004849d8c52cb01261aa16dec7c6d9d91b4
native-expanded,161-Lava-Water-packed-32-baseline-w32-s02,8,3,packed,2,1,baseline,1800,-1,17299,1536,261120,261120,0,3,85,718,aad19956d9c896e3394d9dc864e9c5bb57c73228bf3d3d17271564f9fc1b1d76
native-expanded,161-Lava-Water-packed-32-baseline-w32-s03,8,3,packed,3,1,baseline,1800,-1,20928,1536,261120,261120,0,3,86,1071.3,7a17379e863c8f27e64dc02ebd3ef5e86b4172ad7c5d13188c1367ec65413cc3
native-expanded,161-Lava-Water-packed-32-baseline-w32-s04,8,3,packed,4,1,baseline,1800,-1,20207,1536,261120,261120,0,3,85,1174.3,9572b6dc3834f2a1fffeb15865de4cb3fa26b4ffd73d75e3a37180df378af20f
permeability,period-1-w1-s0,33,2,packed,0,1,period_1,2400,32,512,0,0,0,0,6,13,1.6,b85baee3aad7a957dc0f04d21b0fd3eeb3add4d0699cd4d638cadaf6cb3ce785
permeability,period-1-w1-s1,33,2,packed,1,1,period_1,2400,32,512,0,0,0,0,3,13,2.8,18c9249bae907c78a983312a6d8eaee30e89f3babbbf095cea65c28f3bc15086
permeability,period-1-w1-s2,33,2,packed,2,1,period_1,2400,32,512,0,0,0,0,3,13,2.1,8d7b2eae2a38917e4009e33907071ae515feb1d79b655bb5b7783e2b7dc116ca
permeability,period-1-w1-s3,33,2,packed,3,1,period_1,2400,32,512,0,0,0,0,3,13,2.2,ec91dfd77303bcf4f9b803df8b45915f3eb5aee74506a43380c12d95c3933d16
permeability,period-1-w1-s4,33,2,packed,4,1,period_1,2400,32,512,0,0,0,0,3,13,3.4,b089dcd3d51f4f04246fd21773f38acaa563935eecb07af953f443aab75bf921
permeability,period-1-w32-s0,33,2,packed,0,1,period_1,2400,32,16384,0,0,0,0,6,23,2.4,4d02927e65e8de2ad4201717fab559f8a7e42c453dda6f96c677ef0e56de1a30
permeability,period-1-w32-s1,33,2,packed,1,1,period_1,2400,32,16384,0,0,0,0,3,23,4.1,a0c4fd04023dd7e4088a74544e44375985f978583f3dc57aa0853bd1a12b21c6
permeability,period-1-w32-s2,33,2,packed,2,1,period_1,2400,32,16384,0,0,0,0,3,23,2.8,61c1cfee2b8c217e95c86ec8cb852d889218ab196962da516b58e501c219c76c
permeability,period-1-w32-s3,33,2,packed,3,1,period_1,2400,32,16384,0,0,0,0,3,23,2,9109e31b6948dc9f9adbacac735bace4195de33bd7028cfcbebb202c455ee76a
permeability,period-1-w32-s4,33,2,packed,4,1,period_1,2400,32,16384,0,0,0,0,3,23,2.8,968c40437b290a87c738a4bb837c4b9cf22b6677ed6ca7303fec6b10ee1d9b2e
permeability,period-10-w1-s0,33,2,packed,0,1,period_10,2400,320,512,0,0,0,0,6,13,56.2,cf3ece7a89d0988bfb287d95640f56548a4cb8fc695b3d9bc48eecd4bbe79fa0
permeability,period-10-w1-s1,33,2,packed,1,1,period_10,2400,320,512,0,0,0,0,3,13,53.4,29fecadc7281ceec1f3a4949aa3bbe85624ee57b6e2b1d755807cd8ab83f508f
permeability,period-10-w1-s2,33,2,packed,2,1,period_10,2400,320,512,0,0,0,0,3,13,47.1,cc4e653610bd5f13249da4134f1020c6f5823cce2848424abd11fa3d2b8270c0
permeability,period-10-w1-s3,33,2,packed,3,1,period_10,2400,320,512,0,0,0,0,3,13,40.8,d2e5d5334dc0ba8e4c29960046ab5207c6453b88cd1f094273e05b737b7012d5
permeability,period-10-w1-s4,33,2,packed,4,1,period_10,2400,320,512,0,0,0,0,3,13,50.4,5961f674fe5d5f069824a10cf08bebef2283d40df12d0f429665c580bd7183c0
permeability,period-10-w32-s0,33,2,packed,0,1,period_10,2400,320,16384,0,0,0,0,6,23,389.5,88611f4995f2ace61b70d66aa6f099d294bab65a87478bb7a5867e803810dd22
permeability,period-10-w32-s1,33,2,packed,1,1,period_10,2400,320,16384,0,0,0,0,3,23,321.6,9a37f156589ee817eb3bf71bb876b70aa0ee21da58116ecdd37ab7ca4304e4a0
permeability,period-10-w32-s2,33,2,packed,2,1,period_10,2400,320,16384,0,0,0,0,3,23,314.5,9921bb6044694973999e20fda6f35e840990e982ef497fc1293c1c81402efe51
permeability,period-10-w32-s3,33,2,packed,3,1,period_10,2400,320,16384,0,0,0,0,3,23,388.9,b3e711ed3555943125a58e013b10cf0551a1b9dda7556548e6655d1cf5883f29
permeability,period-10-w32-s4,33,2,packed,4,1,period_10,2400,320,16384,0,0,0,0,3,23,338.8,1e977ee36c19b8eb58b1ac4dd61346a11dba343f282f50c9567c9d16c3e7e610
permeability,period-30-w1-s0,33,2,packed,0,1,period_30,2400,960,512,0,0,0,0,6,13,33.2,33bcb271c0b3c293b742cfdccd7f8e3fa6bd2a993e7c97da996ad5f9158aab25
permeability,period-30-w1-s1,33,2,packed,1,1,period_30,2400,960,512,0,0,0,0,3,13,34.4,da637775a187c4f1ae94b6a736d8b4a4e93ed50365431faf4d4ffc83e9f2ace8
permeability,period-30-w1-s2,33,2,packed,2,1,period_30,2400,960,512,0,0,0,0,3,13,50,d77aa0e84e7d27d32f5586ca796d56e00afd476b1fb595afdb7ff5595be64304
permeability,period-30-w1-s3,33,2,packed,3,1,period_30,2400,960,512,0,0,0,0,3,13,39.7,398a5cfac9542d0da9e9b54f5f3cd38010fc31f52c6ffdfd7d55ba3452320a4a
permeability,period-30-w1-s4,33,2,packed,4,1,period_30,2400,960,512,0,0,0,0,3,13,40.4,3b8533b4bab527880898ee925c8d07ea00b7a3b49eee91dab05bebc741f13067
permeability,period-30-w32-s0,33,2,packed,0,1,period_30,2400,960,16384,0,0,0,0,6,23,352.4,140c946662fc5bd35d96afbb6da36a6922e9eb448e0671aa14c475d8a458758b
permeability,period-30-w32-s1,33,2,packed,1,1,period_30,2400,960,16384,0,0,0,0,3,23,363.4,c34b262c0f3c77e815def959922f170bc193939ed3077a531d13c2548593ba8f
permeability,period-30-w32-s2,33,2,packed,2,1,period_30,2400,960,16384,0,0,0,0,3,23,327.7,9506a24f361567a9bf56015f11dd4a2a991734c255af7364e686ab839146b611
permeability,period-30-w32-s3,33,2,packed,3,1,period_30,2400,960,16384,0,0,0,0,3,23,366.3,985de9d7c92dcb809ed492d3252c3ee234b2e8e957ee7ceecc73e97c4a9d6f42
permeability,period-30-w32-s4,33,2,packed,4,1,period_30,2400,960,16384,0,0,0,0,3,23,350.2,e47dc475523bd505b78b8cb68f159225b665f4c95ec158fbbab9e7b91b5c310e
permeability,period-60-w1-s0,33,2,packed,0,1,period_60,2400,1920,484,0,0,0,0,6,13,25.6,4fb36fca943dfd3cc6092071a8cd7af9873d3411758abadd6f5bb89c0255f464
permeability,period-60-w1-s1,33,2,packed,1,1,period_60,2400,1920,484,0,0,0,0,3,13,34.2,a30b49017762ba8397d89daca8d58c81fcca2be4945bf86533701f456f3199fd
permeability,period-60-w1-s2,33,2,packed,2,1,period_60,2400,1920,484,0,0,0,0,3,13,34.6,13c9803079145619b0c2e96980871c4962093a06aa7a23c130a6ea12c7f3b30d
permeability,period-60-w1-s3,33,2,packed,3,1,period_60,2400,1920,484,0,0,0,0,3,13,26.1,7631d7a4e003e0c872ac2a2c598cfdf5c5de8e46cb47cf5ddbd86be4de191106
permeability,period-60-w1-s4,33,2,packed,4,1,period_60,2400,1920,484,0,0,0,0,3,13,34.6,66c1724eda28df52c82bd6979ba9fb1b4b0290af175c43c3b5214376a5e85f0e
permeability,period-60-w32-s0,33,2,packed,0,1,period_60,2400,1920,15488,0,0,0,0,6,23,365.9,bc4b59a784cd54be5017b9cd8765d92001a5fdba47873cca96ce4036e58b2513
permeability,period-60-w32-s1,33,2,packed,1,1,period_60,2400,1920,15488,0,0,0,0,3,23,375.6,a59944e40f8653139f7e69ffce9bd312e7892676348d25d041828043e71f9499
permeability,period-60-w32-s2,33,2,packed,2,1,period_60,2400,1920,15488,0,0,0,0,3,23,374,5fe3240ff322be6fd97a251abc3319ee670189ba690fe6d810ef034fbc5eb690
permeability,period-60-w32-s3,33,2,packed,3,1,period_60,2400,1920,15488,0,0,0,0,3,23,462.6,e726737a5d42a4655cf061137614094793da55f55e9e7ef863060ded73efe92b
permeability,period-60-w32-s4,33,2,packed,4,1,period_60,2400,1920,15488,0,0,0,0,3,23,409.1,ab0fbd79206efb5c0032359fe122442c22f3ab37a2ae5a9f0e515c9e434afcce
permeability,open-s0,33,2,open,0,1,baseline,2400,240,6098,0,0,0,0,6,35,514.2,c9aa6a2bb7f60c5d41fe9bf8ee519f81683f284321a451e529af81c2bf94e37a
permeability,saturated-s0,33,2,saturated,0,1,baseline,2400,540,17501,0,23715,23715,0,6,47,494.8,e2471a657f18e5d5ba48e6a468854a6d80fbcd5367062745834d113443a172d7
permeability,reentry-s0,33,2,reentry,0,1,baseline,2400,1440,16384,0,0,0,0,6,23,399.9,6bacfa4294446e7959fb57d3313b4949fd2a17bb91e208f2a05d0e77f4f455dd
permeability,excavate-s0,33,2,excavate,0,1,baseline,2400,616,10584,0,0,0,0,6,35,516.7,eafeb0a6f8655b196f3a95450142a246396b3db70080e66fe9625e79987e51be
permeability,open-s1,33,2,open,1,1,baseline,2400,300,6374,0,0,0,0,6,35,365.4,b2edacf10a75a1cdb40af762261878b85bf74951a18cff78d6444ce5bb830227
permeability,saturated-s1,33,2,saturated,1,1,baseline,2400,510,17485,0,23715,23715,0,3,47,389.2,6499e1b94d9ad40e2aaf069df6e2ba7b82b3103da46abc42ff60d3a5c08a77ee
permeability,reentry-s1,33,2,reentry,1,1,baseline,2400,1440,16384,0,0,0,0,3,23,326.6,107e40d48f41479d8e190375046b84cf95d8fbd777a20fdf0efb1e186c44e937
permeability,excavate-s1,33,2,excavate,1,1,baseline,2400,615,11162,0,0,0,0,3,35,434.9,2b710d433c59e4fb2c2e7590343403dc7974c026187e11d95e407b5e5722d6c6
permeability,open-s2,33,2,open,2,1,baseline,2400,330,6466,0,0,0,0,6,35,494.9,5d2bb56fe6e95d7f64eacfb61c23abb0fd52b4c03b671066d6f3bab6d4132474
permeability,saturated-s2,33,2,saturated,2,1,baseline,2400,570,17529,0,23715,23715,0,3,47,494.2,e7464cbe6507c695fb196414faea6ada5c36e1559d491c5953aae69abcca4409
permeability,reentry-s2,33,2,reentry,2,1,baseline,2400,1440,16384,0,0,0,0,3,23,452.9,40e23273a8feba00895914934a40d76eee86c6ab7c44c59fd9b68432f3da5712
permeability,excavate-s2,33,2,excavate,2,1,baseline,2400,613,10847,0,0,0,0,3,35,444.8,b621062e62f402480e2f78555e878bd279057cde0ed818b752ce19e2b7efe97f
permeability,open-s3,33,2,open,3,1,baseline,2400,330,6542,0,0,0,0,6,35,438,fda04e7538bbeab5a91ffcddab2a3b50cb63efff1f81250ab053257f69b58ac1
permeability,saturated-s3,33,2,saturated,3,1,baseline,2400,570,17544,0,23715,23715,0,3,47,445.3,942f687839eadedb7defd2561005ffb90f253b8d319225dd85cf4d6289a18a64
permeability,reentry-s3,33,2,reentry,3,1,baseline,2400,1440,16384,0,0,0,0,3,23,358.9,2815614468efc2d5ef6708b51998f10a01460d6548f2f584deae14541accca0b
permeability,excavate-s3,33,2,excavate,3,1,baseline,2400,616,10656,0,0,0,0,3,35,417.5,17a8b82c4b89eae4e844d2165cd36191a8d9d371b45e2b9c495bcc4f32a76b29
permeability,open-s4,33,2,open,4,1,baseline,2400,330,6676,0,0,0,0,6,35,508.7,1d737953332610a9a96365cef2deb90128be670e36e41c1726f4a5c3b8374564
permeability,saturated-s4,33,2,saturated,4,1,baseline,2400,540,17503,0,23715,23715,0,3,47,432.9,e06a9b87a9cec00987140ef14b1355099c2f4c9bddef226cec92ee7518652443
permeability,reentry-s4,33,2,reentry,4,1,baseline,2400,1440,16384,0,0,0,0,3,23,364.4,d02c6824f0a20a7ddfd18e9ed4ee10df7285a8222fd4ef2cbb74cc0d6dc7e31b
permeability,excavate-s4,33,2,excavate,4,1,baseline,2400,614,10695,0,0,0,0,3,35,569.2,d8f113787e4b10c9850c6d8f9419b3df356f1fdf81c13c7d50f7db9f8f24e85f
permeability,parity-1,33,2,packed,0,1,baseline,2400,960,16384,0,0,0,0,6,23,351.2,de3affb197e6aab56da8858163696953b78de3ab57cb7e2cdb67f8d109b66c62
permeability,parity-4,33,2,packed,0,4,baseline,2400,960,16384,0,0,0,0,6,23,408,7dd3d97ede6a84711210404312a6efbf310b0f103815355001c2cd5771c18fdc
pairs,pair-3-2,3,2,packed,0,1,baseline,1800,-1,0,0,130560,130560,0,6,11,0.9,50398b6c40fed2875d2187fe1ed4d877c089d4a580f00d9783d69f933d5b3eba
pairs,pair-2-3,2,3,packed,0,1,baseline,1800,32,16384,0,261120,261120,0,6,16,1,e88c791149c03f0d45133506faae7164a544f7d5b7a6636af612ab559c184b2c
pairs,pair-3-13,3,13,packed,0,1,baseline,1800,-1,0,0,130560,130560,0,6,7,0.9,964e7dbd3106d8182a00bf89d21669bd833f2e1997cb78eecb88f9442a4e89b6
pairs,pair-13-3,13,3,packed,0,1,baseline,1800,32,16384,0,261120,261120,0,6,10,3.3,995ee6ea1b3d6e19503e154f180dccc433ebf1d771e05869fa967ee6082f0eea
pairs,pair-3-14,3,14,packed,0,1,baseline,1800,32,16384,0,130560,130560,0,6,16,1,ddb6b38b84fe2333f8080dfcb9195f548882f812e85c0eeab42b6c84d7420d1d
pairs,pair-14-3,14,3,packed,0,1,baseline,1800,-1,0,0,261120,261120,0,6,11,0.9,024fef8c48ce7b053c633bdccbe708ff10ff8019191589d81953e637db98a376
pairs,pair-3-19,3,19,packed,0,1,baseline,1800,32,16384,0,130560,130560,0,6,16,1.2,17dafc23ae6e7ae75ad98157b8bb1ae9e27d0ad87b4d7fc246f113364ebc5a64
pairs,pair-19-3,19,3,packed,0,1,baseline,1800,-1,0,0,261120,261120,0,6,11,2.3,bf1c9993093535f1a41a233dba01526f800be6e7e33ac1f97867dc2b399d7aba
pairs,pair-3-23,3,23,packed,0,1,baseline,1800,-1,0,58,130560,123165,0,6,32,1.1,a7fd48621ce670688bcdcb065164a40fb24b26173f1a47cdc6c617d57ac06641
pairs,pair-23-3,23,3,packed,0,1,baseline,1800,-1,24021,1024,261120,130560,0,6,48,0.9,91f787a060618e15d976f35fdefff86c1b10921d58a677848d15734ad907ce17
pairs,pair-3-25,3,25,packed,0,1,baseline,1800,887,111972,6939,130560,143713,0,6,126,744.7,3cf75add32b7c75db0f410a96df6099c3de6662ba9bdfb160f9b3ea4b5a68daa
pairs,pair-25-3,25,3,packed,0,1,baseline,1800,-1,38132,3553,261120,261184,0,6,118,974.9,bf0db5c6b5534d47f2221e06def29074f7419397ff48a8436563d7c45d5be7d3
pairs,pair-3-26,3,26,packed,0,1,baseline,1800,-1,0,0,130560,130560,0,6,11,0.7,b66ea64560537db5d7d62f6c0eb5309d828ca14a4fe5967606b6d89f3969e15f
pairs,pair-26-3,26,3,packed,0,1,baseline,1800,32,16384,0,261120,261120,0,6,16,2.3,5cfea101f090b7ee1bd93fcb9b2c8210a500a97e4a3c9b9188704d7df504e012
pairs,pair-3-27,3,27,packed,0,1,baseline,1800,-1,0,0,130560,130560,0,6,11,0.7,3ffbfaa55dc881bb36cb2fc96b6a562f30413490cd106a9d295600335dfc8f3a
pairs,pair-27-3,27,3,packed,0,1,baseline,1800,32,16384,0,261120,261120,0,6,16,1.4,3e2868b314b593e8a8b68172e62207b329198e9495fd68c6758e46f642cb933a
pairs,pair-3-29,3,29,packed,0,1,baseline,1800,-1,0,0,130560,130560,0,6,11,1.1,74244eba2aca2ccdf3e7a2f60518ecde1b27838f922ac57cd60765d89c0bb1cf
pairs,pair-29-3,29,3,packed,0,1,baseline,1800,32,16384,0,261120,261120,0,6,16,1.8,cfb9d6a9ed1b18353d9fb9133d26d840f0cf512f3f3263f43de86cdc94f85ae4
pairs,pair-8-2,8,2,packed,0,1,baseline,1800,32,16384,0,0,0,0,6,23,1.6,9024aa0ab76cb9efc29fafc309d2c4cfa124908f3185a74c5de5e23e7c21b941
pairs,pair-2-8,2,8,packed,0,1,baseline,1800,-1,0,0,0,0,0,6,18,1.2,632b30d31588a90ef6fd5a87f969dfd9658460b0adfb407290bf0bf8c051a5bd
pairs,pair-8-13,8,13,packed,0,1,baseline,1800,32,16384,0,0,0,0,6,17,1.6,a7c630c0741317b0b339115458e1a735b90e0b7a594805556a988e513d244723
pairs,pair-13-8,13,8,packed,0,1,baseline,1800,-1,0,0,0,0,0,6,12,1.2,7dbb482695984ed0e7cbefe4bc4e9c75db7451c7a11121e12c9a729ef6a3bb7d
pairs,pair-8-14,8,14,packed,0,1,baseline,1800,32,17086,3068,0,0,0,6,70,640.7,7d39dc3f17a93177cc91b556ea6f66ebbe59918fac38d5fe8d49abf342689b62
pairs,pair-14-8,14,8,packed,0,1,baseline,1800,-1,1111,1532,0,0,0,6,49,412.8,8cd2d0a10795de95976ba17d8cf4b49cc44316b23f19be3626f06e7a3f4ce25f
pairs,pair-8-19,8,19,packed,0,1,baseline,1800,32,17086,3067,0,0,0,6,70,536.1,adf39265b0b16b6945c67682df8311ddd20c98b7940fab4113a7ddf7155d7c81
pairs,pair-19-8,19,8,packed,0,1,baseline,1800,-1,1111,1532,0,0,0,6,49,418.6,aeab716e904c04678bf2bbd8ccc6a8ee52135ca782a43ff7b4a09a2f5fcf5180
pairs,pair-8-23,8,23,packed,0,1,baseline,1800,32,16384,0,0,0,0,6,23,1.4,d766ddcecd359a08cef8c31aaf08215ca065bde9772809a568ddc60e03ca2ea6
pairs,pair-23-8,23,8,packed,0,1,baseline,1800,-1,0,0,0,0,0,6,18,1.2,49197dec2f8dad059733729afb4981d3277323523277d30748919d584041c6d0
pairs,pair-8-25,8,25,packed,0,1,baseline,1800,32,16384,0,0,0,0,6,23,1.8,48086d8229d94602c77fa5d2ee6fa2b1f8a908e75ac67a1eeb17b4abfe807fd2
pairs,pair-25-8,25,8,packed,0,1,baseline,1800,-1,0,0,0,0,0,6,18,1.1,2c186095f96fd64d1b50923bc57cc299d2c3227da0a3e8d8e2aab273b138dbce
pairs,pair-8-26,8,26,packed,0,1,baseline,1800,32,16538,3068,0,0,0,6,69,506.7,f71c08fb65a4b4a855217d12a091ee6cf131cdec0021b8f574ad2b3a6556adde
pairs,pair-26-8,26,8,packed,0,1,baseline,1800,-1,236,1532,0,0,0,6,47,552.5,78e1650a200e449c1ea8bf620c8e593feed985e3253190f4fd406a420325b70e
pairs,pair-8-27,8,27,packed,0,1,baseline,1800,33,17989,4776,0,0,0,6,72,775.2,4fd8af68c6f3bfbe7ff02a4fe263cbc572599b70d0a64b3ca87c9397fbd2a559
pairs,pair-27-8,27,8,packed,0,1,baseline,1800,-1,0,0,0,0,0,6,18,484.5,6683c16ff7fd01d5835659e39c7e1d472c426a7e17144cfdecfcdf139ada16ea
pairs,pair-8-29,8,29,packed,0,1,baseline,1800,-1,0,0,0,0,0,6,18,1.6,5b68f8d1c67701ad79d7ac5c4b32787491a3d4dcc6cc2d595574e80bfcc6ffde
pairs,pair-29-8,29,8,packed,0,1,baseline,1800,32,16384,0,0,0,0,6,23,1.6,4b361715f4145e23604fcde10ddea22470ec14ab439afacc2ca1c6fbb5100f7a
pairs,pair-12-2,12,2,packed,0,1,baseline,1800,178,104,1070,0,0,0,6,37,427.4,3ba5c8f315d71287388ce230fd4f0209c85e754f65d71d7a67b6fbe22ffe1c71
pairs,pair-2-12,2,12,packed,0,1,baseline,1800,48,1896,512,0,0,0,6,36,365.1,a64efce704387b2f23b9998d40bad45f0e4ecd946b61d4cb719328acfd53eda4
pairs,pair-12-13,12,13,packed,0,1,baseline,1800,153,65,1074,0,0,0,6,27,293.4,d80ea90cb020ae3a69bbd6ae804d3b62ba25820c4d2cc96377727f7e2d6ba0a5
pairs,pair-13-12,13,12,packed,0,1,baseline,1800,-1,1616,514,0,0,0,6,26,393.1,5173d0f957519cc56b8aae61527b0ef0756ae39c3f2de2ac8e8a0580bf0ac6aa
pairs,pair-12-14,12,14,packed,0,1,baseline,1800,32,15099,1090,0,0,0,6,37,311.2,ad6b66de30b7f6f1c29c4917b21bff62adbdc53d99f9192f935ab7b67736878a
pairs,pair-14-12,14,12,packed,0,1,baseline,1800,-1,0,543,0,0,0,6,28,312.6,4da4a76709f9e8b412ae1eeec24d687a8b9bbfc1c0b6d898c9ac0343866a6af2
pairs,pair-12-19,12,19,packed,0,1,baseline,1800,32,15099,1090,0,0,0,6,37,423.9,750db7511e2cb4202dd482cd410832a3f00ecb35e501959f9704611e9e1f0ce9
pairs,pair-19-12,19,12,packed,0,1,baseline,1800,-1,0,543,0,0,0,6,28,318.2,266b1aba24a30bef03aed24a945346748e779a81c2a0531029f2453821ff5632
pairs,pair-12-23,12,23,packed,0,1,baseline,1800,178,104,1070,0,0,0,6,37,309.7,c7b5689814d94bbd0a36009e4b92cc521cd46361855cd7a02f6c049e3954e6bd
pairs,pair-23-12,23,12,packed,0,1,baseline,1800,48,1896,512,0,0,0,6,36,382.7,096424a936c338f6da586719c99a10b24f99afb823bd10d6e4995eb7695f7715
pairs,pair-12-25,12,25,packed,0,1,baseline,1800,32,15099,1090,0,0,0,6,37,320.3,95466029ee8d276b1dd9ca60b271def9a6461a54b585d163b176bab1e64ac072
pairs,pair-25-12,25,12,packed,0,1,baseline,1800,-1,0,543,0,0,0,6,28,306.7,606bc31c9b572ee67a58dbdfd57c4911861610818ffae885939d407352b2f51e
pairs,pair-12-26,12,26,packed,0,1,baseline,1800,178,104,1070,0,0,0,6,37,355.5,08ba610a538d17d5ea6b1241631d6823aeb7aaa0400af5a8753cace47393a4cd
pairs,pair-26-12,26,12,packed,0,1,baseline,1800,48,1896,512,0,0,0,6,36,372.1,05acfc1379adaadc7f3163720cfa9cb9070cc39cac83d6f7131392295a17fa72
pairs,pair-12-27,12,27,packed,0,1,baseline,1800,178,104,1070,0,0,0,6,37,330.3,c9182385b76cf11735764d0399bcf7373a102965cbbdb529fb4faf4277ac91c1
pairs,pair-27-12,27,12,packed,0,1,baseline,1800,48,1896,512,0,0,0,6,36,314.2,41b7e533e5708efbb1243ba93557c038b27691b2c1f67a496e5a90b095479bc5
pairs,pair-12-29,12,29,packed,0,1,baseline,1800,178,104,1070,0,0,0,6,37,362.9,07526daf65766b8a80ac9f9cb8a1d395844de07a4c81192515cbbc8006a420b8
pairs,pair-29-12,29,12,packed,0,1,baseline,1800,48,1896,512,0,0,0,6,36,415.9,5a63970bed8dc1c75f0bc9bc74b3c21331db3a2f7a5c8a64381d8196052f280f
pairs,pair-16-2,16,2,packed,0,1,baseline,1800,-1,0,0,0,0,0,6,18,1.2,12a522550a8f52d92cdfb1f000a8c0fa1f3e9df0ff32d7dc3423a0fbe223c821
pairs,pair-2-16,2,16,packed,0,1,baseline,1800,32,16384,0,0,0,0,6,23,1.3,9bfd7e9e21236bf6a87dbb5a3add11aab72cacfecb0b6dedba9952a536691b29
pairs,pair-16-13,16,13,packed,0,1,baseline,1800,-1,0,0,0,0,0,6,14,1.4,23cfbeb15bd90dc6be64226305770ca729090e61d5eec5c09c6cc56b66978e20
pairs,pair-13-16,13,16,packed,0,1,baseline,1800,32,16384,0,0,0,0,6,19,2.6,56c484354ca7ee20d874f3261926824809e001a9df31bfeadb9e0dee70bb2d9e
pairs,pair-16-14,16,14,packed,0,1,baseline,1800,-1,0,0,0,0,0,6,18,0.8,8017221d81958f11fceff27e117436161a8a9aa5c571469cfdf1e68ce783e8cd
pairs,pair-14-16,14,16,packed,0,1,baseline,1800,-1,0,0,0,0,0,6,18,0.9,8203de0389d0c201546e58fe736e3f4b11d8d35c2c2643740a5f50b3e18ef615
pairs,pair-16-19,16,19,packed,0,1,baseline,1800,-1,0,0,0,0,0,6,18,0.9,b2888a319899848cfd112ce199aaaa8d5155eeed6c595f069a1d510767d2eb31
pairs,pair-19-16,19,16,packed,0,1,baseline,1800,-1,0,0,0,0,0,6,18,0.8,c885ecaf579bc6e03dfe1af5485758de16549280a70d2d8b1f3a5fac172d8cdf
pairs,pair-16-23,16,23,packed,0,1,baseline,1800,-1,0,0,0,0,0,6,18,0.9,3eb16b64ac8bd0117af8aea00b81494daf863246709a07fab5e6bbf8a13270a8
pairs,pair-23-16,23,16,packed,0,1,baseline,1800,32,16384,0,0,0,0,6,23,1.3,f4cf43aaea1266719ed845586f5ba01fbd714ea1fafa91c9eff9d3396e218de0
pairs,pair-16-25,16,25,packed,0,1,baseline,1800,-1,0,0,0,0,0,6,18,0.7,c6608a4619a9807bdc5140738a3316489f5ab3aa55cc3faec4dfdbde96f47208
pairs,pair-25-16,25,16,packed,0,1,baseline,1800,32,16384,0,0,0,0,6,23,1.2,076de0578edb1201ecb9c1c17f48f39de35d170b708c0899365fe51951c71a68
pairs,pair-16-26,16,26,packed,0,1,baseline,1800,-1,0,0,0,0,0,6,18,0.7,d3b815b5642aaf9c91148c788c5a62c97223a4e671468a223035999df677c9e1
pairs,pair-26-16,26,16,packed,0,1,baseline,1800,32,16384,0,0,0,0,6,23,1.3,bf304d9e830b4e70c222296fbe9befb46b5243c26d1c02353086a5d2d3f4ad36
pairs,pair-16-27,16,27,packed,0,1,baseline,1800,-1,0,0,0,0,0,6,18,1,fc07684f693f45ac0107c5aa022739d9b8f03e3c7a668f1e0dff6489985ed049
pairs,pair-27-16,27,16,packed,0,1,baseline,1800,32,16384,0,0,0,0,6,23,1.2,c71a996805aeb99bc93cc721c2d9fdfe3b230c7dee3d893748ca2e4ece5ab733
pairs,pair-16-29,16,29,packed,0,1,baseline,1800,-1,0,0,0,0,0,6,18,0.8,3f9952e198948bc44eebb1031f3efbcae5510228f6b86a29198c14548e110ae1
pairs,pair-29-16,29,16,packed,0,1,baseline,1800,32,16384,0,0,0,0,6,23,1,9bea332b385b10e7f58fcc1b441a6addd8b57104555584be5bd043e46b675aa2
pairs,pair-20-2,20,2,packed,0,1,baseline,1800,-1,0,0,0,0,0,6,18,1.3,7adb1c33b8faf247a9d754396aba39edb493368fa888359ea606c5c007e7ea4f
pairs,pair-2-20,2,20,packed,0,1,baseline,1800,32,16384,0,0,0,0,6,23,1.2,f76be9bcaece7eaee771720ec81372a9f2fc7e8dda459c08a8e77ae06c28163b
pairs,pair-20-13,20,13,packed,0,1,baseline,1800,-1,0,0,0,0,0,6,14,1,f7d2c8c7e52e3a7325c0ec2f8f50c39e849697e0e9f56c2a745293a7c1db2f0c
pairs,pair-13-20,13,20,packed,0,1,baseline,1800,32,16384,0,0,0,0,6,19,4.4,32cb21e360f8630f57147e55ad856a06f8518e862712d405cdcd0bd3395139bf
pairs,pair-20-14,20,14,packed,0,1,baseline,1800,32,16384,0,0,0,0,6,23,1.2,aad9e9e4c61181f820ab431f5a7f5ea5079ff1b94c345daee0a8dfeb146046e4
pairs,pair-14-20,14,20,packed,0,1,baseline,1800,-1,0,0,0,0,0,6,18,0.7,9aafc8b0c465fb71b312ff202f88092eaaca2e60e61722330a722c7d2a80ae1d
pairs,pair-20-19,20,19,packed,0,1,baseline,1800,32,16384,0,0,0,0,6,23,1.3,ee592d0f096dfdfe598bd7ea1166b59284cda104b31c2c09defec62d120dc52e
pairs,pair-19-20,19,20,packed,0,1,baseline,1800,-1,0,0,0,0,0,6,18,1.2,b3ed0080a279a70bdc7d0669ac029ee528f3c486bd843e73533e728c5dd7952d
pairs,pair-20-23,20,23,packed,0,1,baseline,1800,-1,0,0,0,0,0,6,18,1,4ff314ab49c11917f2d74fb2256b7fc42a7d333fe766f83a278607c3c959a3b8
pairs,pair-23-20,23,20,packed,0,1,baseline,1800,32,16384,0,0,0,0,6,23,2.3,e210f7168357621e53336076fc4d6c3c704321cecf2d9052e57baf3fcae88b6e
pairs,pair-20-25,20,25,packed,0,1,baseline,1800,32,16384,0,0,0,0,6,23,1.9,12e2098c08303ca7a06601b09b88ade4dd320a0f1bb5e4e76a0b218e02e1aebb
pairs,pair-25-20,25,20,packed,0,1,baseline,1800,-1,0,0,0,0,0,6,18,0.9,1602b7863a0b5ed83b742eef5ead465fb70e5e70de3dca47b98edf91f0c8dcd3
pairs,pair-20-26,20,26,packed,0,1,baseline,1800,-1,0,0,0,0,0,6,18,1.3,013ccdef7db2cb60961da6c7ed8c13925dc470a9cbd2f3661cff01aaedd00aa3
pairs,pair-26-20,26,20,packed,0,1,baseline,1800,32,16384,0,0,0,0,6,23,1.3,3be5b6253f00d16f316ff2225f1b9c86befc0dad6d4bf033a4547094dd41d7e2
pairs,pair-20-27,20,27,packed,0,1,baseline,1800,-1,0,0,0,0,0,6,18,1.2,dbd07df8d4d3913c9b625b64564556b3d1873065f595e2c836ac558b357fab33
pairs,pair-27-20,27,20,packed,0,1,baseline,1800,-1,0,0,0,0,0,6,18,1.2,6344d139083ae6c158c9e8fd23603716b9edf7d1d7eeafe06d2a06f7888e2f26
pairs,pair-20-29,20,29,packed,0,1,baseline,1800,-1,0,0,0,0,0,6,18,0.8,fa6b71d503f17924693b760b0217342e512c82e13c21c666f7962b1140534c6d
pairs,pair-29-20,29,20,packed,0,1,baseline,1800,32,16384,0,0,0,0,6,23,1.3,c1c2f4feb8e40472606cbd251f7f52d3855df10948ca1bee847856eeaa9eaf92
pairs,pair-21-2,21,2,packed,0,1,baseline,1800,-1,0,0,0,0,0,6,18,0.7,606c7813b63399493a2382a11450f21f3a6736b07b021ad5eb47102266cba920
pairs,pair-2-21,2,21,packed,0,1,baseline,1800,32,16384,0,0,0,0,6,23,1.2,8b2a9e741bddf03ea9d9822e55eebee6386e1d9a1a0fca28beda09b4af128e73
pairs,pair-21-13,21,13,packed,0,1,baseline,1800,-1,0,0,0,0,0,6,14,1.2,77f20623738f3023892459dc9786b3678c818dafeb0ff7ade6ebb867fda792bc
pairs,pair-13-21,13,21,packed,0,1,baseline,1800,32,16384,0,0,0,0,6,19,6.1,c797fe32f7b8f78f781e50feb1862b988ad8177f1a2ff5b9bad568153b45c057
pairs,pair-21-14,21,14,packed,0,1,baseline,1800,32,16384,0,0,0,0,6,23,1.2,942b6f1bbc9014c5e43fbf5f4fda46f79c4cc6359cba9b592960f7a9e0732f82
pairs,pair-14-21,14,21,packed,0,1,baseline,1800,-1,0,0,0,0,0,6,18,0.7,4ef8c04f40854b423fc56e00b34119afc84672adada9b4676d53fec39e91e190
pairs,pair-21-19,21,19,packed,0,1,baseline,1800,32,16384,0,0,0,0,6,23,0.9,9e950c8ffb6accd3a103cb4939099d2e734b0ad5f93a1ce8d2adb6602f53e89a
pairs,pair-19-21,19,21,packed,0,1,baseline,1800,-1,0,0,0,0,0,6,18,0.9,066616b3e88f70f62a308032fd4a755a9fce0674c3258c0741473929ebc90758
pairs,pair-21-23,21,23,packed,0,1,baseline,1800,-1,0,0,0,0,0,6,18,1.3,f86c76d4a090b7da0ccc5806bf38ceb9123e6210a124230d8708d785ef3d95ec
pairs,pair-23-21,23,21,packed,0,1,baseline,1800,32,16384,0,0,0,0,6,23,1,e9218f06625a0e346a8ad328d24558e4e5bb349da6407f2e0a3237b510cfd166
pairs,pair-21-25,21,25,packed,0,1,baseline,1800,32,16384,0,0,0,0,6,23,1.2,00b2ff815ca34a0c19e34fb726c9552b8738febfa0e1007497e3dea9667a3ae6
pairs,pair-25-21,25,21,packed,0,1,baseline,1800,-1,0,0,0,0,0,6,18,0.7,1a12b9fae23ffc7bc010aeb577f5cf2ed2a14d066ab064c736a82d675713dc36
pairs,pair-21-26,21,26,packed,0,1,baseline,1800,-1,0,0,0,0,0,6,18,1.1,76cd9c815e46c5ec0d2e43b22406536bfe6be4ef24a53cabbc5cb9b1268cc4cb
pairs,pair-26-21,26,21,packed,0,1,baseline,1800,32,16384,0,0,0,0,6,23,1.3,99964f66ee46e641918009b4887acd6c655c3d26ac163b880865d8d86c16d9a2
pairs,pair-21-27,21,27,packed,0,1,baseline,1800,-1,0,0,0,0,0,6,18,1.3,eabc0f3a713500374b46cbc2b1f126db98c74cb1b1c4c8dc29806785f4fe5cce
pairs,pair-27-21,27,21,packed,0,1,baseline,1800,32,16384,0,0,0,0,6,23,0.9,44785076d26a26053dbc90611040904b7b848d48f2876db1f96063db2f167f80
pairs,pair-21-29,21,29,packed,0,1,baseline,1800,-1,0,0,0,0,0,6,18,1.2,6961bbd3df09ddb873d2b6ae99db10457926ba64f59d4587eafab4aa4e3cbc40
pairs,pair-29-21,29,21,packed,0,1,baseline,1800,32,16384,0,0,0,0,6,23,1.3,82af4c8ba66313ddd5e0a01d15438121254ec79023d7058ca15b58f4654b620b
pairs,pair-24-2,24,2,packed,0,1,baseline,1800,-1,0,0,0,0,0,6,18,0.9,88c6004dc41042ee37ad3b56419312fd6e47606e794cf1b16be0ac232ea7aa21
pairs,pair-2-24,2,24,packed,0,1,baseline,1800,32,16384,0,0,0,0,6,23,1.2,8eeac8bd755d27623fc9ea8cebd7de511e90c738351347a06cd215135cadb7c1
pairs,pair-24-13,24,13,packed,0,1,baseline,1800,-1,0,0,0,0,0,6,14,1.2,2ed1667c44eb70679514e80e645c76a44106383de340d62d714e29031afc2bca
pairs,pair-13-24,13,24,packed,0,1,baseline,1800,32,16384,0,0,0,0,6,19,3.4,0397e6643f321688f6357cf06b87951fcd69966fa0f707ea26515700b2d308da
pairs,pair-24-14,24,14,packed,0,1,baseline,1800,32,16384,0,0,0,0,6,23,1.1,5307d834dcb3e524918651f8ad1a223111535d7980330f19dca942eddd128402
pairs,pair-14-24,14,24,packed,0,1,baseline,1800,-1,0,0,0,0,0,6,18,1,7b37e991427d5408373d2e92d3f0f4357530323fdf294d9bcaa8f21ede8b3f59
pairs,pair-24-19,24,19,packed,0,1,baseline,1800,32,16384,0,0,0,0,6,23,0.9,30b5d9c1acd86bd87a06344aafcf05a7a257c5a7ff1d1317c7d771c831861d05
pairs,pair-19-24,19,24,packed,0,1,baseline,1800,-1,0,0,0,0,0,6,18,1.2,c5ff77c979e27c9cbb182f77c6f1223984644185a9972ceee99b4bbbae58c948
pairs,pair-24-23,24,23,packed,0,1,baseline,1800,-1,0,0,0,0,0,6,18,1.3,8825fe7a3511acb3a5ee4b95e439b82fcfb199ebb412b8dcf4079597e4cf7563
pairs,pair-23-24,23,24,packed,0,1,baseline,1800,32,16384,0,0,0,0,6,23,1.3,3605a2521477b576ac6ba5f1e432f8e9b51a2206a1d226c9812b7e63525e362d
pairs,pair-24-25,24,25,packed,0,1,baseline,1800,-1,5595,894,0,70890,0,6,174,669,004cddafacaa8f2478ae38d52b69f550d11d2c60d657d540645c6f4deba9f25b
pairs,pair-25-24,25,24,packed,0,1,baseline,1800,-1,32916,3462,0,140250,0,6,166,762.3,adcb6cdfb6f0debdbe2323fa913ae9a11477bc708a5c1feff2c415b847325253
pairs,pair-24-26,24,26,packed,0,1,baseline,1800,-1,0,0,0,0,0,6,18,0.7,9b7869f27c2e7a7f4ac69109f0da32435d1f2ce26d24c4c25dc87e2c69751850
pairs,pair-26-24,26,24,packed,0,1,baseline,1800,32,16384,0,0,0,0,6,23,8.1,57f5672b36faeedcb3ab0502841ce473cadea34c69964cca491818c7affa0e94
pairs,pair-24-27,24,27,packed,0,1,baseline,1800,-1,0,0,0,0,0,6,18,0.7,6c6a652b50c7f379b066be788480513eb393792389eb2644c7d7afb133576e36
pairs,pair-27-24,27,24,packed,0,1,baseline,1800,32,16384,0,0,0,0,6,23,0.8,8d554ef64e93f0dff0009aed75a0ba121331c4753753f103a5743af2ed1a0739
pairs,pair-24-29,24,29,packed,0,1,baseline,1800,-1,0,0,0,0,0,6,18,0.7,b273ac8dad596a107351e9be81ad3c1882facd49a88f6d34cbea1e72da70cf8a
pairs,pair-29-24,29,24,packed,0,1,baseline,1800,32,16384,0,0,0,0,6,23,0.8,8e7ae154d2ce8dfeb2ae5a9dc43e97852d690023357e652f8180ef64346d7791
pairs,pair-30-2,30,2,packed,0,1,baseline,1800,32,16384,0,0,0,0,6,23,1.5,dfcb2eee32a02a32d4fd79c3df46946f2fa4b09ca57b11999b4bfd1b35dc54e0
pairs,pair-2-30,2,30,packed,0,1,baseline,1800,-1,0,0,0,0,0,6,18,0.9,3ed20e1c41e787e0d5037d6c1018dfa6bdbb359a07c6bb062030d8ecf64c57bf
pairs,pair-30-13,30,13,packed,0,1,baseline,1800,32,16384,0,0,0,0,6,17,1.6,ba65bf4413fb44d3b4bc00514be03e2e931f9cf7f460eb3bc8879fae7a298cb8
pairs,pair-13-30,13,30,packed,0,1,baseline,1800,-1,0,0,0,0,0,6,12,1.2,d10be484c0126aaf7c079a4a5c39a8df73d3283cd94cbbb43b28c6250c16aaf0
pairs,pair-30-14,30,14,packed,0,1,baseline,1800,32,16384,0,0,0,0,6,23,0.8,6ec6bd3c362377cb8546a2a9c993396f7a09d56d6496efee3b20976483651afd
pairs,pair-14-30,14,30,packed,0,1,baseline,1800,-1,0,0,0,0,0,6,18,0.7,e866f2c82c9660812df47b6a0760997b637cebd59a58ad1be7d5d118df868a35
pairs,pair-30-19,30,19,packed,0,1,baseline,1800,32,16384,0,0,0,0,6,23,1.2,e21fd4f2e4eb5922c384fafbdc02caccdf93432f0e39ee2eb3ee9f3a5d8cd578
pairs,pair-19-30,19,30,packed,0,1,baseline,1800,-1,0,0,0,0,0,6,18,0.9,db869d172fa533bee609bd700be49c02503b7a4876f5fd8ba44a1c0b7cddad28
pairs,pair-30-23,30,23,packed,0,1,baseline,1800,32,16384,0,0,0,0,6,23,0.8,680ebef0dc6e697980b1ec2333415a11b8c7690b0980cfe400ac5482eeaca159
pairs,pair-23-30,23,30,packed,0,1,baseline,1800,-1,0,0,0,0,0,6,18,0.9,3947befd9627dcc312dfdc7fa2d7530f63cde12b009d3801bdced4310ca5f0d1
pairs,pair-30-25,30,25,packed,0,1,baseline,1800,32,16384,0,0,0,0,6,23,0.8,ba59b00148c2f43d1e188692858ddbae3e4bb8bcd840a5bb17ff85871e53d94b
pairs,pair-25-30,25,30,packed,0,1,baseline,1800,-1,0,0,0,0,0,6,18,0.7,e78896e71a390e005e8a5ea3c0d3268e70dfc2233618c380684d6bb496a04b04
pairs,pair-30-26,30,26,packed,0,1,baseline,1800,32,16384,0,0,0,0,6,23,1.7,6c2f5e1c6cbdd70d926a5fe8575694591d0fdc7ec8ddf45dc388d80a799ddc74
pairs,pair-26-30,26,30,packed,0,1,baseline,1800,-1,0,0,0,0,0,6,18,0.8,2122a8bc70950d0a3b858d05ab14173b93c1a3dfc454e2051bf0332fff7f172a
pairs,pair-30-27,30,27,packed,0,1,baseline,1800,32,16384,0,0,0,0,6,23,0.8,1663fa3da51cceebd200c34dd9daad25d4993ee683787edc62d9c5cac46ce3d3
pairs,pair-27-30,27,30,packed,0,1,baseline,1800,-1,0,0,0,0,0,6,18,0.7,7e887ad18e50ebe9a939fe8c0b3140984f6036435bafa1062776db7dd1969a5a
pairs,pair-30-29,30,29,packed,0,1,baseline,1800,-1,0,288,0,0,0,6,21,369,e596caad48c0d936b0b16a7b4b2d65b6a7a025757903d5d46c91969385d04a93
pairs,pair-29-30,29,30,packed,0,1,baseline,1800,32,16384,256,0,0,0,6,26,510.2,c1c84b74ea8bfac5aff511d3bf292fee2a1c1bd12fd586f41bc011cdec14476b
pairs,pair-32-2,32,2,packed,0,1,baseline,1800,-1,0,0,0,0,0,6,18,0.7,96298e67abb845e3a18ef01505a2e6bca2f23306cc040350ddbe95451ed02219
pairs,pair-2-32,2,32,packed,0,1,baseline,1800,32,16384,0,0,0,0,6,23,1.4,1766fa6163fcab3c1f63a6bda0f5bb653c5d9ec61ada5eb4b039b7f85e8ebe31
pairs,pair-32-13,32,13,packed,0,1,baseline,1800,-1,0,0,0,0,0,6,14,0.9,132ac26f59506d643a1f8156aee429c10e8cc75c99c3c7fd2253f4e4ee5ef3aa
pairs,pair-13-32,13,32,packed,0,1,baseline,1800,32,16384,0,0,0,0,6,19,1.7,076b1ec53af5e62fccfbc6b817b5fb356b12d90c84bb909cb24bed58f7797bb4
pairs,pair-32-14,32,14,packed,0,1,baseline,1800,32,16384,0,0,0,0,6,23,0.9,9b72407d03cc41e4ee7b6ceda19d1538939682ce3404e2ff098bc28dd8bfbc33
pairs,pair-14-32,14,32,packed,0,1,baseline,1800,-1,0,0,0,0,0,6,18,0.9,b7e655c213c40e278b1987653115448a10c5f2ba407b9444e755454f47d400c6
pairs,pair-32-19,32,19,packed,0,1,baseline,1800,32,16384,0,0,0,0,6,23,1.2,6d5f5c932d85619fab267fae1d2d68b25f1f343d513f5e032605337e96f7ab6b
pairs,pair-19-32,19,32,packed,0,1,baseline,1800,-1,0,0,0,0,0,6,18,0.8,b509cb0e1bc9308aa21ddcbd7e78d6bb338c6587e179134163a6109939251793
pairs,pair-32-23,32,23,packed,0,1,baseline,1800,-1,0,0,0,0,0,6,18,0.9,e190980413fa38618b81d6209c5356e253e952738ca9635618928f9ca7d3ce7f
pairs,pair-23-32,23,32,packed,0,1,baseline,1800,32,16384,0,0,0,0,6,23,0.8,a7ea513f36306d77e9ff73859c63254afed51f7367d200792dbcb066934e6af9
pairs,pair-32-25,32,25,packed,0,1,baseline,1800,32,16384,0,0,0,0,6,23,1.3,04e636498891e694a861e634533602d6d5d8e50dedb172449749733c8a244c51
pairs,pair-25-32,25,32,packed,0,1,baseline,1800,-1,0,0,0,0,0,6,18,1.6,1ed899ba9a75db5e671e1ad7365f9e7ed9a38aaf62042bd78c1f41f53521a909
pairs,pair-32-26,32,26,packed,0,1,baseline,1800,-1,0,0,0,0,0,6,18,1.7,8424feb5ff3b3c6eb7c3228e873e25b5c9fcd24e6b37fcfbe193beda482dd204
pairs,pair-26-32,26,32,packed,0,1,baseline,1800,32,16384,0,0,0,0,6,23,1.8,d52c5fa92e17f965262a63203ff0d90ce7123b7c5ca6901a97d2baa4bc050bb3
pairs,pair-32-27,32,27,packed,0,1,baseline,1800,-1,0,0,0,0,0,6,18,1.1,0c63a1ff730873ba19654eacefa3e8a1b22ede518de897aa842920d7a4d77614
pairs,pair-27-32,27,32,packed,0,1,baseline,1800,32,16384,0,0,0,0,6,23,2.1,6f0d60e8229e1e251d85df2ae54b1573009831227198a73f4d18eb05f9d3c29d
pairs,pair-32-29,32,29,packed,0,1,baseline,1800,-1,0,0,0,0,0,6,18,2.8,0ea5ed1cc80c37931b2d83542184ae3e089429e81b1b2da951ad5581e14a1a30
pairs,pair-29-32,29,32,packed,0,1,baseline,1800,32,16384,0,0,0,0,6,23,3.3,2ce09e619201b81383ca47c033bfe1460647d52cac79aff415e4b36ef333cf27
pairs,pair-33-2,33,2,packed,0,1,baseline,1800,960,16384,0,0,0,0,6,23,425.6,0d3daba256a25128b145ff68e6ed0dc55219b34a954754690236afe50b6ecb36
pairs,pair-2-33,2,33,packed,0,1,baseline,1800,-1,0,0,0,0,0,6,18,0.7,e5ce63ffc787782258444998b2ab6480e178cd88aeef9a01703dd0a73369a241
pairs,pair-33-13,33,13,packed,0,1,baseline,1800,960,16384,0,0,0,0,6,17,334.2,42ab9ac5a19e9eef21e764f3d1e80dc5a1cf243b1bfdc85635089b53b8bd090f
pairs,pair-13-33,13,33,packed,0,1,baseline,1800,-1,0,0,0,0,0,6,12,0.7,cea73c9172320cb00d8abe47b02cabb1070dc85978e17d0bd76142371f8f8e48
pairs,pair-33-14,33,14,packed,0,1,baseline,1800,960,16384,0,0,0,0,6,23,365.9,a6d97d0f871506a6222857149a1d51b82194474f345da928d9bd835c36f80434
pairs,pair-14-33,14,33,packed,0,1,baseline,1800,-1,0,0,0,0,0,6,18,0.9,d2b2ed68658fd21d7641aa0c771e265d33e90694f63a88c85297319558ea467b
pairs,pair-33-19,33,19,packed,0,1,baseline,1800,960,16384,0,0,0,0,6,23,416.6,3829dae70ceab817b6dfaafc67df8c29a50a9d4f619ec1bd23b6809d01ed6094
pairs,pair-19-33,19,33,packed,0,1,baseline,1800,-1,0,0,0,0,0,6,18,0.7,80e9939df46dda3a6b7cabced04605f92dace0fcfb3f770d8bb25706896f3c82
pairs,pair-33-23,33,23,packed,0,1,baseline,1800,960,16384,0,0,0,0,6,23,391.1,3cf73295b91be2f860628cb119fe2f964f48da0a96e232d9a8fd001cb455284a
pairs,pair-23-33,23,33,packed,0,1,baseline,1800,-1,0,0,0,0,0,6,18,1.2,032abb074ead47387e5bd02e9151df685b234d1aca4edfdccbf60d16bfbe202a
pairs,pair-33-25,33,25,packed,0,1,baseline,1800,960,16384,0,0,0,0,6,23,381,8bdd3895a0367e7386b352cd7088d827527c402060fcd30a7c609b7b44266c60
pairs,pair-25-33,25,33,packed,0,1,baseline,1800,-1,0,0,0,0,0,6,18,0.9,3041114073851e70a3700b6271694897e50165985639ca2b9aa78b547559671c
pairs,pair-33-26,33,26,packed,0,1,baseline,1800,960,16384,0,0,0,0,6,23,512.3,075d144b661aae97ca454a53f5dfb77f3341fac0701c6cd37377d957485a1f5f
pairs,pair-26-33,26,33,packed,0,1,baseline,1800,-1,0,0,0,0,0,6,18,0.8,9bdcb7c037cb9c73667450ccb55cab860656461d4e9a264c2d674b5cfad071f3
pairs,pair-33-27,33,27,packed,0,1,baseline,1800,960,16384,0,0,0,0,6,23,445.2,5bfd582673f1739c9ef416f3ddd0cbf8f994283295df759130f03b1201a739bf
pairs,pair-27-33,27,33,packed,0,1,baseline,1800,-1,0,0,0,0,0,6,18,0.8,3a7f18db1f61b12def70aec7ddbe04e3a5d93bfc674ee28ba9d69511f13d1c63
pairs,pair-33-29,33,29,packed,0,1,baseline,1800,960,16384,0,0,0,0,6,23,322.4,d1a25eec9d4036fecadce4be7a3b82f6cd82cc1c2a3eacd43ed0e5e865b3b0ca
pairs,pair-29-33,29,33,packed,0,1,baseline,1800,-1,0,0,0,0,0,6,18,0.7,304e5ef2b6222720c64bba1dc9e7e8a20aa55335c9172a586ee11d041cdf5ead
pairs,pair-36-2,36,2,packed,0,1,baseline,1800,32,16384,0,0,0,0,6,23,2.2,07d989e58812aa1229e83da869a580bda7c6a195630ddc680db218d59417e9ef
pairs,pair-2-36,2,36,packed,0,1,baseline,1800,-1,0,0,0,0,0,6,18,1.3,515f742065225d82bcc48ded58581e3321ba5e7728a4fde78cd6cfb4734132fe
pairs,pair-36-13,36,13,packed,0,1,baseline,1800,32,16384,0,0,0,0,6,17,1.3,e3fba3f356014b405c17da14a0aff5fc156dc8321b513466c833364a0417c20e
pairs,pair-13-36,13,36,packed,0,1,baseline,1800,-1,0,0,0,0,0,6,12,1.2,e5ad3ed23b5289a2524f26fc671b368b881bf7f2b16b5b78227b7815b6c128b3
pairs,pair-36-14,36,14,packed,0,1,baseline,1800,32,17650,3069,0,0,0,6,65,539.4,d3eec42132efc1629e36ce5bdb658c8883202727e6bfaf5bcac97377713cc9c7
pairs,pair-14-36,14,36,packed,0,1,baseline,1800,-1,1105,1532,0,0,0,6,49,421.3,2758f5df77685b88d6d5f37fe33b1551a73b39eeb8bb87527c10555a792ca324
pairs,pair-36-19,36,19,packed,0,1,baseline,1800,32,17650,3070,0,0,0,6,65,650.9,9fa203c92dd862665514495d9b2916c70e1a762ade7e1f351c6b65ea74c4a1c3
pairs,pair-19-36,19,36,packed,0,1,baseline,1800,-1,1105,1533,0,0,0,6,49,485.4,438af2b8bf41f8f991a6b4ceaeab2b880f26c4763a9761bec76e21d5544e397d
pairs,pair-36-23,36,23,packed,0,1,baseline,1800,32,16384,0,0,0,0,6,23,2.3,7116db54978ff72e9dced2568920761ce368260459cf9005227ead1f2321de56
pairs,pair-23-36,23,36,packed,0,1,baseline,1800,-1,0,0,0,0,0,6,18,2.1,8e585b1cac5673ac0ac23c6795302f8cc31929c0e98d9429f8346b49d9b4b569
pairs,pair-36-25,36,25,packed,0,1,baseline,1800,32,16384,0,0,0,0,6,23,2,a5224978b26eb6ffeb1e9b3042550eadbb8e5108576b5161eb360f55367c3924
pairs,pair-25-36,25,36,packed,0,1,baseline,1800,-1,0,0,0,0,0,6,18,3,561380eab98986e1a16b1856cd8e35adbfc9010d251be4fa8d19cdcf710c5a41
pairs,pair-36-26,36,26,packed,0,1,baseline,1800,32,16585,3068,0,0,0,6,65,611.6,8c43c4dd82fc8704aeec7cab8edafddc1e159790ff2b54ac3b0c34954c2b48a4
pairs,pair-26-36,26,36,packed,0,1,baseline,1800,-1,236,1532,0,0,0,6,48,504,2400d50c2573a3c11612f599b6212d3c5d6ad2c8f469c0de0c6dde09a1af37e1
pairs,pair-36-27,36,27,packed,0,1,baseline,1800,33,18733,4722,0,0,0,6,91,629.9,a38746441714a44a7a1af55da412151ca42969b6f831533fea8c0b98d3a629ec
pairs,pair-27-36,27,36,packed,0,1,baseline,1800,-1,2423,3214,0,0,0,6,83,744.3,57cf4a85dbafd98d82fba93f42eca08314862bcc07b3e7433ac6adc5f94d60ba
pairs,pair-36-29,36,29,packed,0,1,baseline,1800,-1,0,0,0,0,0,6,18,1.2,d7333999026095e3c0f5b7ddd88f42efa4fd8d6f23027f7e415538dadaed762b
pairs,pair-29-36,29,36,packed,0,1,baseline,1800,32,16384,0,0,0,0,6,23,1,7564b6873213fe1d16bca6f1a98ef53da60b4c5840e2152a7bfac339b1869bae
